chunk_id,chunk_text,preprocess_agenda,tokens
0,Nossos Valores e Princípios O Brasil é reconhecido e celebrado por sua pluralidade.,nosso valor e principio o brasil e reconhecer e celebrar por seu pluralidade,"[""nosso"", ""valor"", ""e"", ""principio"", ""o"", ""brasil"", ""e"", ""reconhecer"", ""e"", ""celebrar"", ""por"", ""seu"", ""pluralidade""]"
1,"São muitas e diferentes as nossas origens, as nossas culturas, as nossas tradições e costumes, os nossos valores, as nossas ideologias. Diversa é a nossa geografia, rica e variada é a nossa natureza. Somos um país continental, que abriga em seu vasto território todo tipo de gente, de pensamento, de profissão de fé, de posição política. Em meio a essas diferenças, uma coisa nos une e nos constitui como coletividade: o Amor por esse país.",sao muito e diferente o nosso origem o nosso cultura o nosso tradicoe e costume o nosso valor o nosso ideologia diverso e o nosso geografia rico e variado e o nosso natureza ser um pai continental que abrigar em seu vasto territorio todo tipo de gente de pensamento de profissao de fe de posicao politico em meio a esse diferenca um coisa nós unir e nós constituir como coletividade o amor por esse pai,"[""sao"", ""muito"", ""e"", ""diferente"", ""o"", ""nosso"", ""origem"", ""o"", ""nosso"", ""cultura"", ""o"", ""nosso"", ""tradicoe"", ""e"", ""costume"", ""o"", ""nosso"", ""valor"", ""o"", ""nosso"", ""ideologia"", ""diverso"", ""e"", ""o"", ""nosso"", ""geografia"", ""rico"", ""e"", ""variado"", ""e"", ""o"", ""nosso"", ""natureza"", ""ser"", ""um"", ""pai"", ""continental"", ""que"", ""abrigar"", ""em"", ""seu"", ""vasto"", ""territorio"", ""todo"", ""tipo"", ""de"", ""gente"", ""de"", ""pensamento"", ""de"", ""profissao"", ""de"", ""fe"", ""de"", ""posicao"", ""politico"", ""em"", ""meio"", ""a"", ""esse"", ""diferenca"", ""um"", ""coisa"", ""nós"", ""unir"", ""e"", ""nós"", ""constituir"", ""como"", ""coletividade"", ""o"", ""amor"", ""por"", ""esse"", ""pai""]"
2,"É ele que nunca deixa de pulsar em nossos corações, que nos faz reagir ao pessimismo, que nos dá alento para seguirmos em frente, acreditando e lutando por um futuro melhor.",e ele que nunca deixar de pulsar em nosso coracoe que nós fazer reagir a o pessimismo que em o de o alento para seguir em frente acreditar e lutar por um futuro bom,"[""e"", ""ele"", ""que"", ""nunca"", ""deixar"", ""de"", ""pulsar"", ""em"", ""nosso"", ""coracoe"", ""que"", ""nós"", ""fazer"", ""reagir"", ""a o"", ""pessimismo"", ""que"", ""em o"", ""de o"", ""alento"", ""para"", ""seguir"", ""em"", ""frente"", ""acreditar"", ""e"", ""lutar"", ""por"", ""um"", ""futuro"", ""bom""]"
3,"Esse Amor pelo Brasil está assentado na nossa história comum, nas lutas compartilhadas cotidianamente e na certeza de que, mesmo com todas as suas mazelas e dificuldades, esse país tem um enorme potencial para a grandeza; e, por que não dizer, uma vocação para a Alegria e a Felicidade. O Brasil democrático, livre, justo, pulsante e pujante que todos nós, brasileiros, desejamos é evidentemente uma obra em aberto.",esse amor por o brasil este assentar em o nosso historia comum em o luta compartilhar cotidianamente e em o certeza de que mesmo com todo o seu mazela e dificuldade esse pai ter um enorme potencial para o grandeza e por que nao dizer um vocacao para o alegria e o felicidade o brasil democratico livre justo pulsante e pujante que todo em o brasileiro desejar e evidentemente um obra em abrir,"[""esse"", ""amor"", ""por o"", ""brasil"", ""este"", ""assentar"", ""em o"", ""nosso"", ""historia"", ""comum"", ""em o"", ""luta"", ""compartilhar"", ""cotidianamente"", ""e"", ""em o"", ""certeza"", ""de"", ""que"", ""mesmo"", ""com"", ""todo"", ""o"", ""seu"", ""mazela"", ""e"", ""dificuldade"", ""esse"", ""pai"", ""ter"", ""um"", ""enorme"", ""potencial"", ""para"", ""o"", ""grandeza"", ""e"", ""por"", ""que"", ""nao"", ""dizer"", ""um"", ""vocacao"", ""para"", ""o"", ""alegria"", ""e"", ""o"", ""felicidade"", ""o"", ""brasil"", ""democratico"", ""livre"", ""justo"", ""pulsante"", ""e"", ""pujante"", ""que"", ""todo"", ""em o"", ""brasileiro"", ""desejar"", ""e"", ""evidentemente"", ""um"", ""obra"", ""em"", ""abrir""]"
4,Mas não é uma utopia.,mas nao e um utopia,"[""mas"", ""nao"", ""e"", ""um"", ""utopia""]"
5,"É um sonho possível, viável, que está ao alcance das nossas mãos.",e um sonho possivel viavel que este a o alcance de o nosso mao,"[""e"", ""um"", ""sonho"", ""possivel"", ""viavel"", ""que"", ""este"", ""a o"", ""alcance"", ""de o"", ""nosso"", ""mao""]"
6,"Muitas são as nossas páginas de dores, tristezas e derrotas.",muito sao o nosso pagina de dor tristeza e derrota,"[""muito"", ""sao"", ""o"", ""nosso"", ""pagina"", ""de"", ""dor"", ""tristeza"", ""e"", ""derrota""]"
7,"Outras tantas são as de conquistas, de vitórias e de realizações como nação. Quantas vezes, na nossa história, nos deparamos com desafios aparentemente insuperáveis e os vencemos?",outro tanto sao o de conquista de vitoria e de realizacoes como nacao quantas vez em o nosso historia nós deparar com desafio aparentemente insuperavel e eles vencer,"[""outro"", ""tanto"", ""sao"", ""o"", ""de"", ""conquista"", ""de"", ""vitoria"", ""e"", ""de"", ""realizacoes"", ""como"", ""nacao"", ""quantas"", ""vez"", ""em o"", ""nosso"", ""historia"", ""nós"", ""deparar"", ""com"", ""desafio"", ""aparentemente"", ""insuperavel"", ""e"", ""eles"", ""vencer""]"
8,Olhemos apenas para o passado recente.,olher apenas para o passado recente,"[""olher"", ""apenas"", ""para"", ""o"", ""passado"", ""recente""]"
9,"Superamos um Estado ditatorial e reconquistamos o direito ao voto, a liberdade de expressão e um regime jurídico assentado no princípio das garantias individuais.",superar um estado ditatorial e reconquistar o direito a o voto o liberdade de expressao e um regime juridico assentar em o principio de o garantia individual,"[""superar"", ""um"", ""estado"", ""ditatorial"", ""e"", ""reconquistar"", ""o"", ""direito"", ""a o"", ""voto"", ""o"", ""liberdade"", ""de"", ""expressao"", ""e"", ""um"", ""regime"", ""juridico"", ""assentar"", ""em o"", ""principio"", ""de o"", ""garantia"", ""individual""]"
10,Vencemos a inflação galopante que extorquia os mais pobres e inviabilizava um crescimento econômico sustentável.,vencer o inflacao galopante que extorquiar o mais pobre e inviabilizar um crescimento economico sustentavel,"[""vencer"", ""o"", ""inflacao"", ""galopante"", ""que"", ""extorquiar"", ""o"", ""mais"", ""pobre"", ""e"", ""inviabilizar"", ""um"", ""crescimento"", ""economico"", ""sustentavel""]"
11,"Ainda não vencemos, mas conquistamos avanços muito expressivos no combate ao analfabetismo, à fome, às doenças endêmicas.",ainda nao vencer mas conquistar avanco muito expressivo em o combate a o analfabetismo o fome o doenca endemico,"[""ainda"", ""nao"", ""vencer"", ""mas"", ""conquistar"", ""avanco"", ""muito"", ""expressivo"", ""em o"", ""combate"", ""a o"", ""analfabetismo"", ""o"", ""fome"", ""o"", ""doenca"", ""endemico""]"
12,"Vivemos um momento de desencanto e desalento com as instituições democráticas que tem sua razão de ser. Porém, não podemos deixar que as dificuldades conjunturais comprometam nossa confiança na Democracia nem que nos impeçam de reconhecer o muito que avançamos nos últimos trinta anos.",viver um momento de desencanto e desalento com o instituicoe democratico que ter seu razao de ser porem nao poder deixar que o dificuldade conjuntural comprometar nosso confianca em o democracia nem que nós impec de reconhecer o muito que avancamos em o ultimo trinta ano,"[""viver"", ""um"", ""momento"", ""de"", ""desencanto"", ""e"", ""desalento"", ""com"", ""o"", ""instituicoe"", ""democratico"", ""que"", ""ter"", ""seu"", ""razao"", ""de"", ""ser"", ""porem"", ""nao"", ""poder"", ""deixar"", ""que"", ""o"", ""dificuldade"", ""conjuntural"", ""comprometar"", ""nosso"", ""confianca"", ""em o"", ""democracia"", ""nem"", ""que"", ""nós"", ""impec"", ""de"", ""reconhecer"", ""o"", ""muito"", ""que"", ""avancamos"", ""em o"", ""ultimo"", ""trinta"", ""ano""]"
13,A Democracia nos permitiu vencer a inflação e colocar a economia brasileira nos trilhos da modernização e do crescimento econômico mais equitativo.,o democracia nós permitir vencer o inflacao e colocar o economia brasileiro em o trilho de o modernizacao e de o crescimento economico mais equitativo,"[""o"", ""democracia"", ""nós"", ""permitir"", ""vencer"", ""o"", ""inflacao"", ""e"", ""colocar"", ""o"", ""economia"", ""brasileiro"", ""em o"", ""trilho"", ""de o"", ""modernizacao"", ""e"", ""de o"", ""crescimento"", ""economico"", ""mais"", ""equitativo""]"
14,"Nos permitiu avançar na universalização do acesso à educação, nos deu as ferramentas para a implantação do maior sistema de saúde pública do mundo.",nós permitir avancar em o universalizacao de o acesso a educacao nós dar o ferramenta para o implantacao de o grande sistema de saude publicar de o mundo,"[""nós"", ""permitir"", ""avancar"", ""em o"", ""universalizacao"", ""de o"", ""acesso"", ""a"", ""educacao"", ""nós"", ""dar"", ""o"", ""ferramenta"", ""para"", ""o"", ""implantacao"", ""de o"", ""grande"", ""sistema"", ""de"", ""saude"", ""publicar"", ""de o"", ""mundo""]"
15,"Se tirarmos o foco das angústias presentes e direcionarmos o nosso olhar para o longo prazo, será inevitável a constatação de que, como nação, avançamos em muitos pontos e questões importantes, inclusive politicamente.",se tirar o foco de o angustia presente e direcionar o nosso olhar para o longo prazo sera inevitavel o constatacao de que como nacao avancamos em muito ponto e questoes importante inclusive politicamente,"[""se"", ""tirar"", ""o"", ""foco"", ""de o"", ""angustia"", ""presente"", ""e"", ""direcionar"", ""o"", ""nosso"", ""olhar"", ""para"", ""o"", ""longo"", ""prazo"", ""sera"", ""inevitavel"", ""o"", ""constatacao"", ""de"", ""que"", ""como"", ""nacao"", ""avancamos"", ""em"", ""muito"", ""ponto"", ""e"", ""questoes"", ""importante"", ""inclusive"", ""politicamente""]"
16,"Contamos com instituições sólidas, nos dando provas de que têm maturidade e força para resistir às intempéries e a iniciativas antidemocráticas.",contar com instituicoe solir nós dar prova de que ter maturidade e forca para resistir o intemperies e o iniciativa antidemocratico,"[""contar"", ""com"", ""instituicoe"", ""solir"", ""nós"", ""dar"", ""prova"", ""de"", ""que"", ""ter"", ""maturidade"", ""e"", ""forca"", ""para"", ""resistir"", ""o"", ""intemperies"", ""e"", ""o"", ""iniciativa"", ""antidemocratico""]"
17,"Estamos avançando na nossa obra de construção nacional. E lançar luzes sobre esses avanços e conquistas é fundamental para renovarmos a nossa confiança no futuro. Nós vamos chegar lá. Vamos dar certo como nação. Vamos conquistar, na raça e na luta, o Brasil que desejamos e queremos legar para nossos filhos e netos. Porém, o sucesso do Brasil e de cada um de nós dependerá do tamanho do nosso compromisso com o país e da nossa capacidade de deixarmos as diferenças de lado para trabalharmos por nosso objetivo comum: um Brasil democrático, livre, próspero e justo. O União Brasil traz em seu nome a motivação, o embasamento e a finalidade que respondem pela sua criação. Nascido da fusão de dois partidos fortes e em ascensão – DEM e PSL –, o União Brasil é um somatório de forças que tem como propósito SERVIR de base, de instrumento, de caminho para a pacificação, o entendimento, o diálogo construtivo, a conjunção de esforços que são imprescindíveis para a prosperidade e a paz que os brasileiros desejam e merecem ter. Fortalecer a circulação de ideias é o melhor modo de identificar na agenda política nacional os pontos que todos temos em comum e assim construir consensos. A experiência tem mostrado repetidamente: somos capazes de grandes conquistas quando trabalhamos juntos. Queremos reunir força construtiva. O União Brasil, que nasce como o maior partido do país em número de lideranças no Parlamento Nacional, almeja ser o maior partido em eficiência na entrega de resultados aos brasileiros. O União Brasil também antecipa o movimento tão necessário de aprimoramento da Democracia brasileira, por meio da aglutinação de ideias e de propostas comuns em um menor número de partidos políticos.",estar avancar em o nosso obra de construcao nacional e lancar luz sobre esse avanco e conquista e fundamental para renovar o nosso confianca em o futuro nós ir chegar la ir dar certo como nacao ir conquistar em o raca e em o luta o brasil que desejar e querer legar para nosso filho e neto porem o sucesso de o brasil e de cada um de nós dependerar de o tamanho de o nosso compromisso com o pai e de o nosso capacidade de deixar o diferencas de lado para trabalhar por nosso objetivo comum um brasil democratico livre prospero e justo o uniao brasil trazer em seu nome o motivacao o embasamento e o finalidade que responder por o seu criacao nascer de o fusao de dois partido forte e em ascensao dem e psl o uniao brasil e um somatorio de forca que ter como proposito servir de base de instrumento de caminho para o pacificacao o entendimento o dialogo construtivo a conjuncao de esforco que sao imprescindivel para o prosperidade e o paz que o brasileiro desejar e merecer ter fortalecer o circulacao de ideia e o bom modo de identificar em o agenda politico nacional o ponto que todo ter em comum e assim construir consenso o experiencia ter mostrar repetidamente ser capaz de grande conquista quando trabalhar junto querer reunir forca construtivo o uniao brasil que nascer como o grande partido de o pai em numero de lideranca em o parlamento nacional almejar ser o grande partido em eficiencia em o entrega de resultado a o brasileiro o uniao brasil tambem antecipar o movimento tao necessario de aprimoramento de o democracia brasileiro por meio de o aglutinacao de ideia e de proposta comum em um pequeno numero de partido politico,"[""estar"", ""avancar"", ""em o"", ""nosso"", ""obra"", ""de"", ""construcao"", ""nacional"", ""e"", ""lancar"", ""luz"", ""sobre"", ""esse"", ""avanco"", ""e"", ""conquista"", ""e"", ""fundamental"", ""para"", ""renovar"", ""o"", ""nosso"", ""confianca"", ""em o"", ""futuro"", ""nós"", ""ir"", ""chegar"", ""la"", ""ir"", ""dar"", ""certo"", ""como"", ""nacao"", ""ir"", ""conquistar"", ""em o"", ""raca"", ""e"", ""em o"", ""luta"", ""o"", ""brasil"", ""que"", ""desejar"", ""e"", ""querer"", ""legar"", ""para"", ""nosso"", ""filho"", ""e"", ""neto"", ""porem"", ""o"", ""sucesso"", ""de o"", ""brasil"", ""e"", ""de"", ""cada"", ""um"", ""de"", ""nós"", ""dependerar"", ""de o"", ""tamanho"", ""de o"", ""nosso"", ""compromisso"", ""com"", ""o"", ""pai"", ""e"", ""de o"", ""nosso"", ""capacidade"", ""de"", ""deixar"", ""o"", ""diferencas"", ""de"", ""lado"", ""para"", ""trabalhar"", ""por"", ""nosso"", ""objetivo"", ""comum"", ""um"", ""brasil"", ""democratico"", ""livre"", ""prospero"", ""e"", ""justo"", ""o"", ""uniao"", ""brasil"", ""trazer"", ""em"", ""seu"", ""nome"", ""o"", ""motivacao"", ""o"", ""embasamento"", ""e"", ""o"", ""finalidade"", ""que"", ""responder"", ""por o"", ""seu"", ""criacao"", ""nascer"", ""de o"", ""fusao"", ""de"", ""dois"", ""partido"", ""forte"", ""e"", ""em"", ""ascensao"", ""dem"", ""e"", ""psl"", ""o"", ""uniao"", ""brasil"", ""e"", ""um"", ""somatorio"", ""de"", ""forca"", ""que"", ""ter"", ""como"", ""proposito"", ""servir"", ""de"", ""base"", ""de"", ""instrumento"", ""de"", ""caminho"", ""para"", ""o"", ""pacificacao"", ""o"", ""entendimento"", ""o"", ""dialogo"", ""construtivo"", ""a"", ""conjuncao"", ""de"", ""esforco"", ""que"", ""sao"", ""imprescindivel"", ""para"", ""o"", ""prosperidade"", ""e"", ""o"", ""paz"", ""que"", ""o"", ""brasileiro"", ""desejar"", ""e"", ""merecer"", ""ter"", ""fortalecer"", ""o"", ""circulacao"", ""de"", ""ideia"", ""e"", ""o"", ""bom"", ""modo"", ""de"", ""identificar"", ""em o"", ""agenda"", ""politico"", ""nacional"", ""o"", ""ponto"", ""que"", ""todo"", ""ter"", ""em"", ""comum"", ""e"", ""assim"", ""construir"", ""consenso"", ""o"", ""experiencia"", ""ter"", ""mostrar"", ""repetidamente"", ""ser"", ""capaz"", ""de"", ""grande"", ""conquista"", ""quando"", ""trabalhar"", ""junto"", ""querer"", ""reunir"", ""forca"", ""construtivo"", ""o"", ""uniao"", ""brasil"", ""que"", ""nascer"", ""como"", ""o"", ""grande"", ""partido"", ""de o"", ""pai"", ""em"", ""numero"", ""de"", ""lideranca"", ""em o"", ""parlamento"", ""nacional"", ""almejar"", ""ser"", ""o"", ""grande"", ""partido"", ""em"", ""eficiencia"", ""em o"", ""entrega"", ""de"", ""resultado"", ""a o"", ""brasileiro"", ""o"", ""uniao"", ""brasil"", ""tambem"", ""antecipar"", ""o"", ""movimento"", ""tao"", ""necessario"", ""de"", ""aprimoramento"", ""de o"", ""democracia"", ""brasileiro"", ""por"", ""meio"", ""de o"", ""aglutinacao"", ""de"", ""ideia"", ""e"", ""de"", ""proposta"", ""comum"", ""em"", ""um"", ""pequeno"", ""numero"", ""de"", ""partido"", ""politico""]"
18,Nossa Democracia é jovem.,nosso democracia e jovem,"[""nosso"", ""democracia"", ""e"", ""jovem""]"
19,"E é natural que em sua trajetória de amadurecimento se computem acertos, erros e ajustes.",e e natural que em seu trajetoria de amadurecimento se computar acerto erro e ajuste,"[""e"", ""e"", ""natural"", ""que"", ""em"", ""seu"", ""trajetoria"", ""de"", ""amadurecimento"", ""se"", ""computar"", ""acerto"", ""erro"", ""e"", ""ajuste""]"
20,"A miríade de partidos que temos hoje confunde o eleitor, favorece o fisiologismo, dificulta enormemente a construção de consensos direcionados pelo interesse nacional e mina a confiança dos brasileiros na política e na própria Democracia. Nesse sentido, o União Brasil espera ser exemplo e inspiração.",o miriade de partido que ter hoje confunder o eleitor favorecer o fisiologismo dificultar enormemente a construcao de consenso direcionar por o interesse nacional e minar o confianca de o brasileiro em o politica e em o proprio democracia em esse sentido o uniao brasil esperar ser exemplo e inspiracao,"[""o"", ""miriade"", ""de"", ""partido"", ""que"", ""ter"", ""hoje"", ""confunder"", ""o"", ""eleitor"", ""favorecer"", ""o"", ""fisiologismo"", ""dificultar"", ""enormemente"", ""a"", ""construcao"", ""de"", ""consenso"", ""direcionar"", ""por o"", ""interesse"", ""nacional"", ""e"", ""minar"", ""o"", ""confianca"", ""de o"", ""brasileiro"", ""em o"", ""politica"", ""e"", ""em o"", ""proprio"", ""democracia"", ""em esse"", ""sentido"", ""o"", ""uniao"", ""brasil"", ""esperar"", ""ser"", ""exemplo"", ""e"", ""inspiracao""]"
21,DEM e PSL vinham de trajetórias de fortalecimento e crescimento recentes.,dem e psl vinhr de trajetorias de fortalecimento e crescimento recente,"[""dem"", ""e"", ""psl"", ""vinhr"", ""de"", ""trajetorias"", ""de"", ""fortalecimento"", ""e"", ""crescimento"", ""recente""]"
22,O DEM aumentou em mais de 70% o número de prefeitos e vereadores eleitos no último pleito.,o dem aumentar em mais de 70 o numero de prefeito e vereador eleitos em o ultimo pleito,"[""o"", ""dem"", ""aumentar"", ""em"", ""mais"", ""de"", ""70"", ""o"", ""numero"", ""de"", ""prefeito"", ""e"", ""vereador"", ""eleitos"", ""em o"", ""ultimo"", ""pleito""]"
23,O PSL triplicou seu número de prefeituras.,o psl triplicar seu numero de prefeitura,"[""o"", ""psl"", ""triplicar"", ""seu"", ""numero"", ""de"", ""prefeitura""]"
24,"Não se constrói uma fusão entre duas forças políticas expressivas sem renúncia, muita flexibilidade e compromisso com o futuro.",nao se constroir um fusao entre dois forca politico expressivo sem renuncia muito flexibilidade e compromisso com o futuro,"[""nao"", ""se"", ""constroir"", ""um"", ""fusao"", ""entre"", ""dois"", ""forca"", ""politico"", ""expressivo"", ""sem"", ""renuncia"", ""muito"", ""flexibilidade"", ""e"", ""compromisso"", ""com"", ""o"", ""futuro""]"
25,"Nosso número é o 44, algarismos que refletem, dobrados, os nossos quatro grandes princípios imutáveis e inegociáveis: • O valor da Democracia como sistema político pautado pela tolerância, pluralidade, respeito e diálogo.",nosso numero e o 44 algarismo que refletir dobrar o nosso quatro grande principio imutavel e inegociavel o valor de o democracia como sistema politico pautar por o tolerancia pluralidade respeito e dialogo,"[""nosso"", ""numero"", ""e"", ""o"", ""44"", ""algarismo"", ""que"", ""refletir"", ""dobrar"", ""o"", ""nosso"", ""quatro"", ""grande"", ""principio"", ""imutavel"", ""e"", ""inegociavel"", ""o"", ""valor"", ""de o"", ""democracia"", ""como"", ""sistema"", ""politico"", ""pautar"", ""por o"", ""tolerancia"", ""pluralidade"", ""respeito"", ""e"", ""dialogo""]"
26,• O valor do Estado como garantidor dos direitos sociais básicos da população. • O valor da Liberdade como condição para a busca de realização individual. • O valor da Família como esteio da pessoa e base da sociedade.,o valor de o estado como garantidor de o direito social basico de o populacao o valor de o liberdade como condicao para o busca de realizacao individual o valor de o familia como esteio de o pessoa e base de o sociedade,"[""o"", ""valor"", ""de o"", ""estado"", ""como"", ""garantidor"", ""de o"", ""direito"", ""social"", ""basico"", ""de o"", ""populacao"", ""o"", ""valor"", ""de o"", ""liberdade"", ""como"", ""condicao"", ""para"", ""o"", ""busca"", ""de"", ""realizacao"", ""individual"", ""o"", ""valor"", ""de o"", ""familia"", ""como"", ""esteio"", ""de o"", ""pessoa"", ""e"", ""base"", ""de o"", ""sociedade""]"
27,"Sobre esses pilares iniciamos a missão de resgatar o otimismo, recapturar o espírito positivo e restaurar a confiança dos brasileiros na política, na Democracia e no Brasil. Para isso, nossas principais ferramentas serão o diálogo, a transparência, o compromisso com a palavra empenhada, a excelência na formação de nossos quadros partidários, a prioridade do interesse coletivo e o Amor pelo Brasil. E, para darmos início à nossa jornada, com transparência e firmeza, aqui estão os 44 princípios que abraçamos, os compromissos que assumimos com os brasileiros: 1 2 Defesa intransigente da democracia, que é para nós valor fundamental e inegociável.",sobre esse pilar iniciar o missao de resgatar o otimismo recapturar o espirito positivo e restaurar o confianca de o brasileiro em o politica em o democracia e em o brasil para isso nosso principal ferramenta serao o dialogo o transparencia o compromisso com o palavra empenhar o excelencia em o formacao de nosso quadro partidarios o prioridade de o interesse coletivo e o amor por o brasil e para dar inicio o nosso jornada com transparencia e firmeza aqui estao o 44 principio que abracar o compromisso que assumir com o brasileiro 1 2 defesa intransigente de o democracia que e para em o valor fundamental e inegociavel,"[""sobre"", ""esse"", ""pilar"", ""iniciar"", ""o"", ""missao"", ""de"", ""resgatar"", ""o"", ""otimismo"", ""recapturar"", ""o"", ""espirito"", ""positivo"", ""e"", ""restaurar"", ""o"", ""confianca"", ""de o"", ""brasileiro"", ""em o"", ""politica"", ""em o"", ""democracia"", ""e"", ""em o"", ""brasil"", ""para"", ""isso"", ""nosso"", ""principal"", ""ferramenta"", ""serao"", ""o"", ""dialogo"", ""o"", ""transparencia"", ""o"", ""compromisso"", ""com"", ""o"", ""palavra"", ""empenhar"", ""o"", ""excelencia"", ""em o"", ""formacao"", ""de"", ""nosso"", ""quadro"", ""partidarios"", ""o"", ""prioridade"", ""de o"", ""interesse"", ""coletivo"", ""e"", ""o"", ""amor"", ""por o"", ""brasil"", ""e"", ""para"", ""dar"", ""inicio"", ""o"", ""nosso"", ""jornada"", ""com"", ""transparencia"", ""e"", ""firmeza"", ""aqui"", ""estao"", ""o"", ""44"", ""principio"", ""que"", ""abracar"", ""o"", ""compromisso"", ""que"", ""assumir"", ""com"", ""o"", ""brasileiro"", ""1"", ""2"", ""defesa"", ""intransigente"", ""de o"", ""democracia"", ""que"", ""e"", ""para"", ""em o"", ""valor"", ""fundamental"", ""e"", ""inegociavel""]"
28,"Somente a democracia iguala todos os cidadãos pelo direito ao voto e nos garante que, mesmo sob a égide da vontade da maioria, os direitos das minorias sejam respeitados e seja assegurada a alternância do poder. Repúdio a todas as formas de totalitarismo ou de autoritarismo. A defesa do Estado deve sempre incluir o respeito às liberdades fundamentais, que constituem a base da Democracia. Rejeitamos os extremismos, os radicalismos, a demagogia e o populismo irresponsável.",somente o democracia igualar todo o cidadao por o direito a o voto e nós garantir que mesmo sob o egide de o vontade de o maioria o direito de o minoria ser respeitar e ser assegurar o alternancia de o poder repudio a todo o forma de totalitarismo ou de autoritarismo o defesa de o estado dever sempre incluir o respeito o liberdade fundamental que constituir o base de o democracia rejeitar o extremismo o radicalismo o demagogia e o populismo irresponsavel,"[""somente"", ""o"", ""democracia"", ""igualar"", ""todo"", ""o"", ""cidadao"", ""por o"", ""direito"", ""a o"", ""voto"", ""e"", ""nós"", ""garantir"", ""que"", ""mesmo"", ""sob"", ""o"", ""egide"", ""de o"", ""vontade"", ""de o"", ""maioria"", ""o"", ""direito"", ""de o"", ""minoria"", ""ser"", ""respeitar"", ""e"", ""ser"", ""assegurar"", ""o"", ""alternancia"", ""de o"", ""poder"", ""repudio"", ""a"", ""todo"", ""o"", ""forma"", ""de"", ""totalitarismo"", ""ou"", ""de"", ""autoritarismo"", ""o"", ""defesa"", ""de o"", ""estado"", ""dever"", ""sempre"", ""incluir"", ""o"", ""respeito"", ""o"", ""liberdade"", ""fundamental"", ""que"", ""constituir"", ""o"", ""base"", ""de o"", ""democracia"", ""rejeitar"", ""o"", ""extremismo"", ""o"", ""radicalismo"", ""o"", ""demagogia"", ""e"", ""o"", ""populismo"", ""irresponsavel""]"
29,"3 4 5 6 Sustentação da crença de que os homens são basicamente iguais em direitos e que a pessoa humana é inviolável em sua dignidade, não podendo sofrer quaisquer restrições que não aquelas necessárias à preservação de sua própria integridade e de seu semelhante, e à defesa do bem comum.",3 4 5 6 sustentacao de o crenca de que o homem sao basicamente igual em direito e que o pessoa humano e inviolavel em seu dignidade nao poder sofrer qualquer restricoe que nao aquele necessaria a preservacao de seu propria integridade e de seu semelhante e o defesa de o bem comum,"[""3"", ""4"", ""5"", ""6"", ""sustentacao"", ""de o"", ""crenca"", ""de"", ""que"", ""o"", ""homem"", ""sao"", ""basicamente"", ""igual"", ""em"", ""direito"", ""e"", ""que"", ""o"", ""pessoa"", ""humano"", ""e"", ""inviolavel"", ""em"", ""seu"", ""dignidade"", ""nao"", ""poder"", ""sofrer"", ""qualquer"", ""restricoe"", ""que"", ""nao"", ""aquele"", ""necessaria"", ""a"", ""preservacao"", ""de"", ""seu"", ""propria"", ""integridade"", ""e"", ""de"", ""seu"", ""semelhante"", ""e"", ""o"", ""defesa"", ""de o"", ""bem"", ""comum""]"
30,"Zelo pelo patrimônio da liberdade de expressão, que é condição fundamental à existência do Estado democrático. O ser humano deve ser livre para manifestar suas ideias, acessar informações, professar uma religião, escolher seus representantes, de todas as formas que o Estado de Direito lhe garante. Defesa intransigente da Liberdade de Imprensa, força social necessária à saúde da Democracia. A Imprensa deve ter garantidos respeito e segurança, para que possa exercer sem restrições ou riscos o trabalho essencial de levar aos cidadãos a informação, a crítica, os elementos do contraditório sem os quais não existe sociedade verdadeiramente livre.",zelo por o patrimonio de o liberdade de expressao que e condicao fundamental o existencia de o estado democratico o ser humano dever ser livre para manifestar seu ideia acessar informacoe professar um religiao escolher seu representante de todo o forma que o estado de direito ele garantir defesa intransigente de o liberdade de imprensa forca social necessar o saude de o democracia o imprensa dever ter garantir respeito e seguranca para que poder exercer sem restricoes ou risco o trabalho essencial de levar a o cidadao a informacao o criticar o elemento de o contraditorio sem o qual nao existir sociedade verdadeiramente livre,"[""zelo"", ""por o"", ""patrimonio"", ""de o"", ""liberdade"", ""de"", ""expressao"", ""que"", ""e"", ""condicao"", ""fundamental"", ""o"", ""existencia"", ""de o"", ""estado"", ""democratico"", ""o"", ""ser"", ""humano"", ""dever"", ""ser"", ""livre"", ""para"", ""manifestar"", ""seu"", ""ideia"", ""acessar"", ""informacoe"", ""professar"", ""um"", ""religiao"", ""escolher"", ""seu"", ""representante"", ""de"", ""todo"", ""o"", ""forma"", ""que"", ""o"", ""estado"", ""de"", ""direito"", ""ele"", ""garantir"", ""defesa"", ""intransigente"", ""de o"", ""liberdade"", ""de"", ""imprensa"", ""forca"", ""social"", ""necessar"", ""o"", ""saude"", ""de o"", ""democracia"", ""o"", ""imprensa"", ""dever"", ""ter"", ""garantir"", ""respeito"", ""e"", ""seguranca"", ""para"", ""que"", ""poder"", ""exercer"", ""sem"", ""restricoes"", ""ou"", ""risco"", ""o"", ""trabalho"", ""essencial"", ""de"", ""levar"", ""a o"", ""cidadao"", ""a"", ""informacao"", ""o"", ""criticar"", ""o"", ""elemento"", ""de o"", ""contraditorio"", ""sem"", ""o"", ""qual"", ""nao"", ""existir"", ""sociedade"", ""verdadeiramente"", ""livre""]"
31,"Diálogo, entendimento e compromisso com o país acima de interesses individuais ou partidários. A pluralidade de vozes, os embates políticos e as divergências são parte da essência democrática. A Democracia é ruidosa.",dialogo entendimento e compromisso com o pai acima de interesse individual ou partidarios o pluralidade de voz o embate politico e o divergencia sao parte de o essencia democratico o democracia e ruidoso,"[""dialogo"", ""entendimento"", ""e"", ""compromisso"", ""com"", ""o"", ""pai"", ""acima"", ""de"", ""interesse"", ""individual"", ""ou"", ""partidarios"", ""o"", ""pluralidade"", ""de"", ""voz"", ""o"", ""embate"", ""politico"", ""e"", ""o"", ""divergencia"", ""sao"", ""parte"", ""de o"", ""essencia"", ""democratico"", ""o"", ""democracia"", ""e"", ""ruidoso""]"
32,"Porém, diferenças políticas e, sobretudo, interesses particulares de qualquer natureza jamais devem prevalecer sobre o interesse do Brasil e dos brasileiros. Como partido, nascemos sob os signos da União e da brasilidade. Construir pontes e unir forças para entregar aos brasileiros o país que desejam e merecem ter é nosso compromisso fundante.",por diferenco politico e sobretudo interesse particular de qualquer natureza jamais dever prevalecer sobre o interesse de o brasil e de o brasileiro como partido nascer sob o signo de o uniao e de o brasilidade construir ponte e unir forca para entregar a o brasileiro o pai que desejar e merecer ter e nosso compromisso fundante,"[""por"", ""diferenco"", ""politico"", ""e"", ""sobretudo"", ""interesse"", ""particular"", ""de"", ""qualquer"", ""natureza"", ""jamais"", ""dever"", ""prevalecer"", ""sobre"", ""o"", ""interesse"", ""de o"", ""brasil"", ""e"", ""de o"", ""brasileiro"", ""como"", ""partido"", ""nascer"", ""sob"", ""o"", ""signo"", ""de o"", ""uniao"", ""e"", ""de o"", ""brasilidade"", ""construir"", ""ponte"", ""e"", ""unir"", ""forca"", ""para"", ""entregar"", ""a o"", ""brasileiro"", ""o"", ""pai"", ""que"", ""desejar"", ""e"", ""merecer"", ""ter"", ""e"", ""nosso"", ""compromisso"", ""fundante""]"
33,7 8 10 9 Renovação das práticas políticas e adoção de um ethos partidário baseado em princípios fundamentais para a formação de laços de confiança entre os cidadãos e seus representantes: diálogo; transparência; integridade; compromisso com a palavra empenhada em disputas eleitorais; priorização do interesse coletivo; formação e qualificação dos quadros partidários; obsessão com a austeridade e eficácia no exercício de mandatos de gestão.,7 8 10 9 renovacao de o pratica politico e adocao de um ethos partidario basear em principio fundamental para o formacao de laco de confianca entre o cidadao e seu representante dialogo transparencia integridade compromisso com o palavra empenhar em disputa eleitoral priorizacao de o interesse coletivo formacao e qualificacao de o quadro partidarios obsessao com o austeridade e eficacia em o exercicio de mandato de gestao,"[""7"", ""8"", ""10"", ""9"", ""renovacao"", ""de o"", ""pratica"", ""politico"", ""e"", ""adocao"", ""de"", ""um"", ""ethos"", ""partidario"", ""basear"", ""em"", ""principio"", ""fundamental"", ""para"", ""o"", ""formacao"", ""de"", ""laco"", ""de"", ""confianca"", ""entre"", ""o"", ""cidadao"", ""e"", ""seu"", ""representante"", ""dialogo"", ""transparencia"", ""integridade"", ""compromisso"", ""com"", ""o"", ""palavra"", ""empenhar"", ""em"", ""disputa"", ""eleitoral"", ""priorizacao"", ""de o"", ""interesse"", ""coletivo"", ""formacao"", ""e"", ""qualificacao"", ""de o"", ""quadro"", ""partidarios"", ""obsessao"", ""com"", ""o"", ""austeridade"", ""e"", ""eficacia"", ""em o"", ""exercicio"", ""de"", ""mandato"", ""de"", ""gestao""]"
34,"Compromisso com o fortalecimento e o aprimoramento do Judiciário, tendo como objetivo a plena concretização do princípio democrático da lei igual para todos. Somaremos esforços na busca por propiciar celeridade e eficácia na distribuição da Justiça aos brasileiros, mediante a modernização dos mecanismos judiciais e a adoção de novos códigos, sempre que isso corresponder à demanda da sociedade.",compromisso com o fortalecimento e o aprimoramento de o judiciario ter como objetivo o pleno concretizacao de o principio democratico de o lei igual para todo somare esforco em o busca por propiciar celeridade e eficacia em o distribuicao de o justica a o brasileiro mediante o modernizacao de o mecanismo judicial e o adocao de novo codigo sempre que isso corresponder o demanda de o sociedade,"[""compromisso"", ""com"", ""o"", ""fortalecimento"", ""e"", ""o"", ""aprimoramento"", ""de o"", ""judiciario"", ""ter"", ""como"", ""objetivo"", ""o"", ""pleno"", ""concretizacao"", ""de o"", ""principio"", ""democratico"", ""de o"", ""lei"", ""igual"", ""para"", ""todo"", ""somare"", ""esforco"", ""em o"", ""busca"", ""por"", ""propiciar"", ""celeridade"", ""e"", ""eficacia"", ""em o"", ""distribuicao"", ""de o"", ""justica"", ""a o"", ""brasileiro"", ""mediante"", ""o"", ""modernizacao"", ""de o"", ""mecanismo"", ""judicial"", ""e"", ""o"", ""adocao"", ""de"", ""novo"", ""codigo"", ""sempre"", ""que"", ""isso"", ""corresponder"", ""o"", ""demanda"", ""de o"", ""sociedade""]"
35,"Modernização permanente das Forças Armadas, como requisito indispensável à defesa da soberania nacional e das instituições democráticas.",modernizacao permanente de o forca armar como requisito indispensavel o defesa de o soberania nacional e de o instituicoe democratico,"[""modernizacao"", ""permanente"", ""de o"", ""forca"", ""armar"", ""como"", ""requisito"", ""indispensavel"", ""o"", ""defesa"", ""de o"", ""soberania"", ""nacional"", ""e"", ""de o"", ""instituicoe"", ""democratico""]"
36,"Firme posicionamento contra qualquer espécie de discriminação e preconceito quanto à religião, sexo, raça, orientação sexual ou qualquer outra particularidade da condição humana. A fecunda manifestação de nossas diversidades deve ser valorizada e estimulada, com a promoção permanente dos valores fundamentais da tolerância, do respeito mútuo e da solidariedade.",firme posicionamento contra qualquer especie de discriminacao e preconceito quanto a religiao sexo raco orientacao sexual ou qualquer outro particularidade de o condicao humano o fecundo manifestacao de nosso diversidade dever ser valorizar e estimular com o promocao permanente de o valor fundamental de o tolerancia de o respeito mutuo e de o solidariedade,"[""firme"", ""posicionamento"", ""contra"", ""qualquer"", ""especie"", ""de"", ""discriminacao"", ""e"", ""preconceito"", ""quanto"", ""a"", ""religiao"", ""sexo"", ""raco"", ""orientacao"", ""sexual"", ""ou"", ""qualquer"", ""outro"", ""particularidade"", ""de o"", ""condicao"", ""humano"", ""o"", ""fecundo"", ""manifestacao"", ""de"", ""nosso"", ""diversidade"", ""dever"", ""ser"", ""valorizar"", ""e"", ""estimular"", ""com"", ""o"", ""promocao"", ""permanente"", ""de o"", ""valor"", ""fundamental"", ""de o"", ""tolerancia"", ""de o"", ""respeito"", ""mutuo"", ""e"", ""de o"", ""solidariedade""]"
37,"11 12 13 Trabalho permanente em favor da prosperidade econômica com equidade social, uma vez que não há liberdade efetiva se os cidadãos não estão livres da fome, da doença, da ignorância e da opressão causada pela violência.",11 12 13 trabalho permanente em favor de o prosperidade economico com equidade social uma vez que nao ha liberdade efetivo se o cidadao nao estao livre de o fome de o doenca de o ignorancia e de o opressao causar por o violencia,"[""11"", ""12"", ""13"", ""trabalho"", ""permanente"", ""em"", ""favor"", ""de o"", ""prosperidade"", ""economico"", ""com"", ""equidade"", ""social"", ""uma"", ""vez"", ""que"", ""nao"", ""ha"", ""liberdade"", ""efetivo"", ""se"", ""o"", ""cidadao"", ""nao"", ""estao"", ""livre"", ""de o"", ""fome"", ""de o"", ""doenca"", ""de o"", ""ignorancia"", ""e"", ""de o"", ""opressao"", ""causar"", ""por o"", ""violencia""]"
38,"Apoio a programas de transferência de renda, compreendidos como ferramentas necessárias de segurança social e alimentar, por garantirem a subsistência das famílias mais pobres.",apoio a programa de transferencia de renda compreendir como ferramenta necessario de seguranca social e alimentar por garantir o subsistencia de o familia mais pobre,"[""apoio"", ""a"", ""programa"", ""de"", ""transferencia"", ""de"", ""renda"", ""compreendir"", ""como"", ""ferramenta"", ""necessario"", ""de"", ""seguranca"", ""social"", ""e"", ""alimentar"", ""por"", ""garantir"", ""o"", ""subsistencia"", ""de o"", ""familia"", ""mais"", ""pobre""]"
39,"Mantendo, porém, a clareza de que se trata de soluções insuficientes para respondermos a uma dívida histórica do país – a ser enfrentada com políticas estruturantes e transformadoras. Compromisso radical com a superação da pobreza, compreendendo que a pobreza não é apenas ausência de renda, mas um conjunto de desproteções sociais que vem se acumulando ao longo de décadas, condenando as camadas mais vulneráveis da população brasileira à perpetuação de condições precárias de vida por sucessivas gerações. Um dos maiores propósitos da ação político-administrativa do União Brasil será o de ampliar as vias de ascensão social para as novas gerações de brasileiros, priorizando aqueles que vivem em situação de maior vulnerabilidade social, com políticas públicas integradas, que englobem: segurança alimentar, moradia, saneamento, educação, saúde, assistência social, qualificação e emprego, bem como segurança pública responsável e eficaz.",manter por o clareza de que se tratar de solucoes insuficiente para responder a um divida historico de o pai a ser enfrentar com politica estruturante e transformadora compromisso radical com o superacao de o pobreza compreender que o pobreza nao e apenas ausencia de renda mas um conjunto de desprotecoes social que vir se acumular a o longo de decada condenar o camada mais vulneravel de o populacao brasileiro a perpetuacao de condicoe precario de vida por sucessivo geracoe um de o grande proposito de o acao politico administrativo de o uniao brasil sera o de ampliar o via de ascensao social para o novo geracoe de brasileiro priorizar aquele que viver em situacao de grande vulnerabilidade social com politica publico integrar que englober seguranca alimentar moradia saneamento educacao saude assistencia social qualificacao e emprego bem como seguranca publicar responsavel e eficaz,"[""manter"", ""por"", ""o"", ""clareza"", ""de"", ""que"", ""se"", ""tratar"", ""de"", ""solucoes"", ""insuficiente"", ""para"", ""responder"", ""a"", ""um"", ""divida"", ""historico"", ""de o"", ""pai"", ""a"", ""ser"", ""enfrentar"", ""com"", ""politica"", ""estruturante"", ""e"", ""transformadora"", ""compromisso"", ""radical"", ""com"", ""o"", ""superacao"", ""de o"", ""pobreza"", ""compreender"", ""que"", ""o"", ""pobreza"", ""nao"", ""e"", ""apenas"", ""ausencia"", ""de"", ""renda"", ""mas"", ""um"", ""conjunto"", ""de"", ""desprotecoes"", ""social"", ""que"", ""vir"", ""se"", ""acumular"", ""a o"", ""longo"", ""de"", ""decada"", ""condenar"", ""o"", ""camada"", ""mais"", ""vulneravel"", ""de o"", ""populacao"", ""brasileiro"", ""a"", ""perpetuacao"", ""de"", ""condicoe"", ""precario"", ""de"", ""vida"", ""por"", ""sucessivo"", ""geracoe"", ""um"", ""de o"", ""grande"", ""proposito"", ""de o"", ""acao"", ""politico"", ""administrativo"", ""de o"", ""uniao"", ""brasil"", ""sera"", ""o"", ""de"", ""ampliar"", ""o"", ""via"", ""de"", ""ascensao"", ""social"", ""para"", ""o"", ""novo"", ""geracoe"", ""de"", ""brasileiro"", ""priorizar"", ""aquele"", ""que"", ""viver"", ""em"", ""situacao"", ""de"", ""grande"", ""vulnerabilidade"", ""social"", ""com"", ""politica"", ""publico"", ""integrar"", ""que"", ""englober"", ""seguranca"", ""alimentar"", ""moradia"", ""saneamento"", ""educacao"", ""saude"", ""assistencia"", ""social"", ""qualificacao"", ""e"", ""emprego"", ""bem"", ""como"", ""seguranca"", ""publicar"", ""responsavel"", ""e"", ""eficaz""]"
40,14 15 Fortalecimento do SUS.,14 15 fortalecimento de o sus,"[""14"", ""15"", ""fortalecimento"", ""de o"", ""sus""]"
41,"Nosso Sistema Único de Saúde é um dos maiores legados da Constituição de 1988, fruto de uma visão ambiciosa e profundamente humanitária.",nosso sistema unico de saude e um de o grande legado de o constituicao de 1988 fruto de um visao ambicioso e profundamente humanitarir,"[""nosso"", ""sistema"", ""unico"", ""de"", ""saude"", ""e"", ""um"", ""de o"", ""grande"", ""legado"", ""de o"", ""constituicao"", ""de"", ""1988"", ""fruto"", ""de"", ""um"", ""visao"", ""ambicioso"", ""e"", ""profundamente"", ""humanitarir""]"
42,"O SUS tem ilhas de excelência em pesquisa e atendimento à saúde, reconhecidas internacionalmente.",o sus ter ilha de excelencia em pesquisa e atendimento o saude reconhecir internacionalmente,"[""o"", ""sus"", ""ter"", ""ilha"", ""de"", ""excelencia"", ""em"", ""pesquisa"", ""e"", ""atendimento"", ""o"", ""saude"", ""reconhecir"", ""internacionalmente""]"
43,É esse o padrão que queremos para toda a rede.,e esse o padrao que querer para todo o rede,"[""e"", ""esse"", ""o"", ""padrao"", ""que"", ""querer"", ""para"", ""todo"", ""o"", ""rede""]"
44,"Perseguiremos de modo incansável o enfrentamento dos gargalos crônicos do SUS, reduzindo ao máximo o longo tempo de espera por atendimento, que tanta angústia causa aos brasileiros.",perseguiremo de modo incansavel o enfrentamento de o gargalo cronico de o sus reduzir a o maximo o longo tempo de espera por atendimento que tanto angustio causa a o brasileiro,"[""perseguiremo"", ""de"", ""modo"", ""incansavel"", ""o"", ""enfrentamento"", ""de o"", ""gargalo"", ""cronico"", ""de o"", ""sus"", ""reduzir"", ""a o"", ""maximo"", ""o"", ""longo"", ""tempo"", ""de"", ""espera"", ""por"", ""atendimento"", ""que"", ""tanto"", ""angustio"", ""causa"", ""a o"", ""brasileiro""]"
45,"Há muito que melhorar em gestão e incorporação de tecnologia, para aumentar a eficácia e a celeridade da resposta na atenção à saúde.",ha muito que melhorar em gestao e incorporacao de tecnologia para aumentar o eficacia e o celeridade de o resposta em o atencao o saude,"[""ha"", ""muito"", ""que"", ""melhorar"", ""em"", ""gestao"", ""e"", ""incorporacao"", ""de"", ""tecnologia"", ""para"", ""aumentar"", ""o"", ""eficacia"", ""e"", ""o"", ""celeridade"", ""de o"", ""resposta"", ""em o"", ""atencao"", ""o"", ""saude""]"
46,"E é fundamental darmos prioridade aos desafios, problemas e passivos gerados pela pandemia da Covid-19.",e e fundamental dar prioridade a o desafio problema e passivo gerar por o pandemia de o covid 19,"[""e"", ""e"", ""fundamental"", ""dar"", ""prioridade"", ""a o"", ""desafio"", ""problema"", ""e"", ""passivo"", ""gerar"", ""por o"", ""pandemia"", ""de o"", ""covid"", ""19""]"
47,Compromisso com a Ciência na formulação de políticas públicas e prioridade para programas de desenvolvimento científico e tecnológico.,compromisso com o ciencia em o formulacao de politica publico e prioridade para programa de desenvolvimento cientifico e tecnologico,"[""compromisso"", ""com"", ""o"", ""ciencia"", ""em o"", ""formulacao"", ""de"", ""politica"", ""publico"", ""e"", ""prioridade"", ""para"", ""programa"", ""de"", ""desenvolvimento"", ""cientifico"", ""e"", ""tecnologico""]"
48,"O Brasil tem tudo para assegurar protagonismo nessa era da conectividade, da Inteligência Artificial e dos dados. A criatividade e o talento dos cientistas, pesquisadores e empreendedores brasileiros são reconhecidos internacionalmente.",o brasil ter tudo para assegurar protagonismo em esse era de o conectividade de o inteligencia artificial e de o dado o criatividade e o talento de o cientista pesquisador e empreendedor brasileiro sao reconhecir internacionalmente,"[""o"", ""brasil"", ""ter"", ""tudo"", ""para"", ""assegurar"", ""protagonismo"", ""em esse"", ""era"", ""de o"", ""conectividade"", ""de o"", ""inteligencia"", ""artificial"", ""e"", ""de o"", ""dado"", ""o"", ""criatividade"", ""e"", ""o"", ""talento"", ""de o"", ""cientista"", ""pesquisador"", ""e"", ""empreendedor"", ""brasileiro"", ""sao"", ""reconhecir"", ""internacionalmente""]"
49,"Faltam-nos políticas públicas consistentes e sustentáveis para reconhecer, estimular e reter esses talentos, e a incorporação definitiva dos saberes da nossa comunidade científica na construção de ações que tragam respostas eficazes para novos e antigos problemas.",faltar em o politica publico consistente e sustentavel para reconhecer estimular e reter esse talento e a incorporacao definitivo de o saber de o nosso comunidade cientifico em o construcao de acoes que tragam resposta eficaz para novo e antigo problema,"[""faltar"", ""em o"", ""politica"", ""publico"", ""consistente"", ""e"", ""sustentavel"", ""para"", ""reconhecer"", ""estimular"", ""e"", ""reter"", ""esse"", ""talento"", ""e"", ""a"", ""incorporacao"", ""definitivo"", ""de o"", ""saber"", ""de o"", ""nosso"", ""comunidade"", ""cientifico"", ""em o"", ""construcao"", ""de"", ""acoes"", ""que"", ""tragam"", ""resposta"", ""eficaz"", ""para"", ""novo"", ""e"", ""antigo"", ""problema""]"
50,"16 17 18 Priorização de políticas públicas voltadas para a Primeira Infância. Compreendemos que ações integradas de saúde, educação, nutrição, moradia e assistência psicossocial com foco em gestantes, mães e crianças são um caminho promissor para a real superação do ciclo de pobreza, uma vez que as capacidades cognitivas de um indivíduo são moldadas na Primeira Infância e impactam diretamente sua trajetória educacional e profissional. Prioridade à qualificação escolar e profissional como instrumentos estratégicos de superação da pobreza e ferramentas essenciais para o crescimento e fortalecimento do país. Por isso, assumimos o compromisso de fazer do processo educacional o principal caminho para a conquista da cidadania plena e a inclusão social. O fortalecimento e a busca da excelência na escola pública, nos ensinos Fundamental e Médio, devem ser uma obsessão nacional.",16 17 18 priorizacao de politica publico voltar para o primeiro infancia compreender que acoes integrar de saude educacao nutricao moradio e assistencia psicossocial com foco em gestante maes e crianca sao um caminho promissor para o real superacao de o ciclo de pobreza um vez que o capacidade cognitivo de um individuo sao moldar em o primeiro infancia e impactar diretamente seu trajetoria educacional e profissional prioridade a qualificacao escolar e profissional como instrumento estrategico de superacao de o pobreza e ferramenta essencial para o crescimento e fortalecimento de o pai por isso assumir o compromisso de fazer de o processo educacional o principal caminho para o conquista de o cidadania pleno e o inclusao social o fortalecimento e o busca de o excelencia em o escola publicar em o ensino fundamental e medio dever ser um obsessao nacional,"[""16"", ""17"", ""18"", ""priorizacao"", ""de"", ""politica"", ""publico"", ""voltar"", ""para"", ""o"", ""primeiro"", ""infancia"", ""compreender"", ""que"", ""acoes"", ""integrar"", ""de"", ""saude"", ""educacao"", ""nutricao"", ""moradio"", ""e"", ""assistencia"", ""psicossocial"", ""com"", ""foco"", ""em"", ""gestante"", ""maes"", ""e"", ""crianca"", ""sao"", ""um"", ""caminho"", ""promissor"", ""para"", ""o"", ""real"", ""superacao"", ""de o"", ""ciclo"", ""de"", ""pobreza"", ""um"", ""vez"", ""que"", ""o"", ""capacidade"", ""cognitivo"", ""de"", ""um"", ""individuo"", ""sao"", ""moldar"", ""em o"", ""primeiro"", ""infancia"", ""e"", ""impactar"", ""diretamente"", ""seu"", ""trajetoria"", ""educacional"", ""e"", ""profissional"", ""prioridade"", ""a"", ""qualificacao"", ""escolar"", ""e"", ""profissional"", ""como"", ""instrumento"", ""estrategico"", ""de"", ""superacao"", ""de o"", ""pobreza"", ""e"", ""ferramenta"", ""essencial"", ""para"", ""o"", ""crescimento"", ""e"", ""fortalecimento"", ""de o"", ""pai"", ""por"", ""isso"", ""assumir"", ""o"", ""compromisso"", ""de"", ""fazer"", ""de o"", ""processo"", ""educacional"", ""o"", ""principal"", ""caminho"", ""para"", ""o"", ""conquista"", ""de o"", ""cidadania"", ""pleno"", ""e"", ""o"", ""inclusao"", ""social"", ""o"", ""fortalecimento"", ""e"", ""o"", ""busca"", ""de o"", ""excelencia"", ""em o"", ""escola"", ""publicar"", ""em o"", ""ensino"", ""fundamental"", ""e"", ""medio"", ""dever"", ""ser"", ""um"", ""obsessao"", ""nacional""]"
51,"Apoio à família brasileira, considerando que a família é a base da sociedade e o primeiro elo de conexão social do indivíduo. Compreendendo que as famílias das periferias das grandes e médias cidades brasileiras têm sido fortemente afetadas pela crise do desemprego, pelo retorno da inflação (de alimentos, energia e combustíveis, em particular), pelo aumento da criminalidade e pela atuação crescente do crime organizado, dentre outras pressões que geram instabilidade nos núcleos familiares, assumimos o compromisso de construir políticas públicas com foco e base na unidade familiar.",apoio o familia brasileiro considerar que o familia e o base de o sociedade e o primeiro elo de conexao social de o individuo compreender que o familia de o periferia de o grande e medio cidade brasileiro ter ser fortemente afetar por o crise de o desemprego por o retorno de o inflacao de alimento energia e combustivel em particular por o aumento de o criminalidade e por o atuacao crescente de o crime organizar dentre outro pressoe que gerar instabilidade em o nucleo familiar assumir o compromisso de construir politica publico com foco e base em o unidade familiar,"[""apoio"", ""o"", ""familia"", ""brasileiro"", ""considerar"", ""que"", ""o"", ""familia"", ""e"", ""o"", ""base"", ""de o"", ""sociedade"", ""e"", ""o"", ""primeiro"", ""elo"", ""de"", ""conexao"", ""social"", ""de o"", ""individuo"", ""compreender"", ""que"", ""o"", ""familia"", ""de o"", ""periferia"", ""de o"", ""grande"", ""e"", ""medio"", ""cidade"", ""brasileiro"", ""ter"", ""ser"", ""fortemente"", ""afetar"", ""por o"", ""crise"", ""de o"", ""desemprego"", ""por o"", ""retorno"", ""de o"", ""inflacao"", ""de"", ""alimento"", ""energia"", ""e"", ""combustivel"", ""em"", ""particular"", ""por o"", ""aumento"", ""de o"", ""criminalidade"", ""e"", ""por o"", ""atuacao"", ""crescente"", ""de o"", ""crime"", ""organizar"", ""dentre"", ""outro"", ""pressoe"", ""que"", ""gerar"", ""instabilidade"", ""em o"", ""nucleo"", ""familiar"", ""assumir"", ""o"", ""compromisso"", ""de"", ""construir"", ""politica"", ""publico"", ""com"", ""foco"", ""e"", ""base"", ""em o"", ""unidade"", ""familiar""]"
52,"19 20 Garantia do direito de ir e vir, da livre circulação dos cidadãos nas cidades, da paz às famílias, nas suas casas e nas suas vizinhanças.",19 20 garantia de o direito de ir e vir de o livre circulacao de o cidadaos em o cidade de o paz o familia em o seu casa e em o seu vizinhanco,"[""19"", ""20"", ""garantia"", ""de o"", ""direito"", ""de"", ""ir"", ""e"", ""vir"", ""de o"", ""livre"", ""circulacao"", ""de o"", ""cidadaos"", ""em o"", ""cidade"", ""de o"", ""paz"", ""o"", ""familia"", ""em o"", ""seu"", ""casa"", ""e"", ""em o"", ""seu"", ""vizinhanco""]"
53,"Nas sociedades democráticas, o Estado detém o monopólio da força e deve exercê-lo com a máxima responsabilidade, mas também com todo rigor no enfrentamento da criminalidade.",em o sociedade democratico o estado deter o monopolio de o forca e dever exercer lo com o maximo responsabilidade mas tambem com todo rigor em o enfrentamento de o criminalidade,"[""em o"", ""sociedade"", ""democratico"", ""o"", ""estado"", ""deter"", ""o"", ""monopolio"", ""de o"", ""forca"", ""e"", ""dever"", ""exercer"", ""lo"", ""com"", ""o"", ""maximo"", ""responsabilidade"", ""mas"", ""tambem"", ""com"", ""todo"", ""rigor"", ""em o"", ""enfrentamento"", ""de o"", ""criminalidade""]"
54,"O Brasil não tolera mais o convívio com índices de morte violenta piores que os de países conflagrados por guerras, nem pode mais aceitar as mortes de jovens pobres e negros. Sem sacrifício das liberdades fundamentais que constituem a essência da democracia, e com transparência, devemos desmontar o crime organizado, atuar com Inteligência, planejamento e integração das forças de segurança para vencer a violência e devolver a paz aos brasileiros.",o brasil nao tolerar mais o convivio com indice de morte violento piores que o de pais conflagrar por guerra nem poder mais aceitar o morte de jovem pobre e negro sem sacrificio de o liberdade fundamental que constituir o essencia de o democracia e com transparencia dever desmontar o crime organizar atuar com inteligencia planejamento e integracao de o forca de seguranca para vencer o violencia e devolver o paz a o brasileiro,"[""o"", ""brasil"", ""nao"", ""tolerar"", ""mais"", ""o"", ""convivio"", ""com"", ""indice"", ""de"", ""morte"", ""violento"", ""piores"", ""que"", ""o"", ""de"", ""pais"", ""conflagrar"", ""por"", ""guerra"", ""nem"", ""poder"", ""mais"", ""aceitar"", ""o"", ""morte"", ""de"", ""jovem"", ""pobre"", ""e"", ""negro"", ""sem"", ""sacrificio"", ""de o"", ""liberdade"", ""fundamental"", ""que"", ""constituir"", ""o"", ""essencia"", ""de o"", ""democracia"", ""e"", ""com"", ""transparencia"", ""dever"", ""desmontar"", ""o"", ""crime"", ""organizar"", ""atuar"", ""com"", ""inteligencia"", ""planejamento"", ""e"", ""integracao"", ""de o"", ""forca"", ""de"", ""seguranca"", ""para"", ""vencer"", ""o"", ""violencia"", ""e"", ""devolver"", ""o"", ""paz"", ""a o"", ""brasileiro""]"
55,Garantia de oportunidades reais para a realização pessoal e profissional de todos os brasileiros.,garantia de oportunidade real para o realizacao pessoal e profissional de todo o brasileiro,"[""garantia"", ""de"", ""oportunidade"", ""real"", ""para"", ""o"", ""realizacao"", ""pessoal"", ""e"", ""profissional"", ""de"", ""todo"", ""o"", ""brasileiro""]"
56,Acreditamos firmemente que uma sociedade próspera e justa se assenta na liberdade econômica associada à igualdade de oportunidades.,acreditar firmemente que um sociedade prosperar e justo se assentar em o liberdade economico associar o igualdade de oportunidade,"[""acreditar"", ""firmemente"", ""que"", ""um"", ""sociedade"", ""prosperar"", ""e"", ""justo"", ""se"", ""assentar"", ""em o"", ""liberdade"", ""economico"", ""associar"", ""o"", ""igualdade"", ""de"", ""oportunidade""]"
57,"Por isso deve ser obsessivo nosso trabalho por uma escola pública de qualidade, por programas de qualificação profissional, de acesso ao mercado de trabalho, e de estímulo às iniciativas empresariais e ao empreendedorismo.",por isso dever ser obsessivo nosso trabalho por um escola publicar de qualidade por programa de qualificacao profissional de acesso a o mercado de trabalho e de estimulo o iniciativa empresarial e a o empreendedorismo,"[""por"", ""isso"", ""dever"", ""ser"", ""obsessivo"", ""nosso"", ""trabalho"", ""por"", ""um"", ""escola"", ""publicar"", ""de"", ""qualidade"", ""por"", ""programa"", ""de"", ""qualificacao"", ""profissional"", ""de"", ""acesso"", ""a o"", ""mercado"", ""de"", ""trabalho"", ""e"", ""de"", ""estimulo"", ""o"", ""iniciativa"", ""empresarial"", ""e"", ""a o"", ""empreendedorismo""]"
58,21 22 23 Defesa da liberdade econômica.,21 22 23 defesa de o liberdade economico,"[""21"", ""22"", ""23"", ""defesa"", ""de o"", ""liberdade"", ""economico""]"
59,"Não há desenvolvimento verdadeiro, com prosperidade, bem-estar e realização pessoal, sem uma economia livre e competitiva.",nao ha desenvolvimento verdadeiro com prosperidade bem estar e realizacao pessoal sem um economia livre e competitivo,"[""nao"", ""ha"", ""desenvolvimento"", ""verdadeiro"", ""com"", ""prosperidade"", ""bem"", ""estar"", ""e"", ""realizacao"", ""pessoal"", ""sem"", ""um"", ""economia"", ""livre"", ""e"", ""competitivo""]"
60,A iniciativa privada é o centro desse processo.,o iniciativa privado e o centro de esse processo,"[""o"", ""iniciativa"", ""privado"", ""e"", ""o"", ""centro"", ""de esse"", ""processo""]"
61,"Ao Estado compete o papel de indutor, estimulador e regulador da economia, e também de protetor e apoiador das parcelas mais vulneráveis da população, para que as desigualdades no ponto de partida não comprometam as chances de sucesso e crescimento de todos que sonham e lutam por uma vida melhor.",a o estado competir o papel de indutor estimulador e regulador de o economia e tambem de protetor e apoiador de o parcela mais vulneravel de o populacao para que o desigualdade em o ponto de partida nao comprometar o chance de sucesso e crescimento de todo que sonhar e lutar por um vida bom,"[""a o"", ""estado"", ""competir"", ""o"", ""papel"", ""de"", ""indutor"", ""estimulador"", ""e"", ""regulador"", ""de o"", ""economia"", ""e"", ""tambem"", ""de"", ""protetor"", ""e"", ""apoiador"", ""de o"", ""parcela"", ""mais"", ""vulneravel"", ""de o"", ""populacao"", ""para"", ""que"", ""o"", ""desigualdade"", ""em o"", ""ponto"", ""de"", ""partida"", ""nao"", ""comprometar"", ""o"", ""chance"", ""de"", ""sucesso"", ""e"", ""crescimento"", ""de"", ""todo"", ""que"", ""sonhar"", ""e"", ""lutar"", ""por"", ""um"", ""vida"", ""bom""]"
62,"Respeito ao direito de propriedade, com reconhecimento das responsabilidades sociais inerentes ao exercício desse direito. O direito de usar, usufruir e dispor de um bem está incluído entre as cláusulas pétreas, intocáveis, da nossa Constituição. O União Brasil defende este direito do cidadão com o mesmo rigor com que sustenta as demais regras garantidoras da Democracia.",respeito a o direito de propriedade com reconhecimento de o responsabilidade social inerente a o exercicio de esse direito o direito de usar usufruir e dispor de um bem este incluido entre o clausula petreo intocavel de o nosso constituicao o uniao brasil defender este direito de o cidadao com o mesmo rigor com que sustentar o demais regra garantidor de o democracia,"[""respeito"", ""a o"", ""direito"", ""de"", ""propriedade"", ""com"", ""reconhecimento"", ""de o"", ""responsabilidade"", ""social"", ""inerente"", ""a o"", ""exercicio"", ""de esse"", ""direito"", ""o"", ""direito"", ""de"", ""usar"", ""usufruir"", ""e"", ""dispor"", ""de"", ""um"", ""bem"", ""este"", ""incluido"", ""entre"", ""o"", ""clausula"", ""petreo"", ""intocavel"", ""de o"", ""nosso"", ""constituicao"", ""o"", ""uniao"", ""brasil"", ""defender"", ""este"", ""direito"", ""de o"", ""cidadao"", ""com"", ""o"", ""mesmo"", ""rigor"", ""com"", ""que"", ""sustentar"", ""o"", ""demais"", ""regra"", ""garantidor"", ""de o"", ""democracia""]"
63,"Valorização do papel econômico social das microempresas e estímulo à cultura do empreendedorismo. O país precisa levar a sério políticas específicas para este tipo de organização e promover a qualificação em empreendedorismo, assim como deve apoiar o cooperativismo e outras formas associativas de produção. É essencial, ainda, o reconhecimento do mercado informal, que carece de políticas públicas permanentes, de estímulo, qualificação e apoio aos milhões de homens e mulheres que vivem da força individual de trabalho.",valorizacao de o papel economico social de o microempresa e estimulo o cultura de o empreendedorismo o pai precisar levar a serio politico especifico para este tipo de organizacao e promover o qualificacao em empreendedorismo assim como dever apoiar o cooperativismo e outro forma associativo de producao e essencial ainda o reconhecimento de o mercado informal que carecer de politica publico permanente de estimulo qualificacao e apoio a o milhoes de homem e mulher que viver de o forca individual de trabalho,"[""valorizacao"", ""de o"", ""papel"", ""economico"", ""social"", ""de o"", ""microempresa"", ""e"", ""estimulo"", ""o"", ""cultura"", ""de o"", ""empreendedorismo"", ""o"", ""pai"", ""precisar"", ""levar"", ""a"", ""serio"", ""politico"", ""especifico"", ""para"", ""este"", ""tipo"", ""de"", ""organizacao"", ""e"", ""promover"", ""o"", ""qualificacao"", ""em"", ""empreendedorismo"", ""assim"", ""como"", ""dever"", ""apoiar"", ""o"", ""cooperativismo"", ""e"", ""outro"", ""forma"", ""associativo"", ""de"", ""producao"", ""e"", ""essencial"", ""ainda"", ""o"", ""reconhecimento"", ""de o"", ""mercado"", ""informal"", ""que"", ""carecer"", ""de"", ""politica"", ""publico"", ""permanente"", ""de"", ""estimulo"", ""qualificacao"", ""e"", ""apoio"", ""a o"", ""milhoes"", ""de"", ""homem"", ""e"", ""mulher"", ""que"", ""viver"", ""de o"", ""forca"", ""individual"", ""de"", ""trabalho""]"
64,24 25 Reconhecimento da força do campo e estímulo às boas práticas.,24 25 reconhecimento de o forca de o campo e estimulo o bom pratica,"[""24"", ""25"", ""reconhecimento"", ""de o"", ""forca"", ""de o"", ""campo"", ""e"", ""estimulo"", ""o"", ""bom"", ""pratica""]"
65,"Nas últimas décadas, o Agro se tornou o mais pujante segmento econômico brasileiro. O Agro faz do Brasil um dos principais players do comércio internacional. Os ganhos de produtividade do campo brasileiro são um ponto fora da curva, uma exceção feliz e bem-sucedida. É um exemplo do Brasil que dá certo, que produz agregando tecnologia a saberes seculares, que se faz ao mesmo tempo com a força dos grandes exportadores e com a força do pequeno agricultor familiar, por vezes organizado em cooperativas. E o mais importante: o Agro brasileiro que dá certo respeita e protege o meio ambiente. Esse Brasil que produz, gera e distribui riquezas e respeita o meio ambiente merece e deve ser reconhecido e estimulado.",em o ultimo decada o agro se tornar o mais pujante segmento economico brasileiro o agro fazer de o brasil um de o principal player de o comercio internacional o ganho de produtividade de o campo brasileiro sao um ponto fora de o curva um excecao feliz e bem sucedido e um exemplo de o brasil que de o certo que produzir agregar tecnologia a saber secular que se fazer a o mesmo tempo com o forca de o grande exportador e com o forca de o pequeno agricultor familiar por vez organizar em cooperativa e o mais importante o agro brasileiro que de o certo respeitar e proteger o meio ambiente esse brasil que produzir gerar e distribuir riqueza e respeitar o meio ambiente merecer e dever ser reconhecer e estimular,"[""em o"", ""ultimo"", ""decada"", ""o"", ""agro"", ""se"", ""tornar"", ""o"", ""mais"", ""pujante"", ""segmento"", ""economico"", ""brasileiro"", ""o"", ""agro"", ""fazer"", ""de o"", ""brasil"", ""um"", ""de o"", ""principal"", ""player"", ""de o"", ""comercio"", ""internacional"", ""o"", ""ganho"", ""de"", ""produtividade"", ""de o"", ""campo"", ""brasileiro"", ""sao"", ""um"", ""ponto"", ""fora"", ""de o"", ""curva"", ""um"", ""excecao"", ""feliz"", ""e"", ""bem"", ""sucedido"", ""e"", ""um"", ""exemplo"", ""de o"", ""brasil"", ""que"", ""de o"", ""certo"", ""que"", ""produzir"", ""agregar"", ""tecnologia"", ""a"", ""saber"", ""secular"", ""que"", ""se"", ""fazer"", ""a o"", ""mesmo"", ""tempo"", ""com"", ""o"", ""forca"", ""de o"", ""grande"", ""exportador"", ""e"", ""com"", ""o"", ""forca"", ""de o"", ""pequeno"", ""agricultor"", ""familiar"", ""por"", ""vez"", ""organizar"", ""em"", ""cooperativa"", ""e"", ""o"", ""mais"", ""importante"", ""o"", ""agro"", ""brasileiro"", ""que"", ""de o"", ""certo"", ""respeitar"", ""e"", ""proteger"", ""o"", ""meio"", ""ambiente"", ""esse"", ""brasil"", ""que"", ""produzir"", ""gerar"", ""e"", ""distribuir"", ""riqueza"", ""e"", ""respeitar"", ""o"", ""meio"", ""ambiente"", ""merecer"", ""e"", ""dever"", ""ser"", ""reconhecer"", ""e"", ""estimular""]"
66,"Resgate e fortalecimento de uma política ambiental responsável e sustentável. Assumimos o firme compromisso com a proteção dos nossos ecossistemas naturais e da vida silvestre, com a racionalização do uso dos recursos minerais, com o controle rigoroso da poluição industrial, da poluição gerada por esgotos urbanos e por veículos automotores, com a reciclagem do lixo e com o incentivo ao reflorestamento. A sustentabilidade não é mais uma escolha, é um imperativo.",resgate e fortalecimento de um politica ambiental responsavel e sustentavel assumir o firme compromisso com o protecao de o nosso ecossistema natural e de o vida silvestre com o racionalizacao de o uso de o recurso mineral com o controle rigoroso de o poluicao industrial de o poluicao gerar por esgoto urbano e por veiculo automotor com o reciclagem de o lixo e com o incentivo a o reflorestamento o sustentabilidade nao e mais um escolha e um imperativo,"[""resgate"", ""e"", ""fortalecimento"", ""de"", ""um"", ""politica"", ""ambiental"", ""responsavel"", ""e"", ""sustentavel"", ""assumir"", ""o"", ""firme"", ""compromisso"", ""com"", ""o"", ""protecao"", ""de o"", ""nosso"", ""ecossistema"", ""natural"", ""e"", ""de o"", ""vida"", ""silvestre"", ""com"", ""o"", ""racionalizacao"", ""de o"", ""uso"", ""de o"", ""recurso"", ""mineral"", ""com"", ""o"", ""controle"", ""rigoroso"", ""de o"", ""poluicao"", ""industrial"", ""de o"", ""poluicao"", ""gerar"", ""por"", ""esgoto"", ""urbano"", ""e"", ""por"", ""veiculo"", ""automotor"", ""com"", ""o"", ""reciclagem"", ""de o"", ""lixo"", ""e"", ""com"", ""o"", ""incentivo"", ""a o"", ""reflorestamento"", ""o"", ""sustentabilidade"", ""nao"", ""e"", ""mais"", ""um"", ""escolha"", ""e"", ""um"", ""imperativo""]"
67,"As mudanças climáticas são evidentes, já estão comprometendo as nossas condições de vida e demandam respostas enérgicas, imediatas.",o mudanca climatico sao evidente ja estao comprometer o nosso condicoe de vida e demandar resposta energico imediato,"[""o"", ""mudanca"", ""climatico"", ""sao"", ""evidente"", ""ja"", ""estao"", ""comprometer"", ""o"", ""nosso"", ""condicoe"", ""de"", ""vida"", ""e"", ""demandar"", ""resposta"", ""energico"", ""imediato""]"
68,Não existe planeta B.,nao existir planeta b,"[""nao"", ""existir"", ""planeta"", ""b""]"
69,"Não podemos contar apenas com a resiliência dos ecossistemas, temos que assumir responsabilidades e protagonismo, tanto para proteger nossos ecossistemas naturais como para ajudá-los em seu processo de restauração. 26 27 28 29 Fortalecimento de um política energética orientada para o aproveitamento racional dos nossos recursos naturais, buscando a aceleração do processo de diversificação e migração da nossa matriz energética para fontes limpas e sustentáveis, disponíveis em abundância Prioridade na construção de políticas públicas de longo prazo para o enfrentamento da complexa questão urbana, com destaque para as problemáticas de mobilidade e transporte coletivo, saneamento básico – que inclui o descarte apropriado dos dejetos sólidos – e meio ambiente/poluição.",nao poder contar apenas com o resiliencia de o ecossistema ter que assumir responsabilidade e protagonismo tanto para proteger nosso ecossistema natural como para ajuda lo em seu processo de restauracao 26 27 28 29 fortalecimento de um politica energetico orientar para o aproveitamento racional de o nosso recurso natural buscar o aceleracao de o processo de diversificacao e migracao de o nosso matriz energetico para fonte limpo e sustentavel disponivel em abundancia prioridade em o construcao de politica publico de longo prazo para o enfrentamento de o complexo questao urbano com destaque para o problematica de mobilidade e transporte coletivo saneamento basico que incluir o descarte apropriar de o dejeto solir e meio ambiente poluicao,"[""nao"", ""poder"", ""contar"", ""apenas"", ""com"", ""o"", ""resiliencia"", ""de o"", ""ecossistema"", ""ter"", ""que"", ""assumir"", ""responsabilidade"", ""e"", ""protagonismo"", ""tanto"", ""para"", ""proteger"", ""nosso"", ""ecossistema"", ""natural"", ""como"", ""para"", ""ajuda"", ""lo"", ""em"", ""seu"", ""processo"", ""de"", ""restauracao"", ""26"", ""27"", ""28"", ""29"", ""fortalecimento"", ""de"", ""um"", ""politica"", ""energetico"", ""orientar"", ""para"", ""o"", ""aproveitamento"", ""racional"", ""de o"", ""nosso"", ""recurso"", ""natural"", ""buscar"", ""o"", ""aceleracao"", ""de o"", ""processo"", ""de"", ""diversificacao"", ""e"", ""migracao"", ""de o"", ""nosso"", ""matriz"", ""energetico"", ""para"", ""fonte"", ""limpo"", ""e"", ""sustentavel"", ""disponivel"", ""em"", ""abundancia"", ""prioridade"", ""em o"", ""construcao"", ""de"", ""politica"", ""publico"", ""de"", ""longo"", ""prazo"", ""para"", ""o"", ""enfrentamento"", ""de o"", ""complexo"", ""questao"", ""urbano"", ""com"", ""destaque"", ""para"", ""o"", ""problematica"", ""de"", ""mobilidade"", ""e"", ""transporte"", ""coletivo"", ""saneamento"", ""basico"", ""que"", ""incluir"", ""o"", ""descarte"", ""apropriar"", ""de o"", ""dejeto"", ""solir"", ""e"", ""meio"", ""ambiente"", ""poluicao""]"
70,"Priorização de amplo programa de inclusão digital dos mais pobres. Na Era Digital e da Conectividade, o acesso à internet e demais ferramentas tecnológicas não é mais uma questão de luxo, é bem essencial, quase tão necessário como ter acesso à água tratada. Sem políticas públicas de inclusão digital, nossas desigualdades serão aprofundadas. Temos que garantir ao maior número de brasileiros amplo acesso à internet e a possibilidade de inserção nos grandes desafios e aventuras prenunciados para o século XXI.",priorizacao de amplo programa de inclusao digital de o mais pobre em o era digital e de o conectividade o acesso a internet e demais ferramenta tecnologico nao e mais um questao de luxo e bem essencial quase tao necessario como ter acesso o agua tratar sem politica publico de inclusao digital nosso desigualdade serao aprofundar ter que garantir a o grande numero de brasileiro amplo acesso a internet e o possibilidade de insercao em o grande desafio e aventura prenunciar para o seculo xxi,"[""priorizacao"", ""de"", ""amplo"", ""programa"", ""de"", ""inclusao"", ""digital"", ""de o"", ""mais"", ""pobre"", ""em o"", ""era"", ""digital"", ""e"", ""de o"", ""conectividade"", ""o"", ""acesso"", ""a"", ""internet"", ""e"", ""demais"", ""ferramenta"", ""tecnologico"", ""nao"", ""e"", ""mais"", ""um"", ""questao"", ""de"", ""luxo"", ""e"", ""bem"", ""essencial"", ""quase"", ""tao"", ""necessario"", ""como"", ""ter"", ""acesso"", ""o"", ""agua"", ""tratar"", ""sem"", ""politica"", ""publico"", ""de"", ""inclusao"", ""digital"", ""nosso"", ""desigualdade"", ""serao"", ""aprofundar"", ""ter"", ""que"", ""garantir"", ""a o"", ""grande"", ""numero"", ""de"", ""brasileiro"", ""amplo"", ""acesso"", ""a"", ""internet"", ""e"", ""o"", ""possibilidade"", ""de"", ""insercao"", ""em o"", ""grande"", ""desafio"", ""e"", ""aventura"", ""prenunciar"", ""para"", ""o"", ""seculo"", ""xxi""]"
71,"Revigoramento da Federação com maior autonomia política e financeira aos Estados e Municípios, por meio de uma melhor distribuição de encargos e fontes de recursos públicos. A descentralização de poderes e atribuições é a grande revolução prevista na Constituição municipalista de 1988, que ainda nos cabe cumprir.",revigoramento de o federacao com grande autonomia politico e financeiro a o estado e municipio por meio de um bom distribuicao de encargo e fonte de recurso publico a descentralizacao de poder e atribuicoes e o grande revolucao prever em o constituicao municipalista de 1988 que ainda nós caber cumprir,"[""revigoramento"", ""de o"", ""federacao"", ""com"", ""grande"", ""autonomia"", ""politico"", ""e"", ""financeiro"", ""a o"", ""estado"", ""e"", ""municipio"", ""por"", ""meio"", ""de"", ""um"", ""bom"", ""distribuicao"", ""de"", ""encargo"", ""e"", ""fonte"", ""de"", ""recurso"", ""publico"", ""a"", ""descentralizacao"", ""de"", ""poder"", ""e"", ""atribuicoes"", ""e"", ""o"", ""grande"", ""revolucao"", ""prever"", ""em o"", ""constituicao"", ""municipalista"", ""de"", ""1988"", ""que"", ""ainda"", ""nós"", ""caber"", ""cumprir""]"
72,"30 31 32 33 Execução de programas nacionais de desenvolvimento que considerem nossa diversidade plurirregional, propiciem a participação harmônica de todas as regiões e confiram especial ênfase à superação dos desníveis regionais de renda, que afetam especialmente o Norte e o Nordeste.",30 31 32 33 execucao de programa nacional de desenvolvimento que consider nosso diversidade plurirregional propiciem o participacao harmonico de todo o regioes e confirar especial enfase a superacao de o desnivel regional de renda que afetar especialmente o norte e o nordeste,"[""30"", ""31"", ""32"", ""33"", ""execucao"", ""de"", ""programa"", ""nacional"", ""de"", ""desenvolvimento"", ""que"", ""consider"", ""nosso"", ""diversidade"", ""plurirregional"", ""propiciem"", ""o"", ""participacao"", ""harmonico"", ""de"", ""todo"", ""o"", ""regioes"", ""e"", ""confirar"", ""especial"", ""enfase"", ""a"", ""superacao"", ""de o"", ""desnivel"", ""regional"", ""de"", ""renda"", ""que"", ""afetar"", ""especialmente"", ""o"", ""norte"", ""e"", ""o"", ""nordeste""]"
73,O Estado gasta muito e gasta mal.,o estado gastar muito e gastar mal,"[""o"", ""estado"", ""gastar"", ""muito"", ""e"", ""gastar"", ""mal""]"
74,"Somos a favor de privatizações, da eficiência do gasto e da diminuição da carga de impostos.",ser a favor de privatizacoes de o eficiencia de o gasto e de o diminuicao de o carga de imposto,"[""ser"", ""a"", ""favor"", ""de"", ""privatizacoes"", ""de o"", ""eficiencia"", ""de o"", ""gasto"", ""e"", ""de o"", ""diminuicao"", ""de o"", ""carga"", ""de"", ""imposto""]"
75,O Estado não é capaz de gerir tudo e a iniciativa privada é muito mais eficiente na gestão das empresas e dos recursos.,o estado nao e capaz de gerir tudo e o iniciativa privado e muito mais eficiente em o gestao de o empresa e de o recurso,"[""o"", ""estado"", ""nao"", ""e"", ""capaz"", ""de"", ""gerir"", ""tudo"", ""e"", ""o"", ""iniciativa"", ""privado"", ""e"", ""muito"", ""mais"", ""eficiente"", ""em o"", ""gestao"", ""de o"", ""empresa"", ""e"", ""de o"", ""recurso""]"
76,"A privatização garante a desburocratização, a independência política nas ações e diminui o risco de corrupção.",a privatizacao garantir a desburocratizacao o independencia politico em o acoe e diminuir o risco de corrupcao,"[""a"", ""privatizacao"", ""garantir"", ""a"", ""desburocratizacao"", ""o"", ""independencia"", ""politico"", ""em o"", ""acoe"", ""e"", ""diminuir"", ""o"", ""risco"", ""de"", ""corrupcao""]"
77,"No entanto, não caímos na armadilha do Estado Mínimo.",em o entanto nao cair em o armadilha de o estado minimo,"[""em o"", ""entanto"", ""nao"", ""cair"", ""em o"", ""armadilha"", ""de o"", ""estado"", ""minimo""]"
78,"Acreditamos na construção de um Estado eficiente e fiel às suas obrigações indelegáveis: saúde, segurança, educação, assistência social, regulação, indução, garantia de oportunidades e promoção da equidade. Limitação da atividade empresarial do Estado, condicionando-a às hipóteses de ausência da iniciativa privada e tendo em vista atender à defesa nacional ou garantir a continuidade do processo de desenvolvimento do país. Disciplinamento das atividades das empresas estatais, subordinando-as à efetiva fiscalização da sociedade brasileira. Compromisso com as reformas, sem as quais o Brasil permanecerá refém da burocracia, do atraso, do desequilíbrio fiscal, da iniquidade.",acreditar em o construcao de um estado eficiente e fiel o seu obrigacoe indelegaveis saude seguranca educacao assistencia social regulacao inducao garantia de oportunidade e promocao de o equidade limitacao de o atividade empresarial de o estado condicionar a o hipotese de ausencia de o iniciativa privado e ter em vista atender o defesa nacional ou garantir o continuidade de o processo de desenvolvimento de o pai disciplinamento de o atividade de o empresa estatal subordinar o o efetivo fiscalizacao de o sociedade brasileiro compromisso com o reforma sem o qual o brasil permanecerar refem de o burocracia de o atraso de o desequilibrio fiscal de o iniquidade,"[""acreditar"", ""em o"", ""construcao"", ""de"", ""um"", ""estado"", ""eficiente"", ""e"", ""fiel"", ""o"", ""seu"", ""obrigacoe"", ""indelegaveis"", ""saude"", ""seguranca"", ""educacao"", ""assistencia"", ""social"", ""regulacao"", ""inducao"", ""garantia"", ""de"", ""oportunidade"", ""e"", ""promocao"", ""de o"", ""equidade"", ""limitacao"", ""de o"", ""atividade"", ""empresarial"", ""de o"", ""estado"", ""condicionar"", ""a"", ""o"", ""hipotese"", ""de"", ""ausencia"", ""de o"", ""iniciativa"", ""privado"", ""e"", ""ter"", ""em"", ""vista"", ""atender"", ""o"", ""defesa"", ""nacional"", ""ou"", ""garantir"", ""o"", ""continuidade"", ""de o"", ""processo"", ""de"", ""desenvolvimento"", ""de o"", ""pai"", ""disciplinamento"", ""de o"", ""atividade"", ""de o"", ""empresa"", ""estatal"", ""subordinar"", ""o"", ""o"", ""efetivo"", ""fiscalizacao"", ""de o"", ""sociedade"", ""brasileiro"", ""compromisso"", ""com"", ""o"", ""reforma"", ""sem"", ""o"", ""qual"", ""o"", ""brasil"", ""permanecerar"", ""refem"", ""de o"", ""burocracia"", ""de o"", ""atraso"", ""de o"", ""desequilibrio"", ""fiscal"", ""de o"", ""iniquidade""]"
79,"Entendemos que, além de necessárias, as reformas são urgentes e imediatas.",entender que alem de necessaria o reforma sao urgente e imediata,"[""entender"", ""que"", ""alem"", ""de"", ""necessaria"", ""o"", ""reforma"", ""sao"", ""urgente"", ""e"", ""imediata""]"
80,34 35 36 Fim do Estado de privilégios.,34 35 36 fim de o estado de privilegio,"[""34"", ""35"", ""36"", ""fim"", ""de o"", ""estado"", ""de"", ""privilegio""]"
81,O Brasil tem nos privilégios um pecado de origem.,o brasil ter em o privilegio um pecado de origem,"[""o"", ""brasil"", ""ter"", ""em o"", ""privilegio"", ""um"", ""pecado"", ""de"", ""origem""]"
82,"O Estado precisa ser reformado para que se ponha fim às gritantes diferenças entre políticos e cidadãos, trabalhadores da iniciativa privada e funcionários públicos.",o estado precisar ser reformar para que se ponha fim o gritante diferenca entre politico e cidadaos trabalhador de o iniciativa privado e funcionario publico,"[""o"", ""estado"", ""precisar"", ""ser"", ""reformar"", ""para"", ""que"", ""se"", ""ponha"", ""fim"", ""o"", ""gritante"", ""diferenca"", ""entre"", ""politico"", ""e"", ""cidadaos"", ""trabalhador"", ""de o"", ""iniciativa"", ""privado"", ""e"", ""funcionario"", ""publico""]"
83,A sociedade manifesta com clareza sua indignação com os privilégios que se multiplicam na esfera pública e são bancados pelos contribuintes.,o sociedade manifesto com clareza seu indignacao com o privilegio que se multiplicar em o esfera publicar e sao bancar por o contribuinte,"[""o"", ""sociedade"", ""manifesto"", ""com"", ""clareza"", ""seu"", ""indignacao"", ""com"", ""o"", ""privilegio"", ""que"", ""se"", ""multiplicar"", ""em o"", ""esfera"", ""publicar"", ""e"", ""sao"", ""bancar"", ""por o"", ""contribuinte""]"
84,Precisamos abraçar com franqueza e coragem esse debate e efetivar as mudanças que a sociedade brasileira exige.,precisar abracar com franqueza e coragem esse debate e efetivar o mudanca que o sociedade brasileiro exigir,"[""precisar"", ""abracar"", ""com"", ""franqueza"", ""e"", ""coragem"", ""esse"", ""debate"", ""e"", ""efetivar"", ""o"", ""mudanca"", ""que"", ""o"", ""sociedade"", ""brasileiro"", ""exigir""]"
85,"Execução de uma política de gastos públicos, eficaz e equilibrada, austera e não inflacionária.",execucao de um politica de gasto publico eficaz e equilibrar austera e nao inflacionar,"[""execucao"", ""de"", ""um"", ""politica"", ""de"", ""gasto"", ""publico"", ""eficaz"", ""e"", ""equilibrar"", ""austera"", ""e"", ""nao"", ""inflacionar""]"
86,"Estamos cansados de saber que o Estado brasileiro custa muito e entrega pouco. Essa equação tem produzido imenso desgaste junto aos cidadãos brasileiros, que se rendem ao ceticismo e ao desencanto com o país porque pagam muito imposto e em troca recebem serviços precários.",estar cansado de saber que o estado brasileiro custar muito e entregar pouco esse equacao ter produzir imenso desgaste junto a o cidadao brasileiro que se rendir a o ceticismo e a o desencanto com o pai porque pagar muito imposto e em troca receber servico precario,"[""estar"", ""cansado"", ""de"", ""saber"", ""que"", ""o"", ""estado"", ""brasileiro"", ""custar"", ""muito"", ""e"", ""entregar"", ""pouco"", ""esse"", ""equacao"", ""ter"", ""produzir"", ""imenso"", ""desgaste"", ""junto"", ""a o"", ""cidadao"", ""brasileiro"", ""que"", ""se"", ""rendir"", ""a o"", ""ceticismo"", ""e"", ""a o"", ""desencanto"", ""com"", ""o"", ""pai"", ""porque"", ""pagar"", ""muito"", ""imposto"", ""e"", ""em"", ""troca"", ""receber"", ""servico"", ""precario""]"
87,Inverter essa lógica é prioridade máxima: gastar menos com a máquina e mais com o cidadão.,inverter esse logico e prioridade maximo gastar menos com o maquina e mais com o cidadao,"[""inverter"", ""esse"", ""logico"", ""e"", ""prioridade"", ""maximo"", ""gastar"", ""menos"", ""com"", ""o"", ""maquina"", ""e"", ""mais"", ""com"", ""o"", ""cidadao""]"
88,"Respeito ao cidadão e excelência na prestação do serviço público. Para que o Estado seja eficiente e amigável aos cidadãos é necessário reorganizar, modernizar e melhorar a administração pública; dotá-la do que há de mais avançado em tecnologia, torná-la não apenas enxuta, mas resolutiva. 37 38 39 40 Compromisso claro com a rigorosa observância das normas de austeridade, honestidade e transparência no trato dos assuntos públicos. É fundamental e urgente o estímulo à universalização de programas e práticas de compliance público, com a adoção de rotinas de prevenção a desvios, a condutas irregulares e ao desperdício de recursos públicos, e o fortalecimento de uma cultura de seriedade, austeridade e excelência no serviço público. Uma Democracia sólida e estável requer uma cidadania participativa e vigilante. Às lideranças políticas cumpre estimular permanentemente a ampla participação da sociedade na fiscalização dos atos governamentais e políticos. O estímulo à participação das mulheres na política é imprescindível para a renovação das lideranças e das práticas.",respeito a o cidadao e excelencia em o prestacao de o servico publico para que o estado ser eficiente e amigavel a o cidadao e necessario reorganizar modernizar e melhorar o administracao publicar dota la de o que ha de mais avancado em tecnologia tornar la nao apenas enxuto mas resolutivo 37 38 39 40 compromisso claro com o rigoroso observancia de o norma de austeridade honestidade e transparencia em o trato de o assunto publico e fundamental e urgente o estimulo a universalizacao de programa e pratica de compliance publico com o adocao de rotina de prevencao a desvio a conduta irregular e a o desperdicio de recurso publico e o fortalecimento de um cultura de seriedade austeridade e excelencia em o servico publico um democracia solido e estavel requer um cidadania participativo e vigilante o lideranca politico cumprir estimular permanentemente o amplo participacao de o sociedade em o fiscalizacao de o ato governamental e politico o estimulo o participacao de o mulher em o politica e imprescindivel para o renovacao de o lideranca e de o pratica,"[""respeito"", ""a o"", ""cidadao"", ""e"", ""excelencia"", ""em o"", ""prestacao"", ""de o"", ""servico"", ""publico"", ""para"", ""que"", ""o"", ""estado"", ""ser"", ""eficiente"", ""e"", ""amigavel"", ""a o"", ""cidadao"", ""e"", ""necessario"", ""reorganizar"", ""modernizar"", ""e"", ""melhorar"", ""o"", ""administracao"", ""publicar"", ""dota"", ""la"", ""de o"", ""que"", ""ha"", ""de"", ""mais"", ""avancado"", ""em"", ""tecnologia"", ""tornar"", ""la"", ""nao"", ""apenas"", ""enxuto"", ""mas"", ""resolutivo"", ""37"", ""38"", ""39"", ""40"", ""compromisso"", ""claro"", ""com"", ""o"", ""rigoroso"", ""observancia"", ""de o"", ""norma"", ""de"", ""austeridade"", ""honestidade"", ""e"", ""transparencia"", ""em o"", ""trato"", ""de o"", ""assunto"", ""publico"", ""e"", ""fundamental"", ""e"", ""urgente"", ""o"", ""estimulo"", ""a"", ""universalizacao"", ""de"", ""programa"", ""e"", ""pratica"", ""de"", ""compliance"", ""publico"", ""com"", ""o"", ""adocao"", ""de"", ""rotina"", ""de"", ""prevencao"", ""a"", ""desvio"", ""a"", ""conduta"", ""irregular"", ""e"", ""a o"", ""desperdicio"", ""de"", ""recurso"", ""publico"", ""e"", ""o"", ""fortalecimento"", ""de"", ""um"", ""cultura"", ""de"", ""seriedade"", ""austeridade"", ""e"", ""excelencia"", ""em o"", ""servico"", ""publico"", ""um"", ""democracia"", ""solido"", ""e"", ""estavel"", ""requer"", ""um"", ""cidadania"", ""participativo"", ""e"", ""vigilante"", ""o"", ""lideranca"", ""politico"", ""cumprir"", ""estimular"", ""permanentemente"", ""o"", ""amplo"", ""participacao"", ""de o"", ""sociedade"", ""em o"", ""fiscalizacao"", ""de o"", ""ato"", ""governamental"", ""e"", ""politico"", ""o"", ""estimulo"", ""o"", ""participacao"", ""de o"", ""mulher"", ""em o"", ""politica"", ""e"", ""imprescindivel"", ""para"", ""o"", ""renovacao"", ""de o"", ""lideranca"", ""e"", ""de o"", ""pratica""]"
89,"No Brasil, há décadas, as mulheres conquistaram o direito ao voto. Porém, o protagonismo feminino na política ainda se encontra bem aquém do desejado. Assumimos o firme compromisso de trabalhar pela inserção e qualificação das mulheres na política brasileira, em posições e cargos de comando, dentro e fora das estruturas partidárias. Formação de consciência cidadã, resgate do interesse e da confiança da juventude brasileira na política e estímulo ao seu protagonismo.",em o brasil ha decar o mulher conquistar o direito a o voto porem o protagonismo feminino em o politica ainda se encontrar bem aquem de o desejado assumir o firme compromisso de trabalhar por o insercao e qualificacao de o mulher em o politica brasileiro em posicoe e cargo de comando dentro e fora de o estrutura partidario formacao de consciencia cidar resgate de o interesse e de o confianca de o juventude brasileiro em o politica e estimulo a o seu protagonismo,"[""em o"", ""brasil"", ""ha"", ""decar"", ""o"", ""mulher"", ""conquistar"", ""o"", ""direito"", ""a o"", ""voto"", ""porem"", ""o"", ""protagonismo"", ""feminino"", ""em o"", ""politica"", ""ainda"", ""se"", ""encontrar"", ""bem"", ""aquem"", ""de o"", ""desejado"", ""assumir"", ""o"", ""firme"", ""compromisso"", ""de"", ""trabalhar"", ""por o"", ""insercao"", ""e"", ""qualificacao"", ""de o"", ""mulher"", ""em o"", ""politica"", ""brasileiro"", ""em"", ""posicoe"", ""e"", ""cargo"", ""de"", ""comando"", ""dentro"", ""e"", ""fora"", ""de o"", ""estrutura"", ""partidario"", ""formacao"", ""de"", ""consciencia"", ""cidar"", ""resgate"", ""de o"", ""interesse"", ""e"", ""de o"", ""confianca"", ""de o"", ""juventude"", ""brasileiro"", ""em o"", ""politica"", ""e"", ""estimulo"", ""a o"", ""seu"", ""protagonismo""]"
90,"Um dos mais tristes dados revelados em recentes pesquisas nacionais é o desinteresse dos jovens pela política, ao lado do desalento com o país. A formação e a qualificação dos jovens para a vida política serão uma de nossas prioridades. A política brasileira necessita da energia, do entusiasmo, da renovação de ideias e até da rebeldia dos nossos jovens. 41 42 43 44 Estímulo à participação das minorias na política como caminho fundamental para a saúde da Democracia brasileira. Trabalharemos para garantir que a pluralidade de vozes da sociedade brasileira se faça sentir em suas várias instituições e que direitos e demandas das minorias encontrem real expressão política. Fomento e amparo às ações voltadas à preservação e ao enriquecimento dos valores e da identidade cultural brasileira, em suas diversas manifestações, origens, aportes, tradições e histórias.",um de o mais triste dado revelar em recente pesquisa nacional e o desinteresse de o jovem por o politica a o lado de o desalento com o pai a formacao e o qualificacao de o jovem para o vida politico serao um de nosso prioridade o politica brasileiro necessitar de o energia de o entusiasmo de o renovacao de ideia e ate de o rebeldia de o nosso jovem 41 42 43 44 estimulo o participacao de o minoria em o politica como caminho fundamental para o saude de o democracia brasileiro trabalhar para garantir que o pluralidade de voz de o sociedade brasileiro se faca sentir em seu vario instituicoe e que direito e demanda de o minoria encontr real expressao politico fomento e amparo o acoe voltar a preservacao e a o enriquecimento de o valor e de o identidade cultural brasileiro em seu diverso manifestacoe origem aporte tradicoe e historia,"[""um"", ""de o"", ""mais"", ""triste"", ""dado"", ""revelar"", ""em"", ""recente"", ""pesquisa"", ""nacional"", ""e"", ""o"", ""desinteresse"", ""de o"", ""jovem"", ""por o"", ""politica"", ""a o"", ""lado"", ""de o"", ""desalento"", ""com"", ""o"", ""pai"", ""a"", ""formacao"", ""e"", ""o"", ""qualificacao"", ""de o"", ""jovem"", ""para"", ""o"", ""vida"", ""politico"", ""serao"", ""um"", ""de"", ""nosso"", ""prioridade"", ""o"", ""politica"", ""brasileiro"", ""necessitar"", ""de o"", ""energia"", ""de o"", ""entusiasmo"", ""de o"", ""renovacao"", ""de"", ""ideia"", ""e"", ""ate"", ""de o"", ""rebeldia"", ""de o"", ""nosso"", ""jovem"", ""41"", ""42"", ""43"", ""44"", ""estimulo"", ""o"", ""participacao"", ""de o"", ""minoria"", ""em o"", ""politica"", ""como"", ""caminho"", ""fundamental"", ""para"", ""o"", ""saude"", ""de o"", ""democracia"", ""brasileiro"", ""trabalhar"", ""para"", ""garantir"", ""que"", ""o"", ""pluralidade"", ""de"", ""voz"", ""de o"", ""sociedade"", ""brasileiro"", ""se"", ""faca"", ""sentir"", ""em"", ""seu"", ""vario"", ""instituicoe"", ""e"", ""que"", ""direito"", ""e"", ""demanda"", ""de o"", ""minoria"", ""encontr"", ""real"", ""expressao"", ""politico"", ""fomento"", ""e"", ""amparo"", ""o"", ""acoe"", ""voltar"", ""a"", ""preservacao"", ""e"", ""a o"", ""enriquecimento"", ""de o"", ""valor"", ""e"", ""de o"", ""identidade"", ""cultural"", ""brasileiro"", ""em"", ""seu"", ""diverso"", ""manifestacoe"", ""origem"", ""aporte"", ""tradicoe"", ""e"", ""historia""]"
91,"Liberdade de criação cultural e artística. Defesa do patrimônio histórico, artístico e cultural do Brasil.",liberdade de criacao cultural e artistico defesa de o patrimonio historico artistico e cultural de o brasil,"[""liberdade"", ""de"", ""criacao"", ""cultural"", ""e"", ""artistico"", ""defesa"", ""de o"", ""patrimonio"", ""historico"", ""artistico"", ""e"", ""cultural"", ""de o"", ""brasil""]"
92,"Sempre preservando integral fidelidade ao interesse nacional, propomos uma política externa fundada no princípio da igualdade soberana dos Estados e no respeito à autodeterminação dos povos, orientada em favor da paz mundial, do desarmamento e de uma divisão mais justa do poder político e econômico mundial. Preconizamos a cooperação e o intercâmbio cultural com todos os países, com base no princípio da reciprocidade. Almejamos a redução progressiva de nossa dependência do Exterior, especialmente no campo tecnológico, mantendo, todavia, nossas janelas abertas para o mundo, na busca de uma justa e construtiva interdependência. Empenho para que o Brasil seja respeitado no cenário internacional. Que nossa força econômica seja reconhecida, que nossa credibilidade seja restaurada e nossa histórica capacidade política de player internacional seja reconquistada. Temos que nos fazer respeitar por nossas habilidades e aportes para a construção das agendas e da ordem global, como os acordos climáticos e defesa dos Direitos Humanos. Apresentados os nossos compromissos e valores fundamentais, resta dizer que seguiremos sempre abertos ao diálogo com as demais forças políticas. O respeito e a tolerância sempre caminharão de par com nossas convicções. Toda sociedade nacional democrática se constrói e avança a partir dos embates, das disputas de ideologias e de projetos. Cada força política, assim como cada cidadão, tem seus valores, sua visão de mundo e de futuro. Essa divergência é saudável e necessária ao avanço das sociedades.",sempre preservar integral fidelidade a o interesse nacional propor um politica externo fundar em o principio de o igualdade soberano de o estado e em o respeito a autodeterminacao de o povo orientar em favor de o paz mundial de o desarmamento e de um divisao mais justo de o poder politico e economico mundial preconizar o cooperacao e o intercambio cultural com todo o paise com base em o principio de o reciprocidade almejar o reducao progressivo de nosso dependencia de o exterior especialmente em o campo tecnologico manter todavia nosso janela aberto para o mundo em o busca de um justo e construtivo interdependencia empenho para que o brasil ser respeitar em o cenario internacional que nosso forca economico ser reconhecir que nosso credibilidade ser restaurar e nosso historico capacidade politico de player internacional ser reconquistar ter que nós fazer respeitar por nosso habilidade e aporte para o construcao de o agenda e de o ordem global como o acordo climatico e defesa de o direito humano apresentar o nosso compromisso e valor fundamental restar dizer que seguire sempre abrir a o dialogo com o demais forca politico o respeito e o tolerancia sempre caminharao de par com nosso conviccoes todo sociedade nacional democratico se constroir e avanca a partir de o embate de o disputa de ideologia e de projeto cada forca politico assim como cada cidadao ter seu valor seu visao de mundo e de futuro esse divergencia e saudavel e necessar a o avanco de o sociedade,"[""sempre"", ""preservar"", ""integral"", ""fidelidade"", ""a o"", ""interesse"", ""nacional"", ""propor"", ""um"", ""politica"", ""externo"", ""fundar"", ""em o"", ""principio"", ""de o"", ""igualdade"", ""soberano"", ""de o"", ""estado"", ""e"", ""em o"", ""respeito"", ""a"", ""autodeterminacao"", ""de o"", ""povo"", ""orientar"", ""em"", ""favor"", ""de o"", ""paz"", ""mundial"", ""de o"", ""desarmamento"", ""e"", ""de"", ""um"", ""divisao"", ""mais"", ""justo"", ""de o"", ""poder"", ""politico"", ""e"", ""economico"", ""mundial"", ""preconizar"", ""o"", ""cooperacao"", ""e"", ""o"", ""intercambio"", ""cultural"", ""com"", ""todo"", ""o"", ""paise"", ""com"", ""base"", ""em o"", ""principio"", ""de o"", ""reciprocidade"", ""almejar"", ""o"", ""reducao"", ""progressivo"", ""de"", ""nosso"", ""dependencia"", ""de o"", ""exterior"", ""especialmente"", ""em o"", ""campo"", ""tecnologico"", ""manter"", ""todavia"", ""nosso"", ""janela"", ""aberto"", ""para"", ""o"", ""mundo"", ""em o"", ""busca"", ""de"", ""um"", ""justo"", ""e"", ""construtivo"", ""interdependencia"", ""empenho"", ""para"", ""que"", ""o"", ""brasil"", ""ser"", ""respeitar"", ""em o"", ""cenario"", ""internacional"", ""que"", ""nosso"", ""forca"", ""economico"", ""ser"", ""reconhecir"", ""que"", ""nosso"", ""credibilidade"", ""ser"", ""restaurar"", ""e"", ""nosso"", ""historico"", ""capacidade"", ""politico"", ""de"", ""player"", ""internacional"", ""ser"", ""reconquistar"", ""ter"", ""que"", ""nós"", ""fazer"", ""respeitar"", ""por"", ""nosso"", ""habilidade"", ""e"", ""aporte"", ""para"", ""o"", ""construcao"", ""de o"", ""agenda"", ""e"", ""de o"", ""ordem"", ""global"", ""como"", ""o"", ""acordo"", ""climatico"", ""e"", ""defesa"", ""de o"", ""direito"", ""humano"", ""apresentar"", ""o"", ""nosso"", ""compromisso"", ""e"", ""valor"", ""fundamental"", ""restar"", ""dizer"", ""que"", ""seguire"", ""sempre"", ""abrir"", ""a o"", ""dialogo"", ""com"", ""o"", ""demais"", ""forca"", ""politico"", ""o"", ""respeito"", ""e"", ""o"", ""tolerancia"", ""sempre"", ""caminharao"", ""de"", ""par"", ""com"", ""nosso"", ""conviccoes"", ""todo"", ""sociedade"", ""nacional"", ""democratico"", ""se"", ""constroir"", ""e"", ""avanca"", ""a"", ""partir"", ""de o"", ""embate"", ""de o"", ""disputa"", ""de"", ""ideologia"", ""e"", ""de"", ""projeto"", ""cada"", ""forca"", ""politico"", ""assim"", ""como"", ""cada"", ""cidadao"", ""ter"", ""seu"", ""valor"", ""seu"", ""visao"", ""de"", ""mundo"", ""e"", ""de"", ""futuro"", ""esse"", ""divergencia"", ""e"", ""saudavel"", ""e"", ""necessar"", ""a o"", ""avanco"", ""de o"", ""sociedade""]"
93,"O que não se pode admitir é que as divergências sejam maiores nem mais fortes que o compromisso de cada ator político, de cada cidadão com a coletividade.",o que nao se poder admitir e que o divergencia ser grande nem mais forte que o compromisso de cada ator politico de cada cidadao com o coletividade,"[""o"", ""que"", ""nao"", ""se"", ""poder"", ""admitir"", ""e"", ""que"", ""o"", ""divergencia"", ""ser"", ""grande"", ""nem"", ""mais"", ""forte"", ""que"", ""o"", ""compromisso"", ""de"", ""cada"", ""ator"", ""politico"", ""de"", ""cada"", ""cidadao"", ""com"", ""o"", ""coletividade""]"
94,"Aqui voltamos ao Amor pelo Brasil, que sempre, sempre deve estar no início, no meio e no fim de toda ação política, de toda ação cidadã. O Amor pelo Brasil é a nossa liga.",aqui voltar a o amor por o brasil que sempre sempre dever estar em o inicio em o meio e em o fim de todo acao politico de todo acao cidar o amor por o brasil e o nosso liga,"[""aqui"", ""voltar"", ""a o"", ""amor"", ""por o"", ""brasil"", ""que"", ""sempre"", ""sempre"", ""dever"", ""estar"", ""em o"", ""inicio"", ""em o"", ""meio"", ""e"", ""em o"", ""fim"", ""de"", ""todo"", ""acao"", ""politico"", ""de"", ""todo"", ""acao"", ""cidar"", ""o"", ""amor"", ""por o"", ""brasil"", ""e"", ""o"", ""nosso"", ""liga""]"
95,"Toda nação deve buscar responder permanentemente a uma pergunta: que país desejamos SER? Então, que BRASIL desejamos SER e LEGAR para as futuras gerações? Para responder a essa pergunta, precisamos mergulhar na nossa história, obviamente.",todo nacao dever buscar responder permanentemente a um pergunta que pai desejar ser entao que brasil desejar ser e legar para o futuro geracoe para responder a esse pergunta precisar mergulhar em o nosso historia obviamente,"[""todo"", ""nacao"", ""dever"", ""buscar"", ""responder"", ""permanentemente"", ""a"", ""um"", ""pergunta"", ""que"", ""pai"", ""desejar"", ""ser"", ""entao"", ""que"", ""brasil"", ""desejar"", ""ser"", ""e"", ""legar"", ""para"", ""o"", ""futuro"", ""geracoe"", ""para"", ""responder"", ""a"", ""esse"", ""pergunta"", ""precisar"", ""mergulhar"", ""em o"", ""nosso"", ""historia"", ""obviamente""]"
96,Não podemos inventar um Brasil do nada.,nao poder inventar um brasil de o nada,"[""nao"", ""poder"", ""inventar"", ""um"", ""brasil"", ""de o"", ""nada""]"
97,"Precisamos olhar para a nossa trajetória e enxergar nossas sombras e nossas luzes, e ali escolher com que repertório desejamos escrever o futuro.",precisar olhar para o nosso trajetoria e enxergar nosso sombra e nosso luz e ali escolher com que repertorio desejar escrever o futuro,"[""precisar"", ""olhar"", ""para"", ""o"", ""nosso"", ""trajetoria"", ""e"", ""enxergar"", ""nosso"", ""sombra"", ""e"", ""nosso"", ""luz"", ""e"", ""ali"", ""escolher"", ""com"", ""que"", ""repertorio"", ""desejar"", ""escrever"", ""o"", ""futuro""]"
98,"Sem ignorar as muitas páginas de violência da história brasileira, sem deixar de enxergar com clareza as várias violências que oprimem os brasileiros no presente, lancemos um olhar sobre as nossas riquezas como povo, sobre as nossas qualidades e belezas.",sem ignorar o muito pagina de violencia de o historia brasileiro sem deixar de enxergar com clareza o varia violencia que oprimer o brasileiro em o presente lancer um olhar sobre o nosso riqueza como povo sobre o nosso qualidade e beleza,"[""sem"", ""ignorar"", ""o"", ""muito"", ""pagina"", ""de"", ""violencia"", ""de o"", ""historia"", ""brasileiro"", ""sem"", ""deixar"", ""de"", ""enxergar"", ""com"", ""clareza"", ""o"", ""varia"", ""violencia"", ""que"", ""oprimer"", ""o"", ""brasileiro"", ""em o"", ""presente"", ""lancer"", ""um"", ""olhar"", ""sobre"", ""o"", ""nosso"", ""riqueza"", ""como"", ""povo"", ""sobre"", ""o"", ""nosso"", ""qualidade"", ""e"", ""beleza""]"
99,O futuro é sempre uma escolha.,o futuro e sempre um escolha,"[""o"", ""futuro"", ""e"", ""sempre"", ""um"", ""escolha""]"
100,"Podemos escolher o preconceito, a intolerância, a divisão, a opressão. Ou podemos escolher a solidariedade, a Alegria, a capacidade de luta, de superação, a ternura, o afeto, a criatividade que temos em abundância. Quando e em que momentos demos o melhor de nós?",poder escolher o preconceito o intolerancia o divisao a opressao ou poder escolher o solidariedade o alegria o capacidade de luta de superacao o ternura o afeto o criatividade que ter em abundancia quando e em que momento der o bom de em o,"[""poder"", ""escolher"", ""o"", ""preconceito"", ""o"", ""intolerancia"", ""o"", ""divisao"", ""a"", ""opressao"", ""ou"", ""poder"", ""escolher"", ""o"", ""solidariedade"", ""o"", ""alegria"", ""o"", ""capacidade"", ""de"", ""luta"", ""de"", ""superacao"", ""o"", ""ternura"", ""o"", ""afeto"", ""o"", ""criatividade"", ""que"", ""ter"", ""em"", ""abundancia"", ""quando"", ""e"", ""em"", ""que"", ""momento"", ""der"", ""o"", ""bom"", ""de"", ""em o""]"
101,Que tal buscarmos aí a matéria-prima para a construção do nosso futuro?,que tal buscar ai o materia primo para o construcao de o nosso futuro,"[""que"", ""tal"", ""buscar"", ""ai"", ""o"", ""materia"", ""primo"", ""para"", ""o"", ""construcao"", ""de o"", ""nosso"", ""futuro""]"
102,"O União Brasil nasce sob o signo do otimismo, da esperança e, principalmente, da CONFIANÇA no Brasil e nos brasileiros. O Brasil que queremos e pelo qual lutaremos é esse Brasil das luzes, do talento, da criatividade, da musicalidade, da capacidade de festejar, de acolher, de abraçar. O Brasil da garra, da luta, da capacidade de reinvenção, da imensa e inesgotável capacidade de trabalho. O Brasil do povo solidário, que enxerga a dor do outro e estende a mão. O Brasil do Amor, da Fé e da União. Sigamos juntos, cerrando fileiras, com os corações animados pelo orgulho do Brasil, pelo orgulho do que temos e somos de melhor.",o uniao brasil nascer sob o signo de o otimismo de o esperanca e principalmente de o confianca em o brasil e em o brasileiro o brasil que querer e por o qual lutare e esse brasil de o luz de o talento de o criatividade de o musicalidade de o capacidade de festejar de acolher de abracar o brasil de o garra de o luta de o capacidade de reinvencao de o imenso e inesgotavel capacidade de trabalho o brasil de o povo solidario que enxergar o dor de o outro e estender o mao o brasil de o amor de o fe e de o uniao sigar junto cerrar fileira com o coracoe animar por o orgulho de o brasil por o orgulho de o que ter e ser de bom,"[""o"", ""uniao"", ""brasil"", ""nascer"", ""sob"", ""o"", ""signo"", ""de o"", ""otimismo"", ""de o"", ""esperanca"", ""e"", ""principalmente"", ""de o"", ""confianca"", ""em o"", ""brasil"", ""e"", ""em o"", ""brasileiro"", ""o"", ""brasil"", ""que"", ""querer"", ""e"", ""por o"", ""qual"", ""lutare"", ""e"", ""esse"", ""brasil"", ""de o"", ""luz"", ""de o"", ""talento"", ""de o"", ""criatividade"", ""de o"", ""musicalidade"", ""de o"", ""capacidade"", ""de"", ""festejar"", ""de"", ""acolher"", ""de"", ""abracar"", ""o"", ""brasil"", ""de o"", ""garra"", ""de o"", ""luta"", ""de o"", ""capacidade"", ""de"", ""reinvencao"", ""de o"", ""imenso"", ""e"", ""inesgotavel"", ""capacidade"", ""de"", ""trabalho"", ""o"", ""brasil"", ""de o"", ""povo"", ""solidario"", ""que"", ""enxergar"", ""o"", ""dor"", ""de o"", ""outro"", ""e"", ""estender"", ""o"", ""mao"", ""o"", ""brasil"", ""de o"", ""amor"", ""de o"", ""fe"", ""e"", ""de o"", ""uniao"", ""sigar"", ""junto"", ""cerrar"", ""fileira"", ""com"", ""o"", ""coracoe"", ""animar"", ""por o"", ""orgulho"", ""de o"", ""brasil"", ""por o"", ""orgulho"", ""de o"", ""que"", ""ter"", ""e"", ""ser"", ""de"", ""bom""]"
103,"Nosso verdadeiro destino como nação espera nosso compromisso, nosso empenho e nossa determinação para se tornar realidade. Coloquemos as mãos à obra!",nosso verdadeiro destino como nacao esperar nosso compromisso nosso empenho e nosso determinacao para se tornar realidade coloquemos o mao o obra,"[""nosso"", ""verdadeiro"", ""destino"", ""como"", ""nacao"", ""esperar"", ""nosso"", ""compromisso"", ""nosso"", ""empenho"", ""e"", ""nosso"", ""determinacao"", ""para"", ""se"", ""tornar"", ""realidade"", ""coloquemos"", ""o"", ""mao"", ""o"", ""obra""]"
104,"União, Brasil!",uniao brasil,"[""uniao"", ""brasil""]"
