chunk_id,chunk_text,preprocess_agenda,tokens
0,Nossos Valores e Princípios O Brasil é reconhecido e celebrado por sua pluralidade.,nossos valores e principios o brasil e reconhecido e celebrado por sua pluralidade,"[""nossos"", ""valores"", ""e"", ""principios"", ""o"", ""brasil"", ""e"", ""reconhecido"", ""e"", ""celebrado"", ""por"", ""sua"", ""pluralidade""]"
1,"São muitas e diferentes as nossas origens, as nossas culturas, as nossas tradições e costumes, os nossos valores, as nossas ideologias. Diversa é a nossa geografia, rica e variada é a nossa natureza. Somos um país continental, que abriga em seu vasto território todo tipo de gente, de pensamento, de profissão de fé, de posição política. Em meio a essas diferenças, uma coisa nos une e nos constitui como coletividade: o Amor por esse país.",sao muitas e diferentes as nossas origens as nossas culturas as nossas tradicoes e costumes os nossos valores as nossas ideologias diversa e a nossa geografia rica e variada e a nossa natureza somos um pais continental que abriga em seu vasto territorio todo tipo de gente de pensamento de profissao de fe de posicao politica em meio a essas diferencas uma coisa nos une e nos constitui como coletividade o amor por esse pais,"[""sao"", ""muitas"", ""e"", ""diferentes"", ""as"", ""nossas"", ""origens"", ""as"", ""nossas"", ""culturas"", ""as"", ""nossas"", ""tradicoes"", ""e"", ""costumes"", ""os"", ""nossos"", ""valores"", ""as"", ""nossas"", ""ideologias"", ""diversa"", ""e"", ""a"", ""nossa"", ""geografia"", ""rica"", ""e"", ""variada"", ""e"", ""a"", ""nossa"", ""natureza"", ""somos"", ""um"", ""pais"", ""continental"", ""que"", ""abriga"", ""em"", ""seu"", ""vasto"", ""territorio"", ""todo"", ""tipo"", ""de"", ""gente"", ""de"", ""pensamento"", ""de"", ""profissao"", ""de"", ""fe"", ""de"", ""posicao"", ""politica"", ""em"", ""meio"", ""a"", ""essas"", ""diferencas"", ""uma"", ""coisa"", ""nos"", ""une"", ""e"", ""nos"", ""constitui"", ""como"", ""coletividade"", ""o"", ""amor"", ""por"", ""esse"", ""pais""]"
2,"É ele que nunca deixa de pulsar em nossos corações, que nos faz reagir ao pessimismo, que nos dá alento para seguirmos em frente, acreditando e lutando por um futuro melhor.",e ele que nunca deixa de pulsar em nossos coracoes que nos faz reagir ao pessimismo que nos da alento para seguirmos em frente acreditando e lutando por um futuro melhor,"[""e"", ""ele"", ""que"", ""nunca"", ""deixa"", ""de"", ""pulsar"", ""em"", ""nossos"", ""coracoes"", ""que"", ""nos"", ""faz"", ""reagir"", ""ao"", ""pessimismo"", ""que"", ""nos"", ""da"", ""alento"", ""para"", ""seguirmos"", ""em"", ""frente"", ""acreditando"", ""e"", ""lutando"", ""por"", ""um"", ""futuro"", ""melhor""]"
3,"Esse Amor pelo Brasil está assentado na nossa história comum, nas lutas compartilhadas cotidianamente e na certeza de que, mesmo com todas as suas mazelas e dificuldades, esse país tem um enorme potencial para a grandeza; e, por que não dizer, uma vocação para a Alegria e a Felicidade. O Brasil democrático, livre, justo, pulsante e pujante que todos nós, brasileiros, desejamos é evidentemente uma obra em aberto.",esse amor pelo brasil esta assentado na nossa historia comum nas lutas compartilhadas cotidianamente e na certeza de que mesmo com todas as suas mazelas e dificuldades esse pais tem um enorme potencial para a grandeza e por que nao dizer uma vocacao para a alegria e a felicidade o brasil democratico livre justo pulsante e pujante que todos nos brasileiros desejamos e evidentemente uma obra em aberto,"[""esse"", ""amor"", ""pelo"", ""brasil"", ""esta"", ""assentado"", ""na"", ""nossa"", ""historia"", ""comum"", ""nas"", ""lutas"", ""compartilhadas"", ""cotidianamente"", ""e"", ""na"", ""certeza"", ""de"", ""que"", ""mesmo"", ""com"", ""todas"", ""as"", ""suas"", ""mazelas"", ""e"", ""dificuldades"", ""esse"", ""pais"", ""tem"", ""um"", ""enorme"", ""potencial"", ""para"", ""a"", ""grandeza"", ""e"", ""por"", ""que"", ""nao"", ""dizer"", ""uma"", ""vocacao"", ""para"", ""a"", ""alegria"", ""e"", ""a"", ""felicidade"", ""o"", ""brasil"", ""democratico"", ""livre"", ""justo"", ""pulsante"", ""e"", ""pujante"", ""que"", ""todos"", ""nos"", ""brasileiros"", ""desejamos"", ""e"", ""evidentemente"", ""uma"", ""obra"", ""em"", ""aberto""]"
4,Mas não é uma utopia.,mas nao e uma utopia,"[""mas"", ""nao"", ""e"", ""uma"", ""utopia""]"
5,"É um sonho possível, viável, que está ao alcance das nossas mãos.",e um sonho possivel viavel que esta ao alcance das nossas maos,"[""e"", ""um"", ""sonho"", ""possivel"", ""viavel"", ""que"", ""esta"", ""ao"", ""alcance"", ""das"", ""nossas"", ""maos""]"
6,"Muitas são as nossas páginas de dores, tristezas e derrotas.",muitas sao as nossas paginas de dores tristezas e derrotas,"[""muitas"", ""sao"", ""as"", ""nossas"", ""paginas"", ""de"", ""dores"", ""tristezas"", ""e"", ""derrotas""]"
7,"Outras tantas são as de conquistas, de vitórias e de realizações como nação. Quantas vezes, na nossa história, nos deparamos com desafios aparentemente insuperáveis e os vencemos?",outras tantas sao as de conquistas de vitorias e de realizacoes como nacao quantas vezes na nossa historia nos deparamos com desafios aparentemente insuperaveis e os vencemos,"[""outras"", ""tantas"", ""sao"", ""as"", ""de"", ""conquistas"", ""de"", ""vitorias"", ""e"", ""de"", ""realizacoes"", ""como"", ""nacao"", ""quantas"", ""vezes"", ""na"", ""nossa"", ""historia"", ""nos"", ""deparamos"", ""com"", ""desafios"", ""aparentemente"", ""insuperaveis"", ""e"", ""os"", ""vencemos""]"
8,Olhemos apenas para o passado recente.,olhemos apenas para o passado recente,"[""olhemos"", ""apenas"", ""para"", ""o"", ""passado"", ""recente""]"
9,"Superamos um Estado ditatorial e reconquistamos o direito ao voto, a liberdade de expressão e um regime jurídico assentado no princípio das garantias individuais.",superamos um estado ditatorial e reconquistamos o direito ao voto a liberdade de expressao e um regime juridico assentado no principio das garantias individuais,"[""superamos"", ""um"", ""estado"", ""ditatorial"", ""e"", ""reconquistamos"", ""o"", ""direito"", ""ao"", ""voto"", ""a"", ""liberdade"", ""de"", ""expressao"", ""e"", ""um"", ""regime"", ""juridico"", ""assentado"", ""no"", ""principio"", ""das"", ""garantias"", ""individuais""]"
10,Vencemos a inflação galopante que extorquia os mais pobres e inviabilizava um crescimento econômico sustentável.,vencemos a inflacao galopante que extorquia os mais pobres e inviabilizava um crescimento economico sustentavel,"[""vencemos"", ""a"", ""inflacao"", ""galopante"", ""que"", ""extorquia"", ""os"", ""mais"", ""pobres"", ""e"", ""inviabilizava"", ""um"", ""crescimento"", ""economico"", ""sustentavel""]"
11,"Ainda não vencemos, mas conquistamos avanços muito expressivos no combate ao analfabetismo, à fome, às doenças endêmicas.",ainda nao vencemos mas conquistamos avancos muito expressivos no combate ao analfabetismo a fome as doencas endemicas,"[""ainda"", ""nao"", ""vencemos"", ""mas"", ""conquistamos"", ""avancos"", ""muito"", ""expressivos"", ""no"", ""combate"", ""ao"", ""analfabetismo"", ""a"", ""fome"", ""as"", ""doencas"", ""endemicas""]"
12,"Vivemos um momento de desencanto e desalento com as instituições democráticas que tem sua razão de ser. Porém, não podemos deixar que as dificuldades conjunturais comprometam nossa confiança na Democracia nem que nos impeçam de reconhecer o muito que avançamos nos últimos trinta anos.",vivemos um momento de desencanto e desalento com as instituicoes democraticas que tem sua razao de ser porem nao podemos deixar que as dificuldades conjunturais comprometam nossa confianca na democracia nem que nos impecam de reconhecer o muito que avancamos nos ultimos trinta anos,"[""vivemos"", ""um"", ""momento"", ""de"", ""desencanto"", ""e"", ""desalento"", ""com"", ""as"", ""instituicoes"", ""democraticas"", ""que"", ""tem"", ""sua"", ""razao"", ""de"", ""ser"", ""porem"", ""nao"", ""podemos"", ""deixar"", ""que"", ""as"", ""dificuldades"", ""conjunturais"", ""comprometam"", ""nossa"", ""confianca"", ""na"", ""democracia"", ""nem"", ""que"", ""nos"", ""impecam"", ""de"", ""reconhecer"", ""o"", ""muito"", ""que"", ""avancamos"", ""nos"", ""ultimos"", ""trinta"", ""anos""]"
13,A Democracia nos permitiu vencer a inflação e colocar a economia brasileira nos trilhos da modernização e do crescimento econômico mais equitativo.,a democracia nos permitiu vencer a inflacao e colocar a economia brasileira nos trilhos da modernizacao e do crescimento economico mais equitativo,"[""a"", ""democracia"", ""nos"", ""permitiu"", ""vencer"", ""a"", ""inflacao"", ""e"", ""colocar"", ""a"", ""economia"", ""brasileira"", ""nos"", ""trilhos"", ""da"", ""modernizacao"", ""e"", ""do"", ""crescimento"", ""economico"", ""mais"", ""equitativo""]"
14,"Nos permitiu avançar na universalização do acesso à educação, nos deu as ferramentas para a implantação do maior sistema de saúde pública do mundo.",nos permitiu avancar na universalizacao do acesso a educacao nos deu as ferramentas para a implantacao do maior sistema de saude publica do mundo,"[""nos"", ""permitiu"", ""avancar"", ""na"", ""universalizacao"", ""do"", ""acesso"", ""a"", ""educacao"", ""nos"", ""deu"", ""as"", ""ferramentas"", ""para"", ""a"", ""implantacao"", ""do"", ""maior"", ""sistema"", ""de"", ""saude"", ""publica"", ""do"", ""mundo""]"
15,"Se tirarmos o foco das angústias presentes e direcionarmos o nosso olhar para o longo prazo, será inevitável a constatação de que, como nação, avançamos em muitos pontos e questões importantes, inclusive politicamente.",se tirarmos o foco das angustias presentes e direcionarmos o nosso olhar para o longo prazo sera inevitavel a constatacao de que como nacao avancamos em muitos pontos e questoes importantes inclusive politicamente,"[""se"", ""tirarmos"", ""o"", ""foco"", ""das"", ""angustias"", ""presentes"", ""e"", ""direcionarmos"", ""o"", ""nosso"", ""olhar"", ""para"", ""o"", ""longo"", ""prazo"", ""sera"", ""inevitavel"", ""a"", ""constatacao"", ""de"", ""que"", ""como"", ""nacao"", ""avancamos"", ""em"", ""muitos"", ""pontos"", ""e"", ""questoes"", ""importantes"", ""inclusive"", ""politicamente""]"
16,"Contamos com instituições sólidas, nos dando provas de que têm maturidade e força para resistir às intempéries e a iniciativas antidemocráticas.",contamos com instituicoes solidas nos dando provas de que tem maturidade e forca para resistir as intemperies e a iniciativas antidemocraticas,"[""contamos"", ""com"", ""instituicoes"", ""solidas"", ""nos"", ""dando"", ""provas"", ""de"", ""que"", ""tem"", ""maturidade"", ""e"", ""forca"", ""para"", ""resistir"", ""as"", ""intemperies"", ""e"", ""a"", ""iniciativas"", ""antidemocraticas""]"
17,"Estamos avançando na nossa obra de construção nacional. E lançar luzes sobre esses avanços e conquistas é fundamental para renovarmos a nossa confiança no futuro. Nós vamos chegar lá. Vamos dar certo como nação. Vamos conquistar, na raça e na luta, o Brasil que desejamos e queremos legar para nossos filhos e netos. Porém, o sucesso do Brasil e de cada um de nós dependerá do tamanho do nosso compromisso com o país e da nossa capacidade de deixarmos as diferenças de lado para trabalharmos por nosso objetivo comum: um Brasil democrático, livre, próspero e justo. O União Brasil traz em seu nome a motivação, o embasamento e a finalidade que respondem pela sua criação. Nascido da fusão de dois partidos fortes e em ascensão – DEM e PSL –, o União Brasil é um somatório de forças que tem como propósito SERVIR de base, de instrumento, de caminho para a pacificação, o entendimento, o diálogo construtivo, a conjunção de esforços que são imprescindíveis para a prosperidade e a paz que os brasileiros desejam e merecem ter. Fortalecer a circulação de ideias é o melhor modo de identificar na agenda política nacional os pontos que todos temos em comum e assim construir consensos. A experiência tem mostrado repetidamente: somos capazes de grandes conquistas quando trabalhamos juntos. Queremos reunir força construtiva. O União Brasil, que nasce como o maior partido do país em número de lideranças no Parlamento Nacional, almeja ser o maior partido em eficiência na entrega de resultados aos brasileiros. O União Brasil também antecipa o movimento tão necessário de aprimoramento da Democracia brasileira, por meio da aglutinação de ideias e de propostas comuns em um menor número de partidos políticos.",estamos avancando na nossa obra de construcao nacional e lancar luzes sobre esses avancos e conquistas e fundamental para renovarmos a nossa confianca no futuro nos vamos chegar la vamos dar certo como nacao vamos conquistar na raca e na luta o brasil que desejamos e queremos legar para nossos filhos e netos porem o sucesso do brasil e de cada um de nos dependera do tamanho do nosso compromisso com o pais e da nossa capacidade de deixarmos as diferencas de lado para trabalharmos por nosso objetivo comum um brasil democratico livre prospero e justo o uniao brasil traz em seu nome a motivacao o embasamento e a finalidade que respondem pela sua criacao nascido da fusao de dois partidos fortes e em ascensao dem e psl o uniao brasil e um somatorio de forcas que tem como proposito servir de base de instrumento de caminho para a pacificacao o entendimento o dialogo construtivo a conjuncao de esforcos que sao imprescindiveis para a prosperidade e a paz que os brasileiros desejam e merecem ter fortalecer a circulacao de ideias e o melhor modo de identificar na agenda politica nacional os pontos que todos temos em comum e assim construir consensos a experiencia tem mostrado repetidamente somos capazes de grandes conquistas quando trabalhamos juntos queremos reunir forca construtiva o uniao brasil que nasce como o maior partido do pais em numero de liderancas no parlamento nacional almeja ser o maior partido em eficiencia na entrega de resultados aos brasileiros o uniao brasil tambem antecipa o movimento tao necessario de aprimoramento da democracia brasileira por meio da aglutinacao de ideias e de propostas comuns em um menor numero de partidos politicos,"[""estamos"", ""avancando"", ""na"", ""nossa"", ""obra"", ""de"", ""construcao"", ""nacional"", ""e"", ""lancar"", ""luzes"", ""sobre"", ""esses"", ""avancos"", ""e"", ""conquistas"", ""e"", ""fundamental"", ""para"", ""renovarmos"", ""a"", ""nossa"", ""confianca"", ""no"", ""futuro"", ""nos"", ""vamos"", ""chegar"", ""la"", ""vamos"", ""dar"", ""certo"", ""como"", ""nacao"", ""vamos"", ""conquistar"", ""na"", ""raca"", ""e"", ""na"", ""luta"", ""o"", ""brasil"", ""que"", ""desejamos"", ""e"", ""queremos"", ""legar"", ""para"", ""nossos"", ""filhos"", ""e"", ""netos"", ""porem"", ""o"", ""sucesso"", ""do"", ""brasil"", ""e"", ""de"", ""cada"", ""um"", ""de"", ""nos"", ""dependera"", ""do"", ""tamanho"", ""do"", ""nosso"", ""compromisso"", ""com"", ""o"", ""pais"", ""e"", ""da"", ""nossa"", ""capacidade"", ""de"", ""deixarmos"", ""as"", ""diferencas"", ""de"", ""lado"", ""para"", ""trabalharmos"", ""por"", ""nosso"", ""objetivo"", ""comum"", ""um"", ""brasil"", ""democratico"", ""livre"", ""prospero"", ""e"", ""justo"", ""o"", ""uniao"", ""brasil"", ""traz"", ""em"", ""seu"", ""nome"", ""a"", ""motivacao"", ""o"", ""embasamento"", ""e"", ""a"", ""finalidade"", ""que"", ""respondem"", ""pela"", ""sua"", ""criacao"", ""nascido"", ""da"", ""fusao"", ""de"", ""dois"", ""partidos"", ""fortes"", ""e"", ""em"", ""ascensao"", ""dem"", ""e"", ""psl"", ""o"", ""uniao"", ""brasil"", ""e"", ""um"", ""somatorio"", ""de"", ""forcas"", ""que"", ""tem"", ""como"", ""proposito"", ""servir"", ""de"", ""base"", ""de"", ""instrumento"", ""de"", ""caminho"", ""para"", ""a"", ""pacificacao"", ""o"", ""entendimento"", ""o"", ""dialogo"", ""construtivo"", ""a"", ""conjuncao"", ""de"", ""esforcos"", ""que"", ""sao"", ""imprescindiveis"", ""para"", ""a"", ""prosperidade"", ""e"", ""a"", ""paz"", ""que"", ""os"", ""brasileiros"", ""desejam"", ""e"", ""merecem"", ""ter"", ""fortalecer"", ""a"", ""circulacao"", ""de"", ""ideias"", ""e"", ""o"", ""melhor"", ""modo"", ""de"", ""identificar"", ""na"", ""agenda"", ""politica"", ""nacional"", ""os"", ""pontos"", ""que"", ""todos"", ""temos"", ""em"", ""comum"", ""e"", ""assim"", ""construir"", ""consensos"", ""a"", ""experiencia"", ""tem"", ""mostrado"", ""repetidamente"", ""somos"", ""capazes"", ""de"", ""grandes"", ""conquistas"", ""quando"", ""trabalhamos"", ""juntos"", ""queremos"", ""reunir"", ""forca"", ""construtiva"", ""o"", ""uniao"", ""brasil"", ""que"", ""nasce"", ""como"", ""o"", ""maior"", ""partido"", ""do"", ""pais"", ""em"", ""numero"", ""de"", ""liderancas"", ""no"", ""parlamento"", ""nacional"", ""almeja"", ""ser"", ""o"", ""maior"", ""partido"", ""em"", ""eficiencia"", ""na"", ""entrega"", ""de"", ""resultados"", ""aos"", ""brasileiros"", ""o"", ""uniao"", ""brasil"", ""tambem"", ""antecipa"", ""o"", ""movimento"", ""tao"", ""necessario"", ""de"", ""aprimoramento"", ""da"", ""democracia"", ""brasileira"", ""por"", ""meio"", ""da"", ""aglutinacao"", ""de"", ""ideias"", ""e"", ""de"", ""propostas"", ""comuns"", ""em"", ""um"", ""menor"", ""numero"", ""de"", ""partidos"", ""politicos""]"
18,Nossa Democracia é jovem.,nossa democracia e jovem,"[""nossa"", ""democracia"", ""e"", ""jovem""]"
19,"E é natural que em sua trajetória de amadurecimento se computem acertos, erros e ajustes.",e e natural que em sua trajetoria de amadurecimento se computem acertos erros e ajustes,"[""e"", ""e"", ""natural"", ""que"", ""em"", ""sua"", ""trajetoria"", ""de"", ""amadurecimento"", ""se"", ""computem"", ""acertos"", ""erros"", ""e"", ""ajustes""]"
20,"A miríade de partidos que temos hoje confunde o eleitor, favorece o fisiologismo, dificulta enormemente a construção de consensos direcionados pelo interesse nacional e mina a confiança dos brasileiros na política e na própria Democracia. Nesse sentido, o União Brasil espera ser exemplo e inspiração.",a miriade de partidos que temos hoje confunde o eleitor favorece o fisiologismo dificulta enormemente a construcao de consensos direcionados pelo interesse nacional e mina a confianca dos brasileiros na politica e na propria democracia nesse sentido o uniao brasil espera ser exemplo e inspiracao,"[""a"", ""miriade"", ""de"", ""partidos"", ""que"", ""temos"", ""hoje"", ""confunde"", ""o"", ""eleitor"", ""favorece"", ""o"", ""fisiologismo"", ""dificulta"", ""enormemente"", ""a"", ""construcao"", ""de"", ""consensos"", ""direcionados"", ""pelo"", ""interesse"", ""nacional"", ""e"", ""mina"", ""a"", ""confianca"", ""dos"", ""brasileiros"", ""na"", ""politica"", ""e"", ""na"", ""propria"", ""democracia"", ""nesse"", ""sentido"", ""o"", ""uniao"", ""brasil"", ""espera"", ""ser"", ""exemplo"", ""e"", ""inspiracao""]"
21,DEM e PSL vinham de trajetórias de fortalecimento e crescimento recentes.,dem e psl vinham de trajetorias de fortalecimento e crescimento recentes,"[""dem"", ""e"", ""psl"", ""vinham"", ""de"", ""trajetorias"", ""de"", ""fortalecimento"", ""e"", ""crescimento"", ""recentes""]"
22,O DEM aumentou em mais de 70% o número de prefeitos e vereadores eleitos no último pleito.,o dem aumentou em mais de 70 o numero de prefeitos e vereadores eleitos no ultimo pleito,"[""o"", ""dem"", ""aumentou"", ""em"", ""mais"", ""de"", ""70"", ""o"", ""numero"", ""de"", ""prefeitos"", ""e"", ""vereadores"", ""eleitos"", ""no"", ""ultimo"", ""pleito""]"
23,O PSL triplicou seu número de prefeituras.,o psl triplicou seu numero de prefeituras,"[""o"", ""psl"", ""triplicou"", ""seu"", ""numero"", ""de"", ""prefeituras""]"
24,"Não se constrói uma fusão entre duas forças políticas expressivas sem renúncia, muita flexibilidade e compromisso com o futuro.",nao se constroi uma fusao entre duas forcas politicas expressivas sem renuncia muita flexibilidade e compromisso com o futuro,"[""nao"", ""se"", ""constroi"", ""uma"", ""fusao"", ""entre"", ""duas"", ""forcas"", ""politicas"", ""expressivas"", ""sem"", ""renuncia"", ""muita"", ""flexibilidade"", ""e"", ""compromisso"", ""com"", ""o"", ""futuro""]"
25,"Nosso número é o 44, algarismos que refletem, dobrados, os nossos quatro grandes princípios imutáveis e inegociáveis: • O valor da Democracia como sistema político pautado pela tolerância, pluralidade, respeito e diálogo.",nosso numero e o 44 algarismos que refletem dobrados os nossos quatro grandes principios imutaveis e inegociaveis o valor da democracia como sistema politico pautado pela tolerancia pluralidade respeito e dialogo,"[""nosso"", ""numero"", ""e"", ""o"", ""44"", ""algarismos"", ""que"", ""refletem"", ""dobrados"", ""os"", ""nossos"", ""quatro"", ""grandes"", ""principios"", ""imutaveis"", ""e"", ""inegociaveis"", ""o"", ""valor"", ""da"", ""democracia"", ""como"", ""sistema"", ""politico"", ""pautado"", ""pela"", ""tolerancia"", ""pluralidade"", ""respeito"", ""e"", ""dialogo""]"
26,• O valor do Estado como garantidor dos direitos sociais básicos da população. • O valor da Liberdade como condição para a busca de realização individual. • O valor da Família como esteio da pessoa e base da sociedade.,o valor do estado como garantidor dos direitos sociais basicos da populacao o valor da liberdade como condicao para a busca de realizacao individual o valor da familia como esteio da pessoa e base da sociedade,"[""o"", ""valor"", ""do"", ""estado"", ""como"", ""garantidor"", ""dos"", ""direitos"", ""sociais"", ""basicos"", ""da"", ""populacao"", ""o"", ""valor"", ""da"", ""liberdade"", ""como"", ""condicao"", ""para"", ""a"", ""busca"", ""de"", ""realizacao"", ""individual"", ""o"", ""valor"", ""da"", ""familia"", ""como"", ""esteio"", ""da"", ""pessoa"", ""e"", ""base"", ""da"", ""sociedade""]"
27,"Sobre esses pilares iniciamos a missão de resgatar o otimismo, recapturar o espírito positivo e restaurar a confiança dos brasileiros na política, na Democracia e no Brasil. Para isso, nossas principais ferramentas serão o diálogo, a transparência, o compromisso com a palavra empenhada, a excelência na formação de nossos quadros partidários, a prioridade do interesse coletivo e o Amor pelo Brasil. E, para darmos início à nossa jornada, com transparência e firmeza, aqui estão os 44 princípios que abraçamos, os compromissos que assumimos com os brasileiros: 1 2 Defesa intransigente da democracia, que é para nós valor fundamental e inegociável.",sobre esses pilares iniciamos a missao de resgatar o otimismo recapturar o espirito positivo e restaurar a confianca dos brasileiros na politica na democracia e no brasil para isso nossas principais ferramentas serao o dialogo a transparencia o compromisso com a palavra empenhada a excelencia na formacao de nossos quadros partidarios a prioridade do interesse coletivo e o amor pelo brasil e para darmos inicio a nossa jornada com transparencia e firmeza aqui estao os 44 principios que abracamos os compromissos que assumimos com os brasileiros 1 2 defesa intransigente da democracia que e para nos valor fundamental e inegociavel,"[""sobre"", ""esses"", ""pilares"", ""iniciamos"", ""a"", ""missao"", ""de"", ""resgatar"", ""o"", ""otimismo"", ""recapturar"", ""o"", ""espirito"", ""positivo"", ""e"", ""restaurar"", ""a"", ""confianca"", ""dos"", ""brasileiros"", ""na"", ""politica"", ""na"", ""democracia"", ""e"", ""no"", ""brasil"", ""para"", ""isso"", ""nossas"", ""principais"", ""ferramentas"", ""serao"", ""o"", ""dialogo"", ""a"", ""transparencia"", ""o"", ""compromisso"", ""com"", ""a"", ""palavra"", ""empenhada"", ""a"", ""excelencia"", ""na"", ""formacao"", ""de"", ""nossos"", ""quadros"", ""partidarios"", ""a"", ""prioridade"", ""do"", ""interesse"", ""coletivo"", ""e"", ""o"", ""amor"", ""pelo"", ""brasil"", ""e"", ""para"", ""darmos"", ""inicio"", ""a"", ""nossa"", ""jornada"", ""com"", ""transparencia"", ""e"", ""firmeza"", ""aqui"", ""estao"", ""os"", ""44"", ""principios"", ""que"", ""abracamos"", ""os"", ""compromissos"", ""que"", ""assumimos"", ""com"", ""os"", ""brasileiros"", ""1"", ""2"", ""defesa"", ""intransigente"", ""da"", ""democracia"", ""que"", ""e"", ""para"", ""nos"", ""valor"", ""fundamental"", ""e"", ""inegociavel""]"
28,"Somente a democracia iguala todos os cidadãos pelo direito ao voto e nos garante que, mesmo sob a égide da vontade da maioria, os direitos das minorias sejam respeitados e seja assegurada a alternância do poder. Repúdio a todas as formas de totalitarismo ou de autoritarismo. A defesa do Estado deve sempre incluir o respeito às liberdades fundamentais, que constituem a base da Democracia. Rejeitamos os extremismos, os radicalismos, a demagogia e o populismo irresponsável.",somente a democracia iguala todos os cidadaos pelo direito ao voto e nos garante que mesmo sob a egide da vontade da maioria os direitos das minorias sejam respeitados e seja assegurada a alternancia do poder repudio a todas as formas de totalitarismo ou de autoritarismo a defesa do estado deve sempre incluir o respeito as liberdades fundamentais que constituem a base da democracia rejeitamos os extremismos os radicalismos a demagogia e o populismo irresponsavel,"[""somente"", ""a"", ""democracia"", ""iguala"", ""todos"", ""os"", ""cidadaos"", ""pelo"", ""direito"", ""ao"", ""voto"", ""e"", ""nos"", ""garante"", ""que"", ""mesmo"", ""sob"", ""a"", ""egide"", ""da"", ""vontade"", ""da"", ""maioria"", ""os"", ""direitos"", ""das"", ""minorias"", ""sejam"", ""respeitados"", ""e"", ""seja"", ""assegurada"", ""a"", ""alternancia"", ""do"", ""poder"", ""repudio"", ""a"", ""todas"", ""as"", ""formas"", ""de"", ""totalitarismo"", ""ou"", ""de"", ""autoritarismo"", ""a"", ""defesa"", ""do"", ""estado"", ""deve"", ""sempre"", ""incluir"", ""o"", ""respeito"", ""as"", ""liberdades"", ""fundamentais"", ""que"", ""constituem"", ""a"", ""base"", ""da"", ""democracia"", ""rejeitamos"", ""os"", ""extremismos"", ""os"", ""radicalismos"", ""a"", ""demagogia"", ""e"", ""o"", ""populismo"", ""irresponsavel""]"
29,"3 4 5 6 Sustentação da crença de que os homens são basicamente iguais em direitos e que a pessoa humana é inviolável em sua dignidade, não podendo sofrer quaisquer restrições que não aquelas necessárias à preservação de sua própria integridade e de seu semelhante, e à defesa do bem comum.",3 4 5 6 sustentacao da crenca de que os homens sao basicamente iguais em direitos e que a pessoa humana e inviolavel em sua dignidade nao podendo sofrer quaisquer restricoes que nao aquelas necessarias a preservacao de sua propria integridade e de seu semelhante e a defesa do bem comum,"[""3"", ""4"", ""5"", ""6"", ""sustentacao"", ""da"", ""crenca"", ""de"", ""que"", ""os"", ""homens"", ""sao"", ""basicamente"", ""iguais"", ""em"", ""direitos"", ""e"", ""que"", ""a"", ""pessoa"", ""humana"", ""e"", ""inviolavel"", ""em"", ""sua"", ""dignidade"", ""nao"", ""podendo"", ""sofrer"", ""quaisquer"", ""restricoes"", ""que"", ""nao"", ""aquelas"", ""necessarias"", ""a"", ""preservacao"", ""de"", ""sua"", ""propria"", ""integridade"", ""e"", ""de"", ""seu"", ""semelhante"", ""e"", ""a"", ""defesa"", ""do"", ""bem"", ""comum""]"
30,"Zelo pelo patrimônio da liberdade de expressão, que é condição fundamental à existência do Estado democrático. O ser humano deve ser livre para manifestar suas ideias, acessar informações, professar uma religião, escolher seus representantes, de todas as formas que o Estado de Direito lhe garante. Defesa intransigente da Liberdade de Imprensa, força social necessária à saúde da Democracia. A Imprensa deve ter garantidos respeito e segurança, para que possa exercer sem restrições ou riscos o trabalho essencial de levar aos cidadãos a informação, a crítica, os elementos do contraditório sem os quais não existe sociedade verdadeiramente livre.",zelo pelo patrimonio da liberdade de expressao que e condicao fundamental a existencia do estado democratico o ser humano deve ser livre para manifestar suas ideias acessar informacoes professar uma religiao escolher seus representantes de todas as formas que o estado de direito lhe garante defesa intransigente da liberdade de imprensa forca social necessaria a saude da democracia a imprensa deve ter garantidos respeito e seguranca para que possa exercer sem restricoes ou riscos o trabalho essencial de levar aos cidadaos a informacao a critica os elementos do contraditorio sem os quais nao existe sociedade verdadeiramente livre,"[""zelo"", ""pelo"", ""patrimonio"", ""da"", ""liberdade"", ""de"", ""expressao"", ""que"", ""e"", ""condicao"", ""fundamental"", ""a"", ""existencia"", ""do"", ""estado"", ""democratico"", ""o"", ""ser"", ""humano"", ""deve"", ""ser"", ""livre"", ""para"", ""manifestar"", ""suas"", ""ideias"", ""acessar"", ""informacoes"", ""professar"", ""uma"", ""religiao"", ""escolher"", ""seus"", ""representantes"", ""de"", ""todas"", ""as"", ""formas"", ""que"", ""o"", ""estado"", ""de"", ""direito"", ""lhe"", ""garante"", ""defesa"", ""intransigente"", ""da"", ""liberdade"", ""de"", ""imprensa"", ""forca"", ""social"", ""necessaria"", ""a"", ""saude"", ""da"", ""democracia"", ""a"", ""imprensa"", ""deve"", ""ter"", ""garantidos"", ""respeito"", ""e"", ""seguranca"", ""para"", ""que"", ""possa"", ""exercer"", ""sem"", ""restricoes"", ""ou"", ""riscos"", ""o"", ""trabalho"", ""essencial"", ""de"", ""levar"", ""aos"", ""cidadaos"", ""a"", ""informacao"", ""a"", ""critica"", ""os"", ""elementos"", ""do"", ""contraditorio"", ""sem"", ""os"", ""quais"", ""nao"", ""existe"", ""sociedade"", ""verdadeiramente"", ""livre""]"
31,"Diálogo, entendimento e compromisso com o país acima de interesses individuais ou partidários. A pluralidade de vozes, os embates políticos e as divergências são parte da essência democrática. A Democracia é ruidosa.",dialogo entendimento e compromisso com o pais acima de interesses individuais ou partidarios a pluralidade de vozes os embates politicos e as divergencias sao parte da essencia democratica a democracia e ruidosa,"[""dialogo"", ""entendimento"", ""e"", ""compromisso"", ""com"", ""o"", ""pais"", ""acima"", ""de"", ""interesses"", ""individuais"", ""ou"", ""partidarios"", ""a"", ""pluralidade"", ""de"", ""vozes"", ""os"", ""embates"", ""politicos"", ""e"", ""as"", ""divergencias"", ""sao"", ""parte"", ""da"", ""essencia"", ""democratica"", ""a"", ""democracia"", ""e"", ""ruidosa""]"
32,"Porém, diferenças políticas e, sobretudo, interesses particulares de qualquer natureza jamais devem prevalecer sobre o interesse do Brasil e dos brasileiros. Como partido, nascemos sob os signos da União e da brasilidade. Construir pontes e unir forças para entregar aos brasileiros o país que desejam e merecem ter é nosso compromisso fundante.",porem diferencas politicas e sobretudo interesses particulares de qualquer natureza jamais devem prevalecer sobre o interesse do brasil e dos brasileiros como partido nascemos sob os signos da uniao e da brasilidade construir pontes e unir forcas para entregar aos brasileiros o pais que desejam e merecem ter e nosso compromisso fundante,"[""porem"", ""diferencas"", ""politicas"", ""e"", ""sobretudo"", ""interesses"", ""particulares"", ""de"", ""qualquer"", ""natureza"", ""jamais"", ""devem"", ""prevalecer"", ""sobre"", ""o"", ""interesse"", ""do"", ""brasil"", ""e"", ""dos"", ""brasileiros"", ""como"", ""partido"", ""nascemos"", ""sob"", ""os"", ""signos"", ""da"", ""uniao"", ""e"", ""da"", ""brasilidade"", ""construir"", ""pontes"", ""e"", ""unir"", ""forcas"", ""para"", ""entregar"", ""aos"", ""brasileiros"", ""o"", ""pais"", ""que"", ""desejam"", ""e"", ""merecem"", ""ter"", ""e"", ""nosso"", ""compromisso"", ""fundante""]"
33,7 8 10 9 Renovação das práticas políticas e adoção de um ethos partidário baseado em princípios fundamentais para a formação de laços de confiança entre os cidadãos e seus representantes: diálogo; transparência; integridade; compromisso com a palavra empenhada em disputas eleitorais; priorização do interesse coletivo; formação e qualificação dos quadros partidários; obsessão com a austeridade e eficácia no exercício de mandatos de gestão.,7 8 10 9 renovacao das praticas politicas e adocao de um ethos partidario baseado em principios fundamentais para a formacao de lacos de confianca entre os cidadaos e seus representantes dialogo transparencia integridade compromisso com a palavra empenhada em disputas eleitorais priorizacao do interesse coletivo formacao e qualificacao dos quadros partidarios obsessao com a austeridade e eficacia no exercicio de mandatos de gestao,"[""7"", ""8"", ""10"", ""9"", ""renovacao"", ""das"", ""praticas"", ""politicas"", ""e"", ""adocao"", ""de"", ""um"", ""ethos"", ""partidario"", ""baseado"", ""em"", ""principios"", ""fundamentais"", ""para"", ""a"", ""formacao"", ""de"", ""lacos"", ""de"", ""confianca"", ""entre"", ""os"", ""cidadaos"", ""e"", ""seus"", ""representantes"", ""dialogo"", ""transparencia"", ""integridade"", ""compromisso"", ""com"", ""a"", ""palavra"", ""empenhada"", ""em"", ""disputas"", ""eleitorais"", ""priorizacao"", ""do"", ""interesse"", ""coletivo"", ""formacao"", ""e"", ""qualificacao"", ""dos"", ""quadros"", ""partidarios"", ""obsessao"", ""com"", ""a"", ""austeridade"", ""e"", ""eficacia"", ""no"", ""exercicio"", ""de"", ""mandatos"", ""de"", ""gestao""]"
34,"Compromisso com o fortalecimento e o aprimoramento do Judiciário, tendo como objetivo a plena concretização do princípio democrático da lei igual para todos. Somaremos esforços na busca por propiciar celeridade e eficácia na distribuição da Justiça aos brasileiros, mediante a modernização dos mecanismos judiciais e a adoção de novos códigos, sempre que isso corresponder à demanda da sociedade.",compromisso com o fortalecimento e o aprimoramento do judiciario tendo como objetivo a plena concretizacao do principio democratico da lei igual para todos somaremos esforcos na busca por propiciar celeridade e eficacia na distribuicao da justica aos brasileiros mediante a modernizacao dos mecanismos judiciais e a adocao de novos codigos sempre que isso corresponder a demanda da sociedade,"[""compromisso"", ""com"", ""o"", ""fortalecimento"", ""e"", ""o"", ""aprimoramento"", ""do"", ""judiciario"", ""tendo"", ""como"", ""objetivo"", ""a"", ""plena"", ""concretizacao"", ""do"", ""principio"", ""democratico"", ""da"", ""lei"", ""igual"", ""para"", ""todos"", ""somaremos"", ""esforcos"", ""na"", ""busca"", ""por"", ""propiciar"", ""celeridade"", ""e"", ""eficacia"", ""na"", ""distribuicao"", ""da"", ""justica"", ""aos"", ""brasileiros"", ""mediante"", ""a"", ""modernizacao"", ""dos"", ""mecanismos"", ""judiciais"", ""e"", ""a"", ""adocao"", ""de"", ""novos"", ""codigos"", ""sempre"", ""que"", ""isso"", ""corresponder"", ""a"", ""demanda"", ""da"", ""sociedade""]"
35,"Modernização permanente das Forças Armadas, como requisito indispensável à defesa da soberania nacional e das instituições democráticas.",modernizacao permanente das forcas armadas como requisito indispensavel a defesa da soberania nacional e das instituicoes democraticas,"[""modernizacao"", ""permanente"", ""das"", ""forcas"", ""armadas"", ""como"", ""requisito"", ""indispensavel"", ""a"", ""defesa"", ""da"", ""soberania"", ""nacional"", ""e"", ""das"", ""instituicoes"", ""democraticas""]"
36,"Firme posicionamento contra qualquer espécie de discriminação e preconceito quanto à religião, sexo, raça, orientação sexual ou qualquer outra particularidade da condição humana. A fecunda manifestação de nossas diversidades deve ser valorizada e estimulada, com a promoção permanente dos valores fundamentais da tolerância, do respeito mútuo e da solidariedade.",firme posicionamento contra qualquer especie de discriminacao e preconceito quanto a religiao sexo raca orientacao sexual ou qualquer outra particularidade da condicao humana a fecunda manifestacao de nossas diversidades deve ser valorizada e estimulada com a promocao permanente dos valores fundamentais da tolerancia do respeito mutuo e da solidariedade,"[""firme"", ""posicionamento"", ""contra"", ""qualquer"", ""especie"", ""de"", ""discriminacao"", ""e"", ""preconceito"", ""quanto"", ""a"", ""religiao"", ""sexo"", ""raca"", ""orientacao"", ""sexual"", ""ou"", ""qualquer"", ""outra"", ""particularidade"", ""da"", ""condicao"", ""humana"", ""a"", ""fecunda"", ""manifestacao"", ""de"", ""nossas"", ""diversidades"", ""deve"", ""ser"", ""valorizada"", ""e"", ""estimulada"", ""com"", ""a"", ""promocao"", ""permanente"", ""dos"", ""valores"", ""fundamentais"", ""da"", ""tolerancia"", ""do"", ""respeito"", ""mutuo"", ""e"", ""da"", ""solidariedade""]"
37,"11 12 13 Trabalho permanente em favor da prosperidade econômica com equidade social, uma vez que não há liberdade efetiva se os cidadãos não estão livres da fome, da doença, da ignorância e da opressão causada pela violência.",11 12 13 trabalho permanente em favor da prosperidade economica com equidade social uma vez que nao ha liberdade efetiva se os cidadaos nao estao livres da fome da doenca da ignorancia e da opressao causada pela violencia,"[""11"", ""12"", ""13"", ""trabalho"", ""permanente"", ""em"", ""favor"", ""da"", ""prosperidade"", ""economica"", ""com"", ""equidade"", ""social"", ""uma"", ""vez"", ""que"", ""nao"", ""ha"", ""liberdade"", ""efetiva"", ""se"", ""os"", ""cidadaos"", ""nao"", ""estao"", ""livres"", ""da"", ""fome"", ""da"", ""doenca"", ""da"", ""ignorancia"", ""e"", ""da"", ""opressao"", ""causada"", ""pela"", ""violencia""]"
38,"Apoio a programas de transferência de renda, compreendidos como ferramentas necessárias de segurança social e alimentar, por garantirem a subsistência das famílias mais pobres.",apoio a programas de transferencia de renda compreendidos como ferramentas necessarias de seguranca social e alimentar por garantirem a subsistencia das familias mais pobres,"[""apoio"", ""a"", ""programas"", ""de"", ""transferencia"", ""de"", ""renda"", ""compreendidos"", ""como"", ""ferramentas"", ""necessarias"", ""de"", ""seguranca"", ""social"", ""e"", ""alimentar"", ""por"", ""garantirem"", ""a"", ""subsistencia"", ""das"", ""familias"", ""mais"", ""pobres""]"
39,"Mantendo, porém, a clareza de que se trata de soluções insuficientes para respondermos a uma dívida histórica do país – a ser enfrentada com políticas estruturantes e transformadoras. Compromisso radical com a superação da pobreza, compreendendo que a pobreza não é apenas ausência de renda, mas um conjunto de desproteções sociais que vem se acumulando ao longo de décadas, condenando as camadas mais vulneráveis da população brasileira à perpetuação de condições precárias de vida por sucessivas gerações. Um dos maiores propósitos da ação político-administrativa do União Brasil será o de ampliar as vias de ascensão social para as novas gerações de brasileiros, priorizando aqueles que vivem em situação de maior vulnerabilidade social, com políticas públicas integradas, que englobem: segurança alimentar, moradia, saneamento, educação, saúde, assistência social, qualificação e emprego, bem como segurança pública responsável e eficaz.",mantendo porem a clareza de que se trata de solucoes insuficientes para respondermos a uma divida historica do pais a ser enfrentada com politicas estruturantes e transformadoras compromisso radical com a superacao da pobreza compreendendo que a pobreza nao e apenas ausencia de renda mas um conjunto de desprotecoes sociais que vem se acumulando ao longo de decadas condenando as camadas mais vulneraveis da populacao brasileira a perpetuacao de condicoes precarias de vida por sucessivas geracoes um dos maiores propositos da acao politico administrativa do uniao brasil sera o de ampliar as vias de ascensao social para as novas geracoes de brasileiros priorizando aqueles que vivem em situacao de maior vulnerabilidade social com politicas publicas integradas que englobem seguranca alimentar moradia saneamento educacao saude assistencia social qualificacao e emprego bem como seguranca publica responsavel e eficaz,"[""mantendo"", ""porem"", ""a"", ""clareza"", ""de"", ""que"", ""se"", ""trata"", ""de"", ""solucoes"", ""insuficientes"", ""para"", ""respondermos"", ""a"", ""uma"", ""divida"", ""historica"", ""do"", ""pais"", ""a"", ""ser"", ""enfrentada"", ""com"", ""politicas"", ""estruturantes"", ""e"", ""transformadoras"", ""compromisso"", ""radical"", ""com"", ""a"", ""superacao"", ""da"", ""pobreza"", ""compreendendo"", ""que"", ""a"", ""pobreza"", ""nao"", ""e"", ""apenas"", ""ausencia"", ""de"", ""renda"", ""mas"", ""um"", ""conjunto"", ""de"", ""desprotecoes"", ""sociais"", ""que"", ""vem"", ""se"", ""acumulando"", ""ao"", ""longo"", ""de"", ""decadas"", ""condenando"", ""as"", ""camadas"", ""mais"", ""vulneraveis"", ""da"", ""populacao"", ""brasileira"", ""a"", ""perpetuacao"", ""de"", ""condicoes"", ""precarias"", ""de"", ""vida"", ""por"", ""sucessivas"", ""geracoes"", ""um"", ""dos"", ""maiores"", ""propositos"", ""da"", ""acao"", ""politico"", ""administrativa"", ""do"", ""uniao"", ""brasil"", ""sera"", ""o"", ""de"", ""ampliar"", ""as"", ""vias"", ""de"", ""ascensao"", ""social"", ""para"", ""as"", ""novas"", ""geracoes"", ""de"", ""brasileiros"", ""priorizando"", ""aqueles"", ""que"", ""vivem"", ""em"", ""situacao"", ""de"", ""maior"", ""vulnerabilidade"", ""social"", ""com"", ""politicas"", ""publicas"", ""integradas"", ""que"", ""englobem"", ""seguranca"", ""alimentar"", ""moradia"", ""saneamento"", ""educacao"", ""saude"", ""assistencia"", ""social"", ""qualificacao"", ""e"", ""emprego"", ""bem"", ""como"", ""seguranca"", ""publica"", ""responsavel"", ""e"", ""eficaz""]"
40,14 15 Fortalecimento do SUS.,14 15 fortalecimento do sus,"[""14"", ""15"", ""fortalecimento"", ""do"", ""sus""]"
41,"Nosso Sistema Único de Saúde é um dos maiores legados da Constituição de 1988, fruto de uma visão ambiciosa e profundamente humanitária.",nosso sistema unico de saude e um dos maiores legados da constituicao de 1988 fruto de uma visao ambiciosa e profundamente humanitaria,"[""nosso"", ""sistema"", ""unico"", ""de"", ""saude"", ""e"", ""um"", ""dos"", ""maiores"", ""legados"", ""da"", ""constituicao"", ""de"", ""1988"", ""fruto"", ""de"", ""uma"", ""visao"", ""ambiciosa"", ""e"", ""profundamente"", ""humanitaria""]"
42,"O SUS tem ilhas de excelência em pesquisa e atendimento à saúde, reconhecidas internacionalmente.",o sus tem ilhas de excelencia em pesquisa e atendimento a saude reconhecidas internacionalmente,"[""o"", ""sus"", ""tem"", ""ilhas"", ""de"", ""excelencia"", ""em"", ""pesquisa"", ""e"", ""atendimento"", ""a"", ""saude"", ""reconhecidas"", ""internacionalmente""]"
43,É esse o padrão que queremos para toda a rede.,e esse o padrao que queremos para toda a rede,"[""e"", ""esse"", ""o"", ""padrao"", ""que"", ""queremos"", ""para"", ""toda"", ""a"", ""rede""]"
44,"Perseguiremos de modo incansável o enfrentamento dos gargalos crônicos do SUS, reduzindo ao máximo o longo tempo de espera por atendimento, que tanta angústia causa aos brasileiros.",perseguiremos de modo incansavel o enfrentamento dos gargalos cronicos do sus reduzindo ao maximo o longo tempo de espera por atendimento que tanta angustia causa aos brasileiros,"[""perseguiremos"", ""de"", ""modo"", ""incansavel"", ""o"", ""enfrentamento"", ""dos"", ""gargalos"", ""cronicos"", ""do"", ""sus"", ""reduzindo"", ""ao"", ""maximo"", ""o"", ""longo"", ""tempo"", ""de"", ""espera"", ""por"", ""atendimento"", ""que"", ""tanta"", ""angustia"", ""causa"", ""aos"", ""brasileiros""]"
45,"Há muito que melhorar em gestão e incorporação de tecnologia, para aumentar a eficácia e a celeridade da resposta na atenção à saúde.",ha muito que melhorar em gestao e incorporacao de tecnologia para aumentar a eficacia e a celeridade da resposta na atencao a saude,"[""ha"", ""muito"", ""que"", ""melhorar"", ""em"", ""gestao"", ""e"", ""incorporacao"", ""de"", ""tecnologia"", ""para"", ""aumentar"", ""a"", ""eficacia"", ""e"", ""a"", ""celeridade"", ""da"", ""resposta"", ""na"", ""atencao"", ""a"", ""saude""]"
46,"E é fundamental darmos prioridade aos desafios, problemas e passivos gerados pela pandemia da Covid-19.",e e fundamental darmos prioridade aos desafios problemas e passivos gerados pela pandemia da covid 19,"[""e"", ""e"", ""fundamental"", ""darmos"", ""prioridade"", ""aos"", ""desafios"", ""problemas"", ""e"", ""passivos"", ""gerados"", ""pela"", ""pandemia"", ""da"", ""covid"", ""19""]"
47,Compromisso com a Ciência na formulação de políticas públicas e prioridade para programas de desenvolvimento científico e tecnológico.,compromisso com a ciencia na formulacao de politicas publicas e prioridade para programas de desenvolvimento cientifico e tecnologico,"[""compromisso"", ""com"", ""a"", ""ciencia"", ""na"", ""formulacao"", ""de"", ""politicas"", ""publicas"", ""e"", ""prioridade"", ""para"", ""programas"", ""de"", ""desenvolvimento"", ""cientifico"", ""e"", ""tecnologico""]"
48,"O Brasil tem tudo para assegurar protagonismo nessa era da conectividade, da Inteligência Artificial e dos dados. A criatividade e o talento dos cientistas, pesquisadores e empreendedores brasileiros são reconhecidos internacionalmente.",o brasil tem tudo para assegurar protagonismo nessa era da conectividade da inteligencia artificial e dos dados a criatividade e o talento dos cientistas pesquisadores e empreendedores brasileiros sao reconhecidos internacionalmente,"[""o"", ""brasil"", ""tem"", ""tudo"", ""para"", ""assegurar"", ""protagonismo"", ""nessa"", ""era"", ""da"", ""conectividade"", ""da"", ""inteligencia"", ""artificial"", ""e"", ""dos"", ""dados"", ""a"", ""criatividade"", ""e"", ""o"", ""talento"", ""dos"", ""cientistas"", ""pesquisadores"", ""e"", ""empreendedores"", ""brasileiros"", ""sao"", ""reconhecidos"", ""internacionalmente""]"
49,"Faltam-nos políticas públicas consistentes e sustentáveis para reconhecer, estimular e reter esses talentos, e a incorporação definitiva dos saberes da nossa comunidade científica na construção de ações que tragam respostas eficazes para novos e antigos problemas.",faltam nos politicas publicas consistentes e sustentaveis para reconhecer estimular e reter esses talentos e a incorporacao definitiva dos saberes da nossa comunidade cientifica na construcao de acoes que tragam respostas eficazes para novos e antigos problemas,"[""faltam"", ""nos"", ""politicas"", ""publicas"", ""consistentes"", ""e"", ""sustentaveis"", ""para"", ""reconhecer"", ""estimular"", ""e"", ""reter"", ""esses"", ""talentos"", ""e"", ""a"", ""incorporacao"", ""definitiva"", ""dos"", ""saberes"", ""da"", ""nossa"", ""comunidade"", ""cientifica"", ""na"", ""construcao"", ""de"", ""acoes"", ""que"", ""tragam"", ""respostas"", ""eficazes"", ""para"", ""novos"", ""e"", ""antigos"", ""problemas""]"
50,"16 17 18 Priorização de políticas públicas voltadas para a Primeira Infância. Compreendemos que ações integradas de saúde, educação, nutrição, moradia e assistência psicossocial com foco em gestantes, mães e crianças são um caminho promissor para a real superação do ciclo de pobreza, uma vez que as capacidades cognitivas de um indivíduo são moldadas na Primeira Infância e impactam diretamente sua trajetória educacional e profissional. Prioridade à qualificação escolar e profissional como instrumentos estratégicos de superação da pobreza e ferramentas essenciais para o crescimento e fortalecimento do país. Por isso, assumimos o compromisso de fazer do processo educacional o principal caminho para a conquista da cidadania plena e a inclusão social. O fortalecimento e a busca da excelência na escola pública, nos ensinos Fundamental e Médio, devem ser uma obsessão nacional.",16 17 18 priorizacao de politicas publicas voltadas para a primeira infancia compreendemos que acoes integradas de saude educacao nutricao moradia e assistencia psicossocial com foco em gestantes maes e criancas sao um caminho promissor para a real superacao do ciclo de pobreza uma vez que as capacidades cognitivas de um individuo sao moldadas na primeira infancia e impactam diretamente sua trajetoria educacional e profissional prioridade a qualificacao escolar e profissional como instrumentos estrategicos de superacao da pobreza e ferramentas essenciais para o crescimento e fortalecimento do pais por isso assumimos o compromisso de fazer do processo educacional o principal caminho para a conquista da cidadania plena e a inclusao social o fortalecimento e a busca da excelencia na escola publica nos ensinos fundamental e medio devem ser uma obsessao nacional,"[""16"", ""17"", ""18"", ""priorizacao"", ""de"", ""politicas"", ""publicas"", ""voltadas"", ""para"", ""a"", ""primeira"", ""infancia"", ""compreendemos"", ""que"", ""acoes"", ""integradas"", ""de"", ""saude"", ""educacao"", ""nutricao"", ""moradia"", ""e"", ""assistencia"", ""psicossocial"", ""com"", ""foco"", ""em"", ""gestantes"", ""maes"", ""e"", ""criancas"", ""sao"", ""um"", ""caminho"", ""promissor"", ""para"", ""a"", ""real"", ""superacao"", ""do"", ""ciclo"", ""de"", ""pobreza"", ""uma"", ""vez"", ""que"", ""as"", ""capacidades"", ""cognitivas"", ""de"", ""um"", ""individuo"", ""sao"", ""moldadas"", ""na"", ""primeira"", ""infancia"", ""e"", ""impactam"", ""diretamente"", ""sua"", ""trajetoria"", ""educacional"", ""e"", ""profissional"", ""prioridade"", ""a"", ""qualificacao"", ""escolar"", ""e"", ""profissional"", ""como"", ""instrumentos"", ""estrategicos"", ""de"", ""superacao"", ""da"", ""pobreza"", ""e"", ""ferramentas"", ""essenciais"", ""para"", ""o"", ""crescimento"", ""e"", ""fortalecimento"", ""do"", ""pais"", ""por"", ""isso"", ""assumimos"", ""o"", ""compromisso"", ""de"", ""fazer"", ""do"", ""processo"", ""educacional"", ""o"", ""principal"", ""caminho"", ""para"", ""a"", ""conquista"", ""da"", ""cidadania"", ""plena"", ""e"", ""a"", ""inclusao"", ""social"", ""o"", ""fortalecimento"", ""e"", ""a"", ""busca"", ""da"", ""excelencia"", ""na"", ""escola"", ""publica"", ""nos"", ""ensinos"", ""fundamental"", ""e"", ""medio"", ""devem"", ""ser"", ""uma"", ""obsessao"", ""nacional""]"
51,"Apoio à família brasileira, considerando que a família é a base da sociedade e o primeiro elo de conexão social do indivíduo. Compreendendo que as famílias das periferias das grandes e médias cidades brasileiras têm sido fortemente afetadas pela crise do desemprego, pelo retorno da inflação (de alimentos, energia e combustíveis, em particular), pelo aumento da criminalidade e pela atuação crescente do crime organizado, dentre outras pressões que geram instabilidade nos núcleos familiares, assumimos o compromisso de construir políticas públicas com foco e base na unidade familiar.",apoio a familia brasileira considerando que a familia e a base da sociedade e o primeiro elo de conexao social do individuo compreendendo que as familias das periferias das grandes e medias cidades brasileiras tem sido fortemente afetadas pela crise do desemprego pelo retorno da inflacao de alimentos energia e combustiveis em particular pelo aumento da criminalidade e pela atuacao crescente do crime organizado dentre outras pressoes que geram instabilidade nos nucleos familiares assumimos o compromisso de construir politicas publicas com foco e base na unidade familiar,"[""apoio"", ""a"", ""familia"", ""brasileira"", ""considerando"", ""que"", ""a"", ""familia"", ""e"", ""a"", ""base"", ""da"", ""sociedade"", ""e"", ""o"", ""primeiro"", ""elo"", ""de"", ""conexao"", ""social"", ""do"", ""individuo"", ""compreendendo"", ""que"", ""as"", ""familias"", ""das"", ""periferias"", ""das"", ""grandes"", ""e"", ""medias"", ""cidades"", ""brasileiras"", ""tem"", ""sido"", ""fortemente"", ""afetadas"", ""pela"", ""crise"", ""do"", ""desemprego"", ""pelo"", ""retorno"", ""da"", ""inflacao"", ""de"", ""alimentos"", ""energia"", ""e"", ""combustiveis"", ""em"", ""particular"", ""pelo"", ""aumento"", ""da"", ""criminalidade"", ""e"", ""pela"", ""atuacao"", ""crescente"", ""do"", ""crime"", ""organizado"", ""dentre"", ""outras"", ""pressoes"", ""que"", ""geram"", ""instabilidade"", ""nos"", ""nucleos"", ""familiares"", ""assumimos"", ""o"", ""compromisso"", ""de"", ""construir"", ""politicas"", ""publicas"", ""com"", ""foco"", ""e"", ""base"", ""na"", ""unidade"", ""familiar""]"
52,"19 20 Garantia do direito de ir e vir, da livre circulação dos cidadãos nas cidades, da paz às famílias, nas suas casas e nas suas vizinhanças.",19 20 garantia do direito de ir e vir da livre circulacao dos cidadaos nas cidades da paz as familias nas suas casas e nas suas vizinhancas,"[""19"", ""20"", ""garantia"", ""do"", ""direito"", ""de"", ""ir"", ""e"", ""vir"", ""da"", ""livre"", ""circulacao"", ""dos"", ""cidadaos"", ""nas"", ""cidades"", ""da"", ""paz"", ""as"", ""familias"", ""nas"", ""suas"", ""casas"", ""e"", ""nas"", ""suas"", ""vizinhancas""]"
53,"Nas sociedades democráticas, o Estado detém o monopólio da força e deve exercê-lo com a máxima responsabilidade, mas também com todo rigor no enfrentamento da criminalidade.",nas sociedades democraticas o estado detem o monopolio da forca e deve exerce lo com a maxima responsabilidade mas tambem com todo rigor no enfrentamento da criminalidade,"[""nas"", ""sociedades"", ""democraticas"", ""o"", ""estado"", ""detem"", ""o"", ""monopolio"", ""da"", ""forca"", ""e"", ""deve"", ""exerce"", ""lo"", ""com"", ""a"", ""maxima"", ""responsabilidade"", ""mas"", ""tambem"", ""com"", ""todo"", ""rigor"", ""no"", ""enfrentamento"", ""da"", ""criminalidade""]"
54,"O Brasil não tolera mais o convívio com índices de morte violenta piores que os de países conflagrados por guerras, nem pode mais aceitar as mortes de jovens pobres e negros. Sem sacrifício das liberdades fundamentais que constituem a essência da democracia, e com transparência, devemos desmontar o crime organizado, atuar com Inteligência, planejamento e integração das forças de segurança para vencer a violência e devolver a paz aos brasileiros.",o brasil nao tolera mais o convivio com indices de morte violenta piores que os de paises conflagrados por guerras nem pode mais aceitar as mortes de jovens pobres e negros sem sacrificio das liberdades fundamentais que constituem a essencia da democracia e com transparencia devemos desmontar o crime organizado atuar com inteligencia planejamento e integracao das forcas de seguranca para vencer a violencia e devolver a paz aos brasileiros,"[""o"", ""brasil"", ""nao"", ""tolera"", ""mais"", ""o"", ""convivio"", ""com"", ""indices"", ""de"", ""morte"", ""violenta"", ""piores"", ""que"", ""os"", ""de"", ""paises"", ""conflagrados"", ""por"", ""guerras"", ""nem"", ""pode"", ""mais"", ""aceitar"", ""as"", ""mortes"", ""de"", ""jovens"", ""pobres"", ""e"", ""negros"", ""sem"", ""sacrificio"", ""das"", ""liberdades"", ""fundamentais"", ""que"", ""constituem"", ""a"", ""essencia"", ""da"", ""democracia"", ""e"", ""com"", ""transparencia"", ""devemos"", ""desmontar"", ""o"", ""crime"", ""organizado"", ""atuar"", ""com"", ""inteligencia"", ""planejamento"", ""e"", ""integracao"", ""das"", ""forcas"", ""de"", ""seguranca"", ""para"", ""vencer"", ""a"", ""violencia"", ""e"", ""devolver"", ""a"", ""paz"", ""aos"", ""brasileiros""]"
55,Garantia de oportunidades reais para a realização pessoal e profissional de todos os brasileiros.,garantia de oportunidades reais para a realizacao pessoal e profissional de todos os brasileiros,"[""garantia"", ""de"", ""oportunidades"", ""reais"", ""para"", ""a"", ""realizacao"", ""pessoal"", ""e"", ""profissional"", ""de"", ""todos"", ""os"", ""brasileiros""]"
56,Acreditamos firmemente que uma sociedade próspera e justa se assenta na liberdade econômica associada à igualdade de oportunidades.,acreditamos firmemente que uma sociedade prospera e justa se assenta na liberdade economica associada a igualdade de oportunidades,"[""acreditamos"", ""firmemente"", ""que"", ""uma"", ""sociedade"", ""prospera"", ""e"", ""justa"", ""se"", ""assenta"", ""na"", ""liberdade"", ""economica"", ""associada"", ""a"", ""igualdade"", ""de"", ""oportunidades""]"
57,"Por isso deve ser obsessivo nosso trabalho por uma escola pública de qualidade, por programas de qualificação profissional, de acesso ao mercado de trabalho, e de estímulo às iniciativas empresariais e ao empreendedorismo.",por isso deve ser obsessivo nosso trabalho por uma escola publica de qualidade por programas de qualificacao profissional de acesso ao mercado de trabalho e de estimulo as iniciativas empresariais e ao empreendedorismo,"[""por"", ""isso"", ""deve"", ""ser"", ""obsessivo"", ""nosso"", ""trabalho"", ""por"", ""uma"", ""escola"", ""publica"", ""de"", ""qualidade"", ""por"", ""programas"", ""de"", ""qualificacao"", ""profissional"", ""de"", ""acesso"", ""ao"", ""mercado"", ""de"", ""trabalho"", ""e"", ""de"", ""estimulo"", ""as"", ""iniciativas"", ""empresariais"", ""e"", ""ao"", ""empreendedorismo""]"
58,21 22 23 Defesa da liberdade econômica.,21 22 23 defesa da liberdade economica,"[""21"", ""22"", ""23"", ""defesa"", ""da"", ""liberdade"", ""economica""]"
59,"Não há desenvolvimento verdadeiro, com prosperidade, bem-estar e realização pessoal, sem uma economia livre e competitiva.",nao ha desenvolvimento verdadeiro com prosperidade bem estar e realizacao pessoal sem uma economia livre e competitiva,"[""nao"", ""ha"", ""desenvolvimento"", ""verdadeiro"", ""com"", ""prosperidade"", ""bem"", ""estar"", ""e"", ""realizacao"", ""pessoal"", ""sem"", ""uma"", ""economia"", ""livre"", ""e"", ""competitiva""]"
60,A iniciativa privada é o centro desse processo.,a iniciativa privada e o centro desse processo,"[""a"", ""iniciativa"", ""privada"", ""e"", ""o"", ""centro"", ""desse"", ""processo""]"
61,"Ao Estado compete o papel de indutor, estimulador e regulador da economia, e também de protetor e apoiador das parcelas mais vulneráveis da população, para que as desigualdades no ponto de partida não comprometam as chances de sucesso e crescimento de todos que sonham e lutam por uma vida melhor.",ao estado compete o papel de indutor estimulador e regulador da economia e tambem de protetor e apoiador das parcelas mais vulneraveis da populacao para que as desigualdades no ponto de partida nao comprometam as chances de sucesso e crescimento de todos que sonham e lutam por uma vida melhor,"[""ao"", ""estado"", ""compete"", ""o"", ""papel"", ""de"", ""indutor"", ""estimulador"", ""e"", ""regulador"", ""da"", ""economia"", ""e"", ""tambem"", ""de"", ""protetor"", ""e"", ""apoiador"", ""das"", ""parcelas"", ""mais"", ""vulneraveis"", ""da"", ""populacao"", ""para"", ""que"", ""as"", ""desigualdades"", ""no"", ""ponto"", ""de"", ""partida"", ""nao"", ""comprometam"", ""as"", ""chances"", ""de"", ""sucesso"", ""e"", ""crescimento"", ""de"", ""todos"", ""que"", ""sonham"", ""e"", ""lutam"", ""por"", ""uma"", ""vida"", ""melhor""]"
62,"Respeito ao direito de propriedade, com reconhecimento das responsabilidades sociais inerentes ao exercício desse direito. O direito de usar, usufruir e dispor de um bem está incluído entre as cláusulas pétreas, intocáveis, da nossa Constituição. O União Brasil defende este direito do cidadão com o mesmo rigor com que sustenta as demais regras garantidoras da Democracia.",respeito ao direito de propriedade com reconhecimento das responsabilidades sociais inerentes ao exercicio desse direito o direito de usar usufruir e dispor de um bem esta incluido entre as clausulas petreas intocaveis da nossa constituicao o uniao brasil defende este direito do cidadao com o mesmo rigor com que sustenta as demais regras garantidoras da democracia,"[""respeito"", ""ao"", ""direito"", ""de"", ""propriedade"", ""com"", ""reconhecimento"", ""das"", ""responsabilidades"", ""sociais"", ""inerentes"", ""ao"", ""exercicio"", ""desse"", ""direito"", ""o"", ""direito"", ""de"", ""usar"", ""usufruir"", ""e"", ""dispor"", ""de"", ""um"", ""bem"", ""esta"", ""incluido"", ""entre"", ""as"", ""clausulas"", ""petreas"", ""intocaveis"", ""da"", ""nossa"", ""constituicao"", ""o"", ""uniao"", ""brasil"", ""defende"", ""este"", ""direito"", ""do"", ""cidadao"", ""com"", ""o"", ""mesmo"", ""rigor"", ""com"", ""que"", ""sustenta"", ""as"", ""demais"", ""regras"", ""garantidoras"", ""da"", ""democracia""]"
63,"Valorização do papel econômico social das microempresas e estímulo à cultura do empreendedorismo. O país precisa levar a sério políticas específicas para este tipo de organização e promover a qualificação em empreendedorismo, assim como deve apoiar o cooperativismo e outras formas associativas de produção. É essencial, ainda, o reconhecimento do mercado informal, que carece de políticas públicas permanentes, de estímulo, qualificação e apoio aos milhões de homens e mulheres que vivem da força individual de trabalho.",valorizacao do papel economico social das microempresas e estimulo a cultura do empreendedorismo o pais precisa levar a serio politicas especificas para este tipo de organizacao e promover a qualificacao em empreendedorismo assim como deve apoiar o cooperativismo e outras formas associativas de producao e essencial ainda o reconhecimento do mercado informal que carece de politicas publicas permanentes de estimulo qualificacao e apoio aos milhoes de homens e mulheres que vivem da forca individual de trabalho,"[""valorizacao"", ""do"", ""papel"", ""economico"", ""social"", ""das"", ""microempresas"", ""e"", ""estimulo"", ""a"", ""cultura"", ""do"", ""empreendedorismo"", ""o"", ""pais"", ""precisa"", ""levar"", ""a"", ""serio"", ""politicas"", ""especificas"", ""para"", ""este"", ""tipo"", ""de"", ""organizacao"", ""e"", ""promover"", ""a"", ""qualificacao"", ""em"", ""empreendedorismo"", ""assim"", ""como"", ""deve"", ""apoiar"", ""o"", ""cooperativismo"", ""e"", ""outras"", ""formas"", ""associativas"", ""de"", ""producao"", ""e"", ""essencial"", ""ainda"", ""o"", ""reconhecimento"", ""do"", ""mercado"", ""informal"", ""que"", ""carece"", ""de"", ""politicas"", ""publicas"", ""permanentes"", ""de"", ""estimulo"", ""qualificacao"", ""e"", ""apoio"", ""aos"", ""milhoes"", ""de"", ""homens"", ""e"", ""mulheres"", ""que"", ""vivem"", ""da"", ""forca"", ""individual"", ""de"", ""trabalho""]"
64,24 25 Reconhecimento da força do campo e estímulo às boas práticas.,24 25 reconhecimento da forca do campo e estimulo as boas praticas,"[""24"", ""25"", ""reconhecimento"", ""da"", ""forca"", ""do"", ""campo"", ""e"", ""estimulo"", ""as"", ""boas"", ""praticas""]"
65,"Nas últimas décadas, o Agro se tornou o mais pujante segmento econômico brasileiro. O Agro faz do Brasil um dos principais players do comércio internacional. Os ganhos de produtividade do campo brasileiro são um ponto fora da curva, uma exceção feliz e bem-sucedida. É um exemplo do Brasil que dá certo, que produz agregando tecnologia a saberes seculares, que se faz ao mesmo tempo com a força dos grandes exportadores e com a força do pequeno agricultor familiar, por vezes organizado em cooperativas. E o mais importante: o Agro brasileiro que dá certo respeita e protege o meio ambiente. Esse Brasil que produz, gera e distribui riquezas e respeita o meio ambiente merece e deve ser reconhecido e estimulado.",nas ultimas decadas o agro se tornou o mais pujante segmento economico brasileiro o agro faz do brasil um dos principais players do comercio internacional os ganhos de produtividade do campo brasileiro sao um ponto fora da curva uma excecao feliz e bem sucedida e um exemplo do brasil que da certo que produz agregando tecnologia a saberes seculares que se faz ao mesmo tempo com a forca dos grandes exportadores e com a forca do pequeno agricultor familiar por vezes organizado em cooperativas e o mais importante o agro brasileiro que da certo respeita e protege o meio ambiente esse brasil que produz gera e distribui riquezas e respeita o meio ambiente merece e deve ser reconhecido e estimulado,"[""nas"", ""ultimas"", ""decadas"", ""o"", ""agro"", ""se"", ""tornou"", ""o"", ""mais"", ""pujante"", ""segmento"", ""economico"", ""brasileiro"", ""o"", ""agro"", ""faz"", ""do"", ""brasil"", ""um"", ""dos"", ""principais"", ""players"", ""do"", ""comercio"", ""internacional"", ""os"", ""ganhos"", ""de"", ""produtividade"", ""do"", ""campo"", ""brasileiro"", ""sao"", ""um"", ""ponto"", ""fora"", ""da"", ""curva"", ""uma"", ""excecao"", ""feliz"", ""e"", ""bem"", ""sucedida"", ""e"", ""um"", ""exemplo"", ""do"", ""brasil"", ""que"", ""da"", ""certo"", ""que"", ""produz"", ""agregando"", ""tecnologia"", ""a"", ""saberes"", ""seculares"", ""que"", ""se"", ""faz"", ""ao"", ""mesmo"", ""tempo"", ""com"", ""a"", ""forca"", ""dos"", ""grandes"", ""exportadores"", ""e"", ""com"", ""a"", ""forca"", ""do"", ""pequeno"", ""agricultor"", ""familiar"", ""por"", ""vezes"", ""organizado"", ""em"", ""cooperativas"", ""e"", ""o"", ""mais"", ""importante"", ""o"", ""agro"", ""brasileiro"", ""que"", ""da"", ""certo"", ""respeita"", ""e"", ""protege"", ""o"", ""meio"", ""ambiente"", ""esse"", ""brasil"", ""que"", ""produz"", ""gera"", ""e"", ""distribui"", ""riquezas"", ""e"", ""respeita"", ""o"", ""meio"", ""ambiente"", ""merece"", ""e"", ""deve"", ""ser"", ""reconhecido"", ""e"", ""estimulado""]"
66,"Resgate e fortalecimento de uma política ambiental responsável e sustentável. Assumimos o firme compromisso com a proteção dos nossos ecossistemas naturais e da vida silvestre, com a racionalização do uso dos recursos minerais, com o controle rigoroso da poluição industrial, da poluição gerada por esgotos urbanos e por veículos automotores, com a reciclagem do lixo e com o incentivo ao reflorestamento. A sustentabilidade não é mais uma escolha, é um imperativo.",resgate e fortalecimento de uma politica ambiental responsavel e sustentavel assumimos o firme compromisso com a protecao dos nossos ecossistemas naturais e da vida silvestre com a racionalizacao do uso dos recursos minerais com o controle rigoroso da poluicao industrial da poluicao gerada por esgotos urbanos e por veiculos automotores com a reciclagem do lixo e com o incentivo ao reflorestamento a sustentabilidade nao e mais uma escolha e um imperativo,"[""resgate"", ""e"", ""fortalecimento"", ""de"", ""uma"", ""politica"", ""ambiental"", ""responsavel"", ""e"", ""sustentavel"", ""assumimos"", ""o"", ""firme"", ""compromisso"", ""com"", ""a"", ""protecao"", ""dos"", ""nossos"", ""ecossistemas"", ""naturais"", ""e"", ""da"", ""vida"", ""silvestre"", ""com"", ""a"", ""racionalizacao"", ""do"", ""uso"", ""dos"", ""recursos"", ""minerais"", ""com"", ""o"", ""controle"", ""rigoroso"", ""da"", ""poluicao"", ""industrial"", ""da"", ""poluicao"", ""gerada"", ""por"", ""esgotos"", ""urbanos"", ""e"", ""por"", ""veiculos"", ""automotores"", ""com"", ""a"", ""reciclagem"", ""do"", ""lixo"", ""e"", ""com"", ""o"", ""incentivo"", ""ao"", ""reflorestamento"", ""a"", ""sustentabilidade"", ""nao"", ""e"", ""mais"", ""uma"", ""escolha"", ""e"", ""um"", ""imperativo""]"
67,"As mudanças climáticas são evidentes, já estão comprometendo as nossas condições de vida e demandam respostas enérgicas, imediatas.",as mudancas climaticas sao evidentes ja estao comprometendo as nossas condicoes de vida e demandam respostas energicas imediatas,"[""as"", ""mudancas"", ""climaticas"", ""sao"", ""evidentes"", ""ja"", ""estao"", ""comprometendo"", ""as"", ""nossas"", ""condicoes"", ""de"", ""vida"", ""e"", ""demandam"", ""respostas"", ""energicas"", ""imediatas""]"
68,Não existe planeta B.,nao existe planeta b,"[""nao"", ""existe"", ""planeta"", ""b""]"
69,"Não podemos contar apenas com a resiliência dos ecossistemas, temos que assumir responsabilidades e protagonismo, tanto para proteger nossos ecossistemas naturais como para ajudá-los em seu processo de restauração. 26 27 28 29 Fortalecimento de um política energética orientada para o aproveitamento racional dos nossos recursos naturais, buscando a aceleração do processo de diversificação e migração da nossa matriz energética para fontes limpas e sustentáveis, disponíveis em abundância Prioridade na construção de políticas públicas de longo prazo para o enfrentamento da complexa questão urbana, com destaque para as problemáticas de mobilidade e transporte coletivo, saneamento básico – que inclui o descarte apropriado dos dejetos sólidos – e meio ambiente/poluição.",nao podemos contar apenas com a resiliencia dos ecossistemas temos que assumir responsabilidades e protagonismo tanto para proteger nossos ecossistemas naturais como para ajuda los em seu processo de restauracao 26 27 28 29 fortalecimento de um politica energetica orientada para o aproveitamento racional dos nossos recursos naturais buscando a aceleracao do processo de diversificacao e migracao da nossa matriz energetica para fontes limpas e sustentaveis disponiveis em abundancia prioridade na construcao de politicas publicas de longo prazo para o enfrentamento da complexa questao urbana com destaque para as problematicas de mobilidade e transporte coletivo saneamento basico que inclui o descarte apropriado dos dejetos solidos e meio ambiente poluicao,"[""nao"", ""podemos"", ""contar"", ""apenas"", ""com"", ""a"", ""resiliencia"", ""dos"", ""ecossistemas"", ""temos"", ""que"", ""assumir"", ""responsabilidades"", ""e"", ""protagonismo"", ""tanto"", ""para"", ""proteger"", ""nossos"", ""ecossistemas"", ""naturais"", ""como"", ""para"", ""ajuda"", ""los"", ""em"", ""seu"", ""processo"", ""de"", ""restauracao"", ""26"", ""27"", ""28"", ""29"", ""fortalecimento"", ""de"", ""um"", ""politica"", ""energetica"", ""orientada"", ""para"", ""o"", ""aproveitamento"", ""racional"", ""dos"", ""nossos"", ""recursos"", ""naturais"", ""buscando"", ""a"", ""aceleracao"", ""do"", ""processo"", ""de"", ""diversificacao"", ""e"", ""migracao"", ""da"", ""nossa"", ""matriz"", ""energetica"", ""para"", ""fontes"", ""limpas"", ""e"", ""sustentaveis"", ""disponiveis"", ""em"", ""abundancia"", ""prioridade"", ""na"", ""construcao"", ""de"", ""politicas"", ""publicas"", ""de"", ""longo"", ""prazo"", ""para"", ""o"", ""enfrentamento"", ""da"", ""complexa"", ""questao"", ""urbana"", ""com"", ""destaque"", ""para"", ""as"", ""problematicas"", ""de"", ""mobilidade"", ""e"", ""transporte"", ""coletivo"", ""saneamento"", ""basico"", ""que"", ""inclui"", ""o"", ""descarte"", ""apropriado"", ""dos"", ""dejetos"", ""solidos"", ""e"", ""meio"", ""ambiente"", ""poluicao""]"
70,"Priorização de amplo programa de inclusão digital dos mais pobres. Na Era Digital e da Conectividade, o acesso à internet e demais ferramentas tecnológicas não é mais uma questão de luxo, é bem essencial, quase tão necessário como ter acesso à água tratada. Sem políticas públicas de inclusão digital, nossas desigualdades serão aprofundadas. Temos que garantir ao maior número de brasileiros amplo acesso à internet e a possibilidade de inserção nos grandes desafios e aventuras prenunciados para o século XXI.",priorizacao de amplo programa de inclusao digital dos mais pobres na era digital e da conectividade o acesso a internet e demais ferramentas tecnologicas nao e mais uma questao de luxo e bem essencial quase tao necessario como ter acesso a agua tratada sem politicas publicas de inclusao digital nossas desigualdades serao aprofundadas temos que garantir ao maior numero de brasileiros amplo acesso a internet e a possibilidade de insercao nos grandes desafios e aventuras prenunciados para o seculo xxi,"[""priorizacao"", ""de"", ""amplo"", ""programa"", ""de"", ""inclusao"", ""digital"", ""dos"", ""mais"", ""pobres"", ""na"", ""era"", ""digital"", ""e"", ""da"", ""conectividade"", ""o"", ""acesso"", ""a"", ""internet"", ""e"", ""demais"", ""ferramentas"", ""tecnologicas"", ""nao"", ""e"", ""mais"", ""uma"", ""questao"", ""de"", ""luxo"", ""e"", ""bem"", ""essencial"", ""quase"", ""tao"", ""necessario"", ""como"", ""ter"", ""acesso"", ""a"", ""agua"", ""tratada"", ""sem"", ""politicas"", ""publicas"", ""de"", ""inclusao"", ""digital"", ""nossas"", ""desigualdades"", ""serao"", ""aprofundadas"", ""temos"", ""que"", ""garantir"", ""ao"", ""maior"", ""numero"", ""de"", ""brasileiros"", ""amplo"", ""acesso"", ""a"", ""internet"", ""e"", ""a"", ""possibilidade"", ""de"", ""insercao"", ""nos"", ""grandes"", ""desafios"", ""e"", ""aventuras"", ""prenunciados"", ""para"", ""o"", ""seculo"", ""xxi""]"
71,"Revigoramento da Federação com maior autonomia política e financeira aos Estados e Municípios, por meio de uma melhor distribuição de encargos e fontes de recursos públicos. A descentralização de poderes e atribuições é a grande revolução prevista na Constituição municipalista de 1988, que ainda nos cabe cumprir.",revigoramento da federacao com maior autonomia politica e financeira aos estados e municipios por meio de uma melhor distribuicao de encargos e fontes de recursos publicos a descentralizacao de poderes e atribuicoes e a grande revolucao prevista na constituicao municipalista de 1988 que ainda nos cabe cumprir,"[""revigoramento"", ""da"", ""federacao"", ""com"", ""maior"", ""autonomia"", ""politica"", ""e"", ""financeira"", ""aos"", ""estados"", ""e"", ""municipios"", ""por"", ""meio"", ""de"", ""uma"", ""melhor"", ""distribuicao"", ""de"", ""encargos"", ""e"", ""fontes"", ""de"", ""recursos"", ""publicos"", ""a"", ""descentralizacao"", ""de"", ""poderes"", ""e"", ""atribuicoes"", ""e"", ""a"", ""grande"", ""revolucao"", ""prevista"", ""na"", ""constituicao"", ""municipalista"", ""de"", ""1988"", ""que"", ""ainda"", ""nos"", ""cabe"", ""cumprir""]"
72,"30 31 32 33 Execução de programas nacionais de desenvolvimento que considerem nossa diversidade plurirregional, propiciem a participação harmônica de todas as regiões e confiram especial ênfase à superação dos desníveis regionais de renda, que afetam especialmente o Norte e o Nordeste.",30 31 32 33 execucao de programas nacionais de desenvolvimento que considerem nossa diversidade plurirregional propiciem a participacao harmonica de todas as regioes e confiram especial enfase a superacao dos desniveis regionais de renda que afetam especialmente o norte e o nordeste,"[""30"", ""31"", ""32"", ""33"", ""execucao"", ""de"", ""programas"", ""nacionais"", ""de"", ""desenvolvimento"", ""que"", ""considerem"", ""nossa"", ""diversidade"", ""plurirregional"", ""propiciem"", ""a"", ""participacao"", ""harmonica"", ""de"", ""todas"", ""as"", ""regioes"", ""e"", ""confiram"", ""especial"", ""enfase"", ""a"", ""superacao"", ""dos"", ""desniveis"", ""regionais"", ""de"", ""renda"", ""que"", ""afetam"", ""especialmente"", ""o"", ""norte"", ""e"", ""o"", ""nordeste""]"
73,O Estado gasta muito e gasta mal.,o estado gasta muito e gasta mal,"[""o"", ""estado"", ""gasta"", ""muito"", ""e"", ""gasta"", ""mal""]"
74,"Somos a favor de privatizações, da eficiência do gasto e da diminuição da carga de impostos.",somos a favor de privatizacoes da eficiencia do gasto e da diminuicao da carga de impostos,"[""somos"", ""a"", ""favor"", ""de"", ""privatizacoes"", ""da"", ""eficiencia"", ""do"", ""gasto"", ""e"", ""da"", ""diminuicao"", ""da"", ""carga"", ""de"", ""impostos""]"
75,O Estado não é capaz de gerir tudo e a iniciativa privada é muito mais eficiente na gestão das empresas e dos recursos.,o estado nao e capaz de gerir tudo e a iniciativa privada e muito mais eficiente na gestao das empresas e dos recursos,"[""o"", ""estado"", ""nao"", ""e"", ""capaz"", ""de"", ""gerir"", ""tudo"", ""e"", ""a"", ""iniciativa"", ""privada"", ""e"", ""muito"", ""mais"", ""eficiente"", ""na"", ""gestao"", ""das"", ""empresas"", ""e"", ""dos"", ""recursos""]"
76,"A privatização garante a desburocratização, a independência política nas ações e diminui o risco de corrupção.",a privatizacao garante a desburocratizacao a independencia politica nas acoes e diminui o risco de corrupcao,"[""a"", ""privatizacao"", ""garante"", ""a"", ""desburocratizacao"", ""a"", ""independencia"", ""politica"", ""nas"", ""acoes"", ""e"", ""diminui"", ""o"", ""risco"", ""de"", ""corrupcao""]"
77,"No entanto, não caímos na armadilha do Estado Mínimo.",no entanto nao caimos na armadilha do estado minimo,"[""no"", ""entanto"", ""nao"", ""caimos"", ""na"", ""armadilha"", ""do"", ""estado"", ""minimo""]"
78,"Acreditamos na construção de um Estado eficiente e fiel às suas obrigações indelegáveis: saúde, segurança, educação, assistência social, regulação, indução, garantia de oportunidades e promoção da equidade. Limitação da atividade empresarial do Estado, condicionando-a às hipóteses de ausência da iniciativa privada e tendo em vista atender à defesa nacional ou garantir a continuidade do processo de desenvolvimento do país. Disciplinamento das atividades das empresas estatais, subordinando-as à efetiva fiscalização da sociedade brasileira. Compromisso com as reformas, sem as quais o Brasil permanecerá refém da burocracia, do atraso, do desequilíbrio fiscal, da iniquidade.",acreditamos na construcao de um estado eficiente e fiel as suas obrigacoes indelegaveis saude seguranca educacao assistencia social regulacao inducao garantia de oportunidades e promocao da equidade limitacao da atividade empresarial do estado condicionando a as hipoteses de ausencia da iniciativa privada e tendo em vista atender a defesa nacional ou garantir a continuidade do processo de desenvolvimento do pais disciplinamento das atividades das empresas estatais subordinando as a efetiva fiscalizacao da sociedade brasileira compromisso com as reformas sem as quais o brasil permanecera refem da burocracia do atraso do desequilibrio fiscal da iniquidade,"[""acreditamos"", ""na"", ""construcao"", ""de"", ""um"", ""estado"", ""eficiente"", ""e"", ""fiel"", ""as"", ""suas"", ""obrigacoes"", ""indelegaveis"", ""saude"", ""seguranca"", ""educacao"", ""assistencia"", ""social"", ""regulacao"", ""inducao"", ""garantia"", ""de"", ""oportunidades"", ""e"", ""promocao"", ""da"", ""equidade"", ""limitacao"", ""da"", ""atividade"", ""empresarial"", ""do"", ""estado"", ""condicionando"", ""a"", ""as"", ""hipoteses"", ""de"", ""ausencia"", ""da"", ""iniciativa"", ""privada"", ""e"", ""tendo"", ""em"", ""vista"", ""atender"", ""a"", ""defesa"", ""nacional"", ""ou"", ""garantir"", ""a"", ""continuidade"", ""do"", ""processo"", ""de"", ""desenvolvimento"", ""do"", ""pais"", ""disciplinamento"", ""das"", ""atividades"", ""das"", ""empresas"", ""estatais"", ""subordinando"", ""as"", ""a"", ""efetiva"", ""fiscalizacao"", ""da"", ""sociedade"", ""brasileira"", ""compromisso"", ""com"", ""as"", ""reformas"", ""sem"", ""as"", ""quais"", ""o"", ""brasil"", ""permanecera"", ""refem"", ""da"", ""burocracia"", ""do"", ""atraso"", ""do"", ""desequilibrio"", ""fiscal"", ""da"", ""iniquidade""]"
79,"Entendemos que, além de necessárias, as reformas são urgentes e imediatas.",entendemos que alem de necessarias as reformas sao urgentes e imediatas,"[""entendemos"", ""que"", ""alem"", ""de"", ""necessarias"", ""as"", ""reformas"", ""sao"", ""urgentes"", ""e"", ""imediatas""]"
80,34 35 36 Fim do Estado de privilégios.,34 35 36 fim do estado de privilegios,"[""34"", ""35"", ""36"", ""fim"", ""do"", ""estado"", ""de"", ""privilegios""]"
81,O Brasil tem nos privilégios um pecado de origem.,o brasil tem nos privilegios um pecado de origem,"[""o"", ""brasil"", ""tem"", ""nos"", ""privilegios"", ""um"", ""pecado"", ""de"", ""origem""]"
82,"O Estado precisa ser reformado para que se ponha fim às gritantes diferenças entre políticos e cidadãos, trabalhadores da iniciativa privada e funcionários públicos.",o estado precisa ser reformado para que se ponha fim as gritantes diferencas entre politicos e cidadaos trabalhadores da iniciativa privada e funcionarios publicos,"[""o"", ""estado"", ""precisa"", ""ser"", ""reformado"", ""para"", ""que"", ""se"", ""ponha"", ""fim"", ""as"", ""gritantes"", ""diferencas"", ""entre"", ""politicos"", ""e"", ""cidadaos"", ""trabalhadores"", ""da"", ""iniciativa"", ""privada"", ""e"", ""funcionarios"", ""publicos""]"
83,A sociedade manifesta com clareza sua indignação com os privilégios que se multiplicam na esfera pública e são bancados pelos contribuintes.,a sociedade manifesta com clareza sua indignacao com os privilegios que se multiplicam na esfera publica e sao bancados pelos contribuintes,"[""a"", ""sociedade"", ""manifesta"", ""com"", ""clareza"", ""sua"", ""indignacao"", ""com"", ""os"", ""privilegios"", ""que"", ""se"", ""multiplicam"", ""na"", ""esfera"", ""publica"", ""e"", ""sao"", ""bancados"", ""pelos"", ""contribuintes""]"
84,Precisamos abraçar com franqueza e coragem esse debate e efetivar as mudanças que a sociedade brasileira exige.,precisamos abracar com franqueza e coragem esse debate e efetivar as mudancas que a sociedade brasileira exige,"[""precisamos"", ""abracar"", ""com"", ""franqueza"", ""e"", ""coragem"", ""esse"", ""debate"", ""e"", ""efetivar"", ""as"", ""mudancas"", ""que"", ""a"", ""sociedade"", ""brasileira"", ""exige""]"
85,"Execução de uma política de gastos públicos, eficaz e equilibrada, austera e não inflacionária.",execucao de uma politica de gastos publicos eficaz e equilibrada austera e nao inflacionaria,"[""execucao"", ""de"", ""uma"", ""politica"", ""de"", ""gastos"", ""publicos"", ""eficaz"", ""e"", ""equilibrada"", ""austera"", ""e"", ""nao"", ""inflacionaria""]"
86,"Estamos cansados de saber que o Estado brasileiro custa muito e entrega pouco. Essa equação tem produzido imenso desgaste junto aos cidadãos brasileiros, que se rendem ao ceticismo e ao desencanto com o país porque pagam muito imposto e em troca recebem serviços precários.",estamos cansados de saber que o estado brasileiro custa muito e entrega pouco essa equacao tem produzido imenso desgaste junto aos cidadaos brasileiros que se rendem ao ceticismo e ao desencanto com o pais porque pagam muito imposto e em troca recebem servicos precarios,"[""estamos"", ""cansados"", ""de"", ""saber"", ""que"", ""o"", ""estado"", ""brasileiro"", ""custa"", ""muito"", ""e"", ""entrega"", ""pouco"", ""essa"", ""equacao"", ""tem"", ""produzido"", ""imenso"", ""desgaste"", ""junto"", ""aos"", ""cidadaos"", ""brasileiros"", ""que"", ""se"", ""rendem"", ""ao"", ""ceticismo"", ""e"", ""ao"", ""desencanto"", ""com"", ""o"", ""pais"", ""porque"", ""pagam"", ""muito"", ""imposto"", ""e"", ""em"", ""troca"", ""recebem"", ""servicos"", ""precarios""]"
87,Inverter essa lógica é prioridade máxima: gastar menos com a máquina e mais com o cidadão.,inverter essa logica e prioridade maxima gastar menos com a maquina e mais com o cidadao,"[""inverter"", ""essa"", ""logica"", ""e"", ""prioridade"", ""maxima"", ""gastar"", ""menos"", ""com"", ""a"", ""maquina"", ""e"", ""mais"", ""com"", ""o"", ""cidadao""]"
88,"Respeito ao cidadão e excelência na prestação do serviço público. Para que o Estado seja eficiente e amigável aos cidadãos é necessário reorganizar, modernizar e melhorar a administração pública; dotá-la do que há de mais avançado em tecnologia, torná-la não apenas enxuta, mas resolutiva. 37 38 39 40 Compromisso claro com a rigorosa observância das normas de austeridade, honestidade e transparência no trato dos assuntos públicos. É fundamental e urgente o estímulo à universalização de programas e práticas de compliance público, com a adoção de rotinas de prevenção a desvios, a condutas irregulares e ao desperdício de recursos públicos, e o fortalecimento de uma cultura de seriedade, austeridade e excelência no serviço público. Uma Democracia sólida e estável requer uma cidadania participativa e vigilante. Às lideranças políticas cumpre estimular permanentemente a ampla participação da sociedade na fiscalização dos atos governamentais e políticos. O estímulo à participação das mulheres na política é imprescindível para a renovação das lideranças e das práticas.",respeito ao cidadao e excelencia na prestacao do servico publico para que o estado seja eficiente e amigavel aos cidadaos e necessario reorganizar modernizar e melhorar a administracao publica dota la do que ha de mais avancado em tecnologia torna la nao apenas enxuta mas resolutiva 37 38 39 40 compromisso claro com a rigorosa observancia das normas de austeridade honestidade e transparencia no trato dos assuntos publicos e fundamental e urgente o estimulo a universalizacao de programas e praticas de compliance publico com a adocao de rotinas de prevencao a desvios a condutas irregulares e ao desperdicio de recursos publicos e o fortalecimento de uma cultura de seriedade austeridade e excelencia no servico publico uma democracia solida e estavel requer uma cidadania participativa e vigilante as liderancas politicas cumpre estimular permanentemente a ampla participacao da sociedade na fiscalizacao dos atos governamentais e politicos o estimulo a participacao das mulheres na politica e imprescindivel para a renovacao das liderancas e das praticas,"[""respeito"", ""ao"", ""cidadao"", ""e"", ""excelencia"", ""na"", ""prestacao"", ""do"", ""servico"", ""publico"", ""para"", ""que"", ""o"", ""estado"", ""seja"", ""eficiente"", ""e"", ""amigavel"", ""aos"", ""cidadaos"", ""e"", ""necessario"", ""reorganizar"", ""modernizar"", ""e"", ""melhorar"", ""a"", ""administracao"", ""publica"", ""dota"", ""la"", ""do"", ""que"", ""ha"", ""de"", ""mais"", ""avancado"", ""em"", ""tecnologia"", ""torna"", ""la"", ""nao"", ""apenas"", ""enxuta"", ""mas"", ""resolutiva"", ""37"", ""38"", ""39"", ""40"", ""compromisso"", ""claro"", ""com"", ""a"", ""rigorosa"", ""observancia"", ""das"", ""normas"", ""de"", ""austeridade"", ""honestidade"", ""e"", ""transparencia"", ""no"", ""trato"", ""dos"", ""assuntos"", ""publicos"", ""e"", ""fundamental"", ""e"", ""urgente"", ""o"", ""estimulo"", ""a"", ""universalizacao"", ""de"", ""programas"", ""e"", ""praticas"", ""de"", ""compliance"", ""publico"", ""com"", ""a"", ""adocao"", ""de"", ""rotinas"", ""de"", ""prevencao"", ""a"", ""desvios"", ""a"", ""condutas"", ""irregulares"", ""e"", ""ao"", ""desperdicio"", ""de"", ""recursos"", ""publicos"", ""e"", ""o"", ""fortalecimento"", ""de"", ""uma"", ""cultura"", ""de"", ""seriedade"", ""austeridade"", ""e"", ""excelencia"", ""no"", ""servico"", ""publico"", ""uma"", ""democracia"", ""solida"", ""e"", ""estavel"", ""requer"", ""uma"", ""cidadania"", ""participativa"", ""e"", ""vigilante"", ""as"", ""liderancas"", ""politicas"", ""cumpre"", ""estimular"", ""permanentemente"", ""a"", ""ampla"", ""participacao"", ""da"", ""sociedade"", ""na"", ""fiscalizacao"", ""dos"", ""atos"", ""governamentais"", ""e"", ""politicos"", ""o"", ""estimulo"", ""a"", ""participacao"", ""das"", ""mulheres"", ""na"", ""politica"", ""e"", ""imprescindivel"", ""para"", ""a"", ""renovacao"", ""das"", ""liderancas"", ""e"", ""das"", ""praticas""]"
89,"No Brasil, há décadas, as mulheres conquistaram o direito ao voto. Porém, o protagonismo feminino na política ainda se encontra bem aquém do desejado. Assumimos o firme compromisso de trabalhar pela inserção e qualificação das mulheres na política brasileira, em posições e cargos de comando, dentro e fora das estruturas partidárias. Formação de consciência cidadã, resgate do interesse e da confiança da juventude brasileira na política e estímulo ao seu protagonismo.",no brasil ha decadas as mulheres conquistaram o direito ao voto porem o protagonismo feminino na politica ainda se encontra bem aquem do desejado assumimos o firme compromisso de trabalhar pela insercao e qualificacao das mulheres na politica brasileira em posicoes e cargos de comando dentro e fora das estruturas partidarias formacao de consciencia cidada resgate do interesse e da confianca da juventude brasileira na politica e estimulo ao seu protagonismo,"[""no"", ""brasil"", ""ha"", ""decadas"", ""as"", ""mulheres"", ""conquistaram"", ""o"", ""direito"", ""ao"", ""voto"", ""porem"", ""o"", ""protagonismo"", ""feminino"", ""na"", ""politica"", ""ainda"", ""se"", ""encontra"", ""bem"", ""aquem"", ""do"", ""desejado"", ""assumimos"", ""o"", ""firme"", ""compromisso"", ""de"", ""trabalhar"", ""pela"", ""insercao"", ""e"", ""qualificacao"", ""das"", ""mulheres"", ""na"", ""politica"", ""brasileira"", ""em"", ""posicoes"", ""e"", ""cargos"", ""de"", ""comando"", ""dentro"", ""e"", ""fora"", ""das"", ""estruturas"", ""partidarias"", ""formacao"", ""de"", ""consciencia"", ""cidada"", ""resgate"", ""do"", ""interesse"", ""e"", ""da"", ""confianca"", ""da"", ""juventude"", ""brasileira"", ""na"", ""politica"", ""e"", ""estimulo"", ""ao"", ""seu"", ""protagonismo""]"
90,"Um dos mais tristes dados revelados em recentes pesquisas nacionais é o desinteresse dos jovens pela política, ao lado do desalento com o país. A formação e a qualificação dos jovens para a vida política serão uma de nossas prioridades. A política brasileira necessita da energia, do entusiasmo, da renovação de ideias e até da rebeldia dos nossos jovens. 41 42 43 44 Estímulo à participação das minorias na política como caminho fundamental para a saúde da Democracia brasileira. Trabalharemos para garantir que a pluralidade de vozes da sociedade brasileira se faça sentir em suas várias instituições e que direitos e demandas das minorias encontrem real expressão política. Fomento e amparo às ações voltadas à preservação e ao enriquecimento dos valores e da identidade cultural brasileira, em suas diversas manifestações, origens, aportes, tradições e histórias.",um dos mais tristes dados revelados em recentes pesquisas nacionais e o desinteresse dos jovens pela politica ao lado do desalento com o pais a formacao e a qualificacao dos jovens para a vida politica serao uma de nossas prioridades a politica brasileira necessita da energia do entusiasmo da renovacao de ideias e ate da rebeldia dos nossos jovens 41 42 43 44 estimulo a participacao das minorias na politica como caminho fundamental para a saude da democracia brasileira trabalharemos para garantir que a pluralidade de vozes da sociedade brasileira se faca sentir em suas varias instituicoes e que direitos e demandas das minorias encontrem real expressao politica fomento e amparo as acoes voltadas a preservacao e ao enriquecimento dos valores e da identidade cultural brasileira em suas diversas manifestacoes origens aportes tradicoes e historias,"[""um"", ""dos"", ""mais"", ""tristes"", ""dados"", ""revelados"", ""em"", ""recentes"", ""pesquisas"", ""nacionais"", ""e"", ""o"", ""desinteresse"", ""dos"", ""jovens"", ""pela"", ""politica"", ""ao"", ""lado"", ""do"", ""desalento"", ""com"", ""o"", ""pais"", ""a"", ""formacao"", ""e"", ""a"", ""qualificacao"", ""dos"", ""jovens"", ""para"", ""a"", ""vida"", ""politica"", ""serao"", ""uma"", ""de"", ""nossas"", ""prioridades"", ""a"", ""politica"", ""brasileira"", ""necessita"", ""da"", ""energia"", ""do"", ""entusiasmo"", ""da"", ""renovacao"", ""de"", ""ideias"", ""e"", ""ate"", ""da"", ""rebeldia"", ""dos"", ""nossos"", ""jovens"", ""41"", ""42"", ""43"", ""44"", ""estimulo"", ""a"", ""participacao"", ""das"", ""minorias"", ""na"", ""politica"", ""como"", ""caminho"", ""fundamental"", ""para"", ""a"", ""saude"", ""da"", ""democracia"", ""brasileira"", ""trabalharemos"", ""para"", ""garantir"", ""que"", ""a"", ""pluralidade"", ""de"", ""vozes"", ""da"", ""sociedade"", ""brasileira"", ""se"", ""faca"", ""sentir"", ""em"", ""suas"", ""varias"", ""instituicoes"", ""e"", ""que"", ""direitos"", ""e"", ""demandas"", ""das"", ""minorias"", ""encontrem"", ""real"", ""expressao"", ""politica"", ""fomento"", ""e"", ""amparo"", ""as"", ""acoes"", ""voltadas"", ""a"", ""preservacao"", ""e"", ""ao"", ""enriquecimento"", ""dos"", ""valores"", ""e"", ""da"", ""identidade"", ""cultural"", ""brasileira"", ""em"", ""suas"", ""diversas"", ""manifestacoes"", ""origens"", ""aportes"", ""tradicoes"", ""e"", ""historias""]"
91,"Liberdade de criação cultural e artística. Defesa do patrimônio histórico, artístico e cultural do Brasil.",liberdade de criacao cultural e artistica defesa do patrimonio historico artistico e cultural do brasil,"[""liberdade"", ""de"", ""criacao"", ""cultural"", ""e"", ""artistica"", ""defesa"", ""do"", ""patrimonio"", ""historico"", ""artistico"", ""e"", ""cultural"", ""do"", ""brasil""]"
92,"Sempre preservando integral fidelidade ao interesse nacional, propomos uma política externa fundada no princípio da igualdade soberana dos Estados e no respeito à autodeterminação dos povos, orientada em favor da paz mundial, do desarmamento e de uma divisão mais justa do poder político e econômico mundial. Preconizamos a cooperação e o intercâmbio cultural com todos os países, com base no princípio da reciprocidade. Almejamos a redução progressiva de nossa dependência do Exterior, especialmente no campo tecnológico, mantendo, todavia, nossas janelas abertas para o mundo, na busca de uma justa e construtiva interdependência. Empenho para que o Brasil seja respeitado no cenário internacional. Que nossa força econômica seja reconhecida, que nossa credibilidade seja restaurada e nossa histórica capacidade política de player internacional seja reconquistada. Temos que nos fazer respeitar por nossas habilidades e aportes para a construção das agendas e da ordem global, como os acordos climáticos e defesa dos Direitos Humanos. Apresentados os nossos compromissos e valores fundamentais, resta dizer que seguiremos sempre abertos ao diálogo com as demais forças políticas. O respeito e a tolerância sempre caminharão de par com nossas convicções. Toda sociedade nacional democrática se constrói e avança a partir dos embates, das disputas de ideologias e de projetos. Cada força política, assim como cada cidadão, tem seus valores, sua visão de mundo e de futuro. Essa divergência é saudável e necessária ao avanço das sociedades.",sempre preservando integral fidelidade ao interesse nacional propomos uma politica externa fundada no principio da igualdade soberana dos estados e no respeito a autodeterminacao dos povos orientada em favor da paz mundial do desarmamento e de uma divisao mais justa do poder politico e economico mundial preconizamos a cooperacao e o intercambio cultural com todos os paises com base no principio da reciprocidade almejamos a reducao progressiva de nossa dependencia do exterior especialmente no campo tecnologico mantendo todavia nossas janelas abertas para o mundo na busca de uma justa e construtiva interdependencia empenho para que o brasil seja respeitado no cenario internacional que nossa forca economica seja reconhecida que nossa credibilidade seja restaurada e nossa historica capacidade politica de player internacional seja reconquistada temos que nos fazer respeitar por nossas habilidades e aportes para a construcao das agendas e da ordem global como os acordos climaticos e defesa dos direitos humanos apresentados os nossos compromissos e valores fundamentais resta dizer que seguiremos sempre abertos ao dialogo com as demais forcas politicas o respeito e a tolerancia sempre caminharao de par com nossas conviccoes toda sociedade nacional democratica se constroi e avanca a partir dos embates das disputas de ideologias e de projetos cada forca politica assim como cada cidadao tem seus valores sua visao de mundo e de futuro essa divergencia e saudavel e necessaria ao avanco das sociedades,"[""sempre"", ""preservando"", ""integral"", ""fidelidade"", ""ao"", ""interesse"", ""nacional"", ""propomos"", ""uma"", ""politica"", ""externa"", ""fundada"", ""no"", ""principio"", ""da"", ""igualdade"", ""soberana"", ""dos"", ""estados"", ""e"", ""no"", ""respeito"", ""a"", ""autodeterminacao"", ""dos"", ""povos"", ""orientada"", ""em"", ""favor"", ""da"", ""paz"", ""mundial"", ""do"", ""desarmamento"", ""e"", ""de"", ""uma"", ""divisao"", ""mais"", ""justa"", ""do"", ""poder"", ""politico"", ""e"", ""economico"", ""mundial"", ""preconizamos"", ""a"", ""cooperacao"", ""e"", ""o"", ""intercambio"", ""cultural"", ""com"", ""todos"", ""os"", ""paises"", ""com"", ""base"", ""no"", ""principio"", ""da"", ""reciprocidade"", ""almejamos"", ""a"", ""reducao"", ""progressiva"", ""de"", ""nossa"", ""dependencia"", ""do"", ""exterior"", ""especialmente"", ""no"", ""campo"", ""tecnologico"", ""mantendo"", ""todavia"", ""nossas"", ""janelas"", ""abertas"", ""para"", ""o"", ""mundo"", ""na"", ""busca"", ""de"", ""uma"", ""justa"", ""e"", ""construtiva"", ""interdependencia"", ""empenho"", ""para"", ""que"", ""o"", ""brasil"", ""seja"", ""respeitado"", ""no"", ""cenario"", ""internacional"", ""que"", ""nossa"", ""forca"", ""economica"", ""seja"", ""reconhecida"", ""que"", ""nossa"", ""credibilidade"", ""seja"", ""restaurada"", ""e"", ""nossa"", ""historica"", ""capacidade"", ""politica"", ""de"", ""player"", ""internacional"", ""seja"", ""reconquistada"", ""temos"", ""que"", ""nos"", ""fazer"", ""respeitar"", ""por"", ""nossas"", ""habilidades"", ""e"", ""aportes"", ""para"", ""a"", ""construcao"", ""das"", ""agendas"", ""e"", ""da"", ""ordem"", ""global"", ""como"", ""os"", ""acordos"", ""climaticos"", ""e"", ""defesa"", ""dos"", ""direitos"", ""humanos"", ""apresentados"", ""os"", ""nossos"", ""compromissos"", ""e"", ""valores"", ""fundamentais"", ""resta"", ""dizer"", ""que"", ""seguiremos"", ""sempre"", ""abertos"", ""ao"", ""dialogo"", ""com"", ""as"", ""demais"", ""forcas"", ""politicas"", ""o"", ""respeito"", ""e"", ""a"", ""tolerancia"", ""sempre"", ""caminharao"", ""de"", ""par"", ""com"", ""nossas"", ""conviccoes"", ""toda"", ""sociedade"", ""nacional"", ""democratica"", ""se"", ""constroi"", ""e"", ""avanca"", ""a"", ""partir"", ""dos"", ""embates"", ""das"", ""disputas"", ""de"", ""ideologias"", ""e"", ""de"", ""projetos"", ""cada"", ""forca"", ""politica"", ""assim"", ""como"", ""cada"", ""cidadao"", ""tem"", ""seus"", ""valores"", ""sua"", ""visao"", ""de"", ""mundo"", ""e"", ""de"", ""futuro"", ""essa"", ""divergencia"", ""e"", ""saudavel"", ""e"", ""necessaria"", ""ao"", ""avanco"", ""das"", ""sociedades""]"
93,"O que não se pode admitir é que as divergências sejam maiores nem mais fortes que o compromisso de cada ator político, de cada cidadão com a coletividade.",o que nao se pode admitir e que as divergencias sejam maiores nem mais fortes que o compromisso de cada ator politico de cada cidadao com a coletividade,"[""o"", ""que"", ""nao"", ""se"", ""pode"", ""admitir"", ""e"", ""que"", ""as"", ""divergencias"", ""sejam"", ""maiores"", ""nem"", ""mais"", ""fortes"", ""que"", ""o"", ""compromisso"", ""de"", ""cada"", ""ator"", ""politico"", ""de"", ""cada"", ""cidadao"", ""com"", ""a"", ""coletividade""]"
94,"Aqui voltamos ao Amor pelo Brasil, que sempre, sempre deve estar no início, no meio e no fim de toda ação política, de toda ação cidadã. O Amor pelo Brasil é a nossa liga.",aqui voltamos ao amor pelo brasil que sempre sempre deve estar no inicio no meio e no fim de toda acao politica de toda acao cidada o amor pelo brasil e a nossa liga,"[""aqui"", ""voltamos"", ""ao"", ""amor"", ""pelo"", ""brasil"", ""que"", ""sempre"", ""sempre"", ""deve"", ""estar"", ""no"", ""inicio"", ""no"", ""meio"", ""e"", ""no"", ""fim"", ""de"", ""toda"", ""acao"", ""politica"", ""de"", ""toda"", ""acao"", ""cidada"", ""o"", ""amor"", ""pelo"", ""brasil"", ""e"", ""a"", ""nossa"", ""liga""]"
95,"Toda nação deve buscar responder permanentemente a uma pergunta: que país desejamos SER? Então, que BRASIL desejamos SER e LEGAR para as futuras gerações? Para responder a essa pergunta, precisamos mergulhar na nossa história, obviamente.",toda nacao deve buscar responder permanentemente a uma pergunta que pais desejamos ser entao que brasil desejamos ser e legar para as futuras geracoes para responder a essa pergunta precisamos mergulhar na nossa historia obviamente,"[""toda"", ""nacao"", ""deve"", ""buscar"", ""responder"", ""permanentemente"", ""a"", ""uma"", ""pergunta"", ""que"", ""pais"", ""desejamos"", ""ser"", ""entao"", ""que"", ""brasil"", ""desejamos"", ""ser"", ""e"", ""legar"", ""para"", ""as"", ""futuras"", ""geracoes"", ""para"", ""responder"", ""a"", ""essa"", ""pergunta"", ""precisamos"", ""mergulhar"", ""na"", ""nossa"", ""historia"", ""obviamente""]"
96,Não podemos inventar um Brasil do nada.,nao podemos inventar um brasil do nada,"[""nao"", ""podemos"", ""inventar"", ""um"", ""brasil"", ""do"", ""nada""]"
97,"Precisamos olhar para a nossa trajetória e enxergar nossas sombras e nossas luzes, e ali escolher com que repertório desejamos escrever o futuro.",precisamos olhar para a nossa trajetoria e enxergar nossas sombras e nossas luzes e ali escolher com que repertorio desejamos escrever o futuro,"[""precisamos"", ""olhar"", ""para"", ""a"", ""nossa"", ""trajetoria"", ""e"", ""enxergar"", ""nossas"", ""sombras"", ""e"", ""nossas"", ""luzes"", ""e"", ""ali"", ""escolher"", ""com"", ""que"", ""repertorio"", ""desejamos"", ""escrever"", ""o"", ""futuro""]"
98,"Sem ignorar as muitas páginas de violência da história brasileira, sem deixar de enxergar com clareza as várias violências que oprimem os brasileiros no presente, lancemos um olhar sobre as nossas riquezas como povo, sobre as nossas qualidades e belezas.",sem ignorar as muitas paginas de violencia da historia brasileira sem deixar de enxergar com clareza as varias violencias que oprimem os brasileiros no presente lancemos um olhar sobre as nossas riquezas como povo sobre as nossas qualidades e belezas,"[""sem"", ""ignorar"", ""as"", ""muitas"", ""paginas"", ""de"", ""violencia"", ""da"", ""historia"", ""brasileira"", ""sem"", ""deixar"", ""de"", ""enxergar"", ""com"", ""clareza"", ""as"", ""varias"", ""violencias"", ""que"", ""oprimem"", ""os"", ""brasileiros"", ""no"", ""presente"", ""lancemos"", ""um"", ""olhar"", ""sobre"", ""as"", ""nossas"", ""riquezas"", ""como"", ""povo"", ""sobre"", ""as"", ""nossas"", ""qualidades"", ""e"", ""belezas""]"
99,O futuro é sempre uma escolha.,o futuro e sempre uma escolha,"[""o"", ""futuro"", ""e"", ""sempre"", ""uma"", ""escolha""]"
100,"Podemos escolher o preconceito, a intolerância, a divisão, a opressão. Ou podemos escolher a solidariedade, a Alegria, a capacidade de luta, de superação, a ternura, o afeto, a criatividade que temos em abundância. Quando e em que momentos demos o melhor de nós?",podemos escolher o preconceito a intolerancia a divisao a opressao ou podemos escolher a solidariedade a alegria a capacidade de luta de superacao a ternura o afeto a criatividade que temos em abundancia quando e em que momentos demos o melhor de nos,"[""podemos"", ""escolher"", ""o"", ""preconceito"", ""a"", ""intolerancia"", ""a"", ""divisao"", ""a"", ""opressao"", ""ou"", ""podemos"", ""escolher"", ""a"", ""solidariedade"", ""a"", ""alegria"", ""a"", ""capacidade"", ""de"", ""luta"", ""de"", ""superacao"", ""a"", ""ternura"", ""o"", ""afeto"", ""a"", ""criatividade"", ""que"", ""temos"", ""em"", ""abundancia"", ""quando"", ""e"", ""em"", ""que"", ""momentos"", ""demos"", ""o"", ""melhor"", ""de"", ""nos""]"
101,Que tal buscarmos aí a matéria-prima para a construção do nosso futuro?,que tal buscarmos ai a materia prima para a construcao do nosso futuro,"[""que"", ""tal"", ""buscarmos"", ""ai"", ""a"", ""materia"", ""prima"", ""para"", ""a"", ""construcao"", ""do"", ""nosso"", ""futuro""]"
102,"O União Brasil nasce sob o signo do otimismo, da esperança e, principalmente, da CONFIANÇA no Brasil e nos brasileiros. O Brasil que queremos e pelo qual lutaremos é esse Brasil das luzes, do talento, da criatividade, da musicalidade, da capacidade de festejar, de acolher, de abraçar. O Brasil da garra, da luta, da capacidade de reinvenção, da imensa e inesgotável capacidade de trabalho. O Brasil do povo solidário, que enxerga a dor do outro e estende a mão. O Brasil do Amor, da Fé e da União. Sigamos juntos, cerrando fileiras, com os corações animados pelo orgulho do Brasil, pelo orgulho do que temos e somos de melhor.",o uniao brasil nasce sob o signo do otimismo da esperanca e principalmente da confianca no brasil e nos brasileiros o brasil que queremos e pelo qual lutaremos e esse brasil das luzes do talento da criatividade da musicalidade da capacidade de festejar de acolher de abracar o brasil da garra da luta da capacidade de reinvencao da imensa e inesgotavel capacidade de trabalho o brasil do povo solidario que enxerga a dor do outro e estende a mao o brasil do amor da fe e da uniao sigamos juntos cerrando fileiras com os coracoes animados pelo orgulho do brasil pelo orgulho do que temos e somos de melhor,"[""o"", ""uniao"", ""brasil"", ""nasce"", ""sob"", ""o"", ""signo"", ""do"", ""otimismo"", ""da"", ""esperanca"", ""e"", ""principalmente"", ""da"", ""confianca"", ""no"", ""brasil"", ""e"", ""nos"", ""brasileiros"", ""o"", ""brasil"", ""que"", ""queremos"", ""e"", ""pelo"", ""qual"", ""lutaremos"", ""e"", ""esse"", ""brasil"", ""das"", ""luzes"", ""do"", ""talento"", ""da"", ""criatividade"", ""da"", ""musicalidade"", ""da"", ""capacidade"", ""de"", ""festejar"", ""de"", ""acolher"", ""de"", ""abracar"", ""o"", ""brasil"", ""da"", ""garra"", ""da"", ""luta"", ""da"", ""capacidade"", ""de"", ""reinvencao"", ""da"", ""imensa"", ""e"", ""inesgotavel"", ""capacidade"", ""de"", ""trabalho"", ""o"", ""brasil"", ""do"", ""povo"", ""solidario"", ""que"", ""enxerga"", ""a"", ""dor"", ""do"", ""outro"", ""e"", ""estende"", ""a"", ""mao"", ""o"", ""brasil"", ""do"", ""amor"", ""da"", ""fe"", ""e"", ""da"", ""uniao"", ""sigamos"", ""juntos"", ""cerrando"", ""fileiras"", ""com"", ""os"", ""coracoes"", ""animados"", ""pelo"", ""orgulho"", ""do"", ""brasil"", ""pelo"", ""orgulho"", ""do"", ""que"", ""temos"", ""e"", ""somos"", ""de"", ""melhor""]"
103,"Nosso verdadeiro destino como nação espera nosso compromisso, nosso empenho e nossa determinação para se tornar realidade. Coloquemos as mãos à obra!",nosso verdadeiro destino como nacao espera nosso compromisso nosso empenho e nossa determinacao para se tornar realidade coloquemos as maos a obra,"[""nosso"", ""verdadeiro"", ""destino"", ""como"", ""nacao"", ""espera"", ""nosso"", ""compromisso"", ""nosso"", ""empenho"", ""e"", ""nossa"", ""determinacao"", ""para"", ""se"", ""tornar"", ""realidade"", ""coloquemos"", ""as"", ""maos"", ""a"", ""obra""]"
104,"União, Brasil!",uniao brasil,"[""uniao"", ""brasil""]"
