chunk_id,chunk_text,preprocess_agenda,tokens
0,"PROGRAMA COMPROMISSO COM O FUTURO Programa do Partido Socialismo e Liberdade Apresentação O surgimento do PSOL representou um marco na história da esquerda brasileira, trazendo à cena um novo instrumento político de luta, comprometido com a defesa e a construção de uma estratégia socialista pautada na democracia e na liberdade.",programa compromisso com o futuro programa de o partido socialismo e liberdade apresentacao o surgimento de o psol representar um marco em o historia de o esquerda brasileiro trazer o cena um novo instrumento politico de luta comprometer com o defesa e o construcao de um estrategia socialista pautar em o democracia e em o liberdade,"[""programa"", ""compromisso"", ""com"", ""o"", ""futuro"", ""programa"", ""de o"", ""partido"", ""socialismo"", ""e"", ""liberdade"", ""apresentacao"", ""o"", ""surgimento"", ""de o"", ""psol"", ""representar"", ""um"", ""marco"", ""em o"", ""historia"", ""de o"", ""esquerda"", ""brasileiro"", ""trazer"", ""o"", ""cena"", ""um"", ""novo"", ""instrumento"", ""politico"", ""de"", ""luta"", ""comprometer"", ""com"", ""o"", ""defesa"", ""e"", ""o"", ""construcao"", ""de"", ""um"", ""estrategia"", ""socialista"", ""pautar"", ""em o"", ""democracia"", ""e"", ""em o"", ""liberdade""]"
1,"Em um contexto mundial em que esse projeto foi tido por superado, nosso partido surgiu para reafirmar que outro mundo não apenas continua sendo possível, como também absolutamente necessário.",em um contexto mundial em que esse projeto ser ter por superar nosso partido surgir para reafirmar que outro mundo nao apenas continuar ser possivel como tambem absolutamente necessario,"[""em"", ""um"", ""contexto"", ""mundial"", ""em"", ""que"", ""esse"", ""projeto"", ""ser"", ""ter"", ""por"", ""superar"", ""nosso"", ""partido"", ""surgir"", ""para"", ""reafirmar"", ""que"", ""outro"", ""mundo"", ""nao"", ""apenas"", ""continuar"", ""ser"", ""possivel"", ""como"", ""tambem"", ""absolutamente"", ""necessario""]"
2,"Duas décadas após seu registro legal, o PSOL cresceu, se fortaleceu e incorporou elementos políticos, programáticos e sociais que o consolidaram como um partido fundamental para a renovação da esquerda no Brasil.",dois decada apo seu registro legal o psol crescer se fortalecer e incorporar elemento politico programatico e social que ele consolidar como um partido fundamental para o renovacao de o esquerda em o brasil,"[""dois"", ""decada"", ""apo"", ""seu"", ""registro"", ""legal"", ""o"", ""psol"", ""crescer"", ""se"", ""fortalecer"", ""e"", ""incorporar"", ""elemento"", ""politico"", ""programatico"", ""e"", ""social"", ""que"", ""ele"", ""consolidar"", ""como"", ""um"", ""partido"", ""fundamental"", ""para"", ""o"", ""renovacao"", ""de o"", ""esquerda"", ""em o"", ""brasil""]"
3,"Nosso partido surgiu na luta contra a reforma da Previdência, em 2003, posicionando-se como uma oposição de esquerda em um período histórico em que ainda não existia uma extrema-direita de massas no cenário nacional. Desde então, temos sido uma voz firme contra as políticas neoliberais e em defesa dos direitos da classe trabalhadora. Mantivemo-nos firmes na defesa da democracia durante o golpe parlamentar de 2016. Tivemos papel de destaque na oposição ao bolsonarismo, com forte atuação tanto nas ruas quanto no parlamento.",nosso partido surgir em o luta contra o reforma de o previdencia em 2003 posicionar se como um oposicao de esquerda em um periodo historico em que ainda nao existir um extremo direita de massa em o cenario nacional desde entao ter ser um voz firme contra o politica neoliberal e em defesa de o direito de o classe trabalhador mantivemo em o firme em o defesa de o democracia durante o golpe parlamentar de 2016 ter papel de destaque em o oposicao a o bolsonarismo com forte atuacao tanto em o rua quanto em o parlamento,"[""nosso"", ""partido"", ""surgir"", ""em o"", ""luta"", ""contra"", ""o"", ""reforma"", ""de o"", ""previdencia"", ""em"", ""2003"", ""posicionar"", ""se"", ""como"", ""um"", ""oposicao"", ""de"", ""esquerda"", ""em"", ""um"", ""periodo"", ""historico"", ""em"", ""que"", ""ainda"", ""nao"", ""existir"", ""um"", ""extremo"", ""direita"", ""de"", ""massa"", ""em o"", ""cenario"", ""nacional"", ""desde"", ""entao"", ""ter"", ""ser"", ""um"", ""voz"", ""firme"", ""contra"", ""o"", ""politica"", ""neoliberal"", ""e"", ""em"", ""defesa"", ""de o"", ""direito"", ""de o"", ""classe"", ""trabalhador"", ""mantivemo"", ""em o"", ""firme"", ""em o"", ""defesa"", ""de o"", ""democracia"", ""durante"", ""o"", ""golpe"", ""parlamentar"", ""de"", ""2016"", ""ter"", ""papel"", ""de"", ""destaque"", ""em o"", ""oposicao"", ""a o"", ""bolsonarismo"", ""com"", ""forte"", ""atuacao"", ""tanto"", ""em o"", ""rua"", ""quanto"", ""em o"", ""parlamento""]"
4,"Durante a pandemia, fomos responsáveis por uma ação no STF que resultou na suspensão de despejos e remoções, garantindo proteção a milhares de famílias em situação de vulnerabilidade.",durante o pandemia ser responsavel por um acao em o stf que resultar em o suspensao de despejo e remocoes garantir protecao a milhar de familia em situacao de vulnerabilidade,"[""durante"", ""o"", ""pandemia"", ""ser"", ""responsavel"", ""por"", ""um"", ""acao"", ""em o"", ""stf"", ""que"", ""resultar"", ""em o"", ""suspensao"", ""de"", ""despejo"", ""e"", ""remocoes"", ""garantir"", ""protecao"", ""a"", ""milhar"", ""de"", ""familia"", ""em"", ""situacao"", ""de"", ""vulnerabilidade""]"
5,"Conectado com as lutas do nosso tempo, o PSOL se identifica com os movimentos sociais contemporâneos em defesa do feminismo, da luta antirracista e anticapacitista, da comunidade LGBTQIA+, dos povos indígenas, de ambientalistas e dos direitos humanos.",conectar com o luta de o nosso tempo o psol se identificar com o movimento social contemporaneo em defesa de o feminismo de o luta antirracisto e anticapacitista de o comunidade lgbtqia de o povo indigena de ambientalista e de o direito humano,"[""conectar"", ""com"", ""o"", ""luta"", ""de o"", ""nosso"", ""tempo"", ""o"", ""psol"", ""se"", ""identificar"", ""com"", ""o"", ""movimento"", ""social"", ""contemporaneo"", ""em"", ""defesa"", ""de o"", ""feminismo"", ""de o"", ""luta"", ""antirracisto"", ""e"", ""anticapacitista"", ""de o"", ""comunidade"", ""lgbtqia"", ""de o"", ""povo"", ""indigena"", ""de"", ""ambientalista"", ""e"", ""de o"", ""direito"", ""humano""]"
6,"Buscamos constantemente nos atualizar por meio do diálogo com novas e antigas formas de luta popular e social, de maneira interseccional.",buscar constantemente nós atualizar por meio de o dialogo com novo e antigo forma de luta popular e social de maneira interseccional,"[""buscar"", ""constantemente"", ""nós"", ""atualizar"", ""por"", ""meio"", ""de o"", ""dialogo"", ""com"", ""novo"", ""e"", ""antigo"", ""forma"", ""de"", ""luta"", ""popular"", ""e"", ""social"", ""de"", ""maneira"", ""interseccional""]"
7,"Ao longo desses vinte anos, amadurecemos sem abrir mão do nosso compromisso com a radicalidade socialista.",a o longo de esse vinte ano amadurecer sem abrir mao de o nosso compromisso com o radicalidade socialista,"[""a o"", ""longo"", ""de esse"", ""vinte"", ""ano"", ""amadurecer"", ""sem"", ""abrir"", ""mao"", ""de o"", ""nosso"", ""compromisso"", ""com"", ""o"", ""radicalidade"", ""socialista""]"
8,Construímos redes de alianças dentro e fora do Brasil e crescemos eleitoralmente como nenhum outro partido da esquerda brasileira.,construir rede de alianca dentro e fora de o brasil e crescer eleitoralmente como nenhum outro partido de o esquerda brasileiro,"[""construir"", ""rede"", ""de"", ""alianca"", ""dentro"", ""e"", ""fora"", ""de o"", ""brasil"", ""e"", ""crescer"", ""eleitoralmente"", ""como"", ""nenhum"", ""outro"", ""partido"", ""de o"", ""esquerda"", ""brasileiro""]"
9,"Ainda assim, temos um longo caminho pela frente.",ainda assim ter um longo caminho por o frente,"[""ainda"", ""assim"", ""ter"", ""um"", ""longo"", ""caminho"", ""por o"", ""frente""]"
10,"Essa trajetória potente foi construída em um período de intensas contradições, com a agudização da crise do neoliberalismo a partir de 2008 e a ascensão da extrema-direita como desdobramento dessa crise. Neste novo cenário, nos deparamos com uma etapa histórica em que a esquerda necessita formular novas respostas.",esse trajetoria potente ser construir em um periodo de intensa contradicoes com o agudizacao de o crise de o neoliberalismo a partir de 2008 e o ascensao de o extremo direita como desdobramento de esse crise em este novo cenario nós deparar com um etapa historico em que o esquerda necessitar formular novo resposta,"[""esse"", ""trajetoria"", ""potente"", ""ser"", ""construir"", ""em"", ""um"", ""periodo"", ""de"", ""intensa"", ""contradicoes"", ""com"", ""o"", ""agudizacao"", ""de o"", ""crise"", ""de o"", ""neoliberalismo"", ""a"", ""partir"", ""de"", ""2008"", ""e"", ""o"", ""ascensao"", ""de o"", ""extremo"", ""direita"", ""como"", ""desdobramento"", ""de esse"", ""crise"", ""em este"", ""novo"", ""cenario"", ""nós"", ""deparar"", ""com"", ""um"", ""etapa"", ""historico"", ""em"", ""que"", ""o"", ""esquerda"", ""necessitar"", ""formular"", ""novo"", ""resposta""]"
11,"Por isso, no marco dos 20 anos de legalização do PSOL, nos propusemos a um amplo processo de debates, estimulando a reflexão sobre nosso programa e estrutura, renovando nosso compromisso com a construção do socialismo do século 21, com democracia e liberdade. A síntese desses debates resultou na atualização programática expressa neste documento, preservando nossa disposição de manter um diálogo permanente e concreto com os lutadores e movimentos sociais. A nova etapa do capitalismo intensifica a crise de projetos e torna imprescindível o fortalecimento de um programa socialista capaz de se conectar com amplas parcelas do nosso povo e disputar, no presente, um sentido de futuro. 1.2 Por um socialismo do nosso tempo Para o PSOL, o socialismo é um modelo econômico, político e social que nasce em resposta às contradições da sociedade capitalista e da sua incapacidade de emancipar plenamente a humanidade. O socialismo oferece uma alternativa estrutural a esse sistema que coloca a acumulação do capital por uma minoria acima da vida e do planeta. Em um país erguido sobre as bases do escravismo e do colonialismo, como é o caso do Brasil, o socialismo defendido pelo PSOL é um projeto baseado na justiça econômica, social e ambiental, que assegura direitos iguais, soberania popular, liberdade, diversidade religiosa e democracia, criando as condições para a plena realização das potencialidades de cada pessoa e da sociedade como um todo. O projeto socialista é, portanto, histórico e anticapitalista. O socialismo, entendido como um modelo econômico baseado na socialização, no controle social da produção e na distribuição da riqueza gerada pelo trabalho humano, deve estar alicerçado na democracia, na liberdade, na solidariedade, na oposição a todas as formas de opressão e exploração, na mobilização popular, no internacionalismo, no anti-imperialismo, na independência política de classe, assim como na defesa do meio ambiente e da soberania nacional. O caminho para o socialismo deve ser capaz de vincular as lutas imediatas e concretas a um horizonte mais amplo de transformação social.",por isso em o marco de o 20 ano de legalizacao de o psol nós propuser a um amplo processo de debate estimular o reflexao sobre nosso programa e estrutura renovar nosso compromisso com o construcao de o socialismo de o seculo 21 com democracia e liberdade o sintese de esse debate resultar em o atualizacao programatico expresso em este documento preservar nosso disposicao de manter um dialogo permanente e concreto com o lutador e movimento social o novo etapa de o capitalismo intensificar o crise de projeto e tornar imprescindivel o fortalecimento de um programa socialista capaz de se conectar com amplo parcela de o nosso povo e disputar em o presente um sentido de futuro 1 2 por um socialismo de o nosso tempo para o psol o socialismo e um modelo economico politico e social que nascer em resposta o contradicoes de o sociedade capitalista e de o seu incapacidade de emancipar plenamente o humanidade o socialismo oferecer um alternativa estrutural a esse sistema que colocar a acumulacao de o capital por um minoria acima de o vida e de o planeta em um pai erguir sobre o base de o escravismo e de o colonialismo como e o caso de o brasil o socialismo defendir por o psol e um projeto basear em o justica economico social e ambiental que assegurar direito igual soberania popular liberdade diversidade religioso e democracia criar o condicoe para o pleno realizacao de o potencialidade de cada pessoa e de o sociedade como um todo o projeto socialista e portanto historico e anticapitalista o socialismo entender como um modelo economico basear em o socializacao em o controle social de o producao e em o distribuicao de o riqueza gerar por o trabalho humano dever estar alicercado em o democracia em o liberdade em o solidariedade em o oposicao a todo o forma de opressao e exploracao em o mobilizacao popular em o internacionalismo em o anti imperialismo em o independencia politico de classe assim como em o defesa de o meio ambiente e de o soberania nacional o caminho para o socialismo dever ser capaz de vincular o luta imediato e concreto a um horizonte mais amplo de transformacao social,"[""por"", ""isso"", ""em o"", ""marco"", ""de o"", ""20"", ""ano"", ""de"", ""legalizacao"", ""de o"", ""psol"", ""nós"", ""propuser"", ""a"", ""um"", ""amplo"", ""processo"", ""de"", ""debate"", ""estimular"", ""o"", ""reflexao"", ""sobre"", ""nosso"", ""programa"", ""e"", ""estrutura"", ""renovar"", ""nosso"", ""compromisso"", ""com"", ""o"", ""construcao"", ""de o"", ""socialismo"", ""de o"", ""seculo"", ""21"", ""com"", ""democracia"", ""e"", ""liberdade"", ""o"", ""sintese"", ""de esse"", ""debate"", ""resultar"", ""em o"", ""atualizacao"", ""programatico"", ""expresso"", ""em este"", ""documento"", ""preservar"", ""nosso"", ""disposicao"", ""de"", ""manter"", ""um"", ""dialogo"", ""permanente"", ""e"", ""concreto"", ""com"", ""o"", ""lutador"", ""e"", ""movimento"", ""social"", ""o"", ""novo"", ""etapa"", ""de o"", ""capitalismo"", ""intensificar"", ""o"", ""crise"", ""de"", ""projeto"", ""e"", ""tornar"", ""imprescindivel"", ""o"", ""fortalecimento"", ""de"", ""um"", ""programa"", ""socialista"", ""capaz"", ""de"", ""se"", ""conectar"", ""com"", ""amplo"", ""parcela"", ""de o"", ""nosso"", ""povo"", ""e"", ""disputar"", ""em o"", ""presente"", ""um"", ""sentido"", ""de"", ""futuro"", ""1"", ""2"", ""por"", ""um"", ""socialismo"", ""de o"", ""nosso"", ""tempo"", ""para"", ""o"", ""psol"", ""o"", ""socialismo"", ""e"", ""um"", ""modelo"", ""economico"", ""politico"", ""e"", ""social"", ""que"", ""nascer"", ""em"", ""resposta"", ""o"", ""contradicoes"", ""de o"", ""sociedade"", ""capitalista"", ""e"", ""de o"", ""seu"", ""incapacidade"", ""de"", ""emancipar"", ""plenamente"", ""o"", ""humanidade"", ""o"", ""socialismo"", ""oferecer"", ""um"", ""alternativa"", ""estrutural"", ""a"", ""esse"", ""sistema"", ""que"", ""colocar"", ""a"", ""acumulacao"", ""de o"", ""capital"", ""por"", ""um"", ""minoria"", ""acima"", ""de o"", ""vida"", ""e"", ""de o"", ""planeta"", ""em"", ""um"", ""pai"", ""erguir"", ""sobre"", ""o"", ""base"", ""de o"", ""escravismo"", ""e"", ""de o"", ""colonialismo"", ""como"", ""e"", ""o"", ""caso"", ""de o"", ""brasil"", ""o"", ""socialismo"", ""defendir"", ""por o"", ""psol"", ""e"", ""um"", ""projeto"", ""basear"", ""em o"", ""justica"", ""economico"", ""social"", ""e"", ""ambiental"", ""que"", ""assegurar"", ""direito"", ""igual"", ""soberania"", ""popular"", ""liberdade"", ""diversidade"", ""religioso"", ""e"", ""democracia"", ""criar"", ""o"", ""condicoe"", ""para"", ""o"", ""pleno"", ""realizacao"", ""de o"", ""potencialidade"", ""de"", ""cada"", ""pessoa"", ""e"", ""de o"", ""sociedade"", ""como"", ""um"", ""todo"", ""o"", ""projeto"", ""socialista"", ""e"", ""portanto"", ""historico"", ""e"", ""anticapitalista"", ""o"", ""socialismo"", ""entender"", ""como"", ""um"", ""modelo"", ""economico"", ""basear"", ""em o"", ""socializacao"", ""em o"", ""controle"", ""social"", ""de o"", ""producao"", ""e"", ""em o"", ""distribuicao"", ""de o"", ""riqueza"", ""gerar"", ""por o"", ""trabalho"", ""humano"", ""dever"", ""estar"", ""alicercado"", ""em o"", ""democracia"", ""em o"", ""liberdade"", ""em o"", ""solidariedade"", ""em o"", ""oposicao"", ""a"", ""todo"", ""o"", ""forma"", ""de"", ""opressao"", ""e"", ""exploracao"", ""em o"", ""mobilizacao"", ""popular"", ""em o"", ""internacionalismo"", ""em o"", ""anti"", ""imperialismo"", ""em o"", ""independencia"", ""politico"", ""de"", ""classe"", ""assim"", ""como"", ""em o"", ""defesa"", ""de o"", ""meio"", ""ambiente"", ""e"", ""de o"", ""soberania"", ""nacional"", ""o"", ""caminho"", ""para"", ""o"", ""socialismo"", ""dever"", ""ser"", ""capaz"", ""de"", ""vincular"", ""o"", ""luta"", ""imediato"", ""e"", ""concreto"", ""a"", ""um"", ""horizonte"", ""mais"", ""amplo"", ""de"", ""transformacao"", ""social""]"
12,"Devemos envolver milhões de trabalhadoras e trabalhadores brasileiros na luta política, baseados em valores solidários, comunitários e coletivos.",dever envolver milhoes de trabalhadora e trabalhador brasileiro em o luta politico basear em valor solidario comunitario e coletivo,"[""dever"", ""envolver"", ""milhoes"", ""de"", ""trabalhadora"", ""e"", ""trabalhador"", ""brasileiro"", ""em o"", ""luta"", ""politico"", ""basear"", ""em"", ""valor"", ""solidario"", ""comunitario"", ""e"", ""coletivo""]"
13,"Assim, podemos contribuir com a formação de uma nova sociedade, superando o individualismo e o egoísmo que marcam o imaginário social no neoliberalismo. Nosso socialismo será democrático, participativo, fundado na vontade soberana das maiorias sociais, respeitando a pluralidade política e os direitos dos setores historicamente minorizados.",assim poder contribuir com o formacao de um novo sociedade superar o individualismo e o egoismo que marcar o imaginario social em o neoliberalismo nosso socialismo sera democratico participativo fundar em o vontade soberano de o maioria social respeitar o pluralidade politico e o direito de o setor historicamente minorizar,"[""assim"", ""poder"", ""contribuir"", ""com"", ""o"", ""formacao"", ""de"", ""um"", ""novo"", ""sociedade"", ""superar"", ""o"", ""individualismo"", ""e"", ""o"", ""egoismo"", ""que"", ""marcar"", ""o"", ""imaginario"", ""social"", ""em o"", ""neoliberalismo"", ""nosso"", ""socialismo"", ""sera"", ""democratico"", ""participativo"", ""fundar"", ""em o"", ""vontade"", ""soberano"", ""de o"", ""maioria"", ""social"", ""respeitar"", ""o"", ""pluralidade"", ""politico"", ""e"", ""o"", ""direito"", ""de o"", ""setor"", ""historicamente"", ""minorizar""]"
14,"A história brasileira é atravessada pela violência promovida pelo colonialismo e pelas classes dominantes contra povos indígenas, comunidades tradicionais, povo negro, trabalhadoras e trabalhadores, pessoas com deficiência, população LGBTQIA+ e populações minorizadas em geral.",o historia brasileiro e atravessar por o violencia promovir por o colonialismo e por o classe dominante contra povo indigeno comunidade tradicional povo negro trabalhadora e trabalhador pessoa com deficiencia populacao lgbtqia e populacoe minorizar em geral,"[""o"", ""historia"", ""brasileiro"", ""e"", ""atravessar"", ""por o"", ""violencia"", ""promovir"", ""por o"", ""colonialismo"", ""e"", ""por o"", ""classe"", ""dominante"", ""contra"", ""povo"", ""indigeno"", ""comunidade"", ""tradicional"", ""povo"", ""negro"", ""trabalhadora"", ""e"", ""trabalhador"", ""pessoa"", ""com"", ""deficiencia"", ""populacao"", ""lgbtqia"", ""e"", ""populacoe"", ""minorizar"", ""em"", ""geral""]"
15,"Romper definitivamente com o ciclo de golpes, violência e opressão só será possível assegurando uma democracia radical, onde a liberdade possa ser exercida plenamente, com respeito ao próximo e compromisso com uma sociedade justa para todas as pessoas. Consideramos que a democracia tem uma dimensão política, mas também material. Em sua dimensão política, defendemos a importância da pluralidade, da participação popular, da representatividade dos diferentes setores sociais, do controle social sobre o Estado, da independência entre os Poderes, da transparência e da ética pública. Em sua dimensão material, concebemos a democracia como a garantia de acesso à saúde, educação, alimentação saudável, meio ambiente, moradia, emprego, terra, cultura, lazer e soberania.",romper definitivamente com o ciclo de golpe violencio e opressao so sera possivel assegurar um democracia radical onde o liberdade poder ser exercir plenamente com respeito a o proximo e compromisso com um sociedade justo para todo o pessoa considerar que o democracia ter um dimensao politico mas tambem material em seu dimensao politico defender o importancia de o pluralidade de o participacao popular de o representatividade de o diferente setor social de o controle social sobre o estado de o independencia entre o poder de o transparencia e de o etica publicar em seu dimensao material conceber o democracia como o garantia de acesso o saude educacao alimentacao saudavel meio ambiente moradia emprego terra cultura lazer e soberania,"[""romper"", ""definitivamente"", ""com"", ""o"", ""ciclo"", ""de"", ""golpe"", ""violencio"", ""e"", ""opressao"", ""so"", ""sera"", ""possivel"", ""assegurar"", ""um"", ""democracia"", ""radical"", ""onde"", ""o"", ""liberdade"", ""poder"", ""ser"", ""exercir"", ""plenamente"", ""com"", ""respeito"", ""a o"", ""proximo"", ""e"", ""compromisso"", ""com"", ""um"", ""sociedade"", ""justo"", ""para"", ""todo"", ""o"", ""pessoa"", ""considerar"", ""que"", ""o"", ""democracia"", ""ter"", ""um"", ""dimensao"", ""politico"", ""mas"", ""tambem"", ""material"", ""em"", ""seu"", ""dimensao"", ""politico"", ""defender"", ""o"", ""importancia"", ""de o"", ""pluralidade"", ""de o"", ""participacao"", ""popular"", ""de o"", ""representatividade"", ""de o"", ""diferente"", ""setor"", ""social"", ""de o"", ""controle"", ""social"", ""sobre"", ""o"", ""estado"", ""de o"", ""independencia"", ""entre"", ""o"", ""poder"", ""de o"", ""transparencia"", ""e"", ""de o"", ""etica"", ""publicar"", ""em"", ""seu"", ""dimensao"", ""material"", ""conceber"", ""o"", ""democracia"", ""como"", ""o"", ""garantia"", ""de"", ""acesso"", ""o"", ""saude"", ""educacao"", ""alimentacao"", ""saudavel"", ""meio"", ""ambiente"", ""moradia"", ""emprego"", ""terra"", ""cultura"", ""lazer"", ""e"", ""soberania""]"
16,"Reconhecemos a centralidade da crise climática e propomos uma transição que permita o respeito aos direitos da natureza, seus ecossistemas e espécies. Nosso socialismo será baseado em um modelo de justiça socioambiental e climática, considerando a perspectiva ecossocialista.",reconhecer o centralidade de o crise climatico e propor um transicao que permitir o respeito a o direito de o natureza seu ecossistema e especie nosso socialismo sera basear em um modelo de justica socioambiental e climatico considerar o perspectiva ecossocialista,"[""reconhecer"", ""o"", ""centralidade"", ""de o"", ""crise"", ""climatico"", ""e"", ""propor"", ""um"", ""transicao"", ""que"", ""permitir"", ""o"", ""respeito"", ""a o"", ""direito"", ""de o"", ""natureza"", ""seu"", ""ecossistema"", ""e"", ""especie"", ""nosso"", ""socialismo"", ""sera"", ""basear"", ""em"", ""um"", ""modelo"", ""de"", ""justica"", ""socioambiental"", ""e"", ""climatico"", ""considerar"", ""o"", ""perspectiva"", ""ecossocialista""]"
17,Deve permitir uma produção de bens e serviços integrada aos ciclos de reprodução da natureza e às necessidades de preservação do planeta.,dever permitir um producao de bem e servico integrar a o ciclo de reproducao de o natureza e o necessidade de preservacao de o planeta,"[""dever"", ""permitir"", ""um"", ""producao"", ""de"", ""bem"", ""e"", ""servico"", ""integrar"", ""a o"", ""ciclo"", ""de"", ""reproducao"", ""de o"", ""natureza"", ""e"", ""o"", ""necessidade"", ""de"", ""preservacao"", ""de o"", ""planeta""]"
18,"O PSOL compreende o enfrentamento às mudanças climáticas como uma luta contra as ameaças existenciais representadas pelo capitalismo, superando as promessas desenvolvimentistas e concepções atrasadas presentes em nossa sociedade que seguem vendo a natureza como mera fonte de recursos.",o psol compreender o enfrentamento o mudanca climatico como um luta contra o ameaca existencial representar por o capitalismo superar o promessa desenvolvimentista e concepcoes atrasar presente em nosso sociedade que seguir ver o natureza como mero fonte de recurso,"[""o"", ""psol"", ""compreender"", ""o"", ""enfrentamento"", ""o"", ""mudanca"", ""climatico"", ""como"", ""um"", ""luta"", ""contra"", ""o"", ""ameaca"", ""existencial"", ""representar"", ""por o"", ""capitalismo"", ""superar"", ""o"", ""promessa"", ""desenvolvimentista"", ""e"", ""concepcoes"", ""atrasar"", ""presente"", ""em"", ""nosso"", ""sociedade"", ""que"", ""seguir"", ""ver"", ""o"", ""natureza"", ""como"", ""mero"", ""fonte"", ""de"", ""recurso""]"
19,"Nosso socialismo é internacionalista. Reconhecemos que a liberdade e a justiça social no Brasil só podem ser asseguradas plenamente se forem parte de um movimento internacional mais amplo, que permita levar a América Latina e o resto do mundo à condição de territórios livres da lógica predatória do sistema do capital.",nosso socialismo e internacionalista reconhecer que o liberdade e o justica social em o brasil so poder ser assegurar plenamente se ser parte de um movimento internacional mais amplo que permitir levar o america latino e o resto de o mundo a condicao de territorio livre de o logica predatoria de o sistema de o capital,"[""nosso"", ""socialismo"", ""e"", ""internacionalista"", ""reconhecer"", ""que"", ""o"", ""liberdade"", ""e"", ""o"", ""justica"", ""social"", ""em o"", ""brasil"", ""so"", ""poder"", ""ser"", ""assegurar"", ""plenamente"", ""se"", ""ser"", ""parte"", ""de"", ""um"", ""movimento"", ""internacional"", ""mais"", ""amplo"", ""que"", ""permitir"", ""levar"", ""o"", ""america"", ""latino"", ""e"", ""o"", ""resto"", ""de o"", ""mundo"", ""a"", ""condicao"", ""de"", ""territorio"", ""livre"", ""de o"", ""logica"", ""predatoria"", ""de o"", ""sistema"", ""de o"", ""capital""]"
20,"Um dos maiores exemplos atuais desta lógica é o genocídio contra povo Palestino, luta pela qual o PSOL foi e é aliado incondicional.",um de o grande exemplo atual de este logica e o genocidio contra povo palestino lutar por o qual o psol ir e e aliar incondicional,"[""um"", ""de o"", ""grande"", ""exemplo"", ""atual"", ""de este"", ""logica"", ""e"", ""o"", ""genocidio"", ""contra"", ""povo"", ""palestino"", ""lutar"", ""por o"", ""qual"", ""o"", ""psol"", ""ir"", ""e"", ""e"", ""aliar"", ""incondicional""]"
21,Compreendemos que a luta comum é necessária para enfrentar os males do sistema capitalista.,compreender que o luta comum e necessar para enfrentar o mal de o sistema capitalista,"[""compreender"", ""que"", ""o"", ""luta"", ""comum"", ""e"", ""necessar"", ""para"", ""enfrentar"", ""o"", ""mal"", ""de o"", ""sistema"", ""capitalista""]"
22,Exercitamos a solidariedade internacional entre povos e movimentos como elemento indispensável para essa transformação.,exercitar o solidariedade internacional entre povo e movimento como elemento indispensavel para esse transformacao,"[""exercitar"", ""o"", ""solidariedade"", ""internacional"", ""entre"", ""povo"", ""e"", ""movimento"", ""como"", ""elemento"", ""indispensavel"", ""para"", ""esse"", ""transformacao""]"
23,Afirmamos nossa defesa da soberania nacional.,afirmar nosso defesa de o soberania nacional,"[""afirmar"", ""nosso"", ""defesa"", ""de o"", ""soberania"", ""nacional""]"
24,"O Brasil jamais rompeu plenamente com os mecanismos de dominação que perpetuam, no plano mundial, sua condição de país da periferia do capitalismo.",o brasil jamais romper plenamente com o mecanismo de dominacao que perpetuar em o plano mundial seu condicao de pai de o periferia de o capitalismo,"[""o"", ""brasil"", ""jamais"", ""romper"", ""plenamente"", ""com"", ""o"", ""mecanismo"", ""de"", ""dominacao"", ""que"", ""perpetuar"", ""em o"", ""plano"", ""mundial"", ""seu"", ""condicao"", ""de"", ""pai"", ""de o"", ""periferia"", ""de o"", ""capitalismo""]"
25,Isso nos mantém aprisionados aos interesses monopolistas e às dinâmicas neocoloniais. A globalização neoliberal aprofundou esse quadro.,isso nós mantir aprisionar a o interesse monopolista e o dinamica neocolonial a globalizacao neoliberal aprofundar esse quadro,"[""isso"", ""nós"", ""mantir"", ""aprisionar"", ""a o"", ""interesse"", ""monopolista"", ""e"", ""o"", ""dinamica"", ""neocolonial"", ""a"", ""globalizacao"", ""neoliberal"", ""aprofundar"", ""esse"", ""quadro""]"
26,"Por isso, para o PSOL a soberania nacional orienta a luta por uma nova posição do Brasil na divisão internacional do trabalho e rechaça qualquer interferência externa em assuntos de interesse nacional, vindos de outros Estados ou de corporações. Reivindicamos a independência política do PSOL.",por isso para o psol o soberania nacional orientar o luta por um novo posicao de o brasil em o divisao internacional de o trabalho e rechacar qualquer interferencia externo em assunto de interesse nacional vinr de outro estado ou de corporacoe reivindicar o independencia politico de o psol,"[""por"", ""isso"", ""para"", ""o"", ""psol"", ""o"", ""soberania"", ""nacional"", ""orientar"", ""o"", ""luta"", ""por"", ""um"", ""novo"", ""posicao"", ""de o"", ""brasil"", ""em o"", ""divisao"", ""internacional"", ""de o"", ""trabalho"", ""e"", ""rechacar"", ""qualquer"", ""interferencia"", ""externo"", ""em"", ""assunto"", ""de"", ""interesse"", ""nacional"", ""vinr"", ""de"", ""outro"", ""estado"", ""ou"", ""de"", ""corporacoe"", ""reivindicar"", ""o"", ""independencia"", ""politico"", ""de o"", ""psol""]"
27,"Isso não significa negar a busca pela mais ampla unidade com partidos ou movimentos que compartilhem de uma perspectiva estratégica comum. Temos consciência de que o socialismo e a liberdade só poderão ser construídos pela ação combinada de diferentes sujeitos coletivos. Mas o PSOL só poderá ser útil a esse propósito se mantiver sua independência diante de interesses econômicos e políticos que sustentem a injustiça, os privilégios e a exploração das maiorias sociais.",isso nao significar negar o busca por o mais amplo unidade com partido ou movimento que compartilhar de um perspectiva estrategico comum ter consciencia de que o socialismo e o liberdade so poderao ser construir por o acao combinar de diferente sujeito coletivo mas o psol so poderar ser util a esse proposito se mantiver seu independencia diante de interesse economico e politico que sustentar o injustica o privilegio e o exploracao de o maioria social,"[""isso"", ""nao"", ""significar"", ""negar"", ""o"", ""busca"", ""por o"", ""mais"", ""amplo"", ""unidade"", ""com"", ""partido"", ""ou"", ""movimento"", ""que"", ""compartilhar"", ""de"", ""um"", ""perspectiva"", ""estrategico"", ""comum"", ""ter"", ""consciencia"", ""de"", ""que"", ""o"", ""socialismo"", ""e"", ""o"", ""liberdade"", ""so"", ""poderao"", ""ser"", ""construir"", ""por o"", ""acao"", ""combinar"", ""de"", ""diferente"", ""sujeito"", ""coletivo"", ""mas"", ""o"", ""psol"", ""so"", ""poderar"", ""ser"", ""util"", ""a"", ""esse"", ""proposito"", ""se"", ""mantiver"", ""seu"", ""independencia"", ""diante"", ""de"", ""interesse"", ""economico"", ""e"", ""politico"", ""que"", ""sustentar"", ""o"", ""injustica"", ""o"", ""privilegio"", ""e"", ""o"", ""exploracao"", ""de o"", ""maioria"", ""social""]"
28,Faremos isso valorizando o amplo debate interno em nosso partido.,faremos isso valorizar o amplo debate interno em nosso partido,"[""faremos"", ""isso"", ""valorizar"", ""o"", ""amplo"", ""debate"", ""interno"", ""em"", ""nosso"", ""partido""]"
29,A democracia socialista exige máximo respeito e compromisso coletivo.,o democracia socialista exigir maximo respeito e compromisso coletivo,"[""o"", ""democracia"", ""socialista"", ""exigir"", ""maximo"", ""respeito"", ""e"", ""compromisso"", ""coletivo""]"
30,"UM PARTIDO À ALTURA DA NOVA ETAPA HISTÓRICA 2.1 O capitalismo do século 21 O século 21 inaugurou uma era de profunda crise e transformação do capitalismo global. O consenso neoliberal, que se consolidou nas décadas finais do século 21 como paradigma hegemônico, entrou em colapso com a crise financeira internacional de 2008. A crise revelou a falência das promessas de crescimento econômico constante e bem-estar. Longe de ser um mero evento econômico passageiro, foi a centelha que expôs as contradições de um sistema baseado na financeirização, na desregulamentação, na abertura irrestrita dos mercados e no desmonte sistemático dos direitos sociais e trabalhistas. A resposta das elites dominantes à crise de 2008 não foi uma correção de rumos, mas a radicalização da agenda neoliberal. A maioria dos governos, submissa ao capital financeiro, promoveu severos ajustes recessivos, com cortes em investimentos sociais, precarização cada vez maior das relações de trabalho e transferência massiva da renda do trabalho para o capital. Essa agenda de austeridade constituiu a resposta conservadora ao conflito distributivo, que não apenas deixou de resolver a crise, como a aprofundou, erodindo a confiança nas frágeis democracias liberais e criando um terreno fértil para o florescimento de forças políticas reacionárias com um falso discurso “antissistema”. No entanto, o fim do consenso neoliberal abriu espaço para uma crise do próprio projeto, da qual a ascensão da extrema-direita é uma de suas expressões mais evidentes. Seu avanço, associado aos interesses do capital monopolista — das big techs ao agronegócio e às petroleiras —, oferece um modelo de capitalismo autoritário, xenofóbico, misógino, racista e negacionista climático, em choque frontal com qualquer noção substantiva de democracia. Neste contexto, uma parcela considerável da esquerda mundial permanece presa a uma ortodoxia econômica ultrapassada — tanto na defesa da manutenção de superávits fiscais primários, sob o pretexto de conquistar a confiança dos mercados, quanto na insistência em um modelo desenvolvimentista. Essa ideia alimenta uma ilusão: a de um país como o Brasil, situado na periferia do capitalismo, alcançar os padrões de desenvolvimento e consumo das nações centrais por meio do fortalecimento do mercado interno ou da exportação de commodities. Tal visão é não apenas anacrônica, mas também profundamente danosa, pois impede a formulação de um projeto genuinamente alternativo de ruptura com o capital e ignora tanto os limites ecológicos do planeta quanto a nova correlação de forças no cenário global. O golpe parlamentar de 2016 no Brasil e a ofensiva conservadora que varreu a América Latina devem ser compreendidos como a resposta brutal das classes dominantes ao conflito distributivo instaurado com a crise do paradigma neoliberal. Mesmo os governos que não ameaçavam diretamente a continuidade do crescimento da renda do capital, mas que conseguiram promover expansão econômica com alguma redistribuição e redução da desigualdade, tornaram-se inaceitáveis para essas elites. As forças do capital reagiram para recolocar o país e o continente na rota da superexploração, da financeirização e da reprimarização das economias. A crise do capitalismo, portanto, revela-se multidimensional: econômica, política, social, ambiental, humanitária e de legitimidade democrática. O mundo atual é mais perigoso, instável e imprevisível do que há vinte anos, exigindo de nós uma análise audaz e a formulação de um projeto radicalmente novo. 2.2 Um novo mundo do trabalho e uma crise civilizatória Se a crise é global, suas expressões concretas no mundo do trabalho são avassaladoras e redefinem a própria composição da classe trabalhadora. Ao contrário dos anos 1980, quando mais de 20% da força de trabalho brasileira estava na indústria e um número expressivo gozava de direitos formais, hoje vivemos uma realidade de desindustrialização relativa, precarização estrutural combinada com invisibilização do trabalho dos cuidados – majoritariamente feminino – e uma revolução técnico-científica comandada pelo capital. O cenário atual é de uma radical transformação. A robotização, a automação e o deslocamento de indústrias para a Ásia extinguiram milhões de empregos industriais bem remunerados em todo o Ocidente, um processo irreversível, com profundas consequências sociais e políticas. Gerações de trabalhadores que acreditavam possuir saberes e profissões asseguradas para toda a vida veem seu mundo desmoronar, substituído por uma intensa e generalizada insegurança existencial.",um partido o altura de o novo etapa historico 2 1 o capitalismo de o seculo 21 o seculo 21 inaugurar um era de profundo crise e transformacao de o capitalismo global o consenso neoliberal que se consolidar em o decada final de o seculo 21 como paradigma hegemonico entrar em colapso com o crise financeiro internacional de 2008 o crise revelar o falencia de o promessa de crescimento economico constante e bem estar longe de ser um mero evento economico passageiro ser o centelha que exposr o contradicoes de um sistema basear em o financeirizacao em o desregulamentacao em o abertura irrestrito de o mercado e em o desmonte sistematico de o direito social e trabalhista o resposta de o elite dominante o crise de 2008 nao ser um correcao de rumo mas o radicalizacao de o agenda neoliberal o maioria de o governo submisso a o capital financeiro promover severo ajuste recessivo com corte em investimento social precarizacao cada vez grande de o relacoes de trabalho e transferencia massivo de o renda de o trabalho para o capital esse agenda de austeridade constituir o resposta conservador a o conflito distributivo que nao apenas deixar de resolver o crise como ela aprofundar erodir o confianca em o fragel democracia liberal e criar um terreno fertil para o florescimento de forca politico reacionaria com um falso discurso antissistema em o entanto o fim de o consenso neoliberal abrir espaco para um crise de o proprio projeto de o qual o ascensao de o extremo direita e um de seu expressoe mais evidente seu avanco associar a o interesse de o capital monopolista de o big techs a o agronegocio e o petroleira oferecer um modelo de capitalismo autoritario xenofobico misogino racista e negacionista climatico em choque frontal com qualquer nocao substantivo de democracia em este contexto um parcela consideravel de o esquerda mundial permanecer preso a um ortodoxia economico ultrapassar tanto em o defesa de o manutencao de superavits fiscal primario sob o pretexto de conquistar o confianca de o mercado quanto em o insistencia em um modelo desenvolvimentista esse ideia alimentar um ilusao a de um pai como o brasil situar em o periferia de o capitalismo alcancar o padroes de desenvolvimento e consumo de o nacoe central por meio de o fortalecimento de o mercado interno ou de o exportacao de commodities tal visao e nao apenas anacronico mas tambem profundamente danoso pois impedir o formulacao de um projeto genuinamente alternativo de ruptura com o capital e ignorar tanto o limite ecologico de o planeta quanto o novo correlacao de forca em o cenario global o golpe parlamentar de 2016 em o brasil e o ofensiva conservador que varrer o america latino dever ser compreendir como o resposta brutal de o classe dominante a o conflito distributivo instaurar com o crise de o paradigma neoliberal mesmo o governo que nao ameacar diretamente o continuidade de o crescimento de o renda de o capital mas que conseguir promover expansao economico com algum redistribuicao e reducao de o desigualdade tornar se inaceitavel para esse elite o forca de o capital reagir para recolocar o pai e o continente em o rota de o superexploracao de o financeirizacao e de o reprimarizacao de o economia o crise de o capitalismo portanto revelar se multidimensional economico politica social ambiental humanitaria e de legitimidade democratico o mundo atual e mais perigoso instavel e imprevisivel de o que ha vinte ano exigir de em o um analise audaz e o formulacao de um projeto radicalmente novo 2 2 um novo mundo de o trabalho e um crise civilizatoria se o crise e global seu expressoe concreto em o mundo de o trabalho sao avassaladoro e redefinem o proprio composicao de o classe trabalhador a o contrario de o ano 1980 quando mais de 20 de o forca de trabalho brasileira estar em o industria e um numero expressivo gozar de direito formal hoje viver um realidade de desindustrializacao relativo precarizacao estrutural combinar com invisibilizacao de o trabalho de o cuidado majoritariamente feminino e um revolucao tecnico cientificar comandar por o capital o cenario atual e de um radical transformacao a robotizacao a automacao e o deslocamento de industria para o asia extinguir milhoes de emprego industrial bem remunerar em todo o ocidente um processo irreversivel com profundo consequencia social e politico geracoe de trabalhador que acreditar possuir saber e profissoe assegurar para todo o vida veer seu mundo desmoronar substituer por um intenso e generalizado inseguranca existencial,"[""um"", ""partido"", ""o"", ""altura"", ""de o"", ""novo"", ""etapa"", ""historico"", ""2"", ""1"", ""o"", ""capitalismo"", ""de o"", ""seculo"", ""21"", ""o"", ""seculo"", ""21"", ""inaugurar"", ""um"", ""era"", ""de"", ""profundo"", ""crise"", ""e"", ""transformacao"", ""de o"", ""capitalismo"", ""global"", ""o"", ""consenso"", ""neoliberal"", ""que"", ""se"", ""consolidar"", ""em o"", ""decada"", ""final"", ""de o"", ""seculo"", ""21"", ""como"", ""paradigma"", ""hegemonico"", ""entrar"", ""em"", ""colapso"", ""com"", ""o"", ""crise"", ""financeiro"", ""internacional"", ""de"", ""2008"", ""o"", ""crise"", ""revelar"", ""o"", ""falencia"", ""de o"", ""promessa"", ""de"", ""crescimento"", ""economico"", ""constante"", ""e"", ""bem"", ""estar"", ""longe"", ""de"", ""ser"", ""um"", ""mero"", ""evento"", ""economico"", ""passageiro"", ""ser"", ""o"", ""centelha"", ""que"", ""exposr"", ""o"", ""contradicoes"", ""de"", ""um"", ""sistema"", ""basear"", ""em o"", ""financeirizacao"", ""em o"", ""desregulamentacao"", ""em o"", ""abertura"", ""irrestrito"", ""de o"", ""mercado"", ""e"", ""em o"", ""desmonte"", ""sistematico"", ""de o"", ""direito"", ""social"", ""e"", ""trabalhista"", ""o"", ""resposta"", ""de o"", ""elite"", ""dominante"", ""o"", ""crise"", ""de"", ""2008"", ""nao"", ""ser"", ""um"", ""correcao"", ""de"", ""rumo"", ""mas"", ""o"", ""radicalizacao"", ""de o"", ""agenda"", ""neoliberal"", ""o"", ""maioria"", ""de o"", ""governo"", ""submisso"", ""a o"", ""capital"", ""financeiro"", ""promover"", ""severo"", ""ajuste"", ""recessivo"", ""com"", ""corte"", ""em"", ""investimento"", ""social"", ""precarizacao"", ""cada"", ""vez"", ""grande"", ""de o"", ""relacoes"", ""de"", ""trabalho"", ""e"", ""transferencia"", ""massivo"", ""de o"", ""renda"", ""de o"", ""trabalho"", ""para"", ""o"", ""capital"", ""esse"", ""agenda"", ""de"", ""austeridade"", ""constituir"", ""o"", ""resposta"", ""conservador"", ""a o"", ""conflito"", ""distributivo"", ""que"", ""nao"", ""apenas"", ""deixar"", ""de"", ""resolver"", ""o"", ""crise"", ""como"", ""ela"", ""aprofundar"", ""erodir"", ""o"", ""confianca"", ""em o"", ""fragel"", ""democracia"", ""liberal"", ""e"", ""criar"", ""um"", ""terreno"", ""fertil"", ""para"", ""o"", ""florescimento"", ""de"", ""forca"", ""politico"", ""reacionaria"", ""com"", ""um"", ""falso"", ""discurso"", ""antissistema"", ""em o"", ""entanto"", ""o"", ""fim"", ""de o"", ""consenso"", ""neoliberal"", ""abrir"", ""espaco"", ""para"", ""um"", ""crise"", ""de o"", ""proprio"", ""projeto"", ""de o"", ""qual"", ""o"", ""ascensao"", ""de o"", ""extremo"", ""direita"", ""e"", ""um"", ""de"", ""seu"", ""expressoe"", ""mais"", ""evidente"", ""seu"", ""avanco"", ""associar"", ""a o"", ""interesse"", ""de o"", ""capital"", ""monopolista"", ""de o"", ""big"", ""techs"", ""a o"", ""agronegocio"", ""e"", ""o"", ""petroleira"", ""oferecer"", ""um"", ""modelo"", ""de"", ""capitalismo"", ""autoritario"", ""xenofobico"", ""misogino"", ""racista"", ""e"", ""negacionista"", ""climatico"", ""em"", ""choque"", ""frontal"", ""com"", ""qualquer"", ""nocao"", ""substantivo"", ""de"", ""democracia"", ""em este"", ""contexto"", ""um"", ""parcela"", ""consideravel"", ""de o"", ""esquerda"", ""mundial"", ""permanecer"", ""preso"", ""a"", ""um"", ""ortodoxia"", ""economico"", ""ultrapassar"", ""tanto"", ""em o"", ""defesa"", ""de o"", ""manutencao"", ""de"", ""superavits"", ""fiscal"", ""primario"", ""sob"", ""o"", ""pretexto"", ""de"", ""conquistar"", ""o"", ""confianca"", ""de o"", ""mercado"", ""quanto"", ""em o"", ""insistencia"", ""em"", ""um"", ""modelo"", ""desenvolvimentista"", ""esse"", ""ideia"", ""alimentar"", ""um"", ""ilusao"", ""a"", ""de"", ""um"", ""pai"", ""como"", ""o"", ""brasil"", ""situar"", ""em o"", ""periferia"", ""de o"", ""capitalismo"", ""alcancar"", ""o"", ""padroes"", ""de"", ""desenvolvimento"", ""e"", ""consumo"", ""de o"", ""nacoe"", ""central"", ""por"", ""meio"", ""de o"", ""fortalecimento"", ""de o"", ""mercado"", ""interno"", ""ou"", ""de o"", ""exportacao"", ""de"", ""commodities"", ""tal"", ""visao"", ""e"", ""nao"", ""apenas"", ""anacronico"", ""mas"", ""tambem"", ""profundamente"", ""danoso"", ""pois"", ""impedir"", ""o"", ""formulacao"", ""de"", ""um"", ""projeto"", ""genuinamente"", ""alternativo"", ""de"", ""ruptura"", ""com"", ""o"", ""capital"", ""e"", ""ignorar"", ""tanto"", ""o"", ""limite"", ""ecologico"", ""de o"", ""planeta"", ""quanto"", ""o"", ""novo"", ""correlacao"", ""de"", ""forca"", ""em o"", ""cenario"", ""global"", ""o"", ""golpe"", ""parlamentar"", ""de"", ""2016"", ""em o"", ""brasil"", ""e"", ""o"", ""ofensiva"", ""conservador"", ""que"", ""varrer"", ""o"", ""america"", ""latino"", ""dever"", ""ser"", ""compreendir"", ""como"", ""o"", ""resposta"", ""brutal"", ""de o"", ""classe"", ""dominante"", ""a o"", ""conflito"", ""distributivo"", ""instaurar"", ""com"", ""o"", ""crise"", ""de o"", ""paradigma"", ""neoliberal"", ""mesmo"", ""o"", ""governo"", ""que"", ""nao"", ""ameacar"", ""diretamente"", ""o"", ""continuidade"", ""de o"", ""crescimento"", ""de o"", ""renda"", ""de o"", ""capital"", ""mas"", ""que"", ""conseguir"", ""promover"", ""expansao"", ""economico"", ""com"", ""algum"", ""redistribuicao"", ""e"", ""reducao"", ""de o"", ""desigualdade"", ""tornar"", ""se"", ""inaceitavel"", ""para"", ""esse"", ""elite"", ""o"", ""forca"", ""de o"", ""capital"", ""reagir"", ""para"", ""recolocar"", ""o"", ""pai"", ""e"", ""o"", ""continente"", ""em o"", ""rota"", ""de o"", ""superexploracao"", ""de o"", ""financeirizacao"", ""e"", ""de o"", ""reprimarizacao"", ""de o"", ""economia"", ""o"", ""crise"", ""de o"", ""capitalismo"", ""portanto"", ""revelar"", ""se"", ""multidimensional"", ""economico"", ""politica"", ""social"", ""ambiental"", ""humanitaria"", ""e"", ""de"", ""legitimidade"", ""democratico"", ""o"", ""mundo"", ""atual"", ""e"", ""mais"", ""perigoso"", ""instavel"", ""e"", ""imprevisivel"", ""de o"", ""que"", ""ha"", ""vinte"", ""ano"", ""exigir"", ""de"", ""em o"", ""um"", ""analise"", ""audaz"", ""e"", ""o"", ""formulacao"", ""de"", ""um"", ""projeto"", ""radicalmente"", ""novo"", ""2"", ""2"", ""um"", ""novo"", ""mundo"", ""de o"", ""trabalho"", ""e"", ""um"", ""crise"", ""civilizatoria"", ""se"", ""o"", ""crise"", ""e"", ""global"", ""seu"", ""expressoe"", ""concreto"", ""em o"", ""mundo"", ""de o"", ""trabalho"", ""sao"", ""avassaladoro"", ""e"", ""redefinem"", ""o"", ""proprio"", ""composicao"", ""de o"", ""classe"", ""trabalhador"", ""a o"", ""contrario"", ""de o"", ""ano"", ""1980"", ""quando"", ""mais"", ""de"", ""20"", ""de o"", ""forca"", ""de"", ""trabalho"", ""brasileira"", ""estar"", ""em o"", ""industria"", ""e"", ""um"", ""numero"", ""expressivo"", ""gozar"", ""de"", ""direito"", ""formal"", ""hoje"", ""viver"", ""um"", ""realidade"", ""de"", ""desindustrializacao"", ""relativo"", ""precarizacao"", ""estrutural"", ""combinar"", ""com"", ""invisibilizacao"", ""de o"", ""trabalho"", ""de o"", ""cuidado"", ""majoritariamente"", ""feminino"", ""e"", ""um"", ""revolucao"", ""tecnico"", ""cientificar"", ""comandar"", ""por o"", ""capital"", ""o"", ""cenario"", ""atual"", ""e"", ""de"", ""um"", ""radical"", ""transformacao"", ""a"", ""robotizacao"", ""a"", ""automacao"", ""e"", ""o"", ""deslocamento"", ""de"", ""industria"", ""para"", ""o"", ""asia"", ""extinguir"", ""milhoes"", ""de"", ""emprego"", ""industrial"", ""bem"", ""remunerar"", ""em"", ""todo"", ""o"", ""ocidente"", ""um"", ""processo"", ""irreversivel"", ""com"", ""profundo"", ""consequencia"", ""social"", ""e"", ""politico"", ""geracoe"", ""de"", ""trabalhador"", ""que"", ""acreditar"", ""possuir"", ""saber"", ""e"", ""profissoe"", ""assegurar"", ""para"", ""todo"", ""o"", ""vida"", ""veer"", ""seu"", ""mundo"", ""desmoronar"", ""substituer"", ""por"", ""um"", ""intenso"", ""e"", ""generalizado"", ""inseguranca"", ""existencial""]"
31,"Esse processo expressa uma mudança acelerada na composição orgânica do capital, marcada pelo aumento da produtividade resultante da substituição do trabalho vivo por máquinas. O resultado da automatização poderia representar libertação para a classe trabalhadora, mas transforma-se, sob a lógica do capital, em reforço da exploração e aprofundamento das desigualdades. Trata-se de um fenômeno que ultrapassa o setor industrial. O setor de serviços vive uma onda igualmente acelerada de automação, que transfere ao usuário, de forma não remunerada, tarefas antes executadas por trabalhadores assalariados: operações bancárias por aplicativos, ensino a distância, plataformas de vendas online e serviços automatizados em geral têm eliminado postos de trabalho em larga escala. Nesse cenário, o papel das big techs adquire centralidade estratégica tanto na perspectiva do Estado, do direito à comunicação e da soberania dos povos quanto na dimensão do mundo do trabalho e das subjetividades das classes trabalhadoras. As big techs se transformam nos centros de poder do capitalismo contemporâneo, funcionando em bases monopolistas. Seu modelo de negócio, baseado na vigilância em massa e na extração de dados, é motor de uma brutal concentração de renda e de um aumento inédito das desigualdades. Além disso, os grandes datacenters, necessários para o crescimento das IAs das big techs, demandam quantidades crescentes de energia e água, que agudizam a catástrofe ecológica em curso. Para o mundo do trabalho, as consequências são profundas. A chegada das plataformas digitais e a revolução técnico-científica, mobilizadas a serviço do capital, fragmenta os processos produtivos, aumenta a exploração e quebra as identidades e a experiência de classe baseada na solidariedade horizontal.",esse processo expressar um mudanca acelerar em o composicao organico de o capital marcar por o aumento de o produtividade resultante de o substituicao de o trabalho vivo por maquina o resultado de o automatizacao poder representar libertacao para o classe trabalhador mas transformar se sob o logica de o capital em reforco de o exploracao e aprofundamento de o desigualdade tratar se de um fenomeno que ultrapassar o setor industrial o setor de servico viver um onda igualmente acelerar de automacao que transferir a o usuario de forma nao remunerar tarefa antes executar por trabalhador assalariar operacoe bancaria por aplicativo ensino o distancia plataforma de venda online e servico automatizar em geral ter eliminar posto de trabalho em larga escala em esse cenario o papel de o big techs adquirer centralidade estrategico tanto em o perspectiva de o estado de o direito a comunicacao e de o soberania de o povo quanto em o dimensao de o mundo de o trabalho e de o subjetividade de o classe trabalhadoro o big techs se transformar em o centro de poder de o capitalismo contemporaneo funcionar em base monopolista seu modelo de negocio basear em o vigilancia em massa e em o extracao de dado e motor de um brutal concentracao de renda e de um aumento ineditar de o desigualdade aler de isso o grande datacenter necessario para o crescimento de o ias de o big techs demandar quantidade crescente de energia e agua que agudizar o catastrofe ecologico em curso para o mundo de o trabalho o consequencia sao profundo o chegada de o plataforma digital e o revolucao tecnico cientificar mobilizar a servico de o capital fragmentar o processo produtivo aumentar o exploracao e quebrar o identidade e o experiencia de classe basear em o solidariedade horizontal,"[""esse"", ""processo"", ""expressar"", ""um"", ""mudanca"", ""acelerar"", ""em o"", ""composicao"", ""organico"", ""de o"", ""capital"", ""marcar"", ""por o"", ""aumento"", ""de o"", ""produtividade"", ""resultante"", ""de o"", ""substituicao"", ""de o"", ""trabalho"", ""vivo"", ""por"", ""maquina"", ""o"", ""resultado"", ""de o"", ""automatizacao"", ""poder"", ""representar"", ""libertacao"", ""para"", ""o"", ""classe"", ""trabalhador"", ""mas"", ""transformar"", ""se"", ""sob"", ""o"", ""logica"", ""de o"", ""capital"", ""em"", ""reforco"", ""de o"", ""exploracao"", ""e"", ""aprofundamento"", ""de o"", ""desigualdade"", ""tratar"", ""se"", ""de"", ""um"", ""fenomeno"", ""que"", ""ultrapassar"", ""o"", ""setor"", ""industrial"", ""o"", ""setor"", ""de"", ""servico"", ""viver"", ""um"", ""onda"", ""igualmente"", ""acelerar"", ""de"", ""automacao"", ""que"", ""transferir"", ""a o"", ""usuario"", ""de"", ""forma"", ""nao"", ""remunerar"", ""tarefa"", ""antes"", ""executar"", ""por"", ""trabalhador"", ""assalariar"", ""operacoe"", ""bancaria"", ""por"", ""aplicativo"", ""ensino"", ""o"", ""distancia"", ""plataforma"", ""de"", ""venda"", ""online"", ""e"", ""servico"", ""automatizar"", ""em"", ""geral"", ""ter"", ""eliminar"", ""posto"", ""de"", ""trabalho"", ""em"", ""larga"", ""escala"", ""em esse"", ""cenario"", ""o"", ""papel"", ""de o"", ""big"", ""techs"", ""adquirer"", ""centralidade"", ""estrategico"", ""tanto"", ""em o"", ""perspectiva"", ""de o"", ""estado"", ""de o"", ""direito"", ""a"", ""comunicacao"", ""e"", ""de o"", ""soberania"", ""de o"", ""povo"", ""quanto"", ""em o"", ""dimensao"", ""de o"", ""mundo"", ""de o"", ""trabalho"", ""e"", ""de o"", ""subjetividade"", ""de o"", ""classe"", ""trabalhadoro"", ""o"", ""big"", ""techs"", ""se"", ""transformar"", ""em o"", ""centro"", ""de"", ""poder"", ""de o"", ""capitalismo"", ""contemporaneo"", ""funcionar"", ""em"", ""base"", ""monopolista"", ""seu"", ""modelo"", ""de"", ""negocio"", ""basear"", ""em o"", ""vigilancia"", ""em"", ""massa"", ""e"", ""em o"", ""extracao"", ""de"", ""dado"", ""e"", ""motor"", ""de"", ""um"", ""brutal"", ""concentracao"", ""de"", ""renda"", ""e"", ""de"", ""um"", ""aumento"", ""ineditar"", ""de o"", ""desigualdade"", ""aler"", ""de isso"", ""o"", ""grande"", ""datacenter"", ""necessario"", ""para"", ""o"", ""crescimento"", ""de o"", ""ias"", ""de o"", ""big"", ""techs"", ""demandar"", ""quantidade"", ""crescente"", ""de"", ""energia"", ""e"", ""agua"", ""que"", ""agudizar"", ""o"", ""catastrofe"", ""ecologico"", ""em"", ""curso"", ""para"", ""o"", ""mundo"", ""de o"", ""trabalho"", ""o"", ""consequencia"", ""sao"", ""profundo"", ""o"", ""chegada"", ""de o"", ""plataforma"", ""digital"", ""e"", ""o"", ""revolucao"", ""tecnico"", ""cientificar"", ""mobilizar"", ""a"", ""servico"", ""de o"", ""capital"", ""fragmentar"", ""o"", ""processo"", ""produtivo"", ""aumentar"", ""o"", ""exploracao"", ""e"", ""quebrar"", ""o"", ""identidade"", ""e"", ""o"", ""experiencia"", ""de"", ""classe"", ""basear"", ""em o"", ""solidariedade"", ""horizontal""]"
32,"As novas gerações são contratadas em condições que negam direitos já conquistados, por meio da pejotização e da informalidade.",o novo geracoe sao contratar em condicoe que negar direito ja conquistar por meio de o pejotizacao e de o informalidade,"[""o"", ""novo"", ""geracoe"", ""sao"", ""contratar"", ""em"", ""condicoe"", ""que"", ""negar"", ""direito"", ""ja"", ""conquistar"", ""por"", ""meio"", ""de o"", ""pejotizacao"", ""e"", ""de o"", ""informalidade""]"
33,"O Estado passa a ser percebido como um aparato que apenas fiscaliza, controla e pune.",o estado passar a ser perceber como um aparato que apenas fiscalizar controlar e punir,"[""o"", ""estado"", ""passar"", ""a"", ""ser"", ""perceber"", ""como"", ""um"", ""aparato"", ""que"", ""apenas"", ""fiscalizar"", ""controlar"", ""e"", ""punir""]"
34,"Há, ainda, o crescimento vertiginoso do uso das redes sociais para viabilizar a própria relação de trabalho para milhões de trabalhadores por conta própria, que passam a depender da mediação das plataformas e redes sociais para chegar aos seus clientes, ficando cada vez mais sujeitas à lógica dos algoritmos.",ha ainda o crescimento vertiginoso de o uso de o rede social para viabilizar o propria relacao de trabalho para milhoes de trabalhador por conta proprio que passar a depender de o mediacao de o plataforma e rede social para chegar a o seu cliente ficar cada vez mais sujeito o logica de o algoritmo,"[""ha"", ""ainda"", ""o"", ""crescimento"", ""vertiginoso"", ""de o"", ""uso"", ""de o"", ""rede"", ""social"", ""para"", ""viabilizar"", ""o"", ""propria"", ""relacao"", ""de"", ""trabalho"", ""para"", ""milhoes"", ""de"", ""trabalhador"", ""por"", ""conta"", ""proprio"", ""que"", ""passar"", ""a"", ""depender"", ""de o"", ""mediacao"", ""de o"", ""plataforma"", ""e"", ""rede"", ""social"", ""para"", ""chegar"", ""a o"", ""seu"", ""cliente"", ""ficar"", ""cada"", ""vez"", ""mais"", ""sujeito"", ""o"", ""logica"", ""de o"", ""algoritmo""]"
35,"Há um imenso impacto subjetivo nessa nova forma de trabalho: individualização, exposição ao discurso de ódio, potencialização da ansiedade.",ha um imenso impacto subjetivo em esse novo forma de trabalho individualizacao exposicao a o discurso de odio potencializacao de o ansiedade,"[""ha"", ""um"", ""imenso"", ""impacto"", ""subjetivo"", ""em esse"", ""novo"", ""forma"", ""de"", ""trabalho"", ""individualizacao"", ""exposicao"", ""a o"", ""discurso"", ""de"", ""odio"", ""potencializacao"", ""de o"", ""ansiedade""]"
36,"Este contexto é o terreno ideal para a adesão à retórica neoliberal e para o crescimento da extrema-direita, que tem nas próprias plataformas seu principal campo de ação e doutrinação, difundindo ódio e teorias conspiratórias.",este contexto e o terreno ideal para o adesao o retorico neoliberal e para o crescimento de o extremo direita que ter em o proprio plataforma seu principal campo de acao e doutrinacao difundir odio e teoria conspiratorio,"[""este"", ""contexto"", ""e"", ""o"", ""terreno"", ""ideal"", ""para"", ""o"", ""adesao"", ""o"", ""retorico"", ""neoliberal"", ""e"", ""para"", ""o"", ""crescimento"", ""de o"", ""extremo"", ""direita"", ""que"", ""ter"", ""em o"", ""proprio"", ""plataforma"", ""seu"", ""principal"", ""campo"", ""de"", ""acao"", ""e"", ""doutrinacao"", ""difundir"", ""odio"", ""e"", ""teoria"", ""conspiratorio""]"
37,"O resultado deste novo cenário é um mundo onde os super ricos se tornam cada vez mais ricos e poderosos, formando uma burguesia transnacional disposta a desregular radicalmente os mercados e limitar o Estado-nação ao mínimo necessário para a manutenção dos seus negócios.",o resultado de este novo cenario e um mundo onde o super rico se tornar cada vez mais rico e poderoso formar um burguesia transnacional disposto a desregular radicalmente o mercado e limitar o estado nacao a o minimo necessario para o manutencao de o seu negocio,"[""o"", ""resultado"", ""de este"", ""novo"", ""cenario"", ""e"", ""um"", ""mundo"", ""onde"", ""o"", ""super"", ""rico"", ""se"", ""tornar"", ""cada"", ""vez"", ""mais"", ""rico"", ""e"", ""poderoso"", ""formar"", ""um"", ""burguesia"", ""transnacional"", ""disposto"", ""a"", ""desregular"", ""radicalmente"", ""o"", ""mercado"", ""e"", ""limitar"", ""o"", ""estado"", ""nacao"", ""a o"", ""minimo"", ""necessario"", ""para"", ""o"", ""manutencao"", ""de o"", ""seu"", ""negocio""]"
38,"Diante deste ambiente complexo, a luta pela regulação democrática destas corporações e pela construção de uma infraestrutura tecnológica soberana e pública torna-se central para qualquer projeto de esquerda. É uma luta de longo prazo que deve combinar a ação em âmbito nacional – com pesados investimentos estatais em banda larga universal, proteção de dados e tecnologias de código aberto – com um internacionalismo ativo, pois é impossível derrotar o poder das big techs apenas no plano nacional.",diante de este ambiente complexo o luta por o regulacao democratico de este corporacoe e por o construcao de um infraestrutura tecnologico soberano e publicar tornar se central para qualquer projeto de esquerda e um luta de longo prazo que dever combinar o acao em ambito nacional com pesado investimento estatal em banda larga universal protecao de dado e tecnologia de codigo abrir com um internacionalismo ativo pois e impossivel derrotar o poder de o big techs apenas em o plano nacional,"[""diante"", ""de este"", ""ambiente"", ""complexo"", ""o"", ""luta"", ""por o"", ""regulacao"", ""democratico"", ""de este"", ""corporacoe"", ""e"", ""por o"", ""construcao"", ""de"", ""um"", ""infraestrutura"", ""tecnologico"", ""soberano"", ""e"", ""publicar"", ""tornar"", ""se"", ""central"", ""para"", ""qualquer"", ""projeto"", ""de"", ""esquerda"", ""e"", ""um"", ""luta"", ""de"", ""longo"", ""prazo"", ""que"", ""dever"", ""combinar"", ""o"", ""acao"", ""em"", ""ambito"", ""nacional"", ""com"", ""pesado"", ""investimento"", ""estatal"", ""em"", ""banda"", ""larga"", ""universal"", ""protecao"", ""de"", ""dado"", ""e"", ""tecnologia"", ""de"", ""codigo"", ""abrir"", ""com"", ""um"", ""internacionalismo"", ""ativo"", ""pois"", ""e"", ""impossivel"", ""derrotar"", ""o"", ""poder"", ""de o"", ""big"", ""techs"", ""apenas"", ""em o"", ""plano"", ""nacional""]"
39,"Há ainda outra dimensão: os trabalhos de cuidado, responsáveis por uma economia própria e frequentemente invisível, cumprem a função essencial de reprodução da vida. O trabalho doméstico, os cuidados prestados a crianças, pessoas idosas e com deficiência, bem como as tarefas cotidianas, constituem o alicerce da própria produção econômica. Historicamente, o trabalho necessário à reprodução social recaiu sobre a expropriação não remunerada do trabalho feminino. Estes cinco séculos de exploração se converteram hoje no trabalho doméstico precarizado, majoritariamente realizado por mulheres negras e periféricas. Reconhecer a centralidade política do trabalho de cuidado como componente fundamental de sustentação da sociedade permitirá integrar suas demandas à agenda política e econômica do país, fortalecendo a luta por direitos, igualdade social e condições econômicas justas para todas as pessoas que exercem atividades sócio-reprodutivas. A tarefa do PSOL, portanto, é articular um programa capaz de enfrentar simultaneamente o poder do capital financeiro, o capitalismo extrativista que produz hiperconcentração de riqueza, a precarização do trabalho, a crise climática e as desigualdades estruturais de raça e gênero. Isso implica formular um projeto de país que combine a defesa intransigente dos serviços públicos universais, a redução da jornada de trabalho, a regulação democrática da tecnologia e uma transição ecológica justa e popular. Trata-se de um projeto que não tema enfrentar as narrativas desenvolvimentistas do século 20 e que ouse imaginar — e construir — um socialismo do século 21, democraticamente planejado, centrado na valorização da vida, e não do lucro.",ha ainda outro dimensao o trabalho de cuidado responsavel por um economia proprio e frequentemente invisivel cumprer o funcao essencial de reproducao de o vida o trabalho domestico o cuidado prestar a crianca pessoa idoso e com deficiencia bem como o tarefa cotidiano constituir o alicerce de o proprio producao economico historicamente o trabalho necessario a reproducao social recair sobre o expropriacao nao remunerar de o trabalho feminino este cinco seculo de exploracao se converter hoje em o trabalho domestico precarizar majoritariamente realizar por mulher negro e periferico reconhecer o centralidade politico de o trabalho de cuidado como componente fundamental de sustentacao de o sociedade permitira integrar seu demanda o agenda politico e economico de o pai fortalecer o luta por direito igualdade social e condicoes economico justo para todo o pessoa que exercer atividade socio reprodutivo o tarefa de o psol portanto e articular um programa capaz de enfrentar simultaneamente o poder de o capital financeiro o capitalismo extrativista que produzir hiperconcentracao de riqueza a precarizacao de o trabalho o crise climatico e o desigualdade estrutural de raca e genero isso implicar formular um projeto de pai que combinar o defesa intransigente de o servico publico universal a reducao de o jornada de trabalho o regulacao democratico de o tecnologia e um transicao ecologico justo e popular tratar se de um projeto que nao tema enfrentar o narrativa desenvolvimentista de o seculo 20 e que ousar imaginar e construir um socialismo de o seculo 21 democraticamente planejar centrar em o valorizacao de o vida e nao de o lucro,"[""ha"", ""ainda"", ""outro"", ""dimensao"", ""o"", ""trabalho"", ""de"", ""cuidado"", ""responsavel"", ""por"", ""um"", ""economia"", ""proprio"", ""e"", ""frequentemente"", ""invisivel"", ""cumprer"", ""o"", ""funcao"", ""essencial"", ""de"", ""reproducao"", ""de o"", ""vida"", ""o"", ""trabalho"", ""domestico"", ""o"", ""cuidado"", ""prestar"", ""a"", ""crianca"", ""pessoa"", ""idoso"", ""e"", ""com"", ""deficiencia"", ""bem"", ""como"", ""o"", ""tarefa"", ""cotidiano"", ""constituir"", ""o"", ""alicerce"", ""de o"", ""proprio"", ""producao"", ""economico"", ""historicamente"", ""o"", ""trabalho"", ""necessario"", ""a"", ""reproducao"", ""social"", ""recair"", ""sobre"", ""o"", ""expropriacao"", ""nao"", ""remunerar"", ""de o"", ""trabalho"", ""feminino"", ""este"", ""cinco"", ""seculo"", ""de"", ""exploracao"", ""se"", ""converter"", ""hoje"", ""em o"", ""trabalho"", ""domestico"", ""precarizar"", ""majoritariamente"", ""realizar"", ""por"", ""mulher"", ""negro"", ""e"", ""periferico"", ""reconhecer"", ""o"", ""centralidade"", ""politico"", ""de o"", ""trabalho"", ""de"", ""cuidado"", ""como"", ""componente"", ""fundamental"", ""de"", ""sustentacao"", ""de o"", ""sociedade"", ""permitira"", ""integrar"", ""seu"", ""demanda"", ""o"", ""agenda"", ""politico"", ""e"", ""economico"", ""de o"", ""pai"", ""fortalecer"", ""o"", ""luta"", ""por"", ""direito"", ""igualdade"", ""social"", ""e"", ""condicoes"", ""economico"", ""justo"", ""para"", ""todo"", ""o"", ""pessoa"", ""que"", ""exercer"", ""atividade"", ""socio"", ""reprodutivo"", ""o"", ""tarefa"", ""de o"", ""psol"", ""portanto"", ""e"", ""articular"", ""um"", ""programa"", ""capaz"", ""de"", ""enfrentar"", ""simultaneamente"", ""o"", ""poder"", ""de o"", ""capital"", ""financeiro"", ""o"", ""capitalismo"", ""extrativista"", ""que"", ""produzir"", ""hiperconcentracao"", ""de"", ""riqueza"", ""a"", ""precarizacao"", ""de o"", ""trabalho"", ""o"", ""crise"", ""climatico"", ""e"", ""o"", ""desigualdade"", ""estrutural"", ""de"", ""raca"", ""e"", ""genero"", ""isso"", ""implicar"", ""formular"", ""um"", ""projeto"", ""de"", ""pai"", ""que"", ""combinar"", ""o"", ""defesa"", ""intransigente"", ""de o"", ""servico"", ""publico"", ""universal"", ""a"", ""reducao"", ""de o"", ""jornada"", ""de"", ""trabalho"", ""o"", ""regulacao"", ""democratico"", ""de o"", ""tecnologia"", ""e"", ""um"", ""transicao"", ""ecologico"", ""justo"", ""e"", ""popular"", ""tratar"", ""se"", ""de"", ""um"", ""projeto"", ""que"", ""nao"", ""tema"", ""enfrentar"", ""o"", ""narrativa"", ""desenvolvimentista"", ""de o"", ""seculo"", ""20"", ""e"", ""que"", ""ousar"", ""imaginar"", ""e"", ""construir"", ""um"", ""socialismo"", ""de o"", ""seculo"", ""21"", ""democraticamente"", ""planejar"", ""centrar"", ""em o"", ""valorizacao"", ""de o"", ""vida"", ""e"", ""nao"", ""de o"", ""lucro""]"
40,"2.3 Crise climática e Transição Ecológica Enfrentar a crise climática não pode se limitar à constante elaboração de um inventário sobre a ameaça existencial que ela representa. Já conhecemos, ainda que nem sempre tenhamos internalizado as consequências do aumento das temperaturas, da elevação do nível dos oceanos, do desmatamento, da queima de combustíveis fósseis, do derretimento das geleiras, a crise hídrica, do desaparecimento da biodiversidade, da acidificação dos mares e da exploração predatória dos recursos minerais. Além do aumento objetivo da temperatura média da Terra, eventos climáticos extremos tornam-se cada vez mais frequentes e intensos, afetando principalmente as populações que menos contribuem para a crise climática.",2 3 crise climatico e transicao ecologica enfrentar o crise climatico nao poder se limitar o constante elaboracao de um inventario sobre o ameaca existencial que ela representar ja conhecer ainda que nem sempre tenhamos internalizar o consequencia de o aumento de o temperatura de o elevacao de o nivel de o oceano de o desmatamento de o queima de combustivel fosseis de o derretimento de o geleira o crise hidrico de o desaparecimento de o biodiversidade de o acidificacao de o mar e de o exploracao predatoria de o recurso mineral alem de o aumento objetivo de o temperatura media de o terra evento climatico extremo tornar se cada vez mais frequente e intenso afetar principalmente o populacoe que menos contribuir para o crise climatico,"[""2"", ""3"", ""crise"", ""climatico"", ""e"", ""transicao"", ""ecologica"", ""enfrentar"", ""o"", ""crise"", ""climatico"", ""nao"", ""poder"", ""se"", ""limitar"", ""o"", ""constante"", ""elaboracao"", ""de"", ""um"", ""inventario"", ""sobre"", ""o"", ""ameaca"", ""existencial"", ""que"", ""ela"", ""representar"", ""ja"", ""conhecer"", ""ainda"", ""que"", ""nem"", ""sempre"", ""tenhamos"", ""internalizar"", ""o"", ""consequencia"", ""de o"", ""aumento"", ""de o"", ""temperatura"", ""de o"", ""elevacao"", ""de o"", ""nivel"", ""de o"", ""oceano"", ""de o"", ""desmatamento"", ""de o"", ""queima"", ""de"", ""combustivel"", ""fosseis"", ""de o"", ""derretimento"", ""de o"", ""geleira"", ""o"", ""crise"", ""hidrico"", ""de o"", ""desaparecimento"", ""de o"", ""biodiversidade"", ""de o"", ""acidificacao"", ""de o"", ""mar"", ""e"", ""de o"", ""exploracao"", ""predatoria"", ""de o"", ""recurso"", ""mineral"", ""alem"", ""de o"", ""aumento"", ""objetivo"", ""de o"", ""temperatura"", ""media"", ""de o"", ""terra"", ""evento"", ""climatico"", ""extremo"", ""tornar"", ""se"", ""cada"", ""vez"", ""mais"", ""frequente"", ""e"", ""intenso"", ""afetar"", ""principalmente"", ""o"", ""populacoe"", ""que"", ""menos"", ""contribuir"", ""para"", ""o"", ""crise"", ""climatico""]"
41,"Moradores das periferias urbanas, a juventude das médias e grandes cidades, a população negra, os povos indígenas, quilombolas, ribeirinhos, pequenos agricultores e outros povos e comunidades tradicionais figuram entre as maiores vítimas desse desequilíbrio, sofrendo constantemente com perdas materiais, destruição de territórios e desestruturação de seus modos de vida, como ocorre, por exemplo, na Amazônia. Pelo lucro de poucos, o equilíbrio ecológico do planeta vem sendo destruído, e a vida da maioria das pessoas é colocada em permanente estado de emergência — situação que resulta, inclusive, na deterioração da saúde humana e no aumento dos deslocamentos e migrações forçadas. O que a ciência tem demonstrado nos últimos anos é que o planeta não suporta o atual ritmo de produção e consumo imposto pelo capitalismo. Essa constatação nos obriga a enfrentar o debate sobre a transformação dos modelos produtivos, o papel da agroecologia e dos saberes tradicionais, o controle público dos recursos naturais estratégicos, a descarbonização da economia e a defesa dos territórios indígenas e quilombolas, entre outros temas centrais. Não se trata apenas de reformar o sistema existente, mas de substituir o atual modelo de desenvolvimento. Em outras palavras, a transição ecológica não pode se resumir a um “capitalismo sustentável”. Não acreditamos que esse sistema, com sua lógica predatória, sua crescente demanda por bens naturais e com os padrões de consumo que incentiva, possa encontrar uma forma “sustentável”. Para nós, a transição ecológica é parte de um programa de superação do capitalismo, com a construção de alternativas à cultura da devastação, do desperdício e do supérfluo. A crise climática coloca em xeque, simultaneamente, a forma capitalista de produção, seja na “indústria da guerra”, responsável por parte considerável das emissões de CO2, nos padrões de consumo incentivados pela propaganda ou nos fluxos comerciais que impõe aos países do Sul Global o papel de fornecedores de matérias-primas e consumidores de bens de alto valor agregado. Ela também evidencia as ameaças à vida representadas pela dinâmica destrutiva do sistema do capital e abre espaço para a formulação de um modelo alternativo, baseado em uma nova divisão internacional da produção, na qual países detentores de grandes reservas de energia limpa poderão se tornar verdadeiras potências. No entanto, essa transição energética precisa ser conduzida de forma democrática, com ampla participação e diálogo com as populações tradicionais e indígenas. É fundamental que o financiamento desse processo seja assumido, prioritariamente, pelos países centrais do capitalismo — historicamente responsáveis pelas maiores emissões de carbono —, de modo a redistribuir recursos e permitir que os países da periferia global realizem uma transição justa, popular e soberana. Mesmo nas previsões científicas mais otimistas, os efeitos da crise climática já não são totalmente reversíveis. Nesse contexto, tragédias decorrentes de fortes chuvas, enchentes, deslizamentos, queimadas, ondas de calor e frio extremos, não são fenômenos naturais, mas consequências da combinação desastrosa entre a crise e a profunda desigualdade na distribuição de infraestrutura e planejamento de nossas cidades. Devemos, portanto, enraizar e contextualizar os debates e esforços para reduzir os riscos e combater o racismo ambiental, promovendo medidas de adaptação que enfrentem os danos já causados. Ao mesmo tempo, é fundamental mitigar as emissões de gases de efeito estufa e construir uma transição ecológica e socioambiental que supere tanto a relação predatória e destrutiva do capitalismo com a natureza quanto as diversas formas de opressão presentes em nossa sociedade, visando uma transição energética que substitua, de forma gradual e definitiva, o uso dos combustíveis fósseis. Nesse contexto, não se pode ignorar a desproporcional responsabilidade dos países do Norte Global pela crise climática: sua riqueza deriva de séculos de exploração colonial e capitalista do planeta, enquanto o sistema internacional continua a causar danos aos países do Sul. Na divisão internacional do trabalho, a reprimarização da economia brasileira se expressa na expansão desenfreada da mineração e do agronegócio monocultor-exportador. As consequências são nefastas: mineradoras e garimpos devoram montanhas e rios; pastagens para gado e latifúndios de soja e milho avançam sobre nossos biomas; a crise climática se aprofunda; os preços dos alimentos sobem; nossa biodiversidade se esgota; e agrotóxicos, assim como rejeitos da mineração, contaminam cada vez mais rios e territórios. A dinâmica responsável pela crise climática é funcional ao neoliberalismo, que oferece ainda mais financeirização como solução, por meio das políticas de mercado de carbono e outras medidas de greenwashing. A extrema-direita utiliza o negacionismo climático como um elemento estrutural de sua mobilização, alimentando um nacionalismo ultrarreacionário, que justifica a exploração da natureza como direito dos países mais poderosos. É, portanto, papel do PSOL travar essa batalha nos níveis político, econômico, social e cultural, popularizando o debate climático ao conectá-lo com a vida real da classe trabalhadora. Além do combate ao desmatamento, ao garimpo ilegal e da defesa dos direitos dos territórios dos povos indígenas, o partido deve lutar nos centros urbanos por moradia popular, pela reciclagem de prédios, pelo saneamento básico e pela universalização do acesso à água .",morador de o periferia urbano o juventude de o media e grande cidade o populacao negro o povo indigena quilombola ribeirinho pequeno agricultor e outro povo e comunidade tradicional figurar entre o grande vitima de esse desequilibrio sofrer constantemente com perda material destruicao de territorio e desestruturacao de seu modo de vida como ocorrer por exemplo em o amazonia por o lucro de pouco o equilibrio ecologico de o planeta vir ser destruer e o vida de o maioria de o pessoa e colocar em permanente estado de emergencia situacao que resultar inclusive em o deterioracao de o saude humano e em o aumento de o deslocamento e migracoes forcada o que o ciencia ter demonstrar em o ultimo ano e que o planeta nao suportar o atual ritmo de producao e consumo impor por o capitalismo esse constatacao nós obrigar a enfrentar o debate sobre o transformacao de o modelo produtivo o papel de o agroecologia e de o saber tradicional o controle publico de o recurso natural estrategico a descarbonizacao de o economia e o defesa de o territorio indigena e quilombola entre outro tema central nao se tratar apenas de reformar o sistema existente mas de substituir o atual modelo de desenvolvimento em outro palavra a transicao ecologico nao poder se resumir a um capitalismo sustentavel nao acreditar que esse sistema com seu logico predator seu crescente demanda por bem natural e com o padroes de consumo que incentivar poder encontrar um forma sustentavel para em o o transicao ecologico e parte de um programa de superacao de o capitalismo com o construcao de alternativa o cultura de o devastacao de o desperdicio e de o superfluo o crise climatico colocar em xeque simultaneamente o forma capitalista de producao ser em o industria de o guerra responsavel por parte consideravel de o emissoes de em o padroes de consumo incentivar por o propaganda ou em o fluxo comercial que impoe a o paise de o sul global o papel de fornecedor de materia primo e consumidor de bem de alto valor agregar ele tambem evidenciar o ameaca o vida representar por o dinamica destrutivo de o sistema de o capital e abrir espaco para o formulacao de um modelo alternativo basear em um novo divisao internacional de o producao em o qual paise detentor de grande reserva de energia limpo poderao se tornar verdadeiro potencia em o entanto esse transicao energetico precisar ser conduzir de forma democratico com amplo participacao e dialogo com o populacoe tradicional e indigena e fundamental que o financiamento de esse processo ser assumir prioritariamente por o paise central de o capitalismo historicamente responsavel por o grande emissoes de carbono de modo a redistribuir recurso e permitir que o pais de o periferia global realizem um transicao justo popular e soberana mesmo em o previsoe cientifico mais otimista o efeito de o crise climatico ja nao sao totalmente reversivel em esse contexto tragedia decorrente de forte chuva enchente deslizamento queimar onda de calor e frio extremo nao sao fenomeno natural mas consequencia de o combinacao desastroso entre o crise e o profundo desigualdade em o distribuicao de infraestrutura e planejamento de nosso cidade dever portanto enraizar e contextualizar o debate e esforco para reduzir o risco e combater o racismo ambiental promover medida de adaptacao que enfrentar o dano ja causar a o mesmo tempo e fundamental mitigar o emissoes de gases de efeito estufa e construir um transicao ecologico e socioambiental que superar tanto a relacao predator e destrutivo de o capitalismo com o natureza quanto o diverso forma de opressao presente em nosso sociedade visar um transicao energetico que substitua de forma gradual e definitivo o uso de o combustiveis fosseis em esse contexto nao se poder ignorar o desproporcional responsabilidade de o pais de o norte global por o crise climatico seu riqueza derivar de seculo de exploracao colonial e capitalista de o planeta enquanto o sistema internacional continuar a causar dano a o paise de o sul em o divisao internacional de o trabalho a reprimarizacao de o economia brasileiro se expressar em o expansao desenfreado de o mineracao e de o agronegocio monocultor exportador o consequencia sao nefasto mineradora e garimpo devorar montanha e rio pastagem para gado e latifundio de soja e milho avancar sobre nosso bioma o crise climatico se aprofundar o preco de o alimento subir nosso biodiversidade se esgotar e agrotoxico assim como rejeito de o mineracao contaminar cada vez mais rio e territorio o dinamica responsavel por o crise climatico e funcional a o neoliberalismo que oferecer ainda mais financeirizacao como solucao por meio de o politica de mercado de carbono e outro medida de greenwashing o extremo direita utilizar o negacionismo climatico como um elemento estrutural de seu mobilizacao alimentar um nacionalismo ultrarreacionario que justificar o exploracao de o natureza como direito de o pais mais poderoso e portanto papel de o psol travar esse batalha em o nivel politico economico social e cultural popularizar o debate climatico a o conecta lo com o vida real de o classe trabalhador alem de o combate a o desmatamento a o garimpo ilegal e de o defesa de o direito de o territorio de o povo indigena o partido dever lutar em o centro urbano por moradia popular por o reciclagem de predio por o saneamento basico e por o universalizacao de o acesso o agua,"[""morador"", ""de o"", ""periferia"", ""urbano"", ""o"", ""juventude"", ""de o"", ""media"", ""e"", ""grande"", ""cidade"", ""o"", ""populacao"", ""negro"", ""o"", ""povo"", ""indigena"", ""quilombola"", ""ribeirinho"", ""pequeno"", ""agricultor"", ""e"", ""outro"", ""povo"", ""e"", ""comunidade"", ""tradicional"", ""figurar"", ""entre"", ""o"", ""grande"", ""vitima"", ""de esse"", ""desequilibrio"", ""sofrer"", ""constantemente"", ""com"", ""perda"", ""material"", ""destruicao"", ""de"", ""territorio"", ""e"", ""desestruturacao"", ""de"", ""seu"", ""modo"", ""de"", ""vida"", ""como"", ""ocorrer"", ""por"", ""exemplo"", ""em o"", ""amazonia"", ""por o"", ""lucro"", ""de"", ""pouco"", ""o"", ""equilibrio"", ""ecologico"", ""de o"", ""planeta"", ""vir"", ""ser"", ""destruer"", ""e"", ""o"", ""vida"", ""de o"", ""maioria"", ""de o"", ""pessoa"", ""e"", ""colocar"", ""em"", ""permanente"", ""estado"", ""de"", ""emergencia"", ""situacao"", ""que"", ""resultar"", ""inclusive"", ""em o"", ""deterioracao"", ""de o"", ""saude"", ""humano"", ""e"", ""em o"", ""aumento"", ""de o"", ""deslocamento"", ""e"", ""migracoes"", ""forcada"", ""o"", ""que"", ""o"", ""ciencia"", ""ter"", ""demonstrar"", ""em o"", ""ultimo"", ""ano"", ""e"", ""que"", ""o"", ""planeta"", ""nao"", ""suportar"", ""o"", ""atual"", ""ritmo"", ""de"", ""producao"", ""e"", ""consumo"", ""impor"", ""por o"", ""capitalismo"", ""esse"", ""constatacao"", ""nós"", ""obrigar"", ""a"", ""enfrentar"", ""o"", ""debate"", ""sobre"", ""o"", ""transformacao"", ""de o"", ""modelo"", ""produtivo"", ""o"", ""papel"", ""de o"", ""agroecologia"", ""e"", ""de o"", ""saber"", ""tradicional"", ""o"", ""controle"", ""publico"", ""de o"", ""recurso"", ""natural"", ""estrategico"", ""a"", ""descarbonizacao"", ""de o"", ""economia"", ""e"", ""o"", ""defesa"", ""de o"", ""territorio"", ""indigena"", ""e"", ""quilombola"", ""entre"", ""outro"", ""tema"", ""central"", ""nao"", ""se"", ""tratar"", ""apenas"", ""de"", ""reformar"", ""o"", ""sistema"", ""existente"", ""mas"", ""de"", ""substituir"", ""o"", ""atual"", ""modelo"", ""de"", ""desenvolvimento"", ""em"", ""outro"", ""palavra"", ""a"", ""transicao"", ""ecologico"", ""nao"", ""poder"", ""se"", ""resumir"", ""a"", ""um"", ""capitalismo"", ""sustentavel"", ""nao"", ""acreditar"", ""que"", ""esse"", ""sistema"", ""com"", ""seu"", ""logico"", ""predator"", ""seu"", ""crescente"", ""demanda"", ""por"", ""bem"", ""natural"", ""e"", ""com"", ""o"", ""padroes"", ""de"", ""consumo"", ""que"", ""incentivar"", ""poder"", ""encontrar"", ""um"", ""forma"", ""sustentavel"", ""para"", ""em o"", ""o"", ""transicao"", ""ecologico"", ""e"", ""parte"", ""de"", ""um"", ""programa"", ""de"", ""superacao"", ""de o"", ""capitalismo"", ""com"", ""o"", ""construcao"", ""de"", ""alternativa"", ""o"", ""cultura"", ""de o"", ""devastacao"", ""de o"", ""desperdicio"", ""e"", ""de o"", ""superfluo"", ""o"", ""crise"", ""climatico"", ""colocar"", ""em"", ""xeque"", ""simultaneamente"", ""o"", ""forma"", ""capitalista"", ""de"", ""producao"", ""ser"", ""em o"", ""industria"", ""de o"", ""guerra"", ""responsavel"", ""por"", ""parte"", ""consideravel"", ""de o"", ""emissoes"", ""de"", ""em o"", ""padroes"", ""de"", ""consumo"", ""incentivar"", ""por o"", ""propaganda"", ""ou"", ""em o"", ""fluxo"", ""comercial"", ""que"", ""impoe"", ""a o"", ""paise"", ""de o"", ""sul"", ""global"", ""o"", ""papel"", ""de"", ""fornecedor"", ""de"", ""materia"", ""primo"", ""e"", ""consumidor"", ""de"", ""bem"", ""de"", ""alto"", ""valor"", ""agregar"", ""ele"", ""tambem"", ""evidenciar"", ""o"", ""ameaca"", ""o"", ""vida"", ""representar"", ""por o"", ""dinamica"", ""destrutivo"", ""de o"", ""sistema"", ""de o"", ""capital"", ""e"", ""abrir"", ""espaco"", ""para"", ""o"", ""formulacao"", ""de"", ""um"", ""modelo"", ""alternativo"", ""basear"", ""em"", ""um"", ""novo"", ""divisao"", ""internacional"", ""de o"", ""producao"", ""em o"", ""qual"", ""paise"", ""detentor"", ""de"", ""grande"", ""reserva"", ""de"", ""energia"", ""limpo"", ""poderao"", ""se"", ""tornar"", ""verdadeiro"", ""potencia"", ""em o"", ""entanto"", ""esse"", ""transicao"", ""energetico"", ""precisar"", ""ser"", ""conduzir"", ""de"", ""forma"", ""democratico"", ""com"", ""amplo"", ""participacao"", ""e"", ""dialogo"", ""com"", ""o"", ""populacoe"", ""tradicional"", ""e"", ""indigena"", ""e"", ""fundamental"", ""que"", ""o"", ""financiamento"", ""de esse"", ""processo"", ""ser"", ""assumir"", ""prioritariamente"", ""por o"", ""paise"", ""central"", ""de o"", ""capitalismo"", ""historicamente"", ""responsavel"", ""por o"", ""grande"", ""emissoes"", ""de"", ""carbono"", ""de"", ""modo"", ""a"", ""redistribuir"", ""recurso"", ""e"", ""permitir"", ""que"", ""o"", ""pais"", ""de o"", ""periferia"", ""global"", ""realizem"", ""um"", ""transicao"", ""justo"", ""popular"", ""e"", ""soberana"", ""mesmo"", ""em o"", ""previsoe"", ""cientifico"", ""mais"", ""otimista"", ""o"", ""efeito"", ""de o"", ""crise"", ""climatico"", ""ja"", ""nao"", ""sao"", ""totalmente"", ""reversivel"", ""em esse"", ""contexto"", ""tragedia"", ""decorrente"", ""de"", ""forte"", ""chuva"", ""enchente"", ""deslizamento"", ""queimar"", ""onda"", ""de"", ""calor"", ""e"", ""frio"", ""extremo"", ""nao"", ""sao"", ""fenomeno"", ""natural"", ""mas"", ""consequencia"", ""de o"", ""combinacao"", ""desastroso"", ""entre"", ""o"", ""crise"", ""e"", ""o"", ""profundo"", ""desigualdade"", ""em o"", ""distribuicao"", ""de"", ""infraestrutura"", ""e"", ""planejamento"", ""de"", ""nosso"", ""cidade"", ""dever"", ""portanto"", ""enraizar"", ""e"", ""contextualizar"", ""o"", ""debate"", ""e"", ""esforco"", ""para"", ""reduzir"", ""o"", ""risco"", ""e"", ""combater"", ""o"", ""racismo"", ""ambiental"", ""promover"", ""medida"", ""de"", ""adaptacao"", ""que"", ""enfrentar"", ""o"", ""dano"", ""ja"", ""causar"", ""a o"", ""mesmo"", ""tempo"", ""e"", ""fundamental"", ""mitigar"", ""o"", ""emissoes"", ""de"", ""gases"", ""de"", ""efeito"", ""estufa"", ""e"", ""construir"", ""um"", ""transicao"", ""ecologico"", ""e"", ""socioambiental"", ""que"", ""superar"", ""tanto"", ""a"", ""relacao"", ""predator"", ""e"", ""destrutivo"", ""de o"", ""capitalismo"", ""com"", ""o"", ""natureza"", ""quanto"", ""o"", ""diverso"", ""forma"", ""de"", ""opressao"", ""presente"", ""em"", ""nosso"", ""sociedade"", ""visar"", ""um"", ""transicao"", ""energetico"", ""que"", ""substitua"", ""de"", ""forma"", ""gradual"", ""e"", ""definitivo"", ""o"", ""uso"", ""de o"", ""combustiveis"", ""fosseis"", ""em esse"", ""contexto"", ""nao"", ""se"", ""poder"", ""ignorar"", ""o"", ""desproporcional"", ""responsabilidade"", ""de o"", ""pais"", ""de o"", ""norte"", ""global"", ""por o"", ""crise"", ""climatico"", ""seu"", ""riqueza"", ""derivar"", ""de"", ""seculo"", ""de"", ""exploracao"", ""colonial"", ""e"", ""capitalista"", ""de o"", ""planeta"", ""enquanto"", ""o"", ""sistema"", ""internacional"", ""continuar"", ""a"", ""causar"", ""dano"", ""a o"", ""paise"", ""de o"", ""sul"", ""em o"", ""divisao"", ""internacional"", ""de o"", ""trabalho"", ""a"", ""reprimarizacao"", ""de o"", ""economia"", ""brasileiro"", ""se"", ""expressar"", ""em o"", ""expansao"", ""desenfreado"", ""de o"", ""mineracao"", ""e"", ""de o"", ""agronegocio"", ""monocultor"", ""exportador"", ""o"", ""consequencia"", ""sao"", ""nefasto"", ""mineradora"", ""e"", ""garimpo"", ""devorar"", ""montanha"", ""e"", ""rio"", ""pastagem"", ""para"", ""gado"", ""e"", ""latifundio"", ""de"", ""soja"", ""e"", ""milho"", ""avancar"", ""sobre"", ""nosso"", ""bioma"", ""o"", ""crise"", ""climatico"", ""se"", ""aprofundar"", ""o"", ""preco"", ""de o"", ""alimento"", ""subir"", ""nosso"", ""biodiversidade"", ""se"", ""esgotar"", ""e"", ""agrotoxico"", ""assim"", ""como"", ""rejeito"", ""de o"", ""mineracao"", ""contaminar"", ""cada"", ""vez"", ""mais"", ""rio"", ""e"", ""territorio"", ""o"", ""dinamica"", ""responsavel"", ""por o"", ""crise"", ""climatico"", ""e"", ""funcional"", ""a o"", ""neoliberalismo"", ""que"", ""oferecer"", ""ainda"", ""mais"", ""financeirizacao"", ""como"", ""solucao"", ""por"", ""meio"", ""de o"", ""politica"", ""de"", ""mercado"", ""de"", ""carbono"", ""e"", ""outro"", ""medida"", ""de"", ""greenwashing"", ""o"", ""extremo"", ""direita"", ""utilizar"", ""o"", ""negacionismo"", ""climatico"", ""como"", ""um"", ""elemento"", ""estrutural"", ""de"", ""seu"", ""mobilizacao"", ""alimentar"", ""um"", ""nacionalismo"", ""ultrarreacionario"", ""que"", ""justificar"", ""o"", ""exploracao"", ""de o"", ""natureza"", ""como"", ""direito"", ""de o"", ""pais"", ""mais"", ""poderoso"", ""e"", ""portanto"", ""papel"", ""de o"", ""psol"", ""travar"", ""esse"", ""batalha"", ""em o"", ""nivel"", ""politico"", ""economico"", ""social"", ""e"", ""cultural"", ""popularizar"", ""o"", ""debate"", ""climatico"", ""a o"", ""conecta"", ""lo"", ""com"", ""o"", ""vida"", ""real"", ""de o"", ""classe"", ""trabalhador"", ""alem"", ""de o"", ""combate"", ""a o"", ""desmatamento"", ""a o"", ""garimpo"", ""ilegal"", ""e"", ""de o"", ""defesa"", ""de o"", ""direito"", ""de o"", ""territorio"", ""de o"", ""povo"", ""indigena"", ""o"", ""partido"", ""dever"", ""lutar"", ""em o"", ""centro"", ""urbano"", ""por"", ""moradia"", ""popular"", ""por o"", ""reciclagem"", ""de"", ""predio"", ""por o"", ""saneamento"", ""basico"", ""e"", ""por o"", ""universalizacao"", ""de o"", ""acesso"", ""o"", ""agua""]"
42,"Além disso, o PSOL deve defender a gratuidade e ampliação do transporte público, e a construção de maior infraestrutura verde nas cidades, como parques lineares, praças de infiltração, jardins de chuva, microreservatórios e pela criação de mais espaços verdes nas cidades, especialmente nas periferias urbanas.",alem de isso o psol dever defender o gratuidade e ampliacao de o transporte publico e o construcao de grande infraestrutura verde em o cidade como parque linear praca de infiltracao jardim de chuva microreservatorio e por o criacao de mais espaco verde em o cidade especialmente em o periferia urbano,"[""alem"", ""de isso"", ""o"", ""psol"", ""dever"", ""defender"", ""o"", ""gratuidade"", ""e"", ""ampliacao"", ""de o"", ""transporte"", ""publico"", ""e"", ""o"", ""construcao"", ""de"", ""grande"", ""infraestrutura"", ""verde"", ""em o"", ""cidade"", ""como"", ""parque"", ""linear"", ""praca"", ""de"", ""infiltracao"", ""jardim"", ""de"", ""chuva"", ""microreservatorio"", ""e"", ""por o"", ""criacao"", ""de"", ""mais"", ""espaco"", ""verde"", ""em o"", ""cidade"", ""especialmente"", ""em o"", ""periferia"", ""urbano""]"
43,"Sabemos que o colapso ambiental afetará todo o planeta, mas os principais impactados serão os mais pobres, negros e periféricos. Por isso, a agenda ambiental, o combate à desigualdade e ao racismo caminham juntos. As bases de nossa transição ecológica devem partir tanto da valorização dos saberes e práticas das periferias, dos povos indígenas, quilombolas e demais comunidades tradicionais — que são os principais protetores das florestas e demais biomas. Nesse sentido, defendemos como central a homologação e a defesa de seus territórios, com transparência, participação popular e proteção aos movimentos e defensores socioambientais.",saber que o colapso ambiental afetar todo o planeta mas o principal impactar serao o mais pobre negro e periferico por isso o agenda ambiental o combate o desigualdade e a o racismo caminhar junto o base de nosso transicao ecologico dever partir tanto de o valorizacao de o saber e pratica de o periferia de o povo indigena quilombola e demais comunidade tradicional que sao o principal protetor de o floresta e demais bioma em esse sentido defender como central a homologacao e o defesa de seu territorio com transparencia participacao popular e protecao a o movimento e defensor socioambiental,"[""saber"", ""que"", ""o"", ""colapso"", ""ambiental"", ""afetar"", ""todo"", ""o"", ""planeta"", ""mas"", ""o"", ""principal"", ""impactar"", ""serao"", ""o"", ""mais"", ""pobre"", ""negro"", ""e"", ""periferico"", ""por"", ""isso"", ""o"", ""agenda"", ""ambiental"", ""o"", ""combate"", ""o"", ""desigualdade"", ""e"", ""a o"", ""racismo"", ""caminhar"", ""junto"", ""o"", ""base"", ""de"", ""nosso"", ""transicao"", ""ecologico"", ""dever"", ""partir"", ""tanto"", ""de o"", ""valorizacao"", ""de o"", ""saber"", ""e"", ""pratica"", ""de o"", ""periferia"", ""de o"", ""povo"", ""indigena"", ""quilombola"", ""e"", ""demais"", ""comunidade"", ""tradicional"", ""que"", ""sao"", ""o"", ""principal"", ""protetor"", ""de o"", ""floresta"", ""e"", ""demais"", ""bioma"", ""em esse"", ""sentido"", ""defender"", ""como"", ""central"", ""a"", ""homologacao"", ""e"", ""o"", ""defesa"", ""de"", ""seu"", ""territorio"", ""com"", ""transparencia"", ""participacao"", ""popular"", ""e"", ""protecao"", ""a o"", ""movimento"", ""e"", ""defensor"", ""socioambiental""]"
44,"Aspectos da formação social do Brasil O Brasil foi a maior nação escravista do mundo. Assentado nas bases do colonialismo, a partir da destruição dos recursos naturais, do genocídio indígena e do controle privado e familiar de vastas extensões do território nacional, o modo de produção colonial escravista recebeu 40% de toda a diáspora africana. Por meio do tráfico transatlântico de pessoas escravizadas, por séculos, esse sistema as desumanizou e explorou para viabilizar um modelo de concentração de riqueza e poder extremamente desigual. Classes populares, sobretudo negros e indígenas foram excluídos da riqueza socialmente produzida, pois lhes foi negada a humanidade; contudo, esse processo foi constantemente questionado pelas insurreições, rebeliões e lutas destes povos. As lutas sociais e políticas do povo brasileiro são tão antigas quanto a história do próprio Brasil. Povos indígenas e escravizados organizaram instrumentos de resistência para construir sociedades livres da desumanização imposta pela exploração colonial. As revoltas seguiram no período imperial – Canudos, Balaiada, Malês, Cabanagem e tantas outras – em lutas contra a exploração dos oprimidos e por outra configuração de nação. A edição da Lei de Terras, em 1850 excluiu a população negra do acesso à terra no Brasil. Somada à ausência de políticas de inclusão social, estas medidas lançaram essa população na extrema pobreza, enquanto o Estado criminalizou suas formas de sobrevivência e incentivou políticas de branqueamento. A transição para o trabalho livre, com a abolição em 1888, deu origem a uma sociedade de classes profundamente racializada e patriarcal, baseada na superexploração da força de trabalho. Essa combinação instituiu o racismo estrutural como engrenagem fundamental da acumulação capitalista brasileira, na qual as mulheres negras assumem papel central na nova lógica exploratória. Essa é uma característica do nosso capitalismo: seu caráter dependente, racialmente estruturado, generificado e sexista, que, mesmo após os processos políticos que levaram ao desenvolvimento de uma economia industrial, articulou os interesses das diferentes expressões da burguesia industrial e agrária. A incapacidade dessa burguesia de formular um projeto nacional, por ser dependente e associada ao imperialismo (primeiro inglês e depois estadunidense), bloqueou historicamente reformas estruturais, como a agrária, urbana e tributária. A única resposta às contínuas demandas dos setores populares tem sido o recurso à coerção, incluindo longos períodos de autoritarismo e ditaduras. A partir do século 20, no período pós-abolição, e na consolidação da República Brasileira, movimentos sociais do campo e da cidade, sindicatos, partidos comunistas e trabalhistas protagonizaram a disputa à esquerda pelos rumos do país, assim como resistiram ao longo da ditadura militar no país.",aspecto de o formacao social de o brasil o brasil ser o grande nacao escravista de o mundo assentar em o base de o colonialismo a partir de o destruicao de o recurso natural de o genocidio indigena e de o controle privado e familiar de vasto extensoes de o territorio nacional o modo de producao colonial escravista receber 40 de todo o diaspora africano por meio de o trafico transatlantico de pessoa escravizar por seculo esse sistema elas desumanizar e explorar para viabilizar um modelo de concentracao de riqueza e poder extremamente desigual classe popular sobretudo negro e indigena ser excluir de o riqueza socialmente produzir pois eles ser negar o humanidade contudo esse processo ser constantemente questionar por o insurreicoes rebelioes e luta de este povo o luta social e politico de o povo brasileiro sao tao antigo quanto o historia de o proprio brasil povo indigena e escravizar organizar instrumento de resistencia para construir sociedade livre de o desumanizacao impostar por o exploracao colonial o revolta seguir em o periodo imperial canudo balaiar mal cabanagem e tanto outro em luta contra o exploracao de o oprimido e por outro configuracao de nacao a edicao de o lei de terra em 1850 excluir o populacao negro de o acesso o terra em o brasil somar o ausencia de politica de inclusao social este medida lancar esse populacao em o extremo pobreza enquanto o estado criminalizar seu forma de sobrevivencia e incentivar politico de branqueamento a transicao para o trabalho livre com ela abolicao em 1888 dar origem a um sociedade de classe profundamente racializar e patriarcal basear em o superexploracao de o forca de trabalho esse combinacao instituir o racismo estrutural como engrenagem fundamental de o acumulacao capitalista brasileiro em o qual o mulher negro assumir papel central em o novo logico exploratoria esse e um caracteristica de o nosso capitalismo seu carater dependente racialmente estruturar generificar e sexista que mesmo apo o processo politico que levar a o desenvolvimento de um economia industrial articular o interesse de o diferente expressoe de o burguesia industrial e agrar o incapacidade de esse burguesia de formular um projeto nacional por ser dependente e associar a o imperialismo primeiro ingles e depois estadunidense bloquear historicamente reforma estrutural como o agraria urbano e tributar o unico resposta o continuo demanda de o setor popular ter ser o recurso a coercao incluir longo periodo de autoritarismo e ditadura a partir de o seculo 20 em o periodo pos abolicao e em o consolidacao de o republica brasileiro movimento social de o campo e de o cidade sindicato partido comunista e trabalhista protagonizar o disputa o esquerda por o rumo de o pai assim como resistir a o longo de o ditadura militar em o pai,"[""aspecto"", ""de o"", ""formacao"", ""social"", ""de o"", ""brasil"", ""o"", ""brasil"", ""ser"", ""o"", ""grande"", ""nacao"", ""escravista"", ""de o"", ""mundo"", ""assentar"", ""em o"", ""base"", ""de o"", ""colonialismo"", ""a"", ""partir"", ""de o"", ""destruicao"", ""de o"", ""recurso"", ""natural"", ""de o"", ""genocidio"", ""indigena"", ""e"", ""de o"", ""controle"", ""privado"", ""e"", ""familiar"", ""de"", ""vasto"", ""extensoes"", ""de o"", ""territorio"", ""nacional"", ""o"", ""modo"", ""de"", ""producao"", ""colonial"", ""escravista"", ""receber"", ""40"", ""de"", ""todo"", ""o"", ""diaspora"", ""africano"", ""por"", ""meio"", ""de o"", ""trafico"", ""transatlantico"", ""de"", ""pessoa"", ""escravizar"", ""por"", ""seculo"", ""esse"", ""sistema"", ""elas"", ""desumanizar"", ""e"", ""explorar"", ""para"", ""viabilizar"", ""um"", ""modelo"", ""de"", ""concentracao"", ""de"", ""riqueza"", ""e"", ""poder"", ""extremamente"", ""desigual"", ""classe"", ""popular"", ""sobretudo"", ""negro"", ""e"", ""indigena"", ""ser"", ""excluir"", ""de o"", ""riqueza"", ""socialmente"", ""produzir"", ""pois"", ""eles"", ""ser"", ""negar"", ""o"", ""humanidade"", ""contudo"", ""esse"", ""processo"", ""ser"", ""constantemente"", ""questionar"", ""por o"", ""insurreicoes"", ""rebelioes"", ""e"", ""luta"", ""de este"", ""povo"", ""o"", ""luta"", ""social"", ""e"", ""politico"", ""de o"", ""povo"", ""brasileiro"", ""sao"", ""tao"", ""antigo"", ""quanto"", ""o"", ""historia"", ""de o"", ""proprio"", ""brasil"", ""povo"", ""indigena"", ""e"", ""escravizar"", ""organizar"", ""instrumento"", ""de"", ""resistencia"", ""para"", ""construir"", ""sociedade"", ""livre"", ""de o"", ""desumanizacao"", ""impostar"", ""por o"", ""exploracao"", ""colonial"", ""o"", ""revolta"", ""seguir"", ""em o"", ""periodo"", ""imperial"", ""canudo"", ""balaiar"", ""mal"", ""cabanagem"", ""e"", ""tanto"", ""outro"", ""em"", ""luta"", ""contra"", ""o"", ""exploracao"", ""de o"", ""oprimido"", ""e"", ""por"", ""outro"", ""configuracao"", ""de"", ""nacao"", ""a"", ""edicao"", ""de o"", ""lei"", ""de"", ""terra"", ""em"", ""1850"", ""excluir"", ""o"", ""populacao"", ""negro"", ""de o"", ""acesso"", ""o"", ""terra"", ""em o"", ""brasil"", ""somar"", ""o"", ""ausencia"", ""de"", ""politica"", ""de"", ""inclusao"", ""social"", ""este"", ""medida"", ""lancar"", ""esse"", ""populacao"", ""em o"", ""extremo"", ""pobreza"", ""enquanto"", ""o"", ""estado"", ""criminalizar"", ""seu"", ""forma"", ""de"", ""sobrevivencia"", ""e"", ""incentivar"", ""politico"", ""de"", ""branqueamento"", ""a"", ""transicao"", ""para"", ""o"", ""trabalho"", ""livre"", ""com"", ""ela"", ""abolicao"", ""em"", ""1888"", ""dar"", ""origem"", ""a"", ""um"", ""sociedade"", ""de"", ""classe"", ""profundamente"", ""racializar"", ""e"", ""patriarcal"", ""basear"", ""em o"", ""superexploracao"", ""de o"", ""forca"", ""de"", ""trabalho"", ""esse"", ""combinacao"", ""instituir"", ""o"", ""racismo"", ""estrutural"", ""como"", ""engrenagem"", ""fundamental"", ""de o"", ""acumulacao"", ""capitalista"", ""brasileiro"", ""em o"", ""qual"", ""o"", ""mulher"", ""negro"", ""assumir"", ""papel"", ""central"", ""em o"", ""novo"", ""logico"", ""exploratoria"", ""esse"", ""e"", ""um"", ""caracteristica"", ""de o"", ""nosso"", ""capitalismo"", ""seu"", ""carater"", ""dependente"", ""racialmente"", ""estruturar"", ""generificar"", ""e"", ""sexista"", ""que"", ""mesmo"", ""apo"", ""o"", ""processo"", ""politico"", ""que"", ""levar"", ""a o"", ""desenvolvimento"", ""de"", ""um"", ""economia"", ""industrial"", ""articular"", ""o"", ""interesse"", ""de o"", ""diferente"", ""expressoe"", ""de o"", ""burguesia"", ""industrial"", ""e"", ""agrar"", ""o"", ""incapacidade"", ""de esse"", ""burguesia"", ""de"", ""formular"", ""um"", ""projeto"", ""nacional"", ""por"", ""ser"", ""dependente"", ""e"", ""associar"", ""a o"", ""imperialismo"", ""primeiro"", ""ingles"", ""e"", ""depois"", ""estadunidense"", ""bloquear"", ""historicamente"", ""reforma"", ""estrutural"", ""como"", ""o"", ""agraria"", ""urbano"", ""e"", ""tributar"", ""o"", ""unico"", ""resposta"", ""o"", ""continuo"", ""demanda"", ""de o"", ""setor"", ""popular"", ""ter"", ""ser"", ""o"", ""recurso"", ""a"", ""coercao"", ""incluir"", ""longo"", ""periodo"", ""de"", ""autoritarismo"", ""e"", ""ditadura"", ""a"", ""partir"", ""de o"", ""seculo"", ""20"", ""em o"", ""periodo"", ""pos"", ""abolicao"", ""e"", ""em o"", ""consolidacao"", ""de o"", ""republica"", ""brasileiro"", ""movimento"", ""social"", ""de o"", ""campo"", ""e"", ""de o"", ""cidade"", ""sindicato"", ""partido"", ""comunista"", ""e"", ""trabalhista"", ""protagonizar"", ""o"", ""disputa"", ""o"", ""esquerda"", ""por o"", ""rumo"", ""de o"", ""pai"", ""assim"", ""como"", ""resistir"", ""a o"", ""longo"", ""de o"", ""ditadura"", ""militar"", ""em o"", ""pai""]"
45,"Todo este processo resulta na Nova República, período no qual o PSOL nasce e passa a participar da história política do Brasil.",todo este processo resultar em o novo republica periodo em o qual o psol nascer e passar a participar de o historia politico de o brasil,"[""todo"", ""este"", ""processo"", ""resultar"", ""em o"", ""novo"", ""republica"", ""periodo"", ""em o"", ""qual"", ""o"", ""psol"", ""nascer"", ""e"", ""passar"", ""a"", ""participar"", ""de o"", ""historia"", ""politico"", ""de o"", ""brasil""]"
46,"A industrialização da economia, a urbanização do país e a formação de um aparato estatal não conseguiram superar gargalos estruturais, como o latifúndio, o racismo, as desigualdades de gênero e a pobreza. Tampouco resolveram as pressões distributivas da classe trabalhadora.",a industrializacao de o economia a urbanizacao de o pai e o formacao de um aparato estatal nao conseguir superar gargalo estrutural como o latifundio o racismo o desigualdade de genero e o pobreza tampouco resolver o pressoe distributivo de o classe trabalhador,"[""a"", ""industrializacao"", ""de o"", ""economia"", ""a"", ""urbanizacao"", ""de o"", ""pai"", ""e"", ""o"", ""formacao"", ""de"", ""um"", ""aparato"", ""estatal"", ""nao"", ""conseguir"", ""superar"", ""gargalo"", ""estrutural"", ""como"", ""o"", ""latifundio"", ""o"", ""racismo"", ""o"", ""desigualdade"", ""de"", ""genero"", ""e"", ""o"", ""pobreza"", ""tampouco"", ""resolver"", ""o"", ""pressoe"", ""distributivo"", ""de o"", ""classe"", ""trabalhador""]"
47,"A ditadura civil-militar de 1964 sepultou as esperanças de que seria possível conciliar as reformas de base com o respeito às instituições democráticas e à vontade popular por parte de nossas elites. Com a redemocratização, iniciou-se um novo ciclo de lutas e mobilização popular, com importantes conquistas.",o ditadura civil militar de 1964 sepultar o esperanca de que ser possivel conciliar o reforma de base com o respeito o instituicoe democratico e o vontade popular por parte de nosso elite com o redemocratizacao iniciar se um novo ciclo de luta e mobilizacao popular com importante conquista,"[""o"", ""ditadura"", ""civil"", ""militar"", ""de"", ""1964"", ""sepultar"", ""o"", ""esperanca"", ""de"", ""que"", ""ser"", ""possivel"", ""conciliar"", ""o"", ""reforma"", ""de"", ""base"", ""com"", ""o"", ""respeito"", ""o"", ""instituicoe"", ""democratico"", ""e"", ""o"", ""vontade"", ""popular"", ""por"", ""parte"", ""de"", ""nosso"", ""elite"", ""com"", ""o"", ""redemocratizacao"", ""iniciar"", ""se"", ""um"", ""novo"", ""ciclo"", ""de"", ""luta"", ""e"", ""mobilizacao"", ""popular"", ""com"", ""importante"", ""conquista""]"
48,"No entanto, algumas estruturas do período anterior não foram superadas.",em o entanto algum estrutura de o periodo anterior nao ser superar,"[""em o"", ""entanto"", ""algum"", ""estrutura"", ""de o"", ""periodo"", ""anterior"", ""nao"", ""ser"", ""superar""]"
49,"Elas permanecem vivas, expressas na militarização da vida social, na repressão sistemática aos movimentos populares e na política de segurança baseada na lógica de guerra interna às favelas e periferias. Essa herança traz a necessidade de uma nova política de segurança pública. Desmilitarizar a polícia e a vida é uma necessidade democrática. É preciso construir um modelo de polícia de caráter civil, com controle interno e externo, de ciclo completo em suas unidades federativas, com plano de cargos e carreiras de ingresso único, plena garantia dos direitos trabalhistas, fundamentada na proteção à vida, nos direitos humanos e na promoção da dignidade humana. Nesse sentido, torna-se urgente formular uma nova política sobre drogas, que enfrente o genocídio do povo negro e o encarceramento em massa, com foco na saúde pública e no cuidado em liberdade. Essa política deve combater o modelo manicomial, privatista e das comunidades terapêuticas, substituindo a lógica da punição por alternativas de redução de danos e justiça restaurativa. Além de incluir uma perspectiva de gênero e raça, tal política deve prezar pela reparação dos territórios afetados pela repressão policial, articulada a uma política de memória, verdade e justiça em relação aos crimes e violência da ditadura civil-militar, para que nunca mais se repita.",ele permanecer viva expressas em o militarizacao de o vida social em o repressao sistematico a o movimento popular e em o politica de seguranca basear em o logico de guerra interno o favela e periferia esse heranca trazer o necessidade de um novo politica de seguranca publicar desmilitarizar o policia e o vida e um necessidade democratico e preciso construir um modelo de policia de carater civil com controle interno e externo de ciclo completo em seu unidade federativo com plano de cargo e carreira de ingresso unico pleno garantia de o direito trabalhista fundamentar em o protecao o vida em o direito humano e em o promocao de o dignidade humano em esse sentido tornar se urgente formular um novo politica sobre droga que enfrente o genocidio de o povo negro e o encarceramento em massa com foco em o saude publicar e em o cuidado em liberdade esse politica dever combater o modelo manicomial privatista e de o comunidade terapeutico substituir o logica de o punicao por alternativa de reducao de dano e justica restaurativo aler de incluir um perspectiva de genero e raca tal politica dever prezar por o reparacao de o territorio afetar por o repressao policial articular a um politica de memoria verdade e justica em relacao a o crime e violencia de o ditadura civil militar para que nunca mais se repiter,"[""ele"", ""permanecer"", ""viva"", ""expressas"", ""em o"", ""militarizacao"", ""de o"", ""vida"", ""social"", ""em o"", ""repressao"", ""sistematico"", ""a o"", ""movimento"", ""popular"", ""e"", ""em o"", ""politica"", ""de"", ""seguranca"", ""basear"", ""em o"", ""logico"", ""de"", ""guerra"", ""interno"", ""o"", ""favela"", ""e"", ""periferia"", ""esse"", ""heranca"", ""trazer"", ""o"", ""necessidade"", ""de"", ""um"", ""novo"", ""politica"", ""de"", ""seguranca"", ""publicar"", ""desmilitarizar"", ""o"", ""policia"", ""e"", ""o"", ""vida"", ""e"", ""um"", ""necessidade"", ""democratico"", ""e"", ""preciso"", ""construir"", ""um"", ""modelo"", ""de"", ""policia"", ""de"", ""carater"", ""civil"", ""com"", ""controle"", ""interno"", ""e"", ""externo"", ""de"", ""ciclo"", ""completo"", ""em"", ""seu"", ""unidade"", ""federativo"", ""com"", ""plano"", ""de"", ""cargo"", ""e"", ""carreira"", ""de"", ""ingresso"", ""unico"", ""pleno"", ""garantia"", ""de o"", ""direito"", ""trabalhista"", ""fundamentar"", ""em o"", ""protecao"", ""o"", ""vida"", ""em o"", ""direito"", ""humano"", ""e"", ""em o"", ""promocao"", ""de o"", ""dignidade"", ""humano"", ""em esse"", ""sentido"", ""tornar"", ""se"", ""urgente"", ""formular"", ""um"", ""novo"", ""politica"", ""sobre"", ""droga"", ""que"", ""enfrente"", ""o"", ""genocidio"", ""de o"", ""povo"", ""negro"", ""e"", ""o"", ""encarceramento"", ""em"", ""massa"", ""com"", ""foco"", ""em o"", ""saude"", ""publicar"", ""e"", ""em o"", ""cuidado"", ""em"", ""liberdade"", ""esse"", ""politica"", ""dever"", ""combater"", ""o"", ""modelo"", ""manicomial"", ""privatista"", ""e"", ""de o"", ""comunidade"", ""terapeutico"", ""substituir"", ""o"", ""logica"", ""de o"", ""punicao"", ""por"", ""alternativa"", ""de"", ""reducao"", ""de"", ""dano"", ""e"", ""justica"", ""restaurativo"", ""aler"", ""de"", ""incluir"", ""um"", ""perspectiva"", ""de"", ""genero"", ""e"", ""raca"", ""tal"", ""politica"", ""dever"", ""prezar"", ""por o"", ""reparacao"", ""de o"", ""territorio"", ""afetar"", ""por o"", ""repressao"", ""policial"", ""articular"", ""a"", ""um"", ""politica"", ""de"", ""memoria"", ""verdade"", ""e"", ""justica"", ""em"", ""relacao"", ""a o"", ""crime"", ""e"", ""violencia"", ""de o"", ""ditadura"", ""civil"", ""militar"", ""para"", ""que"", ""nunca"", ""mais"", ""se"", ""repiter""]"
50,"A partir dos anos 1990, a agenda neoliberal promoveu o desmonte de direitos, precarizou as relações de trabalho, limitou a capacidade de intervenção do Estado na economia e favoreceu o grande capital. Esse processo se deu por meio de reformas regressivas, da imposição de políticas fiscais e monetárias restritivas, da concentração de renda e das privatizações. Como resultado, enfraqueceu-se o controle social, pioraram a qualidade dos serviços públicos e resultaram em tarifas mais altas — medidas que precisam ser revistas. Com as ações de “estabilização da economia” a partir do Plano Real em 1994, estabeleceu-se um período de financeirização, desindustrialização e fortalecimento do agronegócio. Este momento contribuiu com o aprofundamento da dependência do Brasil e para a reprimarização neoliberal de nossa economia. Perdeu-se o horizonte de um projeto político estratégico capaz de articular crescimento da economia, distribuição de renda e reformas sociais. Os primeiros governos liderados pela esquerda neste século, protagonizados por Lula e Dilma a partir de 2003, surgiram em meio às contradições geradas por um modelo que não foi desmontado em suas bases estruturais. Esses governos combinaram importantes políticas distributivas voltadas aos mais pobres e o crescimento econômico, ao mesmo tempo em que preservaram os interesses do capital financeiro. Quando os efeitos da crise de 2008 chegaram ao Brasil, tornou-se impossível manter uma política em que todos saíssem ganhando. Como parte da crise global do neoliberalismo, a extrema-direita ascendeu em diversos países, inclusive no Brasil, demonstrando habilidade no uso das redes sociais para capitalizar a insatisfação popular diante dos baixos índices econômicos do segundo governo Dilma. Após quatro vitórias consecutivas do PT, as classes dominantes operaram o golpe parlamentar contra o governo Dilma, abrindo as portas para o desmonte da legislação trabalhista, previdenciária e o enfraquecimento dos sindicatos.",a partir de o ano 1990 o agenda neoliberal promover o desmonte de direito precarizar o relacoe de trabalho limitar o capacidade de intervencao de o estado em o economia e favorecer o grande capital esse processo se dar por meio de reforma regressivo de o imposicao de politica fiscal e monetaria restritivo de o concentracao de renda e de o privatizacoe como resultado enfraquecer se o controle social piorar o qualidade de o servico publico e resultar em tarifa mais alto medida que precisar ser revista com o acoes de estabilizacao de o economia a partir de o plano real em 1994 estabelecer se um periodo de financeirizacao desindustrializacao e fortalecimento de o agronegocio este momento contribuir com o aprofundamento de o dependencia de o brasil e para a reprimarizacao neoliberal de nosso economia perder se o horizonte de um projeto politico estrategico capaz de articular crescimento de o economia distribuicao de renda e reforma social o primeiro governo liderar por o esquerda em este seculo protagonizar por lula e dilma a partir de 2003 surgir em meio o contradicoes gerar por um modelo que nao ser desmontar em seu base estrutural esse governo combinar importante politica distributivo voltar a o mais pobre e o crescimento economico a o mesmo tempo em que preservar o interesse de o capital financeiro quando o efeito de o crise de 2008 chegar a o brasil tornar se impossivel manter um politica em que todo sair ganhar como parte de o crise global de o neoliberalismo o extremo direita ascender em diversos paise inclusive em o brasil demonstrar habilidade em o uso de o rede social para capitalizar a insatisfacao popular diante de o baixo indice economico de o segundo governo dilma apos quatro vitoria consecutivo de o pt o classe dominante operar o golpe parlamentar contra o governo dilma abrir o porta para o desmonte de o legislacao trabalhista previdenciar e o enfraquecimento de o sindicato,"[""a"", ""partir"", ""de o"", ""ano"", ""1990"", ""o"", ""agenda"", ""neoliberal"", ""promover"", ""o"", ""desmonte"", ""de"", ""direito"", ""precarizar"", ""o"", ""relacoe"", ""de"", ""trabalho"", ""limitar"", ""o"", ""capacidade"", ""de"", ""intervencao"", ""de o"", ""estado"", ""em o"", ""economia"", ""e"", ""favorecer"", ""o"", ""grande"", ""capital"", ""esse"", ""processo"", ""se"", ""dar"", ""por"", ""meio"", ""de"", ""reforma"", ""regressivo"", ""de o"", ""imposicao"", ""de"", ""politica"", ""fiscal"", ""e"", ""monetaria"", ""restritivo"", ""de o"", ""concentracao"", ""de"", ""renda"", ""e"", ""de o"", ""privatizacoe"", ""como"", ""resultado"", ""enfraquecer"", ""se"", ""o"", ""controle"", ""social"", ""piorar"", ""o"", ""qualidade"", ""de o"", ""servico"", ""publico"", ""e"", ""resultar"", ""em"", ""tarifa"", ""mais"", ""alto"", ""medida"", ""que"", ""precisar"", ""ser"", ""revista"", ""com"", ""o"", ""acoes"", ""de"", ""estabilizacao"", ""de o"", ""economia"", ""a"", ""partir"", ""de o"", ""plano"", ""real"", ""em"", ""1994"", ""estabelecer"", ""se"", ""um"", ""periodo"", ""de"", ""financeirizacao"", ""desindustrializacao"", ""e"", ""fortalecimento"", ""de o"", ""agronegocio"", ""este"", ""momento"", ""contribuir"", ""com"", ""o"", ""aprofundamento"", ""de o"", ""dependencia"", ""de o"", ""brasil"", ""e"", ""para"", ""a"", ""reprimarizacao"", ""neoliberal"", ""de"", ""nosso"", ""economia"", ""perder"", ""se"", ""o"", ""horizonte"", ""de"", ""um"", ""projeto"", ""politico"", ""estrategico"", ""capaz"", ""de"", ""articular"", ""crescimento"", ""de o"", ""economia"", ""distribuicao"", ""de"", ""renda"", ""e"", ""reforma"", ""social"", ""o"", ""primeiro"", ""governo"", ""liderar"", ""por o"", ""esquerda"", ""em este"", ""seculo"", ""protagonizar"", ""por"", ""lula"", ""e"", ""dilma"", ""a"", ""partir"", ""de"", ""2003"", ""surgir"", ""em"", ""meio"", ""o"", ""contradicoes"", ""gerar"", ""por"", ""um"", ""modelo"", ""que"", ""nao"", ""ser"", ""desmontar"", ""em"", ""seu"", ""base"", ""estrutural"", ""esse"", ""governo"", ""combinar"", ""importante"", ""politica"", ""distributivo"", ""voltar"", ""a o"", ""mais"", ""pobre"", ""e"", ""o"", ""crescimento"", ""economico"", ""a o"", ""mesmo"", ""tempo"", ""em"", ""que"", ""preservar"", ""o"", ""interesse"", ""de o"", ""capital"", ""financeiro"", ""quando"", ""o"", ""efeito"", ""de o"", ""crise"", ""de"", ""2008"", ""chegar"", ""a o"", ""brasil"", ""tornar"", ""se"", ""impossivel"", ""manter"", ""um"", ""politica"", ""em"", ""que"", ""todo"", ""sair"", ""ganhar"", ""como"", ""parte"", ""de o"", ""crise"", ""global"", ""de o"", ""neoliberalismo"", ""o"", ""extremo"", ""direita"", ""ascender"", ""em"", ""diversos"", ""paise"", ""inclusive"", ""em o"", ""brasil"", ""demonstrar"", ""habilidade"", ""em o"", ""uso"", ""de o"", ""rede"", ""social"", ""para"", ""capitalizar"", ""a"", ""insatisfacao"", ""popular"", ""diante"", ""de o"", ""baixo"", ""indice"", ""economico"", ""de o"", ""segundo"", ""governo"", ""dilma"", ""apos"", ""quatro"", ""vitoria"", ""consecutivo"", ""de o"", ""pt"", ""o"", ""classe"", ""dominante"", ""operar"", ""o"", ""golpe"", ""parlamentar"", ""contra"", ""o"", ""governo"", ""dilma"", ""abrir"", ""o"", ""porta"", ""para"", ""o"", ""desmonte"", ""de o"", ""legislacao"", ""trabalhista"", ""previdenciar"", ""e"", ""o"", ""enfraquecimento"", ""de o"", ""sindicato""]"
51,O ano de 2018 foi o ponto alto da ofensiva reacionária.,o ano de 2018 ser o ponto alto de o ofensiva reacionario,"[""o"", ""ano"", ""de"", ""2018"", ""ser"", ""o"", ""ponto"", ""alto"", ""de o"", ""ofensiva"", ""reacionario""]"
52,"Além de ser marcado pelo assassinato de Marielle Franco, a prisão injusta de Lula serviu como condição para a vitória da extrema-direita no país.",alem de ser marcar por o assassinato de marielle franco o prisao injusto de lula servir como condicao para o vitoria de o extremo direita em o pai,"[""alem"", ""de"", ""ser"", ""marcar"", ""por o"", ""assassinato"", ""de"", ""marielle"", ""franco"", ""o"", ""prisao"", ""injusto"", ""de"", ""lula"", ""servir"", ""como"", ""condicao"", ""para"", ""o"", ""vitoria"", ""de o"", ""extremo"", ""direita"", ""em o"", ""pai""]"
53,"Surge um novo sujeito político, de caráter conservador e autoritário, turbinado pelos recém criados algoritmos nas redes sociais.",surgir um novo sujeito politico de carater conservador e autoritario turbinar por o recer criar algoritmo em o rede social,"[""surgir"", ""um"", ""novo"", ""sujeito"", ""politico"", ""de"", ""carater"", ""conservador"", ""e"", ""autoritario"", ""turbinar"", ""por o"", ""recer"", ""criar"", ""algoritmo"", ""em o"", ""rede"", ""social""]"
54,"A partir da mentira e da desinformação disseminadas em escala industrial, aplica-se uma política de terror e pânico moral, baseada em agendas de costumes.",a partir de o mentira e de o desinformacao disseminar em escala industrial aplicar se um politica de terror e panico moral basear em agenda de costume,"[""a"", ""partir"", ""de o"", ""mentira"", ""e"", ""de o"", ""desinformacao"", ""disseminar"", ""em"", ""escala"", ""industrial"", ""aplicar"", ""se"", ""um"", ""politica"", ""de"", ""terror"", ""e"", ""panico"", ""moral"", ""basear"", ""em"", ""agenda"", ""de"", ""costume""]"
55,"A extrema-direita também passou a disputar o espaço público, promovendo mobilizações de massa, consolidando-se como um importante pólo dominante da burguesia brasileira. O PSOL reivindica a longa tradição de lutas do povo brasileiro, que desde o século 16 se organizou para resistir à escravidão e aos desmandos do poder colonial.",o extremo direita tambem passar a disputar o espaco publico promover mobilizacoes de massa consolidar se como um importante polo dominante de o burguesia brasileiro o psol reivindicar o longo tradicao de luta de o povo brasileiro que desde o seculo 16 se organizar para resistir o escravidao e a o desmando de o poder colonial,"[""o"", ""extremo"", ""direita"", ""tambem"", ""passar"", ""a"", ""disputar"", ""o"", ""espaco"", ""publico"", ""promover"", ""mobilizacoes"", ""de"", ""massa"", ""consolidar"", ""se"", ""como"", ""um"", ""importante"", ""polo"", ""dominante"", ""de o"", ""burguesia"", ""brasileiro"", ""o"", ""psol"", ""reivindicar"", ""o"", ""longo"", ""tradicao"", ""de"", ""luta"", ""de o"", ""povo"", ""brasileiro"", ""que"", ""desde"", ""o"", ""seculo"", ""16"", ""se"", ""organizar"", ""para"", ""resistir"", ""o"", ""escravidao"", ""e"", ""a o"", ""desmando"", ""de o"", ""poder"", ""colonial""]"
56,"Que já no século 19 e ao longo do século 20 se organizou em favor dos direitos trabalhistas, da reforma agrária e urbana.",que ja em o seculo 19 e a o longo de o seculo 20 se organizar em favor de o direito trabalhista de o reforma agrar e urbano,"[""que"", ""ja"", ""em o"", ""seculo"", ""19"", ""e"", ""a o"", ""longo"", ""de o"", ""seculo"", ""20"", ""se"", ""organizar"", ""em"", ""favor"", ""de o"", ""direito"", ""trabalhista"", ""de o"", ""reforma"", ""agrar"", ""e"", ""urbano""]"
57,"Que lutou pela garantia de direitos universais como saúde, educação e moradia para toda a população.",que lutar por o garantia de direito universal como saude educacao e moradia para todo o populacao,"[""que"", ""lutar"", ""por o"", ""garantia"", ""de"", ""direito"", ""universal"", ""como"", ""saude"", ""educacao"", ""e"", ""moradia"", ""para"", ""todo"", ""o"", ""populacao""]"
58,Que enfrentou os anos de chumbo em defesa da democracia.,que enfrentar o ano de chumbo em defesa de o democracia,"[""que"", ""enfrentar"", ""o"", ""ano"", ""de"", ""chumbo"", ""em"", ""defesa"", ""de o"", ""democracia""]"
59,"Nos inspiramos nas lutas das mulheres, da população LGBTQIA+, do movimento negro e dos povos indígenas, que foram e seguem sendo parte decisiva da luta de classes no Brasil.",nós inspirar em o luta de o mulher de o populacao lgbtqia de o movimento negro e de o povo indigena que ser e seguir ser parte decisivo de o luta de classe em o brasil,"[""nós"", ""inspirar"", ""em o"", ""luta"", ""de o"", ""mulher"", ""de o"", ""populacao"", ""lgbtqia"", ""de o"", ""movimento"", ""negro"", ""e"", ""de o"", ""povo"", ""indigena"", ""que"", ""ser"", ""e"", ""seguir"", ""ser"", ""parte"", ""decisivo"", ""de o"", ""luta"", ""de"", ""classe"", ""em o"", ""brasil""]"
60,Aprendemos com seus avanços e impasses.,aprender com seu avanco e impasse,"[""aprender"", ""com"", ""seu"", ""avanco"", ""e"", ""impasse""]"
61,"Buscamos, no século 21, articular essa tradição com a necessidade histórica de derrotar o fascismo e a extrema-direita, condição para que possamos avançar na luta por direitos e pela superação dos gargalos estruturais do nosso país.",buscar em o seculo 21 articular esse tradicao com o necessidade historico de derrotar o fascismo e o extremo direita condicao para que possamos avancar em o luta por direito e por o superacao de o gargalo estrutural de o nosso pai,"[""buscar"", ""em o"", ""seculo"", ""21"", ""articular"", ""esse"", ""tradicao"", ""com"", ""o"", ""necessidade"", ""historico"", ""de"", ""derrotar"", ""o"", ""fascismo"", ""e"", ""o"", ""extremo"", ""direita"", ""condicao"", ""para"", ""que"", ""possamos"", ""avancar"", ""em o"", ""luta"", ""por"", ""direito"", ""e"", ""por o"", ""superacao"", ""de o"", ""gargalo"", ""estrutural"", ""de o"", ""nosso"", ""pai""]"
62,Nosso programa deve ser capaz de promover a reforma agrária e urbana e de ampliar os investimentos em ciência e tecnologia.,nosso programa dever ser capaz de promover o reforma agrar e urbano e de ampliar o investimento em ciencia e tecnologia,"[""nosso"", ""programa"", ""dever"", ""ser"", ""capaz"", ""de"", ""promover"", ""o"", ""reforma"", ""agrar"", ""e"", ""urbano"", ""e"", ""de"", ""ampliar"", ""o"", ""investimento"", ""em"", ""ciencia"", ""e"", ""tecnologia""]"
63,"Precisamos construir uma política de igualdade social de alta intensidade, rompendo com as regras que limitam os investimentos públicos. Os aportes nas áreas sociais devem ser prioridade para enfrentar as profundas desigualdades que estruturam o nosso país.",precisar construir um politica de igualdade social de alto intensidade romper com o regra que limitar o investimento publico o aporte em o area social dever ser prioridade para enfrentar o profundo desigualdade que estruturar o nosso pai,"[""precisar"", ""construir"", ""um"", ""politica"", ""de"", ""igualdade"", ""social"", ""de"", ""alto"", ""intensidade"", ""romper"", ""com"", ""o"", ""regra"", ""que"", ""limitar"", ""o"", ""investimento"", ""publico"", ""o"", ""aporte"", ""em o"", ""area"", ""social"", ""dever"", ""ser"", ""prioridade"", ""para"", ""enfrentar"", ""o"", ""profundo"", ""desigualdade"", ""que"", ""estruturar"", ""o"", ""nosso"", ""pai""]"
64,Isso exige que o Estado brasileiro se liberte de qualquer amarra fiscalista.,isso exigir que o estado brasileiro se libertar de qualquer amarrar fiscalista,"[""isso"", ""exigir"", ""que"", ""o"", ""estado"", ""brasileiro"", ""se"", ""libertar"", ""de"", ""qualquer"", ""amarrar"", ""fiscalista""]"
65,"É central a defesa intransigente do SUS e o enfrentamento ao negacionismo científico, essencial no combate à pandemia de covid-19.",e central o defesa intransigente de o sus e o enfrentamento a o negacionismo cientifico essencial em o combate o pandemia de covid 19,"[""e"", ""central"", ""o"", ""defesa"", ""intransigente"", ""de o"", ""sus"", ""e"", ""o"", ""enfrentamento"", ""a o"", ""negacionismo"", ""cientifico"", ""essencial"", ""em o"", ""combate"", ""o"", ""pandemia"", ""de"", ""covid"", ""19""]"
66,"Por sua vez, a educação será tratada como prioridade máxima. Todas as crianças, adolescentes, jovens e adultos têm direito à educação pública, gratuita, democrática, de qualidade, laica, inclusiva e socialmente referenciada.",por sua vez o educacao sera tratar como prioridade maximo todo o crianca adolescente jovem e adulto ter direito a educacao publicar gratuito democratica de qualidade laico inclusivo e socialmente referenciar,"[""por"", ""sua"", ""vez"", ""o"", ""educacao"", ""sera"", ""tratar"", ""como"", ""prioridade"", ""maximo"", ""todo"", ""o"", ""crianca"", ""adolescente"", ""jovem"", ""e"", ""adulto"", ""ter"", ""direito"", ""a"", ""educacao"", ""publicar"", ""gratuito"", ""democratica"", ""de"", ""qualidade"", ""laico"", ""inclusivo"", ""e"", ""socialmente"", ""referenciar""]"
67,"Somente quando nosso projeto político se tornar uma referência para milhões de brasileiros teremos condições reais de viabilizá-lo. É a partir da pressão “dos de baixo” que as contradições entre os setores da burguesia e do capital tendem a se agudizar, tornando o nosso projeto de sociedade efetivamente possível.",somente quando nosso projeto politico se tornar um referencia para milhoes de brasileiro ter condicoe real de viabilizar lo e a partir de o pressao de o de baixo que o contradicoes entre o setor de o burguesia e de o capital tender a se agudizar tornar o nosso projeto de sociedade efetivamente possivel,"[""somente"", ""quando"", ""nosso"", ""projeto"", ""politico"", ""se"", ""tornar"", ""um"", ""referencia"", ""para"", ""milhoes"", ""de"", ""brasileiro"", ""ter"", ""condicoe"", ""real"", ""de"", ""viabilizar"", ""lo"", ""e"", ""a"", ""partir"", ""de o"", ""pressao"", ""de o"", ""de"", ""baixo"", ""que"", ""o"", ""contradicoes"", ""entre"", ""o"", ""setor"", ""de o"", ""burguesia"", ""e"", ""de o"", ""capital"", ""tender"", ""a"", ""se"", ""agudizar"", ""tornar"", ""o"", ""nosso"", ""projeto"", ""de"", ""sociedade"", ""efetivamente"", ""possivel""]"
68,A história da luta pelo socialismo no Brasil não nasce com o PSOL.,o historia de o luta por o socialismo em o brasil nao nascer com o psol,"[""o"", ""historia"", ""de o"", ""luta"", ""por o"", ""socialismo"", ""em o"", ""brasil"", ""nao"", ""nascer"", ""com"", ""o"", ""psol""]"
69,Mantemos o máximo respeito por aliados que tenham como propósito a luta contra as desigualdades.,manter o maximo respeito por aliado que ter como proposito o luta contra o desigualdade,"[""manter"", ""o"", ""maximo"", ""respeito"", ""por"", ""aliado"", ""que"", ""ter"", ""como"", ""proposito"", ""o"", ""luta"", ""contra"", ""o"", ""desigualdade""]"
70,"Ao mesmo tempo, compreendemos os limites de algumas experiências e a necessidade de avançar programaticamente.",a o mesmo tempo compreender o limite de algum experiencia e o necessidade de avancar programaticamente,"[""a o"", ""mesmo"", ""tempo"", ""compreender"", ""o"", ""limite"", ""de"", ""algum"", ""experiencia"", ""e"", ""o"", ""necessidade"", ""de"", ""avancar"", ""programaticamente""]"
71,Essa disputa não deve impedir a formação de frentes políticas capazes de enfrentar os grandes desafios que temos diante de nós. Nenhum partido sozinho conseguirá dar conta de todas as tarefas dessa nova etapa histórica.,esse disputa nao dever impedir o formacao de frente politico capaz de enfrentar o grande desafio que ter diante de em o nenhum partido sozinho conseguir dar conta de todo o tarefa de esse novo etapa historico,"[""esse"", ""disputa"", ""nao"", ""dever"", ""impedir"", ""o"", ""formacao"", ""de"", ""frente"", ""politico"", ""capaz"", ""de"", ""enfrentar"", ""o"", ""grande"", ""desafio"", ""que"", ""ter"", ""diante"", ""de"", ""em o"", ""nenhum"", ""partido"", ""sozinho"", ""conseguir"", ""dar"", ""conta"", ""de"", ""todo"", ""o"", ""tarefa"", ""de esse"", ""novo"", ""etapa"", ""historico""]"
72,"A ameaça neofascista é real, e torna fundamental a unidade do campo popular.",o ameaca neofascisto e real e tornar fundamental o unidade de o campo popular,"[""o"", ""ameaca"", ""neofascisto"", ""e"", ""real"", ""e"", ""tornar"", ""fundamental"", ""o"", ""unidade"", ""de o"", ""campo"", ""popular""]"
73,"Ao mesmo tempo, essa necessidade não pode comprometer nossa estratégia em direção ao socialismo. 3.1 Plataforma por um novo projeto de país 1) Superação do produtivismo capitalista, colocando a vida no centro da economia; 2) Construção de um Estado radicalmente democrático, com mecanismos de participação direta; 3) Enfrentamento estrutural à extrema direita e aos autoritarismos, garantindo liberdades democráticas com direitos sociais universais; 4) Defesa ativa da autodeterminação dos povos contra o imperialismo e o neocolonialismo; 5) Reforma do sistema político para superar o poder do capital e ampliar a representação popular; 6) Transição justa para um modelo econômico pós-extrativista, com planejamento ecológico de longo prazo; 7) Defesa intransigente dos povos, comunidades e territórios tradicionais (indígenas, quilombolas e ribeirinhos) e justiça ambiental; 8) Reforma Agrária Popular: democratização da terra para a produção de alimentos saudáveis, erradicação da fome, combate às mudanças climáticas e preservação do meio ambiente.",a o mesmo tempo esse necessidade nao poder comprometer nosso estrategia em direcao a o socialismo 3 1 plataforma por um novo projeto de pai 1 superacao de o produtivismo capitalista colocar o vida em o centro de o economia 2 construcao de um estado radicalmente democratico com mecanismo de participacao direto 3 enfrentamento estrutural o extremo direita e a o autoritarismo garantir liberdade democratico com direito social universal 4 defesa ativo de o autodeterminacao de o povo contra o imperialismo e o neocolonialismo 5 reforma de o sistema politico para superar o poder de o capital e ampliar o representacao popular 6 transicao justo para um modelo economico pos extrativista com planejamento ecologico de longo prazo 7 defesa intransigente de o povo comunidade e territorio tradicional indigena quilombola e ribeirinho e justica ambiental 8 reforma agrar popular democratizacao de o terra para o producao de alimento saudavel erradicacao de o fome combater o mudanca climatico e preservacao de o meio ambiente,"[""a o"", ""mesmo"", ""tempo"", ""esse"", ""necessidade"", ""nao"", ""poder"", ""comprometer"", ""nosso"", ""estrategia"", ""em"", ""direcao"", ""a o"", ""socialismo"", ""3"", ""1"", ""plataforma"", ""por"", ""um"", ""novo"", ""projeto"", ""de"", ""pai"", ""1"", ""superacao"", ""de o"", ""produtivismo"", ""capitalista"", ""colocar"", ""o"", ""vida"", ""em o"", ""centro"", ""de o"", ""economia"", ""2"", ""construcao"", ""de"", ""um"", ""estado"", ""radicalmente"", ""democratico"", ""com"", ""mecanismo"", ""de"", ""participacao"", ""direto"", ""3"", ""enfrentamento"", ""estrutural"", ""o"", ""extremo"", ""direita"", ""e"", ""a o"", ""autoritarismo"", ""garantir"", ""liberdade"", ""democratico"", ""com"", ""direito"", ""social"", ""universal"", ""4"", ""defesa"", ""ativo"", ""de o"", ""autodeterminacao"", ""de o"", ""povo"", ""contra"", ""o"", ""imperialismo"", ""e"", ""o"", ""neocolonialismo"", ""5"", ""reforma"", ""de o"", ""sistema"", ""politico"", ""para"", ""superar"", ""o"", ""poder"", ""de o"", ""capital"", ""e"", ""ampliar"", ""o"", ""representacao"", ""popular"", ""6"", ""transicao"", ""justo"", ""para"", ""um"", ""modelo"", ""economico"", ""pos"", ""extrativista"", ""com"", ""planejamento"", ""ecologico"", ""de"", ""longo"", ""prazo"", ""7"", ""defesa"", ""intransigente"", ""de o"", ""povo"", ""comunidade"", ""e"", ""territorio"", ""tradicional"", ""indigena"", ""quilombola"", ""e"", ""ribeirinho"", ""e"", ""justica"", ""ambiental"", ""8"", ""reforma"", ""agrar"", ""popular"", ""democratizacao"", ""de o"", ""terra"", ""para"", ""o"", ""producao"", ""de"", ""alimento"", ""saudavel"", ""erradicacao"", ""de o"", ""fome"", ""combater"", ""o"", ""mudanca"", ""climatico"", ""e"", ""preservacao"", ""de o"", ""meio"", ""ambiente""]"
74,"Cumprimento da função social da terra, Desapropriação das terras improdutivas, dos latifúndios, e das fazendas com trabalho escravo. Defesa da agroecologia como matriz tecnológica e modo de vida para promoção da soberania alimentar e atividade central dos povos do campo, águas e florestas. 9) Reforma Urbana: Combate à especulação imobiliária, implementação da tarifa zero, acesso a moradia de qualidade, saneamento básico, lazer, cultura e áreas verdes. Democratização das cidades com descentralização dos serviços públicos de qualidade e das oportunidades de trabalho bem remunerado, garantindo pleno direito à cidade. 10) Fortalecimento e valorização dos serviços públicos, contra as privatizações e reversão das privatizações em setores estratégicos. 11) Reversão das reformas que retiram direitos.",cumprimento de o funcao social de o terra desapropriacao de o terra improdutivo de o latifundio e de o fazenda com trabalho escravo defesa de o agroecologia como matriz tecnologico e modo de vida para promocao de o soberania alimentar e atividade central de o povo de o campo agua e floresta 9 reforma urbano combate a especulacao imobiliar implementacao de o tarifa zero acesso a moradia de qualidade saneamento basico lazer cultura e area verde democratizacao de o cidade com descentralizacao de o servico publico de qualidade e de o oportunidade de trabalho bem remunerar garantir pleno direito o cidade 10 fortalecimento e valorizacao de o servico publico contra o privatizacoes e reversaor de o privatizacoes em setor estrategico 11 reversaor de o reforma que retirar direito,"[""cumprimento"", ""de o"", ""funcao"", ""social"", ""de o"", ""terra"", ""desapropriacao"", ""de o"", ""terra"", ""improdutivo"", ""de o"", ""latifundio"", ""e"", ""de o"", ""fazenda"", ""com"", ""trabalho"", ""escravo"", ""defesa"", ""de o"", ""agroecologia"", ""como"", ""matriz"", ""tecnologico"", ""e"", ""modo"", ""de"", ""vida"", ""para"", ""promocao"", ""de o"", ""soberania"", ""alimentar"", ""e"", ""atividade"", ""central"", ""de o"", ""povo"", ""de o"", ""campo"", ""agua"", ""e"", ""floresta"", ""9"", ""reforma"", ""urbano"", ""combate"", ""a"", ""especulacao"", ""imobiliar"", ""implementacao"", ""de o"", ""tarifa"", ""zero"", ""acesso"", ""a"", ""moradia"", ""de"", ""qualidade"", ""saneamento"", ""basico"", ""lazer"", ""cultura"", ""e"", ""area"", ""verde"", ""democratizacao"", ""de o"", ""cidade"", ""com"", ""descentralizacao"", ""de o"", ""servico"", ""publico"", ""de"", ""qualidade"", ""e"", ""de o"", ""oportunidade"", ""de"", ""trabalho"", ""bem"", ""remunerar"", ""garantir"", ""pleno"", ""direito"", ""o"", ""cidade"", ""10"", ""fortalecimento"", ""e"", ""valorizacao"", ""de o"", ""servico"", ""publico"", ""contra"", ""o"", ""privatizacoes"", ""e"", ""reversaor"", ""de o"", ""privatizacoes"", ""em"", ""setor"", ""estrategico"", ""11"", ""reversaor"", ""de o"", ""reforma"", ""que"", ""retirar"", ""direito""]"
75,12) Reversão da autonomia do Banco Central.,12 reversaor de o autonomia de o banco central,"[""12"", ""reversaor"", ""de o"", ""autonomia"", ""de o"", ""banco"", ""central""]"
76,"13) Enfrentamento às desigualdades sociais e econômicas, com políticas e investimentos públicos sem restrições orçamentárias impostas por amarras fiscais; 14) Promoção da justiça distributiva, com enfrentamento das desigualdades com tributação progressiva, redistribuição de riquezas, garantia de serviços públicos universais. 15) Soberania tecnológica e industrial, e sobre minerais e terras raras, enfrentando os interesses do capital transnacional. 16) Política externa independente e multilateral, com prioridade para a integração latino-americana e com os países do Sul global 17) Políticas de reparação histórica e garantia de direitos para populações historicamente oprimidas; 18) Reconhecimento dos saberes tradicionais e diálogo com cosmovisões não-ocidentais. 19) Redução da jornada de trabalho sem redução de salários e garantia de renda básica universal; 20) Democratização dos meios de comunicação e cultura, enfrentando os monopólios midiáticos e combatendo o poder das Big Techs com soberania digital, transparência dos dados e responsabilização das corporações sobre conteúdos divulgados.",13 enfrentamento o desigualdade social e economico com politica e investimento publico sem restricoe orcamentario impor por amarra fiscal 14 promocao de o justica distributivo com enfrentamento de o desigualdade com tributacao progressivo redistribuicao de riqueza garantia de servico publico universal 15 soberania tecnologico e industrial e sobre mineral e terra raro enfrentar o interesse de o capital transnacional 16 politica externo independente e multilateral com prioridade para o integracao latino americano e com o pais de o sul global 17 politica de reparacao historico e garantia de direito para populacoe historicamente oprimir 18 reconhecimento de o saber tradicional e dialogo com cosmovisoe nao ocidental 19 reducao de o jornada de trabalho sem reducao de salario e garantia de renda basico universal 20 democratizacao de o meio de comunicacao e cultura enfrentar o monopolio midiatico e combater o poder de o big techs com soberania digital transparencia de o dado e responsabilizacao de o corporacoe sobre conteudo divulgar,"[""13"", ""enfrentamento"", ""o"", ""desigualdade"", ""social"", ""e"", ""economico"", ""com"", ""politica"", ""e"", ""investimento"", ""publico"", ""sem"", ""restricoe"", ""orcamentario"", ""impor"", ""por"", ""amarra"", ""fiscal"", ""14"", ""promocao"", ""de o"", ""justica"", ""distributivo"", ""com"", ""enfrentamento"", ""de o"", ""desigualdade"", ""com"", ""tributacao"", ""progressivo"", ""redistribuicao"", ""de"", ""riqueza"", ""garantia"", ""de"", ""servico"", ""publico"", ""universal"", ""15"", ""soberania"", ""tecnologico"", ""e"", ""industrial"", ""e"", ""sobre"", ""mineral"", ""e"", ""terra"", ""raro"", ""enfrentar"", ""o"", ""interesse"", ""de o"", ""capital"", ""transnacional"", ""16"", ""politica"", ""externo"", ""independente"", ""e"", ""multilateral"", ""com"", ""prioridade"", ""para"", ""o"", ""integracao"", ""latino"", ""americano"", ""e"", ""com"", ""o"", ""pais"", ""de o"", ""sul"", ""global"", ""17"", ""politica"", ""de"", ""reparacao"", ""historico"", ""e"", ""garantia"", ""de"", ""direito"", ""para"", ""populacoe"", ""historicamente"", ""oprimir"", ""18"", ""reconhecimento"", ""de o"", ""saber"", ""tradicional"", ""e"", ""dialogo"", ""com"", ""cosmovisoe"", ""nao"", ""ocidental"", ""19"", ""reducao"", ""de o"", ""jornada"", ""de"", ""trabalho"", ""sem"", ""reducao"", ""de"", ""salario"", ""e"", ""garantia"", ""de"", ""renda"", ""basico"", ""universal"", ""20"", ""democratizacao"", ""de o"", ""meio"", ""de"", ""comunicacao"", ""e"", ""cultura"", ""enfrentar"", ""o"", ""monopolio"", ""midiatico"", ""e"", ""combater"", ""o"", ""poder"", ""de o"", ""big"", ""techs"", ""com"", ""soberania"", ""digital"", ""transparencia"", ""de o"", ""dado"", ""e"", ""responsabilizacao"", ""de o"", ""corporacoe"", ""sobre"", ""conteudo"", ""divulgar""]"
77,"21) Justiça reprodutiva, com garantia dos direitos sexuais e reprodutivos, afirmando a autonomia dos corpos como condição essencial para a liberdade. Direito pleno à maternidade e direito de decidir se, quando e com quem ter filhos, bem como o acesso a métodos contraceptivos, educação sexual e campanhas públicas de conscientização, a humanização do atendimento pré-natal e do parto, para pôr fim à violência obstétrica e à mortalidade materna, legalização do aborto assegurado pelo SUS.",21 justica reprodutivo com garantia de o direito sexual e reprodutivo afirmar o autonomia de o corpo como condicao essencial para o liberdade direito pleno o maternidade e direito de decidir se quando e com quem ter filho bem como o acesso a metodo contraceptivo educacao sexual e campanha publico de conscientizacao o humanizacao de o atendimento pre natal e de o parto para por fim o violencia obstetrico e o mortalidade materno legalizacao de o aborto assegurar por o sus,"[""21"", ""justica"", ""reprodutivo"", ""com"", ""garantia"", ""de o"", ""direito"", ""sexual"", ""e"", ""reprodutivo"", ""afirmar"", ""o"", ""autonomia"", ""de o"", ""corpo"", ""como"", ""condicao"", ""essencial"", ""para"", ""o"", ""liberdade"", ""direito"", ""pleno"", ""o"", ""maternidade"", ""e"", ""direito"", ""de"", ""decidir"", ""se"", ""quando"", ""e"", ""com"", ""quem"", ""ter"", ""filho"", ""bem"", ""como"", ""o"", ""acesso"", ""a"", ""metodo"", ""contraceptivo"", ""educacao"", ""sexual"", ""e"", ""campanha"", ""publico"", ""de"", ""conscientizacao"", ""o"", ""humanizacao"", ""de o"", ""atendimento"", ""pre"", ""natal"", ""e"", ""de o"", ""parto"", ""para"", ""por"", ""fim"", ""o"", ""violencia"", ""obstetrico"", ""e"", ""o"", ""mortalidade"", ""materno"", ""legalizacao"", ""de o"", ""aborto"", ""assegurar"", ""por o"", ""sus""]"
78,Um partido para disputar o poder Nossa luta é anticapitalista.,um partido para disputar o poder nosso luta e anticapitalista,"[""um"", ""partido"", ""para"", ""disputar"", ""o"", ""poder"", ""nosso"", ""luta"", ""e"", ""anticapitalista""]"
79,"Enfrentamos um sistema que produz e reproduz desigualdades, para perpetuar os privilégios de uma minoria ínfima — os 0,01% mais ricos.",enfrentar um sistema que produzir e reproduzir desigualdade para perpetuar o privilegio de um minoria infima o 0 01 mais rico,"[""enfrentar"", ""um"", ""sistema"", ""que"", ""produzir"", ""e"", ""reproduzir"", ""desigualdade"", ""para"", ""perpetuar"", ""o"", ""privilegio"", ""de"", ""um"", ""minoria"", ""infima"", ""o"", ""0"", ""01"", ""mais"", ""rico""]"
80,"O socialismo é o nosso horizonte estratégico: o caminho para superar essa ordem injusta. Um projeto socialista para o século 21 deve se enraizar nas contradições materiais e subjetivas do nosso tempo, compreendendo os desafios da contemporaneidade e propondo alternativas concretas. O avanço da extrema direita no Brasil e no mundo, aliado à crise das democracias liberais, torna a luta contra o autoritarismo um campo central de disputa política. Isso exige, simultaneamente, a defesa da democracia liberal frente ao avanço fascista e a criação de mecanismos inovadores de participação popular, capazes de ampliar os limites da democracia representativa e garantir direitos reais para o povo. Essa tensão entre proteger as conquistas democráticas e aprofundá-las representa um dos maiores desafios para um projeto socialista contemporâneo. O socialismo do século 21 deve ser um eixo político capaz de unir as diversas lutas particulares em um projeto histórico verdadeiramente transformador. Para isso, precisa ser construído como uma proposta política que responda aos dilemas concretos do nosso tempo, conciliando uma radicalidade transformadora com um profundo enraizamento nas lutas populares. A luta pelo socialismo envolve a disputa concreta pelo poder político e econômico, com o objetivo de influenciar o conflito distributivo, definir estratégias macroeconômicas que possam frear a crise climática, regular as grandes empresas de tecnologia, defender a soberania nacional e garantir os direitos sociais. No entanto, essa disputa pelo poder e pela transformação do Estado não ocorre apenas pelas formas limitadas oferecidas pela democracia liberal representativa. O PSOL reconhece as eleições como um momento importante da luta, quando uma parte significativa da sociedade volta sua atenção para a política.",o socialismo e o nosso horizonte estrategico o caminho para superar esse ordem injusto um projeto socialista para o seculo 21 dever se enraizar em o contradicoes material e subjetiva de o nosso tempo compreender o desafio de o contemporaneidade e propor alternativa concreto o avanco de o extremo direita em o brasil e em o mundo aliar o crise de o democracia liberal tornar o luta contra o autoritarismo um campo central de disputa politico isso exigir simultaneamente o defesa de o democracia liberal frente a o avanco fascista e o criacao de mecanismo inovador de participacao popular capaz de ampliar o limite de o democracia representativo e garantir direito real para o povo esse tensao entre proteger o conquista democratico e aprofundar las representar um de o grande desafio para um projeto socialista contemporaneor o socialismo de o seculo 21 dever ser um eixo politico capaz de unir o diverso luta particular em um projeto historico verdadeiramente transformador para isso precisar ser construer como um proposta politico que responda a o dilema concreto de o nosso tempo conciliar um radicalidade transformador com um profundo enraizamento em o luta popular o luta por o socialismo envolver o disputa concreto por o poder politico e economico com o objetivo de influenciar o conflito distributivo definir estrategia macroeconomico que poder frear o crise climatico regular o grande empresa de tecnologia defender o soberania nacional e garantir o direito social em o entanto esse disputa por o poder e por o transformacao de o estado nao ocorrer apenas por o forma limitar oferecir por o democracia liberal representativo o psol reconhecer o eleicoe como um momento importante de o luta quando um parte significativo de o sociedade voltar seu atencao para o politica,"[""o"", ""socialismo"", ""e"", ""o"", ""nosso"", ""horizonte"", ""estrategico"", ""o"", ""caminho"", ""para"", ""superar"", ""esse"", ""ordem"", ""injusto"", ""um"", ""projeto"", ""socialista"", ""para"", ""o"", ""seculo"", ""21"", ""dever"", ""se"", ""enraizar"", ""em o"", ""contradicoes"", ""material"", ""e"", ""subjetiva"", ""de o"", ""nosso"", ""tempo"", ""compreender"", ""o"", ""desafio"", ""de o"", ""contemporaneidade"", ""e"", ""propor"", ""alternativa"", ""concreto"", ""o"", ""avanco"", ""de o"", ""extremo"", ""direita"", ""em o"", ""brasil"", ""e"", ""em o"", ""mundo"", ""aliar"", ""o"", ""crise"", ""de o"", ""democracia"", ""liberal"", ""tornar"", ""o"", ""luta"", ""contra"", ""o"", ""autoritarismo"", ""um"", ""campo"", ""central"", ""de"", ""disputa"", ""politico"", ""isso"", ""exigir"", ""simultaneamente"", ""o"", ""defesa"", ""de o"", ""democracia"", ""liberal"", ""frente"", ""a o"", ""avanco"", ""fascista"", ""e"", ""o"", ""criacao"", ""de"", ""mecanismo"", ""inovador"", ""de"", ""participacao"", ""popular"", ""capaz"", ""de"", ""ampliar"", ""o"", ""limite"", ""de o"", ""democracia"", ""representativo"", ""e"", ""garantir"", ""direito"", ""real"", ""para"", ""o"", ""povo"", ""esse"", ""tensao"", ""entre"", ""proteger"", ""o"", ""conquista"", ""democratico"", ""e"", ""aprofundar"", ""las"", ""representar"", ""um"", ""de o"", ""grande"", ""desafio"", ""para"", ""um"", ""projeto"", ""socialista"", ""contemporaneor"", ""o"", ""socialismo"", ""de o"", ""seculo"", ""21"", ""dever"", ""ser"", ""um"", ""eixo"", ""politico"", ""capaz"", ""de"", ""unir"", ""o"", ""diverso"", ""luta"", ""particular"", ""em"", ""um"", ""projeto"", ""historico"", ""verdadeiramente"", ""transformador"", ""para"", ""isso"", ""precisar"", ""ser"", ""construer"", ""como"", ""um"", ""proposta"", ""politico"", ""que"", ""responda"", ""a o"", ""dilema"", ""concreto"", ""de o"", ""nosso"", ""tempo"", ""conciliar"", ""um"", ""radicalidade"", ""transformador"", ""com"", ""um"", ""profundo"", ""enraizamento"", ""em o"", ""luta"", ""popular"", ""o"", ""luta"", ""por o"", ""socialismo"", ""envolver"", ""o"", ""disputa"", ""concreto"", ""por o"", ""poder"", ""politico"", ""e"", ""economico"", ""com"", ""o"", ""objetivo"", ""de"", ""influenciar"", ""o"", ""conflito"", ""distributivo"", ""definir"", ""estrategia"", ""macroeconomico"", ""que"", ""poder"", ""frear"", ""o"", ""crise"", ""climatico"", ""regular"", ""o"", ""grande"", ""empresa"", ""de"", ""tecnologia"", ""defender"", ""o"", ""soberania"", ""nacional"", ""e"", ""garantir"", ""o"", ""direito"", ""social"", ""em o"", ""entanto"", ""esse"", ""disputa"", ""por o"", ""poder"", ""e"", ""por o"", ""transformacao"", ""de o"", ""estado"", ""nao"", ""ocorrer"", ""apenas"", ""por o"", ""forma"", ""limitar"", ""oferecir"", ""por o"", ""democracia"", ""liberal"", ""representativo"", ""o"", ""psol"", ""reconhecer"", ""o"", ""eleicoe"", ""como"", ""um"", ""momento"", ""importante"", ""de o"", ""luta"", ""quando"", ""um"", ""parte"", ""significativo"", ""de o"", ""sociedade"", ""voltar"", ""seu"", ""atencao"", ""para"", ""o"", ""politica""]"
81,Disputamos para vencer.,disputar para vencer,"[""disputar"", ""para"", ""vencer""]"
82,"Eleger parlamentares e governantes do PSOL é uma oportunidade de promover ações pedagógicas que demonstram ser possível fazer diferente. Além das urnas, o PSOL busca disputar os rumos do Brasil por meio da organização dos movimentos sociais e da atuação nas redes sociais, construindo posições contra-hegemônicas que aprofundem as contradições com as classes dominantes. Governos populares e democráticos precisam de uma forte mobilização popular para transformar as estruturas do poder e a própria natureza do Estado. Isso implica em reestruturar a política de segurança pública, democratizar as forças armadas e o judiciário, reformar o sistema eleitoral para garantir maior representatividade aos setores historicamente sub-representados nos espaços de poder e, principalmente, reorientar a lógica de alocação dos recursos públicos administrados pelo Estado. Queremos usar as experiências de governos populares para acumular forças, estimular a organização das trabalhadoras e trabalhadores, democratizar o Estado e transformar a forma como se faz política no Brasil.",eleger parlamentar e governante de o psol e um oportunidade de promover acoes pedagogico que demonstrar ser possivel fazer diferente alem de o urna o psol buscar disputar o rumo de o brasil por meio de o organizacao de o movimento social e de o atuacao em o rede social construir posicoe contra hegemonico que aprofundir o contradicoes com o classe dominante governo popular e democratico precisar de um forte mobilizacao popular para transformar o estrutura de o poder e o proprio natureza de o estado isso implicar em reestruturar o politica de seguranca publicar democratizar o forca armar e o judiciario reformar o sistema eleitoral para garantir grande representatividade a o setor historicamente sub representar em o espaco de poder e principalmente reorientar o logica de alocacao de o recurso publico administrar por o estado querer usar o experiencia de governo popular para acumular forca estimular o organizacao de o trabalhadora e trabalhador democratizar o estado e transformar o forma como se fazer politica em o brasil,"[""eleger"", ""parlamentar"", ""e"", ""governante"", ""de o"", ""psol"", ""e"", ""um"", ""oportunidade"", ""de"", ""promover"", ""acoes"", ""pedagogico"", ""que"", ""demonstrar"", ""ser"", ""possivel"", ""fazer"", ""diferente"", ""alem"", ""de o"", ""urna"", ""o"", ""psol"", ""buscar"", ""disputar"", ""o"", ""rumo"", ""de o"", ""brasil"", ""por"", ""meio"", ""de o"", ""organizacao"", ""de o"", ""movimento"", ""social"", ""e"", ""de o"", ""atuacao"", ""em o"", ""rede"", ""social"", ""construir"", ""posicoe"", ""contra"", ""hegemonico"", ""que"", ""aprofundir"", ""o"", ""contradicoes"", ""com"", ""o"", ""classe"", ""dominante"", ""governo"", ""popular"", ""e"", ""democratico"", ""precisar"", ""de"", ""um"", ""forte"", ""mobilizacao"", ""popular"", ""para"", ""transformar"", ""o"", ""estrutura"", ""de o"", ""poder"", ""e"", ""o"", ""proprio"", ""natureza"", ""de o"", ""estado"", ""isso"", ""implicar"", ""em"", ""reestruturar"", ""o"", ""politica"", ""de"", ""seguranca"", ""publicar"", ""democratizar"", ""o"", ""forca"", ""armar"", ""e"", ""o"", ""judiciario"", ""reformar"", ""o"", ""sistema"", ""eleitoral"", ""para"", ""garantir"", ""grande"", ""representatividade"", ""a o"", ""setor"", ""historicamente"", ""sub"", ""representar"", ""em o"", ""espaco"", ""de"", ""poder"", ""e"", ""principalmente"", ""reorientar"", ""o"", ""logica"", ""de"", ""alocacao"", ""de o"", ""recurso"", ""publico"", ""administrar"", ""por o"", ""estado"", ""querer"", ""usar"", ""o"", ""experiencia"", ""de"", ""governo"", ""popular"", ""para"", ""acumular"", ""forca"", ""estimular"", ""o"", ""organizacao"", ""de o"", ""trabalhadora"", ""e"", ""trabalhador"", ""democratizar"", ""o"", ""estado"", ""e"", ""transformar"", ""o"", ""forma"", ""como"", ""se"", ""fazer"", ""politica"", ""em o"", ""brasil""]"
83,"Nesse sentido, a construção do socialismo no século 21 deve articular lutas tanto “por dentro” da ordem quanto “contra” a ordem vigente. É necessário realizar uma ação institucional combativa nos governos, ao mesmo tempo em que se fortalece a mobilização nas lutas sociais, nas cidades e no campo.",em esse sentido a construcao de o socialismo em o seculo 21 dever articular luta tanto por dentro de o ordem quanto contra o ordem vigente e necessario realizar um acao institucional combativo em o governo a o mesmo tempo em que se fortalecer a mobilizacao em o luta social em o cidade e em o campo,"[""em esse"", ""sentido"", ""a"", ""construcao"", ""de o"", ""socialismo"", ""em o"", ""seculo"", ""21"", ""dever"", ""articular"", ""luta"", ""tanto"", ""por"", ""dentro"", ""de o"", ""ordem"", ""quanto"", ""contra"", ""o"", ""ordem"", ""vigente"", ""e"", ""necessario"", ""realizar"", ""um"", ""acao"", ""institucional"", ""combativo"", ""em o"", ""governo"", ""a o"", ""mesmo"", ""tempo"", ""em"", ""que"", ""se"", ""fortalecer"", ""a"", ""mobilizacao"", ""em o"", ""luta"", ""social"", ""em o"", ""cidade"", ""e"", ""em o"", ""campo""]"
84,"Essas estratégias não são excludentes, mas sim complementares.",esse estrategia nao sao excludente mas sim complementar,"[""esse"", ""estrategia"", ""nao"", ""sao"", ""excludente"", ""mas"", ""sim"", ""complementar""]"
85,"A classe trabalhadora é o sujeito social central com capacidade para impulsionar as tarefas e a saída estratégica para transformar o Brasil. Para nós, a classe trabalhadora é um sujeito social diverso, formado por setores distintos, com diferentes necessidades imediatas: trabalhadores do comércio e do setor de serviços, que lutam pela redução das jornadas exaustivas; trabalhadores sem teto que reivindicam o direito à cidade e a moradia; trabalhadores de aplicativos que lutam por direitos e buscam condições dignas de trabalho e remuneração justa; servidores públicos que combatem a precarização e o sucateamento de serviços essenciais. Esta classe é atravessada não apenas pelas questões materiais dos diferentes níveis de exploração do trabalho, mas também por outros marcadores sociais que intensificam os níveis de exploração e de opressão.",o classe trabalhador e o sujeito social central com capacidade para impulsionar o tarefa e o saida estrategico para transformar o brasil para em o o classe trabalhador e um sujeito social diverso formar por setor distinto com diferentes necessidade imediato trabalhador de o comercio e de o setor de servico que lutar por o reducao de o jornada exaustivo trabalhador sem teto que reivindicar o direito o cidade e o moradia trabalhador de aplicativo que lutar por direito e buscar condicoe digno de trabalho e remuneracao justa servidor publico que combatir o precarizacao e o sucateamento de servico essencial este classe e atravessar nao apenas por o questoe material de o diferente nivei de exploracao de o trabalho mas tambem por outro marcador social que intensificar o nivel de exploracao e de opressao,"[""o"", ""classe"", ""trabalhador"", ""e"", ""o"", ""sujeito"", ""social"", ""central"", ""com"", ""capacidade"", ""para"", ""impulsionar"", ""o"", ""tarefa"", ""e"", ""o"", ""saida"", ""estrategico"", ""para"", ""transformar"", ""o"", ""brasil"", ""para"", ""em o"", ""o"", ""classe"", ""trabalhador"", ""e"", ""um"", ""sujeito"", ""social"", ""diverso"", ""formar"", ""por"", ""setor"", ""distinto"", ""com"", ""diferentes"", ""necessidade"", ""imediato"", ""trabalhador"", ""de o"", ""comercio"", ""e"", ""de o"", ""setor"", ""de"", ""servico"", ""que"", ""lutar"", ""por o"", ""reducao"", ""de o"", ""jornada"", ""exaustivo"", ""trabalhador"", ""sem"", ""teto"", ""que"", ""reivindicar"", ""o"", ""direito"", ""o"", ""cidade"", ""e"", ""o"", ""moradia"", ""trabalhador"", ""de"", ""aplicativo"", ""que"", ""lutar"", ""por"", ""direito"", ""e"", ""buscar"", ""condicoe"", ""digno"", ""de"", ""trabalho"", ""e"", ""remuneracao"", ""justa"", ""servidor"", ""publico"", ""que"", ""combatir"", ""o"", ""precarizacao"", ""e"", ""o"", ""sucateamento"", ""de"", ""servico"", ""essencial"", ""este"", ""classe"", ""e"", ""atravessar"", ""nao"", ""apenas"", ""por o"", ""questoe"", ""material"", ""de o"", ""diferente"", ""nivei"", ""de"", ""exploracao"", ""de o"", ""trabalho"", ""mas"", ""tambem"", ""por"", ""outro"", ""marcador"", ""social"", ""que"", ""intensificar"", ""o"", ""nivel"", ""de"", ""exploracao"", ""e"", ""de"", ""opressao""]"
86,"Ao mesmo tempo em que defendemos a igualdade salarial entre homens e mulheres, ainda há a luta pelo fim da violência de gênero, pela justiça reprodutiva e pelo reconhecimento e valorização do trabalho de cuidado.",a o mesmo tempo em que defender o igualdade salarial entre homem e mulher ainda ha o luta por o fim de o violencia de genero por o justica reprodutivo e por o reconhecimento e valorizacao de o trabalho de cuidado,"[""a o"", ""mesmo"", ""tempo"", ""em"", ""que"", ""defender"", ""o"", ""igualdade"", ""salarial"", ""entre"", ""homem"", ""e"", ""mulher"", ""ainda"", ""ha"", ""o"", ""luta"", ""por o"", ""fim"", ""de o"", ""violencia"", ""de"", ""genero"", ""por o"", ""justica"", ""reprodutivo"", ""e"", ""por o"", ""reconhecimento"", ""e"", ""valorizacao"", ""de o"", ""trabalho"", ""de"", ""cuidado""]"
87,"O racismo estrutural e a LGBTfobia dificultam o acesso igualitário ao trabalho, estudos, oportunidade, aos direitos básicos e até ao próprio direito à vida. A juventude reivindica acesso à universidade, ao emprego, à cultura e ao lazer. Ambientalistas, ecossocialistas e povos originários lutam por uma transição ecológica justa e pela valorização dos saberes indígenas, quilombolas e de outras comunidades tradicionais. É esta concepção de classe trabalhadora a protagonista de um programa de mudanças estruturais, atuando lado a lado com outros setores da classe oprimidos pelo capital e pelo agronegócio: trabalhadores sem-terra, povos originários, pequenos agricultores e setores médios.",o racismo estrutural e o lgbtfobia dificultar o acesso igualitario a o trabalho estudo oportunidade a o direito basico e ate a o proprio direito o vida o juventude reivindicar acesso o universidade a o emprego o cultura e a o lazer ambientalista ecossocialista e povo originario lutar por um transicao ecologico justo e por o valorizacao de o saber indigena quilombola e de outro comunidade tradicional e este concepcao de classe trabalhador o protagonista de um programa de mudanca estrutural atuar lado a lado com outro setor de o classe oprimir por o capital e por o agronegocio trabalhador sem terra povo originarios pequeno agricultor e setor medio,"[""o"", ""racismo"", ""estrutural"", ""e"", ""o"", ""lgbtfobia"", ""dificultar"", ""o"", ""acesso"", ""igualitario"", ""a o"", ""trabalho"", ""estudo"", ""oportunidade"", ""a o"", ""direito"", ""basico"", ""e"", ""ate"", ""a o"", ""proprio"", ""direito"", ""o"", ""vida"", ""o"", ""juventude"", ""reivindicar"", ""acesso"", ""o"", ""universidade"", ""a o"", ""emprego"", ""o"", ""cultura"", ""e"", ""a o"", ""lazer"", ""ambientalista"", ""ecossocialista"", ""e"", ""povo"", ""originario"", ""lutar"", ""por"", ""um"", ""transicao"", ""ecologico"", ""justo"", ""e"", ""por o"", ""valorizacao"", ""de o"", ""saber"", ""indigena"", ""quilombola"", ""e"", ""de"", ""outro"", ""comunidade"", ""tradicional"", ""e"", ""este"", ""concepcao"", ""de"", ""classe"", ""trabalhador"", ""o"", ""protagonista"", ""de"", ""um"", ""programa"", ""de"", ""mudanca"", ""estrutural"", ""atuar"", ""lado"", ""a"", ""lado"", ""com"", ""outro"", ""setor"", ""de o"", ""classe"", ""oprimir"", ""por o"", ""capital"", ""e"", ""por o"", ""agronegocio"", ""trabalhador"", ""sem"", ""terra"", ""povo"", ""originarios"", ""pequeno"", ""agricultor"", ""e"", ""setor"", ""medio""]"
88,"Por uma esquerda conectada com as lutas do nosso tempo Ao longo de seus primeiros vinte anos, o PSOL consolidou-se como um instrumento amplo, plural e democrático, capaz de acolher e impulsionar as diversas lutas sociais — feministas, antirracistas, anti-LGBTfóbicas, entre outras expressões da diversidade da classe trabalhadora. O partido compreende que o enfrentamento a todas as formas de opressão deve ocupar um papel central no debate estratégico das esquerdas. Contudo, é fundamental que essas lutas sejam travadas a partir da perspectiva da luta de classes, evitando o corporativismo e a fragmentação entre os oprimidos.",por um esquerda conectar com o luta de o nosso tempo a o longo de seu primeiro vinte ano o psol consolidar se como um instrumento amplo plural e democratico capaz de acolher e impulsionar o diverso luta social feminista antirracista anti lgbtfobica entre outro expressoe de o diversidade de o classe trabalhador o partido compreender que o enfrentamento a todo o forma de opressao dever ocupar um papel central em o debate estrategico de o esquerda contudo e fundamental que esse luta ser travar a partir de o perspectiva de o luta de classe evitar o corporativismo e o fragmentacao entre o oprimido,"[""por"", ""um"", ""esquerda"", ""conectar"", ""com"", ""o"", ""luta"", ""de o"", ""nosso"", ""tempo"", ""a o"", ""longo"", ""de"", ""seu"", ""primeiro"", ""vinte"", ""ano"", ""o"", ""psol"", ""consolidar"", ""se"", ""como"", ""um"", ""instrumento"", ""amplo"", ""plural"", ""e"", ""democratico"", ""capaz"", ""de"", ""acolher"", ""e"", ""impulsionar"", ""o"", ""diverso"", ""luta"", ""social"", ""feminista"", ""antirracista"", ""anti"", ""lgbtfobica"", ""entre"", ""outro"", ""expressoe"", ""de o"", ""diversidade"", ""de o"", ""classe"", ""trabalhador"", ""o"", ""partido"", ""compreender"", ""que"", ""o"", ""enfrentamento"", ""a"", ""todo"", ""o"", ""forma"", ""de"", ""opressao"", ""dever"", ""ocupar"", ""um"", ""papel"", ""central"", ""em o"", ""debate"", ""estrategico"", ""de o"", ""esquerda"", ""contudo"", ""e"", ""fundamental"", ""que"", ""esse"", ""luta"", ""ser"", ""travar"", ""a"", ""partir"", ""de o"", ""perspectiva"", ""de o"", ""luta"", ""de"", ""classe"", ""evitar"", ""o"", ""corporativismo"", ""e"", ""o"", ""fragmentacao"", ""entre"", ""o"", ""oprimido""]"
89,"Afinal, o capitalismo é a origem de todas as opressões.",afinal o capitalismo e o origem de todo o opressoes,"[""afinal"", ""o"", ""capitalismo"", ""e"", ""o"", ""origem"", ""de"", ""todo"", ""o"", ""opressoes""]"
90,"As identidades de classe, outrora forjadas na relação formal com a fábrica e com os sindicatos, hoje se constroem a partir de visões de mundo, dos territórios periféricos, da revolta contra as insalubridades do trabalho e da conexão em comunidades virtuais.",o identidade de classe outrora forjar em o relacao formal com o fabrica e com o sindicato hoje se constroir a partir de visoes de mundo de o territorio periferico de o revolta contra o insalubridade de o trabalho e de o conexao em comunidade virtual,"[""o"", ""identidade"", ""de"", ""classe"", ""outrora"", ""forjar"", ""em o"", ""relacao"", ""formal"", ""com"", ""o"", ""fabrica"", ""e"", ""com"", ""o"", ""sindicato"", ""hoje"", ""se"", ""constroir"", ""a"", ""partir"", ""de"", ""visoes"", ""de"", ""mundo"", ""de o"", ""territorio"", ""periferico"", ""de o"", ""revolta"", ""contra"", ""o"", ""insalubridade"", ""de o"", ""trabalho"", ""e"", ""de o"", ""conexao"", ""em"", ""comunidade"", ""virtual""]"
91,"Esse novo cenário exige da esquerda a renovação urgente de sua linguagem, estética e ferramentas de organização, sob o risco de ver suas formas tradicionais de atuação se tornarem irrelevantes para a maioria explorada.",esse novo cenario exigir de o esquerda o renovacao urgente de seu linguagem estetico e ferramenta de organizacao sob o risco de ver seu forma tradicional de atuacao se tornar irrelevante para o maioria explorar,"[""esse"", ""novo"", ""cenario"", ""exigir"", ""de o"", ""esquerda"", ""o"", ""renovacao"", ""urgente"", ""de"", ""seu"", ""linguagem"", ""estetico"", ""e"", ""ferramenta"", ""de"", ""organizacao"", ""sob"", ""o"", ""risco"", ""de"", ""ver"", ""seu"", ""forma"", ""tradicional"", ""de"", ""atuacao"", ""se"", ""tornar"", ""irrelevante"", ""para"", ""o"", ""maioria"", ""explorar""]"
92,"As novas lutas são travadas tanto nas ruas quanto nas redes, com formas, símbolos e estratégias que refletem esse novo espírito de época, exigindo uma presença ágil e conectada. Para viabilizar esses desafios, é fundamental um partido enraizado nas lutas sociais do nosso tempo.",o novo luta sao travar tanto em o rua quanto em o rede com forma simbolo e estrategia que refletir esse novo espirito de epoca exigir um presenca agil e conectar para viabilizar esse desafio e fundamental um partido enraizar em o luta social de o nosso tempo,"[""o"", ""novo"", ""luta"", ""sao"", ""travar"", ""tanto"", ""em o"", ""rua"", ""quanto"", ""em o"", ""rede"", ""com"", ""forma"", ""simbolo"", ""e"", ""estrategia"", ""que"", ""refletir"", ""esse"", ""novo"", ""espirito"", ""de"", ""epoca"", ""exigir"", ""um"", ""presenca"", ""agil"", ""e"", ""conectar"", ""para"", ""viabilizar"", ""esse"", ""desafio"", ""e"", ""fundamental"", ""um"", ""partido"", ""enraizar"", ""em o"", ""luta"", ""social"", ""de o"", ""nosso"", ""tempo""]"
93,É necessário manter o PSOL sempre próximo às expressões da resistência do nosso povo.,e necessario manter o psol sempre proximo o expressoe de o resistencia de o nosso povo,"[""e"", ""necessario"", ""manter"", ""o"", ""psol"", ""sempre"", ""proximo"", ""o"", ""expressoe"", ""de o"", ""resistencia"", ""de o"", ""nosso"", ""povo""]"
94,"Da mais antiga forma de resistência popular no Brasil – a luta dos povos indígenas – às mais contemporâneas, como as lutas contra as big techs.",de o mais antigo forma de resistencia popular em o brasil o luta de o povo indigena o mais contemporanea como o luta contra o big techs,"[""de o"", ""mais"", ""antigo"", ""forma"", ""de"", ""resistencia"", ""popular"", ""em o"", ""brasil"", ""o"", ""luta"", ""de o"", ""povo"", ""indigena"", ""o"", ""mais"", ""contemporanea"", ""como"", ""o"", ""luta"", ""contra"", ""o"", ""big"", ""techs""]"
95,Um partido à altura de seu tempo.,um partido o altura de seu tempo,"[""um"", ""partido"", ""o"", ""altura"", ""de"", ""seu"", ""tempo""]"
96,"É fundamental acolher, com generosidade, todas as formas de luta, resistência e enfrentamento aos poderosos, construindo as alianças necessárias para garantir conquistas ao nosso povo.",e fundamental acolher com generosidade todo o forma de luta resistencio e enfrentamento a o poderoso construir o alianca necessario para garantir conquista a o nosso povo,"[""e"", ""fundamental"", ""acolher"", ""com"", ""generosidade"", ""todo"", ""o"", ""forma"", ""de"", ""luta"", ""resistencio"", ""e"", ""enfrentamento"", ""a o"", ""poderoso"", ""construir"", ""o"", ""alianca"", ""necessario"", ""para"", ""garantir"", ""conquista"", ""a o"", ""nosso"", ""povo""]"
97,"O PSOL mantém-se aberto à ampliação e à organização de novas bases sociais, para além das já existentes, dedicando-se à organização territorial e ao fortalecimento do trabalho de base.",o psol manter se abrir a ampliacao e o organizacao de novo base social para alem de o ja existente dedicar se o organizacao territorial e a o fortalecimento de o trabalho de base,"[""o"", ""psol"", ""manter"", ""se"", ""abrir"", ""a"", ""ampliacao"", ""e"", ""o"", ""organizacao"", ""de"", ""novo"", ""base"", ""social"", ""para"", ""alem"", ""de o"", ""ja"", ""existente"", ""dedicar"", ""se"", ""o"", ""organizacao"", ""territorial"", ""e"", ""a o"", ""fortalecimento"", ""de o"", ""trabalho"", ""de"", ""base""]"
98,"O partido acolhe os movimentos sociais em suas fileiras, respeitando suas dinâmicas e apoiando seus métodos de luta — como greves e ocupações —, bem como sua defesa diante de tentativas de criminalização. Dessa forma, busca-se ampliar as bases da esquerda, construindo gradualmente uma nova maioria que combine as lutas de massas e as disputas institucionais, transformando-as em uma força política mobilizadora e em uma fortaleza eleitoral, capaz de afirmar o PSOL como voz legítima das maiorias. A convergência das lutas sociais em direção à construção de um novo bloco histórico, capaz de unificar os setores médios radicalizados, os segmentos progressistas e a classe trabalhadora em suas múltiplas expressões, constitui um desafio estratégico fundamental. Esse processo exige superar a atual fragmentação e desenvolver novos instrumentos de organização que respondam às particularidades dos diferentes segmentos explorados pelo capital.",o partido acolher o movimento social em seu fileira respeitar seu dinamica e apoiar seu metodo de luta como greve e ocupacoes bem como seu defesa diante de tentativa de criminalizacao de esse forma buscar se ampliar o base de o esquerda construir gradualmente um novo maioria que combinar o luta de massa e o disputa institucional transformar o em um forca politico mobilizador e em um fortaleza eleitoral capaz de afirmar o psol como voz legitimo de o maioria o convergencia de o luta social em direcao a construcao de um novo bloco historico capaz de unificar o setor medio radicalizar o segmento progressista e o classe trabalhador em seu multiplo expressoes constituir um desafio estrategico fundamental esse processo exigir superar o atual fragmentacao e desenvolver novo instrumento de organizacao que respondam o particularidade de o diferente segmento explorar por o capital,"[""o"", ""partido"", ""acolher"", ""o"", ""movimento"", ""social"", ""em"", ""seu"", ""fileira"", ""respeitar"", ""seu"", ""dinamica"", ""e"", ""apoiar"", ""seu"", ""metodo"", ""de"", ""luta"", ""como"", ""greve"", ""e"", ""ocupacoes"", ""bem"", ""como"", ""seu"", ""defesa"", ""diante"", ""de"", ""tentativa"", ""de"", ""criminalizacao"", ""de esse"", ""forma"", ""buscar"", ""se"", ""ampliar"", ""o"", ""base"", ""de o"", ""esquerda"", ""construir"", ""gradualmente"", ""um"", ""novo"", ""maioria"", ""que"", ""combinar"", ""o"", ""luta"", ""de"", ""massa"", ""e"", ""o"", ""disputa"", ""institucional"", ""transformar"", ""o"", ""em"", ""um"", ""forca"", ""politico"", ""mobilizador"", ""e"", ""em"", ""um"", ""fortaleza"", ""eleitoral"", ""capaz"", ""de"", ""afirmar"", ""o"", ""psol"", ""como"", ""voz"", ""legitimo"", ""de o"", ""maioria"", ""o"", ""convergencia"", ""de o"", ""luta"", ""social"", ""em"", ""direcao"", ""a"", ""construcao"", ""de"", ""um"", ""novo"", ""bloco"", ""historico"", ""capaz"", ""de"", ""unificar"", ""o"", ""setor"", ""medio"", ""radicalizar"", ""o"", ""segmento"", ""progressista"", ""e"", ""o"", ""classe"", ""trabalhador"", ""em"", ""seu"", ""multiplo"", ""expressoes"", ""constituir"", ""um"", ""desafio"", ""estrategico"", ""fundamental"", ""esse"", ""processo"", ""exigir"", ""superar"", ""o"", ""atual"", ""fragmentacao"", ""e"", ""desenvolver"", ""novo"", ""instrumento"", ""de"", ""organizacao"", ""que"", ""respondam"", ""o"", ""particularidade"", ""de o"", ""diferente"", ""segmento"", ""explorar"", ""por o"", ""capital""]"
99,"Reafirmamos o nosso comprometimento com o combate estrutural ao racismo em todas as suas formas, com centralidade da luta do povo negro, defendendo a promoção de políticas de igualdade racial, enfrentamento ao genocídio da juventude negra e valorização das culturas afro-brasileiras.",reafirmar o nosso comprometimento com o combate estrutural a o racismo em todo o seu forma com centralidade de o luta de o povo negro defender o promocao de politica de igualdade racial enfrentamento a o genocidio de o juventude negro e valorizacao de o cultura afro brasileira,"[""reafirmar"", ""o"", ""nosso"", ""comprometimento"", ""com"", ""o"", ""combate"", ""estrutural"", ""a o"", ""racismo"", ""em"", ""todo"", ""o"", ""seu"", ""forma"", ""com"", ""centralidade"", ""de o"", ""luta"", ""de o"", ""povo"", ""negro"", ""defender"", ""o"", ""promocao"", ""de"", ""politica"", ""de"", ""igualdade"", ""racial"", ""enfrentamento"", ""a o"", ""genocidio"", ""de o"", ""juventude"", ""negro"", ""e"", ""valorizacao"", ""de o"", ""cultura"", ""afro"", ""brasileira""]"
100,"A defesa de direitos das pessoas LGBTQIA+, o reconhecimento da diversidade de identidades e expressões de gênero, promoção da cidadania plena e do respeito à livre orientação sexual. O combate à violência de gênero, a defesa da igualdade salarial no trabalho, o reconhecimento do trabalho reprodutivo e garantia de autonomia sobre o próprio corpo. O enfrentamento ao capacitismo, a defesa da acessibilidade universal com políticas públicas de inclusão social, educacional, cultural e no trabalho, com protagonismo das próprias pessoas com deficiência. O acesso universal à saúde pública e de qualidade, a defesa da educação pública, do acesso aos serviços públicos de qualidade, o direito à cidade e a terra. Aplicar um programa para enfrentar cinco séculos de opressão, violência, saque e dependência externa não será obra de um partido, mas de um amplo movimento construído de baixo para cima.",o defesa de direito de o pessoa lgbtqia o reconhecimento de o diversidade de identidade e expressoes de genero promocao de o cidadania pleno e de o respeito o livre orientacao sexual o combate o violencia de genero o defesa de o igualdade salarial em o trabalho o reconhecimento de o trabalho reprodutivo e garantia de autonomia sobre o proprio corpo o enfrentamento a o capacitismo o defesa de o acessibilidade universal com politica publico de inclusao social educacional cultural e em o trabalho com protagonismo de o proprio pessoa com deficiencia o acesso universal o saude publicar e de qualidade o defesa de o educacao publicar de o acesso a o servico publico de qualidade o direito o cidade e o terra aplicar um programa para enfrentar cinco seculo de opressao violencia saque e dependencia externo nao sera obra de um partido mas de um amplo movimento construer de baixo para cima,"[""o"", ""defesa"", ""de"", ""direito"", ""de o"", ""pessoa"", ""lgbtqia"", ""o"", ""reconhecimento"", ""de o"", ""diversidade"", ""de"", ""identidade"", ""e"", ""expressoes"", ""de"", ""genero"", ""promocao"", ""de o"", ""cidadania"", ""pleno"", ""e"", ""de o"", ""respeito"", ""o"", ""livre"", ""orientacao"", ""sexual"", ""o"", ""combate"", ""o"", ""violencia"", ""de"", ""genero"", ""o"", ""defesa"", ""de o"", ""igualdade"", ""salarial"", ""em o"", ""trabalho"", ""o"", ""reconhecimento"", ""de o"", ""trabalho"", ""reprodutivo"", ""e"", ""garantia"", ""de"", ""autonomia"", ""sobre"", ""o"", ""proprio"", ""corpo"", ""o"", ""enfrentamento"", ""a o"", ""capacitismo"", ""o"", ""defesa"", ""de o"", ""acessibilidade"", ""universal"", ""com"", ""politica"", ""publico"", ""de"", ""inclusao"", ""social"", ""educacional"", ""cultural"", ""e"", ""em o"", ""trabalho"", ""com"", ""protagonismo"", ""de o"", ""proprio"", ""pessoa"", ""com"", ""deficiencia"", ""o"", ""acesso"", ""universal"", ""o"", ""saude"", ""publicar"", ""e"", ""de"", ""qualidade"", ""o"", ""defesa"", ""de o"", ""educacao"", ""publicar"", ""de o"", ""acesso"", ""a o"", ""servico"", ""publico"", ""de"", ""qualidade"", ""o"", ""direito"", ""o"", ""cidade"", ""e"", ""o"", ""terra"", ""aplicar"", ""um"", ""programa"", ""para"", ""enfrentar"", ""cinco"", ""seculo"", ""de"", ""opressao"", ""violencia"", ""saque"", ""e"", ""dependencia"", ""externo"", ""nao"", ""sera"", ""obra"", ""de"", ""um"", ""partido"", ""mas"", ""de"", ""um"", ""amplo"", ""movimento"", ""construer"", ""de"", ""baixo"", ""para"", ""cima""]"
101,É preciso considerar que estamos atualizando o programa do PSOL no momento de profunda crise do capitalismo neoliberal.,e preciso considerar que estar atualizar o programa de o psol em o momento de profundo crise de o capitalismo neoliberal,"[""e"", ""preciso"", ""considerar"", ""que"", ""estar"", ""atualizar"", ""o"", ""programa"", ""de o"", ""psol"", ""em o"", ""momento"", ""de"", ""profundo"", ""crise"", ""de o"", ""capitalismo"", ""neoliberal""]"
102,"Momento esse que apresenta imensos desafios paradigmáticos e reestruturantes, com profundas mudanças nas estruturas sociais do Brasil. Essas mudanças ainda estão em curso no cenário internacional, com uma nova “Guerra Fria” entre EUA e China, que impõe novos desafios para a esquerda brasileira. No cenário nacional, a consolidação da extrema- direita com lideranças de massas, a reorganização no mundo do trabalho e a reconfiguração das classes sociais, combinada com a crise de representatividade e de instrumentos de organização tradicionais, tornam o cenário ainda mais complexo. Isso nos exige uma capacidade de reinvenção e reconexão com o sentimento da maioria social. Nosso papel, enquanto partido profundamente comprometido com as lutas sociais, com a democracia e com a participação cidadã, é atuar como um vetor que fortalece e conduz as lutas em uma perspectiva real de disputa do poder. Nosso objetivo é transformar a sociedade — e isso só será possível participando da disputa pelo Estado, ocupando todos os espaços possíveis, fortalecendo os instrumentos de organização popular e sustentando-se na mobilização e na participação do povo, com absoluto compromisso com a transformação.",momento esse que apresentar imenso desafio paradigmatico e reestruturante com profundo mudanca em o estrutura social de o brasil esse mudanca ainda estao em curso em o cenario internacional com um novo guerra frio entre eua e china que impoar novo desafio para o esquerda brasileiro em o cenario nacional a consolidacao de o extremo direita com lideranca de massa a reorganizacao em o mundo de o trabalho e o reconfiguracao de o classe social combinar com o crise de representatividade e de instrumento de organizacao tradicional tornar o cenario ainda mais complexo isso nós exigir um capacidade de reinvencao e reconexao com o sentimento de o maioria social nosso papel enquanto partido profundamente comprometer com o luta social com o democracia e com o participacao cidar e atuar como um vetor que fortalecer e conduzir o luta em um perspectiva real de disputa de o poder nosso objetivo e transformar o sociedade e isso so sera possivel participar de o disputa por o estado ocupar todo o espaco possivel fortalecer o instrumento de organizacao popular e sustentar se em o mobilizacao e em o participacao de o povo com absoluto compromisso com o transformacao,"[""momento"", ""esse"", ""que"", ""apresentar"", ""imenso"", ""desafio"", ""paradigmatico"", ""e"", ""reestruturante"", ""com"", ""profundo"", ""mudanca"", ""em o"", ""estrutura"", ""social"", ""de o"", ""brasil"", ""esse"", ""mudanca"", ""ainda"", ""estao"", ""em"", ""curso"", ""em o"", ""cenario"", ""internacional"", ""com"", ""um"", ""novo"", ""guerra"", ""frio"", ""entre"", ""eua"", ""e"", ""china"", ""que"", ""impoar"", ""novo"", ""desafio"", ""para"", ""o"", ""esquerda"", ""brasileiro"", ""em o"", ""cenario"", ""nacional"", ""a"", ""consolidacao"", ""de o"", ""extremo"", ""direita"", ""com"", ""lideranca"", ""de"", ""massa"", ""a"", ""reorganizacao"", ""em o"", ""mundo"", ""de o"", ""trabalho"", ""e"", ""o"", ""reconfiguracao"", ""de o"", ""classe"", ""social"", ""combinar"", ""com"", ""o"", ""crise"", ""de"", ""representatividade"", ""e"", ""de"", ""instrumento"", ""de"", ""organizacao"", ""tradicional"", ""tornar"", ""o"", ""cenario"", ""ainda"", ""mais"", ""complexo"", ""isso"", ""nós"", ""exigir"", ""um"", ""capacidade"", ""de"", ""reinvencao"", ""e"", ""reconexao"", ""com"", ""o"", ""sentimento"", ""de o"", ""maioria"", ""social"", ""nosso"", ""papel"", ""enquanto"", ""partido"", ""profundamente"", ""comprometer"", ""com"", ""o"", ""luta"", ""social"", ""com"", ""o"", ""democracia"", ""e"", ""com"", ""o"", ""participacao"", ""cidar"", ""e"", ""atuar"", ""como"", ""um"", ""vetor"", ""que"", ""fortalecer"", ""e"", ""conduzir"", ""o"", ""luta"", ""em"", ""um"", ""perspectiva"", ""real"", ""de"", ""disputa"", ""de o"", ""poder"", ""nosso"", ""objetivo"", ""e"", ""transformar"", ""o"", ""sociedade"", ""e"", ""isso"", ""so"", ""sera"", ""possivel"", ""participar"", ""de o"", ""disputa"", ""por o"", ""estado"", ""ocupar"", ""todo"", ""o"", ""espaco"", ""possivel"", ""fortalecer"", ""o"", ""instrumento"", ""de"", ""organizacao"", ""popular"", ""e"", ""sustentar"", ""se"", ""em o"", ""mobilizacao"", ""e"", ""em o"", ""participacao"", ""de o"", ""povo"", ""com"", ""absoluto"", ""compromisso"", ""com"", ""o"", ""transformacao""]"
103,Venceremos se não perdemos a disposição de seguir lutando!,vencere se nao perder a disposicao de seguir lutar,"[""vencere"", ""se"", ""nao"", ""perder"", ""a"", ""disposicao"", ""de"", ""seguir"", ""lutar""]"
