chunk_id,chunk_text,preprocess_agenda,tokens
0,"PROGRAMA COMPROMISSO COM O FUTURO Programa do Partido Socialismo e Liberdade Apresentação O surgimento do PSOL representou um marco na história da esquerda brasileira, trazendo à cena um novo instrumento político de luta, comprometido com a defesa e a construção de uma estratégia socialista pautada na democracia e na liberdade.",programa compromisso futuro programa partido socialismo liberdade apresentação surgimento psol representar marco históriar esquerdo brasileiro trazer cena novo instrumento político luta comprometer defesa construção estratégia socialista pautar democracia liberdade,"[""programa"", ""compromisso"", ""futuro"", ""programa"", ""partido"", ""socialismo"", ""liberdade"", ""apresentação"", ""surgimento"", ""psol"", ""representar"", ""marco"", ""históriar"", ""esquerdo"", ""brasileiro"", ""trazer"", ""cena"", ""novo"", ""instrumento"", ""político"", ""luta"", ""comprometer"", ""defesa"", ""construção"", ""estratégia"", ""socialista"", ""pautar"", ""democracia"", ""liberdade""]"
1,"Em um contexto mundial em que esse projeto foi tido por superado, nosso partido surgiu para reafirmar que outro mundo não apenas continua sendo possível, como também absolutamente necessário.",contexto mundial projeto ter superar partido surgir reafirmar outro mundo apenas continuar possível absolutamente necessário,"[""contexto"", ""mundial"", ""projeto"", ""ter"", ""superar"", ""partido"", ""surgir"", ""reafirmar"", ""outro"", ""mundo"", ""apenas"", ""continuar"", ""possível"", ""absolutamente"", ""necessário""]"
2,"Duas décadas após seu registro legal, o PSOL cresceu, se fortaleceu e incorporou elementos políticos, programáticos e sociais que o consolidaram como um partido fundamental para a renovação da esquerda no Brasil.",dois década após registro legal psol crescer fortalecer incorporar elemento político programático social consolidar partido fundamental renovação esquerdo brasil,"[""dois"", ""década"", ""após"", ""registro"", ""legal"", ""psol"", ""crescer"", ""fortalecer"", ""incorporar"", ""elemento"", ""político"", ""programático"", ""social"", ""consolidar"", ""partido"", ""fundamental"", ""renovação"", ""esquerdo"", ""brasil""]"
3,"Nosso partido surgiu na luta contra a reforma da Previdência, em 2003, posicionando-se como uma oposição de esquerda em um período histórico em que ainda não existia uma extrema-direita de massas no cenário nacional. Desde então, temos sido uma voz firme contra as políticas neoliberais e em defesa dos direitos da classe trabalhadora. Mantivemo-nos firmes na defesa da democracia durante o golpe parlamentar de 2016. Tivemos papel de destaque na oposição ao bolsonarismo, com forte atuação tanto nas ruas quanto no parlamento.",partido surgir luta contra reforma previdência 2003 posicionar oposição esquerdo período histórico ainda existir extremo direita massa cenário nacional desde então voz firme contra política neoliberal defesa direito classe trabalhador mantivemo firme defesa democracia durante golpe parlamentar 2016 papel destaque oposição bolsonarismo forte atuação tanto rua quanto parlamento,"[""partido"", ""surgir"", ""luta"", ""contra"", ""reforma"", ""previdência"", ""2003"", ""posicionar"", ""oposição"", ""esquerdo"", ""período"", ""histórico"", ""ainda"", ""existir"", ""extremo"", ""direita"", ""massa"", ""cenário"", ""nacional"", ""desde"", ""então"", ""voz"", ""firme"", ""contra"", ""política"", ""neoliberal"", ""defesa"", ""direito"", ""classe"", ""trabalhador"", ""mantivemo"", ""firme"", ""defesa"", ""democracia"", ""durante"", ""golpe"", ""parlamentar"", ""2016"", ""papel"", ""destaque"", ""oposição"", ""bolsonarismo"", ""forte"", ""atuação"", ""tanto"", ""rua"", ""quanto"", ""parlamento""]"
4,"Durante a pandemia, fomos responsáveis por uma ação no STF que resultou na suspensão de despejos e remoções, garantindo proteção a milhares de famílias em situação de vulnerabilidade.",durante pandemia responsável ação stf resultar suspensão despejo remoção garantir proteção milhares família situação vulnerabilidade,"[""durante"", ""pandemia"", ""responsável"", ""ação"", ""stf"", ""resultar"", ""suspensão"", ""despejo"", ""remoção"", ""garantir"", ""proteção"", ""milhares"", ""família"", ""situação"", ""vulnerabilidade""]"
5,"Conectado com as lutas do nosso tempo, o PSOL se identifica com os movimentos sociais contemporâneos em defesa do feminismo, da luta antirracista e anticapacitista, da comunidade LGBTQIA+, dos povos indígenas, de ambientalistas e dos direitos humanos.",conectar luta tempo psol identificar movimento social contemporâneo defesa feminismo luta antirracisto anticapacitista comunidade lgbtqia povo indígena ambientalista direito humano,"[""conectar"", ""luta"", ""tempo"", ""psol"", ""identificar"", ""movimento"", ""social"", ""contemporâneo"", ""defesa"", ""feminismo"", ""luta"", ""antirracisto"", ""anticapacitista"", ""comunidade"", ""lgbtqia"", ""povo"", ""indígena"", ""ambientalista"", ""direito"", ""humano""]"
6,"Buscamos constantemente nos atualizar por meio do diálogo com novas e antigas formas de luta popular e social, de maneira interseccional.",buscar constantemente atualizar meio diálogo novo antigo forma luta popular social maneira interseccional,"[""buscar"", ""constantemente"", ""atualizar"", ""meio"", ""diálogo"", ""novo"", ""antigo"", ""forma"", ""luta"", ""popular"", ""social"", ""maneira"", ""interseccional""]"
7,"Ao longo desses vinte anos, amadurecemos sem abrir mão do nosso compromisso com a radicalidade socialista.",longo de esse vinte ano amadurecer abrir mão compromisso radicalidade socialista,"[""longo"", ""de esse"", ""vinte"", ""ano"", ""amadurecer"", ""abrir"", ""mão"", ""compromisso"", ""radicalidade"", ""socialista""]"
8,Construímos redes de alianças dentro e fora do Brasil e crescemos eleitoralmente como nenhum outro partido da esquerda brasileira.,construír rede aliança dentro brasil crescer eleitoralmente nenhum outro partido esquerdo brasileiro,"[""construír"", ""rede"", ""aliança"", ""dentro"", ""brasil"", ""crescer"", ""eleitoralmente"", ""nenhum"", ""outro"", ""partido"", ""esquerdo"", ""brasileiro""]"
9,"Ainda assim, temos um longo caminho pela frente.",ainda assim longo caminho frente,"[""ainda"", ""assim"", ""longo"", ""caminho"", ""frente""]"
10,"Essa trajetória potente foi construída em um período de intensas contradições, com a agudização da crise do neoliberalismo a partir de 2008 e a ascensão da extrema-direita como desdobramento dessa crise. Neste novo cenário, nos deparamos com uma etapa histórica em que a esquerda necessita formular novas respostas.",trajetória potente construir período intenso contradição agudização crise neoliberalismo partir 2008 ascensão extremo direita desdobramento de esse crise em este novo cenário deparar etapa histórico esquerda necessitar formular novo resposta,"[""trajetória"", ""potente"", ""construir"", ""período"", ""intenso"", ""contradição"", ""agudização"", ""crise"", ""neoliberalismo"", ""partir"", ""2008"", ""ascensão"", ""extremo"", ""direita"", ""desdobramento"", ""de esse"", ""crise"", ""em este"", ""novo"", ""cenário"", ""deparar"", ""etapa"", ""histórico"", ""esquerda"", ""necessitar"", ""formular"", ""novo"", ""resposta""]"
11,"Por isso, no marco dos 20 anos de legalização do PSOL, nos propusemos a um amplo processo de debates, estimulando a reflexão sobre nosso programa e estrutura, renovando nosso compromisso com a construção do socialismo do século 21, com democracia e liberdade. A síntese desses debates resultou na atualização programática expressa neste documento, preservando nossa disposição de manter um diálogo permanente e concreto com os lutadores e movimentos sociais. A nova etapa do capitalismo intensifica a crise de projetos e torna imprescindível o fortalecimento de um programa socialista capaz de se conectar com amplas parcelas do nosso povo e disputar, no presente, um sentido de futuro. 1.2 Por um socialismo do nosso tempo Para o PSOL, o socialismo é um modelo econômico, político e social que nasce em resposta às contradições da sociedade capitalista e da sua incapacidade de emancipar plenamente a humanidade. O socialismo oferece uma alternativa estrutural a esse sistema que coloca a acumulação do capital por uma minoria acima da vida e do planeta. Em um país erguido sobre as bases do escravismo e do colonialismo, como é o caso do Brasil, o socialismo defendido pelo PSOL é um projeto baseado na justiça econômica, social e ambiental, que assegura direitos iguais, soberania popular, liberdade, diversidade religiosa e democracia, criando as condições para a plena realização das potencialidades de cada pessoa e da sociedade como um todo. O projeto socialista é, portanto, histórico e anticapitalista. O socialismo, entendido como um modelo econômico baseado na socialização, no controle social da produção e na distribuição da riqueza gerada pelo trabalho humano, deve estar alicerçado na democracia, na liberdade, na solidariedade, na oposição a todas as formas de opressão e exploração, na mobilização popular, no internacionalismo, no anti-imperialismo, na independência política de classe, assim como na defesa do meio ambiente e da soberania nacional. O caminho para o socialismo deve ser capaz de vincular as lutas imediatas e concretas a um horizonte mais amplo de transformação social.",marco 20 ano legalização psol propuse amplo processo debate estimular reflexão sobre programa estrutura renovar compromisso construção socialismo século 21 democracia liberdade síntese de esse debate resultar atualização programático expressar em este documento preservar disposição manter diálogo permanente concreto lutador movimento social novo etapa capitalismo intensificar crise projeto tornar imprescindível fortalecimento programa socialista capaz conectar amplo parcela povo disputar presente sentido futuro 1 2 socialismo tempo psol socialismo modelo econômico político social nascer resposta contradição sociedade capitalista incapacidade emancipar plenamente humanidade socialismo oferecer alternativa estrutural sistema colocar acumulação capital minorio acima vida planeta país erguir sobre base escravismo colonialismo caso brasil socialismo defender psol projeto basear justiça econômico social ambiental assegurar direito igual soberania popular liberdade diversidade religioso democracia criar condição pleno realização potencialidade cada pessoa sociedade todo projeto socialista portanto histórico anticapitalista socialismo entender modelo econômico basear socialização controle social produção distribuição riqueza gerar trabalho humano dever alicerçar democracia liberdade solidariedade oposição todo forma opressão exploração mobilização popular internacionalismo antir imperialismo independência político classe assim defesa meio ambiente soberania nacional caminho socialismo dever capaz vincular luta imediato concreto horizonte amplo transformação social,"[""marco"", ""20"", ""ano"", ""legalização"", ""psol"", ""propuse"", ""amplo"", ""processo"", ""debate"", ""estimular"", ""reflexão"", ""sobre"", ""programa"", ""estrutura"", ""renovar"", ""compromisso"", ""construção"", ""socialismo"", ""século"", ""21"", ""democracia"", ""liberdade"", ""síntese"", ""de esse"", ""debate"", ""resultar"", ""atualização"", ""programático"", ""expressar"", ""em este"", ""documento"", ""preservar"", ""disposição"", ""manter"", ""diálogo"", ""permanente"", ""concreto"", ""lutador"", ""movimento"", ""social"", ""novo"", ""etapa"", ""capitalismo"", ""intensificar"", ""crise"", ""projeto"", ""tornar"", ""imprescindível"", ""fortalecimento"", ""programa"", ""socialista"", ""capaz"", ""conectar"", ""amplo"", ""parcela"", ""povo"", ""disputar"", ""presente"", ""sentido"", ""futuro"", ""1"", ""2"", ""socialismo"", ""tempo"", ""psol"", ""socialismo"", ""modelo"", ""econômico"", ""político"", ""social"", ""nascer"", ""resposta"", ""contradição"", ""sociedade"", ""capitalista"", ""incapacidade"", ""emancipar"", ""plenamente"", ""humanidade"", ""socialismo"", ""oferecer"", ""alternativa"", ""estrutural"", ""sistema"", ""colocar"", ""acumulação"", ""capital"", ""minorio"", ""acima"", ""vida"", ""planeta"", ""país"", ""erguir"", ""sobre"", ""base"", ""escravismo"", ""colonialismo"", ""caso"", ""brasil"", ""socialismo"", ""defender"", ""psol"", ""projeto"", ""basear"", ""justiça"", ""econômico"", ""social"", ""ambiental"", ""assegurar"", ""direito"", ""igual"", ""soberania"", ""popular"", ""liberdade"", ""diversidade"", ""religioso"", ""democracia"", ""criar"", ""condição"", ""pleno"", ""realização"", ""potencialidade"", ""cada"", ""pessoa"", ""sociedade"", ""todo"", ""projeto"", ""socialista"", ""portanto"", ""histórico"", ""anticapitalista"", ""socialismo"", ""entender"", ""modelo"", ""econômico"", ""basear"", ""socialização"", ""controle"", ""social"", ""produção"", ""distribuição"", ""riqueza"", ""gerar"", ""trabalho"", ""humano"", ""dever"", ""alicerçar"", ""democracia"", ""liberdade"", ""solidariedade"", ""oposição"", ""todo"", ""forma"", ""opressão"", ""exploração"", ""mobilização"", ""popular"", ""internacionalismo"", ""antir"", ""imperialismo"", ""independência"", ""político"", ""classe"", ""assim"", ""defesa"", ""meio"", ""ambiente"", ""soberania"", ""nacional"", ""caminho"", ""socialismo"", ""dever"", ""capaz"", ""vincular"", ""luta"", ""imediato"", ""concreto"", ""horizonte"", ""amplo"", ""transformação"", ""social""]"
12,"Devemos envolver milhões de trabalhadoras e trabalhadores brasileiros na luta política, baseados em valores solidários, comunitários e coletivos.",dever envolver milhão trabalhadora trabalhador brasileiro luta político basear valor solidário comunitário coletivo,"[""dever"", ""envolver"", ""milhão"", ""trabalhadora"", ""trabalhador"", ""brasileiro"", ""luta"", ""político"", ""basear"", ""valor"", ""solidário"", ""comunitário"", ""coletivo""]"
13,"Assim, podemos contribuir com a formação de uma nova sociedade, superando o individualismo e o egoísmo que marcam o imaginário social no neoliberalismo. Nosso socialismo será democrático, participativo, fundado na vontade soberana das maiorias sociais, respeitando a pluralidade política e os direitos dos setores historicamente minorizados.",assim poder contribuir formação novo sociedade superar individualismo egoísmo marcar imaginário social neoliberalismo socialismo democrático participativo fundar vontade soberano maioria social respeitar pluralidade político direito setor historicamente minorizar,"[""assim"", ""poder"", ""contribuir"", ""formação"", ""novo"", ""sociedade"", ""superar"", ""individualismo"", ""egoísmo"", ""marcar"", ""imaginário"", ""social"", ""neoliberalismo"", ""socialismo"", ""democrático"", ""participativo"", ""fundar"", ""vontade"", ""soberano"", ""maioria"", ""social"", ""respeitar"", ""pluralidade"", ""político"", ""direito"", ""setor"", ""historicamente"", ""minorizar""]"
14,"A história brasileira é atravessada pela violência promovida pelo colonialismo e pelas classes dominantes contra povos indígenas, comunidades tradicionais, povo negro, trabalhadoras e trabalhadores, pessoas com deficiência, população LGBTQIA+ e populações minorizadas em geral.",história brasileiro atravessar violência promover colonialismo classe dominante contra povo indígena comunidade tradicional povo negro trabalhadora trabalhador pessoa deficiência população lgbtqia população minorizar geral,"[""história"", ""brasileiro"", ""atravessar"", ""violência"", ""promover"", ""colonialismo"", ""classe"", ""dominante"", ""contra"", ""povo"", ""indígena"", ""comunidade"", ""tradicional"", ""povo"", ""negro"", ""trabalhadora"", ""trabalhador"", ""pessoa"", ""deficiência"", ""população"", ""lgbtqia"", ""população"", ""minorizar"", ""geral""]"
15,"Romper definitivamente com o ciclo de golpes, violência e opressão só será possível assegurando uma democracia radical, onde a liberdade possa ser exercida plenamente, com respeito ao próximo e compromisso com uma sociedade justa para todas as pessoas. Consideramos que a democracia tem uma dimensão política, mas também material. Em sua dimensão política, defendemos a importância da pluralidade, da participação popular, da representatividade dos diferentes setores sociais, do controle social sobre o Estado, da independência entre os Poderes, da transparência e da ética pública. Em sua dimensão material, concebemos a democracia como a garantia de acesso à saúde, educação, alimentação saudável, meio ambiente, moradia, emprego, terra, cultura, lazer e soberania.",romper definitivamente ciclo golpe violência opressão possível assegurar democracia radical onde liberdade poder exercer plenamente respeito próximo compromisso sociedade justo todo pessoa considerar democracia dimensão político material dimensão político defender importância pluralidade participação popular representatividade diferente setor social controle social sobre estado independência poder transparência ético público dimensão material conceber democracia garanter acesso saúde educação alimentação saudável meio ambiente moradia emprego terra cultura lazer soberania,"[""romper"", ""definitivamente"", ""ciclo"", ""golpe"", ""violência"", ""opressão"", ""possível"", ""assegurar"", ""democracia"", ""radical"", ""onde"", ""liberdade"", ""poder"", ""exercer"", ""plenamente"", ""respeito"", ""próximo"", ""compromisso"", ""sociedade"", ""justo"", ""todo"", ""pessoa"", ""considerar"", ""democracia"", ""dimensão"", ""político"", ""material"", ""dimensão"", ""político"", ""defender"", ""importância"", ""pluralidade"", ""participação"", ""popular"", ""representatividade"", ""diferente"", ""setor"", ""social"", ""controle"", ""social"", ""sobre"", ""estado"", ""independência"", ""poder"", ""transparência"", ""ético"", ""público"", ""dimensão"", ""material"", ""conceber"", ""democracia"", ""garanter"", ""acesso"", ""saúde"", ""educação"", ""alimentação"", ""saudável"", ""meio"", ""ambiente"", ""moradia"", ""emprego"", ""terra"", ""cultura"", ""lazer"", ""soberania""]"
16,"Reconhecemos a centralidade da crise climática e propomos uma transição que permita o respeito aos direitos da natureza, seus ecossistemas e espécies. Nosso socialismo será baseado em um modelo de justiça socioambiental e climática, considerando a perspectiva ecossocialista.",reconhecer centralidade crise climático propor transição permitir respeito direito natureza ecossistema espécie socialismo basear modelo justiça socioambiental climático considerar perspectiva ecossocialista,"[""reconhecer"", ""centralidade"", ""crise"", ""climático"", ""propor"", ""transição"", ""permitir"", ""respeito"", ""direito"", ""natureza"", ""ecossistema"", ""espécie"", ""socialismo"", ""basear"", ""modelo"", ""justiça"", ""socioambiental"", ""climático"", ""considerar"", ""perspectiva"", ""ecossocialista""]"
17,Deve permitir uma produção de bens e serviços integrada aos ciclos de reprodução da natureza e às necessidades de preservação do planeta.,dever permitir produção bem serviço integrar ciclo reprodução naturezo necessidade preservação planeta,"[""dever"", ""permitir"", ""produção"", ""bem"", ""serviço"", ""integrar"", ""ciclo"", ""reprodução"", ""naturezo"", ""necessidade"", ""preservação"", ""planeta""]"
18,"O PSOL compreende o enfrentamento às mudanças climáticas como uma luta contra as ameaças existenciais representadas pelo capitalismo, superando as promessas desenvolvimentistas e concepções atrasadas presentes em nossa sociedade que seguem vendo a natureza como mera fonte de recursos.",psol compreender enfrentamento mudança climático luta contra ameaça existencial representar capitalismo superar promessa desenvolvimentisto concepção atrasar presente sociedade seguir ver natureza mero fonte recurso,"[""psol"", ""compreender"", ""enfrentamento"", ""mudança"", ""climático"", ""luta"", ""contra"", ""ameaça"", ""existencial"", ""representar"", ""capitalismo"", ""superar"", ""promessa"", ""desenvolvimentisto"", ""concepção"", ""atrasar"", ""presente"", ""sociedade"", ""seguir"", ""ver"", ""natureza"", ""mero"", ""fonte"", ""recurso""]"
19,"Nosso socialismo é internacionalista. Reconhecemos que a liberdade e a justiça social no Brasil só podem ser asseguradas plenamente se forem parte de um movimento internacional mais amplo, que permita levar a América Latina e o resto do mundo à condição de territórios livres da lógica predatória do sistema do capital.",socialismo internacionalista reconhecer liberdade justiça social brasil poder assegurar plenamente parte movimento internacional amplo permitir levar américa latina resto mundo condição território livre lógico predatório sistema capital,"[""socialismo"", ""internacionalista"", ""reconhecer"", ""liberdade"", ""justiça"", ""social"", ""brasil"", ""poder"", ""assegurar"", ""plenamente"", ""parte"", ""movimento"", ""internacional"", ""amplo"", ""permitir"", ""levar"", ""américa"", ""latina"", ""resto"", ""mundo"", ""condição"", ""território"", ""livre"", ""lógico"", ""predatório"", ""sistema"", ""capital""]"
20,"Um dos maiores exemplos atuais desta lógica é o genocídio contra povo Palestino, luta pela qual o PSOL foi e é aliado incondicional.",grande exemplo atual de este lógico genocídio contra povo palestino lutar psol aliar incondicional,"[""grande"", ""exemplo"", ""atual"", ""de este"", ""lógico"", ""genocídio"", ""contra"", ""povo"", ""palestino"", ""lutar"", ""psol"", ""aliar"", ""incondicional""]"
21,Compreendemos que a luta comum é necessária para enfrentar os males do sistema capitalista.,compreender luta comum necessário enfrentar mal sistema capitalista,"[""compreender"", ""luta"", ""comum"", ""necessário"", ""enfrentar"", ""mal"", ""sistema"", ""capitalista""]"
22,Exercitamos a solidariedade internacional entre povos e movimentos como elemento indispensável para essa transformação.,exercitar solidariedade internacional povo movimento elemento indispensável transformação,"[""exercitar"", ""solidariedade"", ""internacional"", ""povo"", ""movimento"", ""elemento"", ""indispensável"", ""transformação""]"
23,Afirmamos nossa defesa da soberania nacional.,afirmar defesa soberania nacional,"[""afirmar"", ""defesa"", ""soberania"", ""nacional""]"
24,"O Brasil jamais rompeu plenamente com os mecanismos de dominação que perpetuam, no plano mundial, sua condição de país da periferia do capitalismo.",brasil jamais romper plenamente mecanismo dominação perpetuar plano mundial condição país periferia capitalismo,"[""brasil"", ""jamais"", ""romper"", ""plenamente"", ""mecanismo"", ""dominação"", ""perpetuar"", ""plano"", ""mundial"", ""condição"", ""país"", ""periferia"", ""capitalismo""]"
25,Isso nos mantém aprisionados aos interesses monopolistas e às dinâmicas neocoloniais. A globalização neoliberal aprofundou esse quadro.,manter aprisionar interesse monopolista dinâmica neocolonial globalização neoliberal aprofundar quadro,"[""manter"", ""aprisionar"", ""interesse"", ""monopolista"", ""dinâmica"", ""neocolonial"", ""globalização"", ""neoliberal"", ""aprofundar"", ""quadro""]"
26,"Por isso, para o PSOL a soberania nacional orienta a luta por uma nova posição do Brasil na divisão internacional do trabalho e rechaça qualquer interferência externa em assuntos de interesse nacional, vindos de outros Estados ou de corporações. Reivindicamos a independência política do PSOL.",psol soberania nacional orientar luta novo posição brasil divisão internacional trabalho rechaçar qualquer interferência externo assunto interesse nacional vinr outro estado corporação reivindicar independência político psol,"[""psol"", ""soberania"", ""nacional"", ""orientar"", ""luta"", ""novo"", ""posição"", ""brasil"", ""divisão"", ""internacional"", ""trabalho"", ""rechaçar"", ""qualquer"", ""interferência"", ""externo"", ""assunto"", ""interesse"", ""nacional"", ""vinr"", ""outro"", ""estado"", ""corporação"", ""reivindicar"", ""independência"", ""político"", ""psol""]"
27,"Isso não significa negar a busca pela mais ampla unidade com partidos ou movimentos que compartilhem de uma perspectiva estratégica comum. Temos consciência de que o socialismo e a liberdade só poderão ser construídos pela ação combinada de diferentes sujeitos coletivos. Mas o PSOL só poderá ser útil a esse propósito se mantiver sua independência diante de interesses econômicos e políticos que sustentem a injustiça, os privilégios e a exploração das maiorias sociais.",significar negar busca amplo unidade partido movimento compartilhem perspectiva estratégico comum consciência socialismo liberdade poder construír ação combinar diferente sujeito coletivo psol poder útil propósito mantiver independência diante interesse econômico político sustentar injustiça privilégio exploração maioria social,"[""significar"", ""negar"", ""busca"", ""amplo"", ""unidade"", ""partido"", ""movimento"", ""compartilhem"", ""perspectiva"", ""estratégico"", ""comum"", ""consciência"", ""socialismo"", ""liberdade"", ""poder"", ""construír"", ""ação"", ""combinar"", ""diferente"", ""sujeito"", ""coletivo"", ""psol"", ""poder"", ""útil"", ""propósito"", ""mantiver"", ""independência"", ""diante"", ""interesse"", ""econômico"", ""político"", ""sustentar"", ""injustiça"", ""privilégio"", ""exploração"", ""maioria"", ""social""]"
28,Faremos isso valorizando o amplo debate interno em nosso partido.,faremos valorizar amplo debate interno partido,"[""faremos"", ""valorizar"", ""amplo"", ""debate"", ""interno"", ""partido""]"
29,A democracia socialista exige máximo respeito e compromisso coletivo.,democracia socialista exigir grande respeito compromisso coletivo,"[""democracia"", ""socialista"", ""exigir"", ""grande"", ""respeito"", ""compromisso"", ""coletivo""]"
30,"UM PARTIDO À ALTURA DA NOVA ETAPA HISTÓRICA 2.1 O capitalismo do século 21 O século 21 inaugurou uma era de profunda crise e transformação do capitalismo global. O consenso neoliberal, que se consolidou nas décadas finais do século 21 como paradigma hegemônico, entrou em colapso com a crise financeira internacional de 2008. A crise revelou a falência das promessas de crescimento econômico constante e bem-estar. Longe de ser um mero evento econômico passageiro, foi a centelha que expôs as contradições de um sistema baseado na financeirização, na desregulamentação, na abertura irrestrita dos mercados e no desmonte sistemático dos direitos sociais e trabalhistas. A resposta das elites dominantes à crise de 2008 não foi uma correção de rumos, mas a radicalização da agenda neoliberal. A maioria dos governos, submissa ao capital financeiro, promoveu severos ajustes recessivos, com cortes em investimentos sociais, precarização cada vez maior das relações de trabalho e transferência massiva da renda do trabalho para o capital. Essa agenda de austeridade constituiu a resposta conservadora ao conflito distributivo, que não apenas deixou de resolver a crise, como a aprofundou, erodindo a confiança nas frágeis democracias liberais e criando um terreno fértil para o florescimento de forças políticas reacionárias com um falso discurso “antissistema”. No entanto, o fim do consenso neoliberal abriu espaço para uma crise do próprio projeto, da qual a ascensão da extrema-direita é uma de suas expressões mais evidentes. Seu avanço, associado aos interesses do capital monopolista — das big techs ao agronegócio e às petroleiras —, oferece um modelo de capitalismo autoritário, xenofóbico, misógino, racista e negacionista climático, em choque frontal com qualquer noção substantiva de democracia. Neste contexto, uma parcela considerável da esquerda mundial permanece presa a uma ortodoxia econômica ultrapassada — tanto na defesa da manutenção de superávits fiscais primários, sob o pretexto de conquistar a confiança dos mercados, quanto na insistência em um modelo desenvolvimentista. Essa ideia alimenta uma ilusão: a de um país como o Brasil, situado na periferia do capitalismo, alcançar os padrões de desenvolvimento e consumo das nações centrais por meio do fortalecimento do mercado interno ou da exportação de commodities. Tal visão é não apenas anacrônica, mas também profundamente danosa, pois impede a formulação de um projeto genuinamente alternativo de ruptura com o capital e ignora tanto os limites ecológicos do planeta quanto a nova correlação de forças no cenário global. O golpe parlamentar de 2016 no Brasil e a ofensiva conservadora que varreu a América Latina devem ser compreendidos como a resposta brutal das classes dominantes ao conflito distributivo instaurado com a crise do paradigma neoliberal. Mesmo os governos que não ameaçavam diretamente a continuidade do crescimento da renda do capital, mas que conseguiram promover expansão econômica com alguma redistribuição e redução da desigualdade, tornaram-se inaceitáveis para essas elites. As forças do capital reagiram para recolocar o país e o continente na rota da superexploração, da financeirização e da reprimarização das economias. A crise do capitalismo, portanto, revela-se multidimensional: econômica, política, social, ambiental, humanitária e de legitimidade democrática. O mundo atual é mais perigoso, instável e imprevisível do que há vinte anos, exigindo de nós uma análise audaz e a formulação de um projeto radicalmente novo. 2.2 Um novo mundo do trabalho e uma crise civilizatória Se a crise é global, suas expressões concretas no mundo do trabalho são avassaladoras e redefinem a própria composição da classe trabalhadora. Ao contrário dos anos 1980, quando mais de 20% da força de trabalho brasileira estava na indústria e um número expressivo gozava de direitos formais, hoje vivemos uma realidade de desindustrialização relativa, precarização estrutural combinada com invisibilização do trabalho dos cuidados – majoritariamente feminino – e uma revolução técnico-científica comandada pelo capital. O cenário atual é de uma radical transformação. A robotização, a automação e o deslocamento de indústrias para a Ásia extinguiram milhões de empregos industriais bem remunerados em todo o Ocidente, um processo irreversível, com profundas consequências sociais e políticas. Gerações de trabalhadores que acreditavam possuir saberes e profissões asseguradas para toda a vida veem seu mundo desmoronar, substituído por uma intensa e generalizada insegurança existencial.",partir altura novo etapa histórico 2 1 capitalismo século 21 século 21 inaugurar profundo crise transformação capitalismo global consenso neoliberal consolidar década final século 21 paradigma hegemônico entrar colapso crise financeiro internacional 2008 crise revelar falência promessa crescimento econômico constante bem longe mero evento econômico passageiro centelha expôs contradição sistema basear financeirização desregulamentação abertura irrestrito mercado desmonte sistemático direito social trabalhista respostar elite dominante crise 2008 correção rumo radicalizaçãor agenda neoliberal maioria governo submisso capital financeiro promover severo ajuste recessivo corte investimento social precarização cada vez grande relações trabalho transferência massivo renda trabalho capital agenda austeridade constituir resposta conservador conflito distributivo apenas deixar resolver crise aprofundar erodir confiança frágel democracia liberal criar terreno fértil florescimento força político reacionário falso discurso antissistema entanto fim consenso neoliberal abrir espaço crise próprio projeto ascensão extremo direita expressão evidente avanço associar interesse capital monopolista big techs agronegócio petroleira oferecer modelo capitalismo autoritário xenofóbico misógino racista negacionista climático choque frontal qualquer noção substantivo democracia em este contexto parcela considerável esquerdo mundial permanecer preso ortodoxia econômico ultrapassar tanto defesa manutenção superávits fiscal primário sob pretexto conquistar confiança mercado quanto insistência modelo desenvolvimentista ideia alimentar ilusão país brasil situar periferia capitalismo alcançar padrão desenvolvimento consumo nação central meio fortalecimento mercado interno exportação commodities tal visão apenas anacrônico profundamente danoso pois impedir formulação projeto genuinamente alternativo ruptura capital ignorar tanto limite ecológico planeta quanto novo correlação força cenário global golpe parlamentar 2016 brasil ofensiva conservadora varrer américa latina dever compreendir resposta brutal classe dominante conflito distributivo instaurar crise paradigma neoliberal governo ameaçar diretamente continuidade crescimento renda capital conseguir promover expansão econômico algum redistribuição redução desigualdade tornar inaceitável elite força capital reagir recolocar país continente rota superexploração financeirização reprimarizaçãor economia crise capitalismo portanto revelar multidimensional econômico política social ambiental humanitário legitimidade democrático mundo atual perigoso instável imprevisível vinte ano exigir análise audaz formulação projeto radicalmente novo 2 2 novo mundo trabalho crise civilizatório crise global expressão concreto mundo trabalho avassaladoro redefinem próprio composição classe trabalhador contrário ano 1980 20 força trabalho brasileiro indústria número expressivo gozar direito formal hoje viver realidade desindustrialização relativo precarização estrutural combinar invisibilização trabalho cuidado majoritariamente feminino revolução técnico científico comandar capital cenário atual radical transformação robotização automação deslocamento indústria ásu extinguir milhão emprego industrial bem remunerar todo ocidente processo irreversível profundo consequência social político geração trabalhador acreditar possuir saber profissão assegurar todo vida veer mundo desmoronar substituir intenso generalizado insegurança existencial,"[""partir"", ""altura"", ""novo"", ""etapa"", ""histórico"", ""2"", ""1"", ""capitalismo"", ""século"", ""21"", ""século"", ""21"", ""inaugurar"", ""profundo"", ""crise"", ""transformação"", ""capitalismo"", ""global"", ""consenso"", ""neoliberal"", ""consolidar"", ""década"", ""final"", ""século"", ""21"", ""paradigma"", ""hegemônico"", ""entrar"", ""colapso"", ""crise"", ""financeiro"", ""internacional"", ""2008"", ""crise"", ""revelar"", ""falência"", ""promessa"", ""crescimento"", ""econômico"", ""constante"", ""bem"", ""longe"", ""mero"", ""evento"", ""econômico"", ""passageiro"", ""centelha"", ""expôs"", ""contradição"", ""sistema"", ""basear"", ""financeirização"", ""desregulamentação"", ""abertura"", ""irrestrito"", ""mercado"", ""desmonte"", ""sistemático"", ""direito"", ""social"", ""trabalhista"", ""respostar"", ""elite"", ""dominante"", ""crise"", ""2008"", ""correção"", ""rumo"", ""radicalizaçãor"", ""agenda"", ""neoliberal"", ""maioria"", ""governo"", ""submisso"", ""capital"", ""financeiro"", ""promover"", ""severo"", ""ajuste"", ""recessivo"", ""corte"", ""investimento"", ""social"", ""precarização"", ""cada"", ""vez"", ""grande"", ""relações"", ""trabalho"", ""transferência"", ""massivo"", ""renda"", ""trabalho"", ""capital"", ""agenda"", ""austeridade"", ""constituir"", ""resposta"", ""conservador"", ""conflito"", ""distributivo"", ""apenas"", ""deixar"", ""resolver"", ""crise"", ""aprofundar"", ""erodir"", ""confiança"", ""frágel"", ""democracia"", ""liberal"", ""criar"", ""terreno"", ""fértil"", ""florescimento"", ""força"", ""político"", ""reacionário"", ""falso"", ""discurso"", ""antissistema"", ""entanto"", ""fim"", ""consenso"", ""neoliberal"", ""abrir"", ""espaço"", ""crise"", ""próprio"", ""projeto"", ""ascensão"", ""extremo"", ""direita"", ""expressão"", ""evidente"", ""avanço"", ""associar"", ""interesse"", ""capital"", ""monopolista"", ""big"", ""techs"", ""agronegócio"", ""petroleira"", ""oferecer"", ""modelo"", ""capitalismo"", ""autoritário"", ""xenofóbico"", ""misógino"", ""racista"", ""negacionista"", ""climático"", ""choque"", ""frontal"", ""qualquer"", ""noção"", ""substantivo"", ""democracia"", ""em este"", ""contexto"", ""parcela"", ""considerável"", ""esquerdo"", ""mundial"", ""permanecer"", ""preso"", ""ortodoxia"", ""econômico"", ""ultrapassar"", ""tanto"", ""defesa"", ""manutenção"", ""superávits"", ""fiscal"", ""primário"", ""sob"", ""pretexto"", ""conquistar"", ""confiança"", ""mercado"", ""quanto"", ""insistência"", ""modelo"", ""desenvolvimentista"", ""ideia"", ""alimentar"", ""ilusão"", ""país"", ""brasil"", ""situar"", ""periferia"", ""capitalismo"", ""alcançar"", ""padrão"", ""desenvolvimento"", ""consumo"", ""nação"", ""central"", ""meio"", ""fortalecimento"", ""mercado"", ""interno"", ""exportação"", ""commodities"", ""tal"", ""visão"", ""apenas"", ""anacrônico"", ""profundamente"", ""danoso"", ""pois"", ""impedir"", ""formulação"", ""projeto"", ""genuinamente"", ""alternativo"", ""ruptura"", ""capital"", ""ignorar"", ""tanto"", ""limite"", ""ecológico"", ""planeta"", ""quanto"", ""novo"", ""correlação"", ""força"", ""cenário"", ""global"", ""golpe"", ""parlamentar"", ""2016"", ""brasil"", ""ofensiva"", ""conservadora"", ""varrer"", ""américa"", ""latina"", ""dever"", ""compreendir"", ""resposta"", ""brutal"", ""classe"", ""dominante"", ""conflito"", ""distributivo"", ""instaurar"", ""crise"", ""paradigma"", ""neoliberal"", ""governo"", ""ameaçar"", ""diretamente"", ""continuidade"", ""crescimento"", ""renda"", ""capital"", ""conseguir"", ""promover"", ""expansão"", ""econômico"", ""algum"", ""redistribuição"", ""redução"", ""desigualdade"", ""tornar"", ""inaceitável"", ""elite"", ""força"", ""capital"", ""reagir"", ""recolocar"", ""país"", ""continente"", ""rota"", ""superexploração"", ""financeirização"", ""reprimarizaçãor"", ""economia"", ""crise"", ""capitalismo"", ""portanto"", ""revelar"", ""multidimensional"", ""econômico"", ""política"", ""social"", ""ambiental"", ""humanitário"", ""legitimidade"", ""democrático"", ""mundo"", ""atual"", ""perigoso"", ""instável"", ""imprevisível"", ""vinte"", ""ano"", ""exigir"", ""análise"", ""audaz"", ""formulação"", ""projeto"", ""radicalmente"", ""novo"", ""2"", ""2"", ""novo"", ""mundo"", ""trabalho"", ""crise"", ""civilizatório"", ""crise"", ""global"", ""expressão"", ""concreto"", ""mundo"", ""trabalho"", ""avassaladoro"", ""redefinem"", ""próprio"", ""composição"", ""classe"", ""trabalhador"", ""contrário"", ""ano"", ""1980"", ""20"", ""força"", ""trabalho"", ""brasileiro"", ""indústria"", ""número"", ""expressivo"", ""gozar"", ""direito"", ""formal"", ""hoje"", ""viver"", ""realidade"", ""desindustrialização"", ""relativo"", ""precarização"", ""estrutural"", ""combinar"", ""invisibilização"", ""trabalho"", ""cuidado"", ""majoritariamente"", ""feminino"", ""revolução"", ""técnico"", ""científico"", ""comandar"", ""capital"", ""cenário"", ""atual"", ""radical"", ""transformação"", ""robotização"", ""automação"", ""deslocamento"", ""indústria"", ""ásu"", ""extinguir"", ""milhão"", ""emprego"", ""industrial"", ""bem"", ""remunerar"", ""todo"", ""ocidente"", ""processo"", ""irreversível"", ""profundo"", ""consequência"", ""social"", ""político"", ""geração"", ""trabalhador"", ""acreditar"", ""possuir"", ""saber"", ""profissão"", ""assegurar"", ""todo"", ""vida"", ""veer"", ""mundo"", ""desmoronar"", ""substituir"", ""intenso"", ""generalizado"", ""insegurança"", ""existencial""]"
31,"Esse processo expressa uma mudança acelerada na composição orgânica do capital, marcada pelo aumento da produtividade resultante da substituição do trabalho vivo por máquinas. O resultado da automatização poderia representar libertação para a classe trabalhadora, mas transforma-se, sob a lógica do capital, em reforço da exploração e aprofundamento das desigualdades. Trata-se de um fenômeno que ultrapassa o setor industrial. O setor de serviços vive uma onda igualmente acelerada de automação, que transfere ao usuário, de forma não remunerada, tarefas antes executadas por trabalhadores assalariados: operações bancárias por aplicativos, ensino a distância, plataformas de vendas online e serviços automatizados em geral têm eliminado postos de trabalho em larga escala. Nesse cenário, o papel das big techs adquire centralidade estratégica tanto na perspectiva do Estado, do direito à comunicação e da soberania dos povos quanto na dimensão do mundo do trabalho e das subjetividades das classes trabalhadoras. As big techs se transformam nos centros de poder do capitalismo contemporâneo, funcionando em bases monopolistas. Seu modelo de negócio, baseado na vigilância em massa e na extração de dados, é motor de uma brutal concentração de renda e de um aumento inédito das desigualdades. Além disso, os grandes datacenters, necessários para o crescimento das IAs das big techs, demandam quantidades crescentes de energia e água, que agudizam a catástrofe ecológica em curso. Para o mundo do trabalho, as consequências são profundas. A chegada das plataformas digitais e a revolução técnico-científica, mobilizadas a serviço do capital, fragmenta os processos produtivos, aumenta a exploração e quebra as identidades e a experiência de classe baseada na solidariedade horizontal.",processo expressar mudança acelerar composição orgânico capital marcar aumento produtividade resultante substituição trabalho vivo máquina resultado automatização poder representar libertação classe trabalhador transformar sob lógico capital reforço exploração aprofundamento desigualdade tratar fenômeno ultrapassar setor industrial setor serviço viver onda igualmente acelerar automação transferir usuário forma remunerar tarefa antes executar trabalhador assalariar operação bancário aplicativo ensino distância plataforma venda online serviço automatizar geral ter eliminar postos trabalho larga escala em esse cenário papel big techs adquirer centralidade estratégico tanto perspectiva direito comunicação soberanio povo quanto dimensão mundo trabalho subjetividade classe trabalhadora big tech transformar centro poder capitalismo contemporâneo funcionar base monopolista modelo negócio basear vigilância massa extração dar motor brutal concentração rendo aumento inédito desigualdade além de isso grande datacenter necessário crescimento ias big techs demandar quantidade crescente energia água agudizar catástrofe ecológico curso mundo trabalho consequência profundo chegada plataforma digital revolução técnico científico mobilizar serviço capital fragmentar processo produtivo aumentar exploração quebra identidade experiência classe basear solidariedade horizontal,"[""processo"", ""expressar"", ""mudança"", ""acelerar"", ""composição"", ""orgânico"", ""capital"", ""marcar"", ""aumento"", ""produtividade"", ""resultante"", ""substituição"", ""trabalho"", ""vivo"", ""máquina"", ""resultado"", ""automatização"", ""poder"", ""representar"", ""libertação"", ""classe"", ""trabalhador"", ""transformar"", ""sob"", ""lógico"", ""capital"", ""reforço"", ""exploração"", ""aprofundamento"", ""desigualdade"", ""tratar"", ""fenômeno"", ""ultrapassar"", ""setor"", ""industrial"", ""setor"", ""serviço"", ""viver"", ""onda"", ""igualmente"", ""acelerar"", ""automação"", ""transferir"", ""usuário"", ""forma"", ""remunerar"", ""tarefa"", ""antes"", ""executar"", ""trabalhador"", ""assalariar"", ""operação"", ""bancário"", ""aplicativo"", ""ensino"", ""distância"", ""plataforma"", ""venda"", ""online"", ""serviço"", ""automatizar"", ""geral"", ""ter"", ""eliminar"", ""postos"", ""trabalho"", ""larga"", ""escala"", ""em esse"", ""cenário"", ""papel"", ""big"", ""techs"", ""adquirer"", ""centralidade"", ""estratégico"", ""tanto"", ""perspectiva"", ""direito"", ""comunicação"", ""soberanio"", ""povo"", ""quanto"", ""dimensão"", ""mundo"", ""trabalho"", ""subjetividade"", ""classe"", ""trabalhadora"", ""big"", ""tech"", ""transformar"", ""centro"", ""poder"", ""capitalismo"", ""contemporâneo"", ""funcionar"", ""base"", ""monopolista"", ""modelo"", ""negócio"", ""basear"", ""vigilância"", ""massa"", ""extração"", ""dar"", ""motor"", ""brutal"", ""concentração"", ""rendo"", ""aumento"", ""inédito"", ""desigualdade"", ""além"", ""de isso"", ""grande"", ""datacenter"", ""necessário"", ""crescimento"", ""ias"", ""big"", ""techs"", ""demandar"", ""quantidade"", ""crescente"", ""energia"", ""água"", ""agudizar"", ""catástrofe"", ""ecológico"", ""curso"", ""mundo"", ""trabalho"", ""consequência"", ""profundo"", ""chegada"", ""plataforma"", ""digital"", ""revolução"", ""técnico"", ""científico"", ""mobilizar"", ""serviço"", ""capital"", ""fragmentar"", ""processo"", ""produtivo"", ""aumentar"", ""exploração"", ""quebra"", ""identidade"", ""experiência"", ""classe"", ""basear"", ""solidariedade"", ""horizontal""]"
32,"As novas gerações são contratadas em condições que negam direitos já conquistados, por meio da pejotização e da informalidade.",novo geração contratar condição negar direito conquistar meio pejotização informalidade,"[""novo"", ""geração"", ""contratar"", ""condição"", ""negar"", ""direito"", ""conquistar"", ""meio"", ""pejotização"", ""informalidade""]"
33,"O Estado passa a ser percebido como um aparato que apenas fiscaliza, controla e pune.",estado passar perceber aparato apenas fiscalizar controlar pune,"[""estado"", ""passar"", ""perceber"", ""aparato"", ""apenas"", ""fiscalizar"", ""controlar"", ""pune""]"
34,"Há, ainda, o crescimento vertiginoso do uso das redes sociais para viabilizar a própria relação de trabalho para milhões de trabalhadores por conta própria, que passam a depender da mediação das plataformas e redes sociais para chegar aos seus clientes, ficando cada vez mais sujeitas à lógica dos algoritmos.",ainda crescimento vertiginoso uso rede social viabilizar próprio relação trabalho milhão trabalhador contar próprio passar depender mediação plataformo rede social chegar cliente ficar cada vez sujeitas lógico algoritmo,"[""ainda"", ""crescimento"", ""vertiginoso"", ""uso"", ""rede"", ""social"", ""viabilizar"", ""próprio"", ""relação"", ""trabalho"", ""milhão"", ""trabalhador"", ""contar"", ""próprio"", ""passar"", ""depender"", ""mediação"", ""plataformo"", ""rede"", ""social"", ""chegar"", ""cliente"", ""ficar"", ""cada"", ""vez"", ""sujeitas"", ""lógico"", ""algoritmo""]"
35,"Há um imenso impacto subjetivo nessa nova forma de trabalho: individualização, exposição ao discurso de ódio, potencialização da ansiedade.",imenso impacto subjetivo em esse novo forma trabalho individualização exposição discurso ódio potencialização ansiedader,"[""imenso"", ""impacto"", ""subjetivo"", ""em esse"", ""novo"", ""forma"", ""trabalho"", ""individualização"", ""exposição"", ""discurso"", ""ódio"", ""potencialização"", ""ansiedader""]"
36,"Este contexto é o terreno ideal para a adesão à retórica neoliberal e para o crescimento da extrema-direita, que tem nas próprias plataformas seu principal campo de ação e doutrinação, difundindo ódio e teorias conspiratórias.",contexto terreno ideal adesão retórico neoliberal crescimento extremo direita próprio plataforma principal campo ação doutrinação difundir ódio teoria conspiratório,"[""contexto"", ""terreno"", ""ideal"", ""adesão"", ""retórico"", ""neoliberal"", ""crescimento"", ""extremo"", ""direita"", ""próprio"", ""plataforma"", ""principal"", ""campo"", ""ação"", ""doutrinação"", ""difundir"", ""ódio"", ""teoria"", ""conspiratório""]"
37,"O resultado deste novo cenário é um mundo onde os super ricos se tornam cada vez mais ricos e poderosos, formando uma burguesia transnacional disposta a desregular radicalmente os mercados e limitar o Estado-nação ao mínimo necessário para a manutenção dos seus negócios.",resultado de este novo cenário mundo onde super rico tornar cada vez rico poderoso formar burguesia transnacional disposto desregular radicalmente mercado limitar nação mínimo necessário manutenção negócio,"[""resultado"", ""de este"", ""novo"", ""cenário"", ""mundo"", ""onde"", ""super"", ""rico"", ""tornar"", ""cada"", ""vez"", ""rico"", ""poderoso"", ""formar"", ""burguesia"", ""transnacional"", ""disposto"", ""desregular"", ""radicalmente"", ""mercado"", ""limitar"", ""nação"", ""mínimo"", ""necessário"", ""manutenção"", ""negócio""]"
38,"Diante deste ambiente complexo, a luta pela regulação democrática destas corporações e pela construção de uma infraestrutura tecnológica soberana e pública torna-se central para qualquer projeto de esquerda. É uma luta de longo prazo que deve combinar a ação em âmbito nacional – com pesados investimentos estatais em banda larga universal, proteção de dados e tecnologias de código aberto – com um internacionalismo ativo, pois é impossível derrotar o poder das big techs apenas no plano nacional.",diante de este ambiente complexo luta regulação democrático de este corporação construção infraestrutura tecnológico soberana público tornar central qualquer projeto esquerdo lutar longo prazo dever combinar ação âmbito nacional pesar investimento estatal banda larga universal proteção dar tecnologia código abrir internacionalismo ativo pois impossível derrotar poder big techs apenas plano nacional,"[""diante"", ""de este"", ""ambiente"", ""complexo"", ""luta"", ""regulação"", ""democrático"", ""de este"", ""corporação"", ""construção"", ""infraestrutura"", ""tecnológico"", ""soberana"", ""público"", ""tornar"", ""central"", ""qualquer"", ""projeto"", ""esquerdo"", ""lutar"", ""longo"", ""prazo"", ""dever"", ""combinar"", ""ação"", ""âmbito"", ""nacional"", ""pesar"", ""investimento"", ""estatal"", ""banda"", ""larga"", ""universal"", ""proteção"", ""dar"", ""tecnologia"", ""código"", ""abrir"", ""internacionalismo"", ""ativo"", ""pois"", ""impossível"", ""derrotar"", ""poder"", ""big"", ""techs"", ""apenas"", ""plano"", ""nacional""]"
39,"Há ainda outra dimensão: os trabalhos de cuidado, responsáveis por uma economia própria e frequentemente invisível, cumprem a função essencial de reprodução da vida. O trabalho doméstico, os cuidados prestados a crianças, pessoas idosas e com deficiência, bem como as tarefas cotidianas, constituem o alicerce da própria produção econômica. Historicamente, o trabalho necessário à reprodução social recaiu sobre a expropriação não remunerada do trabalho feminino. Estes cinco séculos de exploração se converteram hoje no trabalho doméstico precarizado, majoritariamente realizado por mulheres negras e periféricas. Reconhecer a centralidade política do trabalho de cuidado como componente fundamental de sustentação da sociedade permitirá integrar suas demandas à agenda política e econômica do país, fortalecendo a luta por direitos, igualdade social e condições econômicas justas para todas as pessoas que exercem atividades sócio-reprodutivas. A tarefa do PSOL, portanto, é articular um programa capaz de enfrentar simultaneamente o poder do capital financeiro, o capitalismo extrativista que produz hiperconcentração de riqueza, a precarização do trabalho, a crise climática e as desigualdades estruturais de raça e gênero. Isso implica formular um projeto de país que combine a defesa intransigente dos serviços públicos universais, a redução da jornada de trabalho, a regulação democrática da tecnologia e uma transição ecológica justa e popular. Trata-se de um projeto que não tema enfrentar as narrativas desenvolvimentistas do século 20 e que ouse imaginar — e construir — um socialismo do século 21, democraticamente planejado, centrado na valorização da vida, e não do lucro.",ainda outro dimensão trabalho cuidado responsável economia próprio frequentemente invisível cumprem função essencial reprodução vida trabalho doméstico cuidado prestar criança pessoa idoso deficiência bem tarefa cotidiana constituir alicerce próprio produção econômico historicamente trabalho necessário reprodução social recair sobre expropriação remunerar trabalho feminino cinco século exploração converter hoje trabalho doméstico precarizar majoritariamente realizar mulher negro periférico reconhecer centralidade político trabalho cuidado componente fundamental sustentação sociedade permitir integrar demanda agenda político econômico país fortalecer luta direito igualdade social condição econômico justo todo pessoa exercer atividade sócio reprodutivo tarefa psol portanto articular programa capaz enfrentar simultaneamente poder capital financeiro capitalismo extrativista produzir hiperconcentração riqueza precarização trabalho crise climático desigualdade estrutural raça gênero implicar formular projeto país combinar defesa intransigente serviço público universal redução jornado trabalho regulação democrático tecnologia transição ecológico justo popular tratar projeto tema enfrentar narrativa desenvolvimentisto século 20 ousar imaginar construir socialismo século 21 democraticamente planejar centrar valorização vida lucro,"[""ainda"", ""outro"", ""dimensão"", ""trabalho"", ""cuidado"", ""responsável"", ""economia"", ""próprio"", ""frequentemente"", ""invisível"", ""cumprem"", ""função"", ""essencial"", ""reprodução"", ""vida"", ""trabalho"", ""doméstico"", ""cuidado"", ""prestar"", ""criança"", ""pessoa"", ""idoso"", ""deficiência"", ""bem"", ""tarefa"", ""cotidiana"", ""constituir"", ""alicerce"", ""próprio"", ""produção"", ""econômico"", ""historicamente"", ""trabalho"", ""necessário"", ""reprodução"", ""social"", ""recair"", ""sobre"", ""expropriação"", ""remunerar"", ""trabalho"", ""feminino"", ""cinco"", ""século"", ""exploração"", ""converter"", ""hoje"", ""trabalho"", ""doméstico"", ""precarizar"", ""majoritariamente"", ""realizar"", ""mulher"", ""negro"", ""periférico"", ""reconhecer"", ""centralidade"", ""político"", ""trabalho"", ""cuidado"", ""componente"", ""fundamental"", ""sustentação"", ""sociedade"", ""permitir"", ""integrar"", ""demanda"", ""agenda"", ""político"", ""econômico"", ""país"", ""fortalecer"", ""luta"", ""direito"", ""igualdade"", ""social"", ""condição"", ""econômico"", ""justo"", ""todo"", ""pessoa"", ""exercer"", ""atividade"", ""sócio"", ""reprodutivo"", ""tarefa"", ""psol"", ""portanto"", ""articular"", ""programa"", ""capaz"", ""enfrentar"", ""simultaneamente"", ""poder"", ""capital"", ""financeiro"", ""capitalismo"", ""extrativista"", ""produzir"", ""hiperconcentração"", ""riqueza"", ""precarização"", ""trabalho"", ""crise"", ""climático"", ""desigualdade"", ""estrutural"", ""raça"", ""gênero"", ""implicar"", ""formular"", ""projeto"", ""país"", ""combinar"", ""defesa"", ""intransigente"", ""serviço"", ""público"", ""universal"", ""redução"", ""jornado"", ""trabalho"", ""regulação"", ""democrático"", ""tecnologia"", ""transição"", ""ecológico"", ""justo"", ""popular"", ""tratar"", ""projeto"", ""tema"", ""enfrentar"", ""narrativa"", ""desenvolvimentisto"", ""século"", ""20"", ""ousar"", ""imaginar"", ""construir"", ""socialismo"", ""século"", ""21"", ""democraticamente"", ""planejar"", ""centrar"", ""valorização"", ""vida"", ""lucro""]"
40,"2.3 Crise climática e Transição Ecológica Enfrentar a crise climática não pode se limitar à constante elaboração de um inventário sobre a ameaça existencial que ela representa. Já conhecemos, ainda que nem sempre tenhamos internalizado as consequências do aumento das temperaturas, da elevação do nível dos oceanos, do desmatamento, da queima de combustíveis fósseis, do derretimento das geleiras, a crise hídrica, do desaparecimento da biodiversidade, da acidificação dos mares e da exploração predatória dos recursos minerais. Além do aumento objetivo da temperatura média da Terra, eventos climáticos extremos tornam-se cada vez mais frequentes e intensos, afetando principalmente as populações que menos contribuem para a crise climática.",2 3 crise climático transição ecológico enfrentar crise climático poder limitar constante elaboração inventário sobre ameaça existencial representar conhecer ainda sempre internalizar consequência aumento temperatura elevação nível oceano desmatamento queimar combustível fóssel derretimento geleira crise hídrico desaparecimento biodiversidade acidificação mare exploração predatório recurso mineral além aumento objetivo temperatura médio terra evento climático extremo tornar cada vez frequente intenso afetar principalmente população menos contribuir crise climático,"[""2"", ""3"", ""crise"", ""climático"", ""transição"", ""ecológico"", ""enfrentar"", ""crise"", ""climático"", ""poder"", ""limitar"", ""constante"", ""elaboração"", ""inventário"", ""sobre"", ""ameaça"", ""existencial"", ""representar"", ""conhecer"", ""ainda"", ""sempre"", ""internalizar"", ""consequência"", ""aumento"", ""temperatura"", ""elevação"", ""nível"", ""oceano"", ""desmatamento"", ""queimar"", ""combustível"", ""fóssel"", ""derretimento"", ""geleira"", ""crise"", ""hídrico"", ""desaparecimento"", ""biodiversidade"", ""acidificação"", ""mare"", ""exploração"", ""predatório"", ""recurso"", ""mineral"", ""além"", ""aumento"", ""objetivo"", ""temperatura"", ""médio"", ""terra"", ""evento"", ""climático"", ""extremo"", ""tornar"", ""cada"", ""vez"", ""frequente"", ""intenso"", ""afetar"", ""principalmente"", ""população"", ""menos"", ""contribuir"", ""crise"", ""climático""]"
41,"Moradores das periferias urbanas, a juventude das médias e grandes cidades, a população negra, os povos indígenas, quilombolas, ribeirinhos, pequenos agricultores e outros povos e comunidades tradicionais figuram entre as maiores vítimas desse desequilíbrio, sofrendo constantemente com perdas materiais, destruição de territórios e desestruturação de seus modos de vida, como ocorre, por exemplo, na Amazônia. Pelo lucro de poucos, o equilíbrio ecológico do planeta vem sendo destruído, e a vida da maioria das pessoas é colocada em permanente estado de emergência — situação que resulta, inclusive, na deterioração da saúde humana e no aumento dos deslocamentos e migrações forçadas. O que a ciência tem demonstrado nos últimos anos é que o planeta não suporta o atual ritmo de produção e consumo imposto pelo capitalismo. Essa constatação nos obriga a enfrentar o debate sobre a transformação dos modelos produtivos, o papel da agroecologia e dos saberes tradicionais, o controle público dos recursos naturais estratégicos, a descarbonização da economia e a defesa dos territórios indígenas e quilombolas, entre outros temas centrais. Não se trata apenas de reformar o sistema existente, mas de substituir o atual modelo de desenvolvimento. Em outras palavras, a transição ecológica não pode se resumir a um “capitalismo sustentável”. Não acreditamos que esse sistema, com sua lógica predatória, sua crescente demanda por bens naturais e com os padrões de consumo que incentiva, possa encontrar uma forma “sustentável”. Para nós, a transição ecológica é parte de um programa de superação do capitalismo, com a construção de alternativas à cultura da devastação, do desperdício e do supérfluo. A crise climática coloca em xeque, simultaneamente, a forma capitalista de produção, seja na “indústria da guerra”, responsável por parte considerável das emissões de CO2, nos padrões de consumo incentivados pela propaganda ou nos fluxos comerciais que impõe aos países do Sul Global o papel de fornecedores de matérias-primas e consumidores de bens de alto valor agregado. Ela também evidencia as ameaças à vida representadas pela dinâmica destrutiva do sistema do capital e abre espaço para a formulação de um modelo alternativo, baseado em uma nova divisão internacional da produção, na qual países detentores de grandes reservas de energia limpa poderão se tornar verdadeiras potências. No entanto, essa transição energética precisa ser conduzida de forma democrática, com ampla participação e diálogo com as populações tradicionais e indígenas. É fundamental que o financiamento desse processo seja assumido, prioritariamente, pelos países centrais do capitalismo — historicamente responsáveis pelas maiores emissões de carbono —, de modo a redistribuir recursos e permitir que os países da periferia global realizem uma transição justa, popular e soberana. Mesmo nas previsões científicas mais otimistas, os efeitos da crise climática já não são totalmente reversíveis. Nesse contexto, tragédias decorrentes de fortes chuvas, enchentes, deslizamentos, queimadas, ondas de calor e frio extremos, não são fenômenos naturais, mas consequências da combinação desastrosa entre a crise e a profunda desigualdade na distribuição de infraestrutura e planejamento de nossas cidades. Devemos, portanto, enraizar e contextualizar os debates e esforços para reduzir os riscos e combater o racismo ambiental, promovendo medidas de adaptação que enfrentem os danos já causados. Ao mesmo tempo, é fundamental mitigar as emissões de gases de efeito estufa e construir uma transição ecológica e socioambiental que supere tanto a relação predatória e destrutiva do capitalismo com a natureza quanto as diversas formas de opressão presentes em nossa sociedade, visando uma transição energética que substitua, de forma gradual e definitiva, o uso dos combustíveis fósseis. Nesse contexto, não se pode ignorar a desproporcional responsabilidade dos países do Norte Global pela crise climática: sua riqueza deriva de séculos de exploração colonial e capitalista do planeta, enquanto o sistema internacional continua a causar danos aos países do Sul. Na divisão internacional do trabalho, a reprimarização da economia brasileira se expressa na expansão desenfreada da mineração e do agronegócio monocultor-exportador. As consequências são nefastas: mineradoras e garimpos devoram montanhas e rios; pastagens para gado e latifúndios de soja e milho avançam sobre nossos biomas; a crise climática se aprofunda; os preços dos alimentos sobem; nossa biodiversidade se esgota; e agrotóxicos, assim como rejeitos da mineração, contaminam cada vez mais rios e territórios. A dinâmica responsável pela crise climática é funcional ao neoliberalismo, que oferece ainda mais financeirização como solução, por meio das políticas de mercado de carbono e outras medidas de greenwashing. A extrema-direita utiliza o negacionismo climático como um elemento estrutural de sua mobilização, alimentando um nacionalismo ultrarreacionário, que justifica a exploração da natureza como direito dos países mais poderosos. É, portanto, papel do PSOL travar essa batalha nos níveis político, econômico, social e cultural, popularizando o debate climático ao conectá-lo com a vida real da classe trabalhadora. Além do combate ao desmatamento, ao garimpo ilegal e da defesa dos direitos dos territórios dos povos indígenas, o partido deve lutar nos centros urbanos por moradia popular, pela reciclagem de prédios, pelo saneamento básico e pela universalização do acesso à água .",morador periferia urbano juventude médio grande cidade população negro povo indígena quilombola ribeirinho pequeno agricultor outro povo comunidade tradicional figurar grande vítima de esse desequilíbrio sofrer constantemente perda material destruição território desestruturação modo vida ocorrer exemplo amazônio lucro pouco equilíbrio ecológico planeta vir destruir vida maiorio pessoa colocar permanente emergência situação resultar inclusive deterioração saúde humano aumento deslocamento migração forçar ciência demonstrar último ano planeta suportar atual ritmo produção consumo impor capitalismo constatação obrigar enfrentar debate sobre transformação modelo produtivo papel agroecologia saber tradicional controle público recurso natural estratégico descarbonização economia defesa território indígena quilombola outro tema central tratar apenas reformar sistema existente substituir atual modelo desenvolvimento outro palavra transição ecológico poder resumir capitalismo sustentável acreditar sistema lógico predatório crescente demanda bem natural padrão consumo incentivar poder encontrar forma sustentável transição ecológico parte programa superação capitalismo construção alternativo cultura devastação desperdício supérfluo crise climático colocar xeque simultaneamente forma capitalista produção indústria guerra responsável parte considerável emissão padrão consumo incentivar propaganda fluxo comercial impor país sul global papel fornecedor matéria prima consumidor bem alto valor agregar evidenciar ameaça vida representar dinâmico destrutivo sistema capital abrir espaço formulação modelo alternativo basear novo divisão internacional produção país detentor grande reserva energia limpo poder tornar verdadeiro potência entanto transição energético precisar conduzir forma democrático amplo participação diálogo população tradicional indígena fundamental financiamento de esse processo assumir prioritariamente país central capitalismo historicamente responsável grande emissão carbono modo redistribuir recurso permitir país periferia global realizem transição justo popular soberano previsão científico otimista efeito crise climático totalmente reversível em esse contexto tragédia decorrente forte chuva enchente deslizamento queimar onda calor frio extremo fenômeno natural consequência combinação desastroso crise profundo desigualdade distribuição infraestrutura planejamento cidade dever portanto enraizar contextualizar debate esforço reduzir risco combater racismo ambiental promover medida adaptação enfrentar dano causar tempo fundamental mitigar emissão gases efeito estufa construir transição ecológico socioambiental superar tanto relação predatório destrutivo capitalismo natureza quanto diverso forma opressão presente sociedade visar transição energético substituir forma gradual definitivo uso combustível fósseis em esse contexto poder ignorar desproporcional responsabilidade país norte global crise climático riqueza deriva século exploração colonial capitalista planeta enquanto sistema internacional continuar causar dano país sul divisão internacional trabalho reprimarização economia brasileiro expressar expansão desenfrear mineração agronegócio monocultor exportador consequência nefasto mineradora garimpo devorar montanha rio pastagem gado latifúndio soja milho avançar sobre bioma crise climático aprofundar preço alimento sober biodiversidade esgotar agrotóxico assim rejeito mineração contaminar cada vez rio território dinâmico responsável crise climático funcional neoliberalismo oferecer ainda financeirização solução meio político mercado carbono outro medida greenwashing extremo direita utilizar negacionismo climático elemento estrutural mobilização alimentar nacionalismo ultrarreacionário justificar exploração natureza direito país poderoso portanto papel psol travar batalha nível político econômico social cultural popularizar debate climático conectá lo vida real classe trabalhador além combate desmatamento garimpo ilegal defesa direito território povo indígena partido dever lutar centro urbano moradia popular reciclagem prédio saneamento básico universalização acesso água,"[""morador"", ""periferia"", ""urbano"", ""juventude"", ""médio"", ""grande"", ""cidade"", ""população"", ""negro"", ""povo"", ""indígena"", ""quilombola"", ""ribeirinho"", ""pequeno"", ""agricultor"", ""outro"", ""povo"", ""comunidade"", ""tradicional"", ""figurar"", ""grande"", ""vítima"", ""de esse"", ""desequilíbrio"", ""sofrer"", ""constantemente"", ""perda"", ""material"", ""destruição"", ""território"", ""desestruturação"", ""modo"", ""vida"", ""ocorrer"", ""exemplo"", ""amazônio"", ""lucro"", ""pouco"", ""equilíbrio"", ""ecológico"", ""planeta"", ""vir"", ""destruir"", ""vida"", ""maiorio"", ""pessoa"", ""colocar"", ""permanente"", ""emergência"", ""situação"", ""resultar"", ""inclusive"", ""deterioração"", ""saúde"", ""humano"", ""aumento"", ""deslocamento"", ""migração"", ""forçar"", ""ciência"", ""demonstrar"", ""último"", ""ano"", ""planeta"", ""suportar"", ""atual"", ""ritmo"", ""produção"", ""consumo"", ""impor"", ""capitalismo"", ""constatação"", ""obrigar"", ""enfrentar"", ""debate"", ""sobre"", ""transformação"", ""modelo"", ""produtivo"", ""papel"", ""agroecologia"", ""saber"", ""tradicional"", ""controle"", ""público"", ""recurso"", ""natural"", ""estratégico"", ""descarbonização"", ""economia"", ""defesa"", ""território"", ""indígena"", ""quilombola"", ""outro"", ""tema"", ""central"", ""tratar"", ""apenas"", ""reformar"", ""sistema"", ""existente"", ""substituir"", ""atual"", ""modelo"", ""desenvolvimento"", ""outro"", ""palavra"", ""transição"", ""ecológico"", ""poder"", ""resumir"", ""capitalismo"", ""sustentável"", ""acreditar"", ""sistema"", ""lógico"", ""predatório"", ""crescente"", ""demanda"", ""bem"", ""natural"", ""padrão"", ""consumo"", ""incentivar"", ""poder"", ""encontrar"", ""forma"", ""sustentável"", ""transição"", ""ecológico"", ""parte"", ""programa"", ""superação"", ""capitalismo"", ""construção"", ""alternativo"", ""cultura"", ""devastação"", ""desperdício"", ""supérfluo"", ""crise"", ""climático"", ""colocar"", ""xeque"", ""simultaneamente"", ""forma"", ""capitalista"", ""produção"", ""indústria"", ""guerra"", ""responsável"", ""parte"", ""considerável"", ""emissão"", ""padrão"", ""consumo"", ""incentivar"", ""propaganda"", ""fluxo"", ""comercial"", ""impor"", ""país"", ""sul"", ""global"", ""papel"", ""fornecedor"", ""matéria"", ""prima"", ""consumidor"", ""bem"", ""alto"", ""valor"", ""agregar"", ""evidenciar"", ""ameaça"", ""vida"", ""representar"", ""dinâmico"", ""destrutivo"", ""sistema"", ""capital"", ""abrir"", ""espaço"", ""formulação"", ""modelo"", ""alternativo"", ""basear"", ""novo"", ""divisão"", ""internacional"", ""produção"", ""país"", ""detentor"", ""grande"", ""reserva"", ""energia"", ""limpo"", ""poder"", ""tornar"", ""verdadeiro"", ""potência"", ""entanto"", ""transição"", ""energético"", ""precisar"", ""conduzir"", ""forma"", ""democrático"", ""amplo"", ""participação"", ""diálogo"", ""população"", ""tradicional"", ""indígena"", ""fundamental"", ""financiamento"", ""de esse"", ""processo"", ""assumir"", ""prioritariamente"", ""país"", ""central"", ""capitalismo"", ""historicamente"", ""responsável"", ""grande"", ""emissão"", ""carbono"", ""modo"", ""redistribuir"", ""recurso"", ""permitir"", ""país"", ""periferia"", ""global"", ""realizem"", ""transição"", ""justo"", ""popular"", ""soberano"", ""previsão"", ""científico"", ""otimista"", ""efeito"", ""crise"", ""climático"", ""totalmente"", ""reversível"", ""em esse"", ""contexto"", ""tragédia"", ""decorrente"", ""forte"", ""chuva"", ""enchente"", ""deslizamento"", ""queimar"", ""onda"", ""calor"", ""frio"", ""extremo"", ""fenômeno"", ""natural"", ""consequência"", ""combinação"", ""desastroso"", ""crise"", ""profundo"", ""desigualdade"", ""distribuição"", ""infraestrutura"", ""planejamento"", ""cidade"", ""dever"", ""portanto"", ""enraizar"", ""contextualizar"", ""debate"", ""esforço"", ""reduzir"", ""risco"", ""combater"", ""racismo"", ""ambiental"", ""promover"", ""medida"", ""adaptação"", ""enfrentar"", ""dano"", ""causar"", ""tempo"", ""fundamental"", ""mitigar"", ""emissão"", ""gases"", ""efeito"", ""estufa"", ""construir"", ""transição"", ""ecológico"", ""socioambiental"", ""superar"", ""tanto"", ""relação"", ""predatório"", ""destrutivo"", ""capitalismo"", ""natureza"", ""quanto"", ""diverso"", ""forma"", ""opressão"", ""presente"", ""sociedade"", ""visar"", ""transição"", ""energético"", ""substituir"", ""forma"", ""gradual"", ""definitivo"", ""uso"", ""combustível"", ""fósseis"", ""em esse"", ""contexto"", ""poder"", ""ignorar"", ""desproporcional"", ""responsabilidade"", ""país"", ""norte"", ""global"", ""crise"", ""climático"", ""riqueza"", ""deriva"", ""século"", ""exploração"", ""colonial"", ""capitalista"", ""planeta"", ""enquanto"", ""sistema"", ""internacional"", ""continuar"", ""causar"", ""dano"", ""país"", ""sul"", ""divisão"", ""internacional"", ""trabalho"", ""reprimarização"", ""economia"", ""brasileiro"", ""expressar"", ""expansão"", ""desenfrear"", ""mineração"", ""agronegócio"", ""monocultor"", ""exportador"", ""consequência"", ""nefasto"", ""mineradora"", ""garimpo"", ""devorar"", ""montanha"", ""rio"", ""pastagem"", ""gado"", ""latifúndio"", ""soja"", ""milho"", ""avançar"", ""sobre"", ""bioma"", ""crise"", ""climático"", ""aprofundar"", ""preço"", ""alimento"", ""sober"", ""biodiversidade"", ""esgotar"", ""agrotóxico"", ""assim"", ""rejeito"", ""mineração"", ""contaminar"", ""cada"", ""vez"", ""rio"", ""território"", ""dinâmico"", ""responsável"", ""crise"", ""climático"", ""funcional"", ""neoliberalismo"", ""oferecer"", ""ainda"", ""financeirização"", ""solução"", ""meio"", ""político"", ""mercado"", ""carbono"", ""outro"", ""medida"", ""greenwashing"", ""extremo"", ""direita"", ""utilizar"", ""negacionismo"", ""climático"", ""elemento"", ""estrutural"", ""mobilização"", ""alimentar"", ""nacionalismo"", ""ultrarreacionário"", ""justificar"", ""exploração"", ""natureza"", ""direito"", ""país"", ""poderoso"", ""portanto"", ""papel"", ""psol"", ""travar"", ""batalha"", ""nível"", ""político"", ""econômico"", ""social"", ""cultural"", ""popularizar"", ""debate"", ""climático"", ""conectá"", ""lo"", ""vida"", ""real"", ""classe"", ""trabalhador"", ""além"", ""combate"", ""desmatamento"", ""garimpo"", ""ilegal"", ""defesa"", ""direito"", ""território"", ""povo"", ""indígena"", ""partido"", ""dever"", ""lutar"", ""centro"", ""urbano"", ""moradia"", ""popular"", ""reciclagem"", ""prédio"", ""saneamento"", ""básico"", ""universalização"", ""acesso"", ""água""]"
42,"Além disso, o PSOL deve defender a gratuidade e ampliação do transporte público, e a construção de maior infraestrutura verde nas cidades, como parques lineares, praças de infiltração, jardins de chuva, microreservatórios e pela criação de mais espaços verdes nas cidades, especialmente nas periferias urbanas.",além de isso psol dever defender gratuidade ampliação transporte público construção grande infraestrutura verde cidade parque linear praça infiltração jardim chuva microreservatórios criação espaço verde cidade especialmente periferia urbano,"[""além"", ""de isso"", ""psol"", ""dever"", ""defender"", ""gratuidade"", ""ampliação"", ""transporte"", ""público"", ""construção"", ""grande"", ""infraestrutura"", ""verde"", ""cidade"", ""parque"", ""linear"", ""praça"", ""infiltração"", ""jardim"", ""chuva"", ""microreservatórios"", ""criação"", ""espaço"", ""verde"", ""cidade"", ""especialmente"", ""periferia"", ""urbano""]"
43,"Sabemos que o colapso ambiental afetará todo o planeta, mas os principais impactados serão os mais pobres, negros e periféricos. Por isso, a agenda ambiental, o combate à desigualdade e ao racismo caminham juntos. As bases de nossa transição ecológica devem partir tanto da valorização dos saberes e práticas das periferias, dos povos indígenas, quilombolas e demais comunidades tradicionais — que são os principais protetores das florestas e demais biomas. Nesse sentido, defendemos como central a homologação e a defesa de seus territórios, com transparência, participação popular e proteção aos movimentos e defensores socioambientais.",saber colapso ambiental afetar todo planeta principal impactar pobre negro periférico agenda ambiental combater desigualdade racismo caminhar junto base transição ecológico dever partir tanto valorização saber prática periferia povo indígena quilombola demais comunidade tradicional principal protetor floresta demais bioma em esse sentido defender central homologação defesa território transparência participação popular proteção movimento defensor socioambiental,"[""saber"", ""colapso"", ""ambiental"", ""afetar"", ""todo"", ""planeta"", ""principal"", ""impactar"", ""pobre"", ""negro"", ""periférico"", ""agenda"", ""ambiental"", ""combater"", ""desigualdade"", ""racismo"", ""caminhar"", ""junto"", ""base"", ""transição"", ""ecológico"", ""dever"", ""partir"", ""tanto"", ""valorização"", ""saber"", ""prática"", ""periferia"", ""povo"", ""indígena"", ""quilombola"", ""demais"", ""comunidade"", ""tradicional"", ""principal"", ""protetor"", ""floresta"", ""demais"", ""bioma"", ""em esse"", ""sentido"", ""defender"", ""central"", ""homologação"", ""defesa"", ""território"", ""transparência"", ""participação"", ""popular"", ""proteção"", ""movimento"", ""defensor"", ""socioambiental""]"
44,"Aspectos da formação social do Brasil O Brasil foi a maior nação escravista do mundo. Assentado nas bases do colonialismo, a partir da destruição dos recursos naturais, do genocídio indígena e do controle privado e familiar de vastas extensões do território nacional, o modo de produção colonial escravista recebeu 40% de toda a diáspora africana. Por meio do tráfico transatlântico de pessoas escravizadas, por séculos, esse sistema as desumanizou e explorou para viabilizar um modelo de concentração de riqueza e poder extremamente desigual. Classes populares, sobretudo negros e indígenas foram excluídos da riqueza socialmente produzida, pois lhes foi negada a humanidade; contudo, esse processo foi constantemente questionado pelas insurreições, rebeliões e lutas destes povos. As lutas sociais e políticas do povo brasileiro são tão antigas quanto a história do próprio Brasil. Povos indígenas e escravizados organizaram instrumentos de resistência para construir sociedades livres da desumanização imposta pela exploração colonial. As revoltas seguiram no período imperial – Canudos, Balaiada, Malês, Cabanagem e tantas outras – em lutas contra a exploração dos oprimidos e por outra configuração de nação. A edição da Lei de Terras, em 1850 excluiu a população negra do acesso à terra no Brasil. Somada à ausência de políticas de inclusão social, estas medidas lançaram essa população na extrema pobreza, enquanto o Estado criminalizou suas formas de sobrevivência e incentivou políticas de branqueamento. A transição para o trabalho livre, com a abolição em 1888, deu origem a uma sociedade de classes profundamente racializada e patriarcal, baseada na superexploração da força de trabalho. Essa combinação instituiu o racismo estrutural como engrenagem fundamental da acumulação capitalista brasileira, na qual as mulheres negras assumem papel central na nova lógica exploratória. Essa é uma característica do nosso capitalismo: seu caráter dependente, racialmente estruturado, generificado e sexista, que, mesmo após os processos políticos que levaram ao desenvolvimento de uma economia industrial, articulou os interesses das diferentes expressões da burguesia industrial e agrária. A incapacidade dessa burguesia de formular um projeto nacional, por ser dependente e associada ao imperialismo (primeiro inglês e depois estadunidense), bloqueou historicamente reformas estruturais, como a agrária, urbana e tributária. A única resposta às contínuas demandas dos setores populares tem sido o recurso à coerção, incluindo longos períodos de autoritarismo e ditaduras. A partir do século 20, no período pós-abolição, e na consolidação da República Brasileira, movimentos sociais do campo e da cidade, sindicatos, partidos comunistas e trabalhistas protagonizaram a disputa à esquerda pelos rumos do país, assim como resistiram ao longo da ditadura militar no país.",aspecto formação social brasil brasil grande nação escravista mundo assentar base colonialismo partir destruição recurso natural genocídio indígena controle privado familiar vasto extensão território nacional modo produção colonial escravista receber 40 todo diáspora africano meio tráfico transatlântico pessoa escravizar século sistema desumanizar explorar viabilizar modelo concentração riqueza poder extremamente desigual classe popular sobretudo negro indígena excluídos riqueza socialmente produzer pois negar humanidade contudo processo constantemente questionar insurreição rebelião luta de este povo luta social político povo brasileiro tão antigo quanto história próprio brasil povo indígena escravizar organizar instrumento resistência construir sociedade livre desumanização imposta exploração colonial revolta seguir período imperial canudo balaiar malês cabanagem tanto outro luta contra exploração oprimir outro configuração nação edição lei terro 1850 excluir população negro acesso terra brasil somar ausência político inclusão social medida lançar população extremo pobreza enquanto estado criminalizar forma sobrevivência incentivar política branqueamento transição trabalho livre abolição 1888 dar origem sociedade classes profundamente racializar patriarcal basear superexploração força trabalho combinação instituir racismo estrutural engrenagem fundamental acumulação capitalista brasileira mulher negro assumir papel central novo lógico exploratório característica capitalismo caráter dependente racialmente estruturar generificado sexista após processo político levar desenvolvimento economia industrial articular interesse diferente expressão burguesia industrial agrário incapacidade de esse burguesia formular projeto nacional dependente associar imperialismo primeiro inglês estadunidense bloquear historicamente reforma estrutural agrário urbano tributário único resposta contínuo demanda setor popular recurso coerção incluir longo período autoritarismo ditadura partir século 20 período pós abolição consolidação repúblico brasileiro movimento social campo cidade sindicato partido comunista trabalhista protagonizar disputa esquerdo rumo país assim resistir longo ditadura militar país,"[""aspecto"", ""formação"", ""social"", ""brasil"", ""brasil"", ""grande"", ""nação"", ""escravista"", ""mundo"", ""assentar"", ""base"", ""colonialismo"", ""partir"", ""destruição"", ""recurso"", ""natural"", ""genocídio"", ""indígena"", ""controle"", ""privado"", ""familiar"", ""vasto"", ""extensão"", ""território"", ""nacional"", ""modo"", ""produção"", ""colonial"", ""escravista"", ""receber"", ""40"", ""todo"", ""diáspora"", ""africano"", ""meio"", ""tráfico"", ""transatlântico"", ""pessoa"", ""escravizar"", ""século"", ""sistema"", ""desumanizar"", ""explorar"", ""viabilizar"", ""modelo"", ""concentração"", ""riqueza"", ""poder"", ""extremamente"", ""desigual"", ""classe"", ""popular"", ""sobretudo"", ""negro"", ""indígena"", ""excluídos"", ""riqueza"", ""socialmente"", ""produzer"", ""pois"", ""negar"", ""humanidade"", ""contudo"", ""processo"", ""constantemente"", ""questionar"", ""insurreição"", ""rebelião"", ""luta"", ""de este"", ""povo"", ""luta"", ""social"", ""político"", ""povo"", ""brasileiro"", ""tão"", ""antigo"", ""quanto"", ""história"", ""próprio"", ""brasil"", ""povo"", ""indígena"", ""escravizar"", ""organizar"", ""instrumento"", ""resistência"", ""construir"", ""sociedade"", ""livre"", ""desumanização"", ""imposta"", ""exploração"", ""colonial"", ""revolta"", ""seguir"", ""período"", ""imperial"", ""canudo"", ""balaiar"", ""malês"", ""cabanagem"", ""tanto"", ""outro"", ""luta"", ""contra"", ""exploração"", ""oprimir"", ""outro"", ""configuração"", ""nação"", ""edição"", ""lei"", ""terro"", ""1850"", ""excluir"", ""população"", ""negro"", ""acesso"", ""terra"", ""brasil"", ""somar"", ""ausência"", ""político"", ""inclusão"", ""social"", ""medida"", ""lançar"", ""população"", ""extremo"", ""pobreza"", ""enquanto"", ""estado"", ""criminalizar"", ""forma"", ""sobrevivência"", ""incentivar"", ""política"", ""branqueamento"", ""transição"", ""trabalho"", ""livre"", ""abolição"", ""1888"", ""dar"", ""origem"", ""sociedade"", ""classes"", ""profundamente"", ""racializar"", ""patriarcal"", ""basear"", ""superexploração"", ""força"", ""trabalho"", ""combinação"", ""instituir"", ""racismo"", ""estrutural"", ""engrenagem"", ""fundamental"", ""acumulação"", ""capitalista"", ""brasileira"", ""mulher"", ""negro"", ""assumir"", ""papel"", ""central"", ""novo"", ""lógico"", ""exploratório"", ""característica"", ""capitalismo"", ""caráter"", ""dependente"", ""racialmente"", ""estruturar"", ""generificado"", ""sexista"", ""após"", ""processo"", ""político"", ""levar"", ""desenvolvimento"", ""economia"", ""industrial"", ""articular"", ""interesse"", ""diferente"", ""expressão"", ""burguesia"", ""industrial"", ""agrário"", ""incapacidade"", ""de esse"", ""burguesia"", ""formular"", ""projeto"", ""nacional"", ""dependente"", ""associar"", ""imperialismo"", ""primeiro"", ""inglês"", ""estadunidense"", ""bloquear"", ""historicamente"", ""reforma"", ""estrutural"", ""agrário"", ""urbano"", ""tributário"", ""único"", ""resposta"", ""contínuo"", ""demanda"", ""setor"", ""popular"", ""recurso"", ""coerção"", ""incluir"", ""longo"", ""período"", ""autoritarismo"", ""ditadura"", ""partir"", ""século"", ""20"", ""período"", ""pós"", ""abolição"", ""consolidação"", ""repúblico"", ""brasileiro"", ""movimento"", ""social"", ""campo"", ""cidade"", ""sindicato"", ""partido"", ""comunista"", ""trabalhista"", ""protagonizar"", ""disputa"", ""esquerdo"", ""rumo"", ""país"", ""assim"", ""resistir"", ""longo"", ""ditadura"", ""militar"", ""país""]"
45,"Todo este processo resulta na Nova República, período no qual o PSOL nasce e passa a participar da história política do Brasil.",todo processo resultar novo república período psol nascer passar participar história político brasil,"[""todo"", ""processo"", ""resultar"", ""novo"", ""república"", ""período"", ""psol"", ""nascer"", ""passar"", ""participar"", ""história"", ""político"", ""brasil""]"
46,"A industrialização da economia, a urbanização do país e a formação de um aparato estatal não conseguiram superar gargalos estruturais, como o latifúndio, o racismo, as desigualdades de gênero e a pobreza. Tampouco resolveram as pressões distributivas da classe trabalhadora.",industrialização economia urbanização país formação aparato estatal conseguir superar gargalo estrutural latifúndio racismo desigualdade gênero pobreza tampouco resolver pressão distributivo classe trabalhador,"[""industrialização"", ""economia"", ""urbanização"", ""país"", ""formação"", ""aparato"", ""estatal"", ""conseguir"", ""superar"", ""gargalo"", ""estrutural"", ""latifúndio"", ""racismo"", ""desigualdade"", ""gênero"", ""pobreza"", ""tampouco"", ""resolver"", ""pressão"", ""distributivo"", ""classe"", ""trabalhador""]"
47,"A ditadura civil-militar de 1964 sepultou as esperanças de que seria possível conciliar as reformas de base com o respeito às instituições democráticas e à vontade popular por parte de nossas elites. Com a redemocratização, iniciou-se um novo ciclo de lutas e mobilização popular, com importantes conquistas.",ditadura civil militar 1964 sepultar esperança possível conciliar reforma base respeito instituição democrático vontade popular parte elite redemocratização iniciar novo ciclo luta mobilização popular importante conquista,"[""ditadura"", ""civil"", ""militar"", ""1964"", ""sepultar"", ""esperança"", ""possível"", ""conciliar"", ""reforma"", ""base"", ""respeito"", ""instituição"", ""democrático"", ""vontade"", ""popular"", ""parte"", ""elite"", ""redemocratização"", ""iniciar"", ""novo"", ""ciclo"", ""luta"", ""mobilização"", ""popular"", ""importante"", ""conquista""]"
48,"No entanto, algumas estruturas do período anterior não foram superadas.",entanto algum estrutura período anterior superar,"[""entanto"", ""algum"", ""estrutura"", ""período"", ""anterior"", ""superar""]"
49,"Elas permanecem vivas, expressas na militarização da vida social, na repressão sistemática aos movimentos populares e na política de segurança baseada na lógica de guerra interna às favelas e periferias. Essa herança traz a necessidade de uma nova política de segurança pública. Desmilitarizar a polícia e a vida é uma necessidade democrática. É preciso construir um modelo de polícia de caráter civil, com controle interno e externo, de ciclo completo em suas unidades federativas, com plano de cargos e carreiras de ingresso único, plena garantia dos direitos trabalhistas, fundamentada na proteção à vida, nos direitos humanos e na promoção da dignidade humana. Nesse sentido, torna-se urgente formular uma nova política sobre drogas, que enfrente o genocídio do povo negro e o encarceramento em massa, com foco na saúde pública e no cuidado em liberdade. Essa política deve combater o modelo manicomial, privatista e das comunidades terapêuticas, substituindo a lógica da punição por alternativas de redução de danos e justiça restaurativa. Além de incluir uma perspectiva de gênero e raça, tal política deve prezar pela reparação dos territórios afetados pela repressão policial, articulada a uma política de memória, verdade e justiça em relação aos crimes e violência da ditadura civil-militar, para que nunca mais se repita.",permanecer viva expresso militarização vida social repressão sistemático movimento popular política segurança basear lógico guerra interno favela periferio herança trazer necessidade novo política segurança público desmilitarizar polícia vida necessidade democrático preciso construir modelo polícia caráter civil controle interno externo ciclo completo unidade federativo plano cargo carreira ingresso único pleno garantia direito trabalhista fundamentar proteção vida direito humano promoção dignidade humano em esse sentido tornar urgente formular novo política sobre droga enfrente genocídio povo negro encarceramento massar foco saúde público cuidado liberdade político dever combater modelo manicomial privatista comunidade terapêutico substituir lógico punição alternativo redução dano justiça restaurativo além incluir perspectiva gênero raça tal política dever prezar reparação território afetar repressão policial articular político memório verdade justiço relação crime violência ditadura civil militar nunca repiter,"[""permanecer"", ""viva"", ""expresso"", ""militarização"", ""vida"", ""social"", ""repressão"", ""sistemático"", ""movimento"", ""popular"", ""política"", ""segurança"", ""basear"", ""lógico"", ""guerra"", ""interno"", ""favela"", ""periferio"", ""herança"", ""trazer"", ""necessidade"", ""novo"", ""política"", ""segurança"", ""público"", ""desmilitarizar"", ""polícia"", ""vida"", ""necessidade"", ""democrático"", ""preciso"", ""construir"", ""modelo"", ""polícia"", ""caráter"", ""civil"", ""controle"", ""interno"", ""externo"", ""ciclo"", ""completo"", ""unidade"", ""federativo"", ""plano"", ""cargo"", ""carreira"", ""ingresso"", ""único"", ""pleno"", ""garantia"", ""direito"", ""trabalhista"", ""fundamentar"", ""proteção"", ""vida"", ""direito"", ""humano"", ""promoção"", ""dignidade"", ""humano"", ""em esse"", ""sentido"", ""tornar"", ""urgente"", ""formular"", ""novo"", ""política"", ""sobre"", ""droga"", ""enfrente"", ""genocídio"", ""povo"", ""negro"", ""encarceramento"", ""massar"", ""foco"", ""saúde"", ""público"", ""cuidado"", ""liberdade"", ""político"", ""dever"", ""combater"", ""modelo"", ""manicomial"", ""privatista"", ""comunidade"", ""terapêutico"", ""substituir"", ""lógico"", ""punição"", ""alternativo"", ""redução"", ""dano"", ""justiça"", ""restaurativo"", ""além"", ""incluir"", ""perspectiva"", ""gênero"", ""raça"", ""tal"", ""política"", ""dever"", ""prezar"", ""reparação"", ""território"", ""afetar"", ""repressão"", ""policial"", ""articular"", ""político"", ""memório"", ""verdade"", ""justiço"", ""relação"", ""crime"", ""violência"", ""ditadura"", ""civil"", ""militar"", ""nunca"", ""repiter""]"
50,"A partir dos anos 1990, a agenda neoliberal promoveu o desmonte de direitos, precarizou as relações de trabalho, limitou a capacidade de intervenção do Estado na economia e favoreceu o grande capital. Esse processo se deu por meio de reformas regressivas, da imposição de políticas fiscais e monetárias restritivas, da concentração de renda e das privatizações. Como resultado, enfraqueceu-se o controle social, pioraram a qualidade dos serviços públicos e resultaram em tarifas mais altas — medidas que precisam ser revistas. Com as ações de “estabilização da economia” a partir do Plano Real em 1994, estabeleceu-se um período de financeirização, desindustrialização e fortalecimento do agronegócio. Este momento contribuiu com o aprofundamento da dependência do Brasil e para a reprimarização neoliberal de nossa economia. Perdeu-se o horizonte de um projeto político estratégico capaz de articular crescimento da economia, distribuição de renda e reformas sociais. Os primeiros governos liderados pela esquerda neste século, protagonizados por Lula e Dilma a partir de 2003, surgiram em meio às contradições geradas por um modelo que não foi desmontado em suas bases estruturais. Esses governos combinaram importantes políticas distributivas voltadas aos mais pobres e o crescimento econômico, ao mesmo tempo em que preservaram os interesses do capital financeiro. Quando os efeitos da crise de 2008 chegaram ao Brasil, tornou-se impossível manter uma política em que todos saíssem ganhando. Como parte da crise global do neoliberalismo, a extrema-direita ascendeu em diversos países, inclusive no Brasil, demonstrando habilidade no uso das redes sociais para capitalizar a insatisfação popular diante dos baixos índices econômicos do segundo governo Dilma. Após quatro vitórias consecutivas do PT, as classes dominantes operaram o golpe parlamentar contra o governo Dilma, abrindo as portas para o desmonte da legislação trabalhista, previdenciária e o enfraquecimento dos sindicatos.",partir ano 1990 agenda neoliberal promover desmonte direito precarizar relação trabalho limitar capacidade intervenção economia favorecer grande capital processo dar meio reforma regressivo imposição político fiscal monetário restritivo concentração rendo privatização resultado enfraquecer controle social piorar qualidade serviço público resultar tarifa alto medida precisar revista ação estabilização economia partir plano real 1994 estabelecer período financeirização desindustrialização fortalecimento agronegócio momento contribuir aprofundamento dependência brasil reprimarização neoliberal economia perder horizonte projeto político estratégico capaz articular crescimento economia distribuição rendo reforma social primeiro governo liderar esquerdo em este século protagonizar lula dilma partir 2003 surgir meio contradição gerar modelo desmontar base estrutural governo combinar importante política distributivo voltar pobre crescimento econômico tempo preservar interesse capital financeiro efeito crise 2008 chegar brasil tornar impossível manter política todo saír ganhar parte crise global neoliberalismo extremo direita ascender diverso país inclusive brasil demonstrar habilidade uso rede social capitalizar insatisfação popular diante baixo índice econômico segundo governo dilma após quatro vitória consecutivo pt classe dominante operar golpe parlamentar contra governo dilma abrir porta desmonte legislação trabalhista previdenciária enfraquecimento sindicato,"[""partir"", ""ano"", ""1990"", ""agenda"", ""neoliberal"", ""promover"", ""desmonte"", ""direito"", ""precarizar"", ""relação"", ""trabalho"", ""limitar"", ""capacidade"", ""intervenção"", ""economia"", ""favorecer"", ""grande"", ""capital"", ""processo"", ""dar"", ""meio"", ""reforma"", ""regressivo"", ""imposição"", ""político"", ""fiscal"", ""monetário"", ""restritivo"", ""concentração"", ""rendo"", ""privatização"", ""resultado"", ""enfraquecer"", ""controle"", ""social"", ""piorar"", ""qualidade"", ""serviço"", ""público"", ""resultar"", ""tarifa"", ""alto"", ""medida"", ""precisar"", ""revista"", ""ação"", ""estabilização"", ""economia"", ""partir"", ""plano"", ""real"", ""1994"", ""estabelecer"", ""período"", ""financeirização"", ""desindustrialização"", ""fortalecimento"", ""agronegócio"", ""momento"", ""contribuir"", ""aprofundamento"", ""dependência"", ""brasil"", ""reprimarização"", ""neoliberal"", ""economia"", ""perder"", ""horizonte"", ""projeto"", ""político"", ""estratégico"", ""capaz"", ""articular"", ""crescimento"", ""economia"", ""distribuição"", ""rendo"", ""reforma"", ""social"", ""primeiro"", ""governo"", ""liderar"", ""esquerdo"", ""em este"", ""século"", ""protagonizar"", ""lula"", ""dilma"", ""partir"", ""2003"", ""surgir"", ""meio"", ""contradição"", ""gerar"", ""modelo"", ""desmontar"", ""base"", ""estrutural"", ""governo"", ""combinar"", ""importante"", ""política"", ""distributivo"", ""voltar"", ""pobre"", ""crescimento"", ""econômico"", ""tempo"", ""preservar"", ""interesse"", ""capital"", ""financeiro"", ""efeito"", ""crise"", ""2008"", ""chegar"", ""brasil"", ""tornar"", ""impossível"", ""manter"", ""política"", ""todo"", ""saír"", ""ganhar"", ""parte"", ""crise"", ""global"", ""neoliberalismo"", ""extremo"", ""direita"", ""ascender"", ""diverso"", ""país"", ""inclusive"", ""brasil"", ""demonstrar"", ""habilidade"", ""uso"", ""rede"", ""social"", ""capitalizar"", ""insatisfação"", ""popular"", ""diante"", ""baixo"", ""índice"", ""econômico"", ""segundo"", ""governo"", ""dilma"", ""após"", ""quatro"", ""vitória"", ""consecutivo"", ""pt"", ""classe"", ""dominante"", ""operar"", ""golpe"", ""parlamentar"", ""contra"", ""governo"", ""dilma"", ""abrir"", ""porta"", ""desmonte"", ""legislação"", ""trabalhista"", ""previdenciária"", ""enfraquecimento"", ""sindicato""]"
51,O ano de 2018 foi o ponto alto da ofensiva reacionária.,ano 2018 ponto alto ofensiva reacionário,"[""ano"", ""2018"", ""ponto"", ""alto"", ""ofensiva"", ""reacionário""]"
52,"Além de ser marcado pelo assassinato de Marielle Franco, a prisão injusta de Lula serviu como condição para a vitória da extrema-direita no país.",além marcar assassinato marielle franco prisão injusto lula servir condição vitória extremo direita país,"[""além"", ""marcar"", ""assassinato"", ""marielle"", ""franco"", ""prisão"", ""injusto"", ""lula"", ""servir"", ""condição"", ""vitória"", ""extremo"", ""direita"", ""país""]"
53,"Surge um novo sujeito político, de caráter conservador e autoritário, turbinado pelos recém criados algoritmos nas redes sociais.",surgir novo sujeito político caráter conservador autoritário turbinar recém criar algoritmo rede social,"[""surgir"", ""novo"", ""sujeito"", ""político"", ""caráter"", ""conservador"", ""autoritário"", ""turbinar"", ""recém"", ""criar"", ""algoritmo"", ""rede"", ""social""]"
54,"A partir da mentira e da desinformação disseminadas em escala industrial, aplica-se uma política de terror e pânico moral, baseada em agendas de costumes.",partir mentira desinformação disseminar escala industrial aplicar política terror pânico moral basear agenda costume,"[""partir"", ""mentira"", ""desinformação"", ""disseminar"", ""escala"", ""industrial"", ""aplicar"", ""política"", ""terror"", ""pânico"", ""moral"", ""basear"", ""agenda"", ""costume""]"
55,"A extrema-direita também passou a disputar o espaço público, promovendo mobilizações de massa, consolidando-se como um importante pólo dominante da burguesia brasileira. O PSOL reivindica a longa tradição de lutas do povo brasileiro, que desde o século 16 se organizou para resistir à escravidão e aos desmandos do poder colonial.",extremo direita passar disputar espaço público promover mobilização massa consolidar importante pólo dominante burguesia brasileiro psol reivindicar longo tradição luta povo brasileiro desde século 16 organizar resistir escravidão desmando poder colonial,"[""extremo"", ""direita"", ""passar"", ""disputar"", ""espaço"", ""público"", ""promover"", ""mobilização"", ""massa"", ""consolidar"", ""importante"", ""pólo"", ""dominante"", ""burguesia"", ""brasileiro"", ""psol"", ""reivindicar"", ""longo"", ""tradição"", ""luta"", ""povo"", ""brasileiro"", ""desde"", ""século"", ""16"", ""organizar"", ""resistir"", ""escravidão"", ""desmando"", ""poder"", ""colonial""]"
56,"Que já no século 19 e ao longo do século 20 se organizou em favor dos direitos trabalhistas, da reforma agrária e urbana.",século 19 longo século 20 organizar favor direito trabalhista reforma agrário urbano,"[""século"", ""19"", ""longo"", ""século"", ""20"", ""organizar"", ""favor"", ""direito"", ""trabalhista"", ""reforma"", ""agrário"", ""urbano""]"
57,"Que lutou pela garantia de direitos universais como saúde, educação e moradia para toda a população.",lutar garantia direito universal saúde educação moradio todo população,"[""lutar"", ""garantia"", ""direito"", ""universal"", ""saúde"", ""educação"", ""moradio"", ""todo"", ""população""]"
58,Que enfrentou os anos de chumbo em defesa da democracia.,enfrentar ano chumbo defesa democracia,"[""enfrentar"", ""ano"", ""chumbo"", ""defesa"", ""democracia""]"
59,"Nos inspiramos nas lutas das mulheres, da população LGBTQIA+, do movimento negro e dos povos indígenas, que foram e seguem sendo parte decisiva da luta de classes no Brasil.",inspirar luta mulher população lgbtqia movimento negro povo indígena seguir parte decisivo luta classe brasil,"[""inspirar"", ""luta"", ""mulher"", ""população"", ""lgbtqia"", ""movimento"", ""negro"", ""povo"", ""indígena"", ""seguir"", ""parte"", ""decisivo"", ""luta"", ""classe"", ""brasil""]"
60,Aprendemos com seus avanços e impasses.,aprender avanço impasse,"[""aprender"", ""avanço"", ""impasse""]"
61,"Buscamos, no século 21, articular essa tradição com a necessidade histórica de derrotar o fascismo e a extrema-direita, condição para que possamos avançar na luta por direitos e pela superação dos gargalos estruturais do nosso país.",buscar século 21 articular tradição necessidade histórico derrotar fascismo extremo direita condição possamos avançar luta direito superação gargalo estrutural país,"[""buscar"", ""século"", ""21"", ""articular"", ""tradição"", ""necessidade"", ""histórico"", ""derrotar"", ""fascismo"", ""extremo"", ""direita"", ""condição"", ""possamos"", ""avançar"", ""luta"", ""direito"", ""superação"", ""gargalo"", ""estrutural"", ""país""]"
62,Nosso programa deve ser capaz de promover a reforma agrária e urbana e de ampliar os investimentos em ciência e tecnologia.,programa dever capaz promover reforma agrário urbano ampliar investimento ciêncio tecnologio,"[""programa"", ""dever"", ""capaz"", ""promover"", ""reforma"", ""agrário"", ""urbano"", ""ampliar"", ""investimento"", ""ciêncio"", ""tecnologio""]"
63,"Precisamos construir uma política de igualdade social de alta intensidade, rompendo com as regras que limitam os investimentos públicos. Os aportes nas áreas sociais devem ser prioridade para enfrentar as profundas desigualdades que estruturam o nosso país.",precisar construir política igualdade social alto intensidade romper regra limitar investimento público aporte área social dever prioridade enfrentar profundo desigualdade estruturar país,"[""precisar"", ""construir"", ""política"", ""igualdade"", ""social"", ""alto"", ""intensidade"", ""romper"", ""regra"", ""limitar"", ""investimento"", ""público"", ""aporte"", ""área"", ""social"", ""dever"", ""prioridade"", ""enfrentar"", ""profundo"", ""desigualdade"", ""estruturar"", ""país""]"
64,Isso exige que o Estado brasileiro se liberte de qualquer amarra fiscalista.,exigir estado brasileiro liberter qualquer amarrar fiscalista,"[""exigir"", ""estado"", ""brasileiro"", ""liberter"", ""qualquer"", ""amarrar"", ""fiscalista""]"
65,"É central a defesa intransigente do SUS e o enfrentamento ao negacionismo científico, essencial no combate à pandemia de covid-19.",central defesa intransigente sus enfrentamento negacionismo científico essencial combate pandemia covid 19,"[""central"", ""defesa"", ""intransigente"", ""sus"", ""enfrentamento"", ""negacionismo"", ""científico"", ""essencial"", ""combate"", ""pandemia"", ""covid"", ""19""]"
66,"Por sua vez, a educação será tratada como prioridade máxima. Todas as crianças, adolescentes, jovens e adultos têm direito à educação pública, gratuita, democrática, de qualidade, laica, inclusiva e socialmente referenciada.",vez educação tratar prioridade grande todo criança adolescente jovem adulto ter direito educação público gratuito democrático qualidade laico inclusivo socialmente referenciar,"[""vez"", ""educação"", ""tratar"", ""prioridade"", ""grande"", ""todo"", ""criança"", ""adolescente"", ""jovem"", ""adulto"", ""ter"", ""direito"", ""educação"", ""público"", ""gratuito"", ""democrático"", ""qualidade"", ""laico"", ""inclusivo"", ""socialmente"", ""referenciar""]"
67,"Somente quando nosso projeto político se tornar uma referência para milhões de brasileiros teremos condições reais de viabilizá-lo. É a partir da pressão “dos de baixo” que as contradições entre os setores da burguesia e do capital tendem a se agudizar, tornando o nosso projeto de sociedade efetivamente possível.",somente projeto político tornar referência milhão brasileiro condição real viabilizá lo partir pressão baixo contradição setor burguesia capital tender agudizar tornar projeto sociedade efetivamente possível,"[""somente"", ""projeto"", ""político"", ""tornar"", ""referência"", ""milhão"", ""brasileiro"", ""condição"", ""real"", ""viabilizá"", ""lo"", ""partir"", ""pressão"", ""baixo"", ""contradição"", ""setor"", ""burguesia"", ""capital"", ""tender"", ""agudizar"", ""tornar"", ""projeto"", ""sociedade"", ""efetivamente"", ""possível""]"
68,A história da luta pelo socialismo no Brasil não nasce com o PSOL.,história lutar socialismo brasil nascer psol,"[""história"", ""lutar"", ""socialismo"", ""brasil"", ""nascer"", ""psol""]"
69,Mantemos o máximo respeito por aliados que tenham como propósito a luta contra as desigualdades.,manter grande respeito aliar propósito luta contra desigualdade,"[""manter"", ""grande"", ""respeito"", ""aliar"", ""propósito"", ""luta"", ""contra"", ""desigualdade""]"
70,"Ao mesmo tempo, compreendemos os limites de algumas experiências e a necessidade de avançar programaticamente.",tempo compreender limite algum experiência necessidade avançar programaticamente,"[""tempo"", ""compreender"", ""limite"", ""algum"", ""experiência"", ""necessidade"", ""avançar"", ""programaticamente""]"
71,Essa disputa não deve impedir a formação de frentes políticas capazes de enfrentar os grandes desafios que temos diante de nós. Nenhum partido sozinho conseguirá dar conta de todas as tarefas dessa nova etapa histórica.,disputa dever impedir formação frente político capaz enfrentar grande desafio diante nenhum partido sozinho conseguir dar conta todo tarefa de esse novo etapa histórico,"[""disputa"", ""dever"", ""impedir"", ""formação"", ""frente"", ""político"", ""capaz"", ""enfrentar"", ""grande"", ""desafio"", ""diante"", ""nenhum"", ""partido"", ""sozinho"", ""conseguir"", ""dar"", ""conta"", ""todo"", ""tarefa"", ""de esse"", ""novo"", ""etapa"", ""histórico""]"
72,"A ameaça neofascista é real, e torna fundamental a unidade do campo popular.",ameaça neofascisto real tornar fundamental unidade campo popular,"[""ameaça"", ""neofascisto"", ""real"", ""tornar"", ""fundamental"", ""unidade"", ""campo"", ""popular""]"
73,"Ao mesmo tempo, essa necessidade não pode comprometer nossa estratégia em direção ao socialismo. 3.1 Plataforma por um novo projeto de país 1) Superação do produtivismo capitalista, colocando a vida no centro da economia; 2) Construção de um Estado radicalmente democrático, com mecanismos de participação direta; 3) Enfrentamento estrutural à extrema direita e aos autoritarismos, garantindo liberdades democráticas com direitos sociais universais; 4) Defesa ativa da autodeterminação dos povos contra o imperialismo e o neocolonialismo; 5) Reforma do sistema político para superar o poder do capital e ampliar a representação popular; 6) Transição justa para um modelo econômico pós-extrativista, com planejamento ecológico de longo prazo; 7) Defesa intransigente dos povos, comunidades e territórios tradicionais (indígenas, quilombolas e ribeirinhos) e justiça ambiental; 8) Reforma Agrária Popular: democratização da terra para a produção de alimentos saudáveis, erradicação da fome, combate às mudanças climáticas e preservação do meio ambiente.",tempo necessidade poder comprometer estratégia direção socialismo 3 1 plataforma novo projeto país 1 superação produtivismo capitalista colocar vida centro economia 2 construção radicalmente democrático mecanismo participação direto 3 enfrentamento estrutural extremo direita autoritarismo garantir liberdade democrático direito social universal 4 defesa ativo autodeterminação povo contra imperialismo neocolonialismo 5 reforma sistema político superar poder capital ampliar representação popular 6 transição justo modelo econômico pós extrativista planejamento ecológico longo prazo 7 defesa intransigente povo comunidade território tradicional indígena quilombola ribeirinho justiça ambiental 8 reforma agrário popular democratização terra produção alimento saudável erradicação fome combatir mudança climático preservação meio ambiente,"[""tempo"", ""necessidade"", ""poder"", ""comprometer"", ""estratégia"", ""direção"", ""socialismo"", ""3"", ""1"", ""plataforma"", ""novo"", ""projeto"", ""país"", ""1"", ""superação"", ""produtivismo"", ""capitalista"", ""colocar"", ""vida"", ""centro"", ""economia"", ""2"", ""construção"", ""radicalmente"", ""democrático"", ""mecanismo"", ""participação"", ""direto"", ""3"", ""enfrentamento"", ""estrutural"", ""extremo"", ""direita"", ""autoritarismo"", ""garantir"", ""liberdade"", ""democrático"", ""direito"", ""social"", ""universal"", ""4"", ""defesa"", ""ativo"", ""autodeterminação"", ""povo"", ""contra"", ""imperialismo"", ""neocolonialismo"", ""5"", ""reforma"", ""sistema"", ""político"", ""superar"", ""poder"", ""capital"", ""ampliar"", ""representação"", ""popular"", ""6"", ""transição"", ""justo"", ""modelo"", ""econômico"", ""pós"", ""extrativista"", ""planejamento"", ""ecológico"", ""longo"", ""prazo"", ""7"", ""defesa"", ""intransigente"", ""povo"", ""comunidade"", ""território"", ""tradicional"", ""indígena"", ""quilombola"", ""ribeirinho"", ""justiça"", ""ambiental"", ""8"", ""reforma"", ""agrário"", ""popular"", ""democratização"", ""terra"", ""produção"", ""alimento"", ""saudável"", ""erradicação"", ""fome"", ""combatir"", ""mudança"", ""climático"", ""preservação"", ""meio"", ""ambiente""]"
74,"Cumprimento da função social da terra, Desapropriação das terras improdutivas, dos latifúndios, e das fazendas com trabalho escravo. Defesa da agroecologia como matriz tecnológica e modo de vida para promoção da soberania alimentar e atividade central dos povos do campo, águas e florestas. 9) Reforma Urbana: Combate à especulação imobiliária, implementação da tarifa zero, acesso a moradia de qualidade, saneamento básico, lazer, cultura e áreas verdes. Democratização das cidades com descentralização dos serviços públicos de qualidade e das oportunidades de trabalho bem remunerado, garantindo pleno direito à cidade. 10) Fortalecimento e valorização dos serviços públicos, contra as privatizações e reversão das privatizações em setores estratégicos. 11) Reversão das reformas que retiram direitos.",cumprimento função social terra desapropriação terra improdutivo latifúndio fazenda trabalho escravo defesa agroecologio matriz tecnológico modo vida promoção soberanio alimentar atividade central povo campo água floresto 9 reforma urbano combate especulação imobiliário implementação tarifa zero acesso moradio qualidade saneamento básico lazer cultura área verde democratização cidade descentralização serviço público qualidade oportunidade trabalho bem remunerar garantir pleno direito cidade 10 fortalecimento valorização serviço público contra privatização reversão privatização setor estratégico 11 reversão reforma retirar direito,"[""cumprimento"", ""função"", ""social"", ""terra"", ""desapropriação"", ""terra"", ""improdutivo"", ""latifúndio"", ""fazenda"", ""trabalho"", ""escravo"", ""defesa"", ""agroecologio"", ""matriz"", ""tecnológico"", ""modo"", ""vida"", ""promoção"", ""soberanio"", ""alimentar"", ""atividade"", ""central"", ""povo"", ""campo"", ""água"", ""floresto"", ""9"", ""reforma"", ""urbano"", ""combate"", ""especulação"", ""imobiliário"", ""implementação"", ""tarifa"", ""zero"", ""acesso"", ""moradio"", ""qualidade"", ""saneamento"", ""básico"", ""lazer"", ""cultura"", ""área"", ""verde"", ""democratização"", ""cidade"", ""descentralização"", ""serviço"", ""público"", ""qualidade"", ""oportunidade"", ""trabalho"", ""bem"", ""remunerar"", ""garantir"", ""pleno"", ""direito"", ""cidade"", ""10"", ""fortalecimento"", ""valorização"", ""serviço"", ""público"", ""contra"", ""privatização"", ""reversão"", ""privatização"", ""setor"", ""estratégico"", ""11"", ""reversão"", ""reforma"", ""retirar"", ""direito""]"
75,12) Reversão da autonomia do Banco Central.,12 reversão autonomiar banco central,"[""12"", ""reversão"", ""autonomiar"", ""banco"", ""central""]"
76,"13) Enfrentamento às desigualdades sociais e econômicas, com políticas e investimentos públicos sem restrições orçamentárias impostas por amarras fiscais; 14) Promoção da justiça distributiva, com enfrentamento das desigualdades com tributação progressiva, redistribuição de riquezas, garantia de serviços públicos universais. 15) Soberania tecnológica e industrial, e sobre minerais e terras raras, enfrentando os interesses do capital transnacional. 16) Política externa independente e multilateral, com prioridade para a integração latino-americana e com os países do Sul global 17) Políticas de reparação histórica e garantia de direitos para populações historicamente oprimidas; 18) Reconhecimento dos saberes tradicionais e diálogo com cosmovisões não-ocidentais. 19) Redução da jornada de trabalho sem redução de salários e garantia de renda básica universal; 20) Democratização dos meios de comunicação e cultura, enfrentando os monopólios midiáticos e combatendo o poder das Big Techs com soberania digital, transparência dos dados e responsabilização das corporações sobre conteúdos divulgados.",13 enfrentamento desigualdade social econômico político investimento público restrição orçamentário impor amarra fiscal 14 promoção justiça distributivo enfrentamento desigualdade tributação progressivo redistribuição riqueza garanter serviço público universal 15 soberania tecnológico industrial sobre mineral terra raro enfrentar interesse capital transnacional 16 política externo independente multilateral prioridade integração latino americano país sul global 17 político reparação histórico garantia direito população historicamente oprimir 18 reconhecimento saber tradicional diálogo cosmovisão ocidental 19 redução jornada trabalho redução salário garantir renda básico universal 20 democratização meio comunicação cultura enfrentar monopólio midiático combater poder big techs soberania digital transparência dar responsabilização corporação sobre conteúdo divulgar,"[""13"", ""enfrentamento"", ""desigualdade"", ""social"", ""econômico"", ""político"", ""investimento"", ""público"", ""restrição"", ""orçamentário"", ""impor"", ""amarra"", ""fiscal"", ""14"", ""promoção"", ""justiça"", ""distributivo"", ""enfrentamento"", ""desigualdade"", ""tributação"", ""progressivo"", ""redistribuição"", ""riqueza"", ""garanter"", ""serviço"", ""público"", ""universal"", ""15"", ""soberania"", ""tecnológico"", ""industrial"", ""sobre"", ""mineral"", ""terra"", ""raro"", ""enfrentar"", ""interesse"", ""capital"", ""transnacional"", ""16"", ""política"", ""externo"", ""independente"", ""multilateral"", ""prioridade"", ""integração"", ""latino"", ""americano"", ""país"", ""sul"", ""global"", ""17"", ""político"", ""reparação"", ""histórico"", ""garantia"", ""direito"", ""população"", ""historicamente"", ""oprimir"", ""18"", ""reconhecimento"", ""saber"", ""tradicional"", ""diálogo"", ""cosmovisão"", ""ocidental"", ""19"", ""redução"", ""jornada"", ""trabalho"", ""redução"", ""salário"", ""garantir"", ""renda"", ""básico"", ""universal"", ""20"", ""democratização"", ""meio"", ""comunicação"", ""cultura"", ""enfrentar"", ""monopólio"", ""midiático"", ""combater"", ""poder"", ""big"", ""techs"", ""soberania"", ""digital"", ""transparência"", ""dar"", ""responsabilização"", ""corporação"", ""sobre"", ""conteúdo"", ""divulgar""]"
77,"21) Justiça reprodutiva, com garantia dos direitos sexuais e reprodutivos, afirmando a autonomia dos corpos como condição essencial para a liberdade. Direito pleno à maternidade e direito de decidir se, quando e com quem ter filhos, bem como o acesso a métodos contraceptivos, educação sexual e campanhas públicas de conscientização, a humanização do atendimento pré-natal e do parto, para pôr fim à violência obstétrica e à mortalidade materna, legalização do aborto assegurado pelo SUS.",21 justiça reprodutivo garantia direito sexual reprodutivo afirmar autonomia corpo condição essencial liberdade direito pleno maternidade direito decidir ter filho bem acesso método contraceptivo educação sexual campanha público conscientização humanização atendimento pré natal partar pôr fim violência obstétrico mortalidade materno legalização aborto assegurar sus,"[""21"", ""justiça"", ""reprodutivo"", ""garantia"", ""direito"", ""sexual"", ""reprodutivo"", ""afirmar"", ""autonomia"", ""corpo"", ""condição"", ""essencial"", ""liberdade"", ""direito"", ""pleno"", ""maternidade"", ""direito"", ""decidir"", ""ter"", ""filho"", ""bem"", ""acesso"", ""método"", ""contraceptivo"", ""educação"", ""sexual"", ""campanha"", ""público"", ""conscientização"", ""humanização"", ""atendimento"", ""pré"", ""natal"", ""partar"", ""pôr"", ""fim"", ""violência"", ""obstétrico"", ""mortalidade"", ""materno"", ""legalização"", ""aborto"", ""assegurar"", ""sus""]"
78,Um partido para disputar o poder Nossa luta é anticapitalista.,partido disputar poder luta anticapitalista,"[""partido"", ""disputar"", ""poder"", ""luta"", ""anticapitalista""]"
79,"Enfrentamos um sistema que produz e reproduz desigualdades, para perpetuar os privilégios de uma minoria ínfima — os 0,01% mais ricos.",enfrentar sistema produzir reproduzir desigualdade perpetuar privilégio minorio ínfimo 0 01 rico,"[""enfrentar"", ""sistema"", ""produzir"", ""reproduzir"", ""desigualdade"", ""perpetuar"", ""privilégio"", ""minorio"", ""ínfimo"", ""0"", ""01"", ""rico""]"
80,"O socialismo é o nosso horizonte estratégico: o caminho para superar essa ordem injusta. Um projeto socialista para o século 21 deve se enraizar nas contradições materiais e subjetivas do nosso tempo, compreendendo os desafios da contemporaneidade e propondo alternativas concretas. O avanço da extrema direita no Brasil e no mundo, aliado à crise das democracias liberais, torna a luta contra o autoritarismo um campo central de disputa política. Isso exige, simultaneamente, a defesa da democracia liberal frente ao avanço fascista e a criação de mecanismos inovadores de participação popular, capazes de ampliar os limites da democracia representativa e garantir direitos reais para o povo. Essa tensão entre proteger as conquistas democráticas e aprofundá-las representa um dos maiores desafios para um projeto socialista contemporâneo. O socialismo do século 21 deve ser um eixo político capaz de unir as diversas lutas particulares em um projeto histórico verdadeiramente transformador. Para isso, precisa ser construído como uma proposta política que responda aos dilemas concretos do nosso tempo, conciliando uma radicalidade transformadora com um profundo enraizamento nas lutas populares. A luta pelo socialismo envolve a disputa concreta pelo poder político e econômico, com o objetivo de influenciar o conflito distributivo, definir estratégias macroeconômicas que possam frear a crise climática, regular as grandes empresas de tecnologia, defender a soberania nacional e garantir os direitos sociais. No entanto, essa disputa pelo poder e pela transformação do Estado não ocorre apenas pelas formas limitadas oferecidas pela democracia liberal representativa. O PSOL reconhece as eleições como um momento importante da luta, quando uma parte significativa da sociedade volta sua atenção para a política.",socialismo horizonte estratégico caminho superar ordem injusto projeto socialista século 21 dever enraizar contradição material subjetivo tempo compreender desafio contemporaneidade propor alternativa concreto avanço extremo direita brasil mundo aliar crise democracia liberal tornar luta contra autoritarismo campo central disputar político exigir simultaneamente defesa democracia liberal frente avanço fascista criação mecanismo inovador participação popular capaz ampliar limite democracia representativo garantir direito real povo tensão proteger conquista democrático aprofundá las representar grande desafio projeto socialista contemporâneo socialismo século 21 dever eixo político capaz unir diversos luta particular projeto histórico verdadeiramente transformador precisar construir proposta político responda dilema concreto tempo conciliar radicalidade transformador profundo enraizamento luta popular luta socialismo envolver disputa concreto poder político econômico objetivo influenciar conflito distributivo definir estratégia macroeconômico poder frear crise climático regular grande empresa tecnologia defender soberania nacional garantir direito social entanto disputar poder transformação ocorrer apenas forma limitar oferecer democracia liberal representativo psol reconhecer eleição momento importante lutar parte significativo sociedade volta atenção político,"[""socialismo"", ""horizonte"", ""estratégico"", ""caminho"", ""superar"", ""ordem"", ""injusto"", ""projeto"", ""socialista"", ""século"", ""21"", ""dever"", ""enraizar"", ""contradição"", ""material"", ""subjetivo"", ""tempo"", ""compreender"", ""desafio"", ""contemporaneidade"", ""propor"", ""alternativa"", ""concreto"", ""avanço"", ""extremo"", ""direita"", ""brasil"", ""mundo"", ""aliar"", ""crise"", ""democracia"", ""liberal"", ""tornar"", ""luta"", ""contra"", ""autoritarismo"", ""campo"", ""central"", ""disputar"", ""político"", ""exigir"", ""simultaneamente"", ""defesa"", ""democracia"", ""liberal"", ""frente"", ""avanço"", ""fascista"", ""criação"", ""mecanismo"", ""inovador"", ""participação"", ""popular"", ""capaz"", ""ampliar"", ""limite"", ""democracia"", ""representativo"", ""garantir"", ""direito"", ""real"", ""povo"", ""tensão"", ""proteger"", ""conquista"", ""democrático"", ""aprofundá"", ""las"", ""representar"", ""grande"", ""desafio"", ""projeto"", ""socialista"", ""contemporâneo"", ""socialismo"", ""século"", ""21"", ""dever"", ""eixo"", ""político"", ""capaz"", ""unir"", ""diversos"", ""luta"", ""particular"", ""projeto"", ""histórico"", ""verdadeiramente"", ""transformador"", ""precisar"", ""construir"", ""proposta"", ""político"", ""responda"", ""dilema"", ""concreto"", ""tempo"", ""conciliar"", ""radicalidade"", ""transformador"", ""profundo"", ""enraizamento"", ""luta"", ""popular"", ""luta"", ""socialismo"", ""envolver"", ""disputa"", ""concreto"", ""poder"", ""político"", ""econômico"", ""objetivo"", ""influenciar"", ""conflito"", ""distributivo"", ""definir"", ""estratégia"", ""macroeconômico"", ""poder"", ""frear"", ""crise"", ""climático"", ""regular"", ""grande"", ""empresa"", ""tecnologia"", ""defender"", ""soberania"", ""nacional"", ""garantir"", ""direito"", ""social"", ""entanto"", ""disputar"", ""poder"", ""transformação"", ""ocorrer"", ""apenas"", ""forma"", ""limitar"", ""oferecer"", ""democracia"", ""liberal"", ""representativo"", ""psol"", ""reconhecer"", ""eleição"", ""momento"", ""importante"", ""lutar"", ""parte"", ""significativo"", ""sociedade"", ""volta"", ""atenção"", ""político""]"
81,Disputamos para vencer.,disputar vencer,"[""disputar"", ""vencer""]"
82,"Eleger parlamentares e governantes do PSOL é uma oportunidade de promover ações pedagógicas que demonstram ser possível fazer diferente. Além das urnas, o PSOL busca disputar os rumos do Brasil por meio da organização dos movimentos sociais e da atuação nas redes sociais, construindo posições contra-hegemônicas que aprofundem as contradições com as classes dominantes. Governos populares e democráticos precisam de uma forte mobilização popular para transformar as estruturas do poder e a própria natureza do Estado. Isso implica em reestruturar a política de segurança pública, democratizar as forças armadas e o judiciário, reformar o sistema eleitoral para garantir maior representatividade aos setores historicamente sub-representados nos espaços de poder e, principalmente, reorientar a lógica de alocação dos recursos públicos administrados pelo Estado. Queremos usar as experiências de governos populares para acumular forças, estimular a organização das trabalhadoras e trabalhadores, democratizar o Estado e transformar a forma como se faz política no Brasil.",eleger parlamentar governante psol oportunidade promover ação pedagógico demonstrar possível fazer diferente além urna psol buscar disputar rumo brasil meio organização movimento social atuação rede social construir posição contra hegemônico aprofundir contradição classe dominante governo popular democrático precisar forte mobilização popular transformar estrutura poder próprio natureza implicar reestruturar político segurança público democratizar força armar judiciário reformar sistema eleitoral garantir grande representatividade setor historicamente sub representar espaço poder principalmente reorientar lógico alocação recurso público administrar querer usar experiência governo popular acumular força estimular organização trabalhadora trabalhador democratizar transformar forma fazer política brasil,"[""eleger"", ""parlamentar"", ""governante"", ""psol"", ""oportunidade"", ""promover"", ""ação"", ""pedagógico"", ""demonstrar"", ""possível"", ""fazer"", ""diferente"", ""além"", ""urna"", ""psol"", ""buscar"", ""disputar"", ""rumo"", ""brasil"", ""meio"", ""organização"", ""movimento"", ""social"", ""atuação"", ""rede"", ""social"", ""construir"", ""posição"", ""contra"", ""hegemônico"", ""aprofundir"", ""contradição"", ""classe"", ""dominante"", ""governo"", ""popular"", ""democrático"", ""precisar"", ""forte"", ""mobilização"", ""popular"", ""transformar"", ""estrutura"", ""poder"", ""próprio"", ""natureza"", ""implicar"", ""reestruturar"", ""político"", ""segurança"", ""público"", ""democratizar"", ""força"", ""armar"", ""judiciário"", ""reformar"", ""sistema"", ""eleitoral"", ""garantir"", ""grande"", ""representatividade"", ""setor"", ""historicamente"", ""sub"", ""representar"", ""espaço"", ""poder"", ""principalmente"", ""reorientar"", ""lógico"", ""alocação"", ""recurso"", ""público"", ""administrar"", ""querer"", ""usar"", ""experiência"", ""governo"", ""popular"", ""acumular"", ""força"", ""estimular"", ""organização"", ""trabalhadora"", ""trabalhador"", ""democratizar"", ""transformar"", ""forma"", ""fazer"", ""política"", ""brasil""]"
83,"Nesse sentido, a construção do socialismo no século 21 deve articular lutas tanto “por dentro” da ordem quanto “contra” a ordem vigente. É necessário realizar uma ação institucional combativa nos governos, ao mesmo tempo em que se fortalece a mobilização nas lutas sociais, nas cidades e no campo.",em esse sentido construção socialismo século 21 dever articular luta tanto dentro ordem quanto contra ordem vigente necessário realizar ação institucional combativo governo tempo fortalecer mobilização luta social cidade campo,"[""em esse"", ""sentido"", ""construção"", ""socialismo"", ""século"", ""21"", ""dever"", ""articular"", ""luta"", ""tanto"", ""dentro"", ""ordem"", ""quanto"", ""contra"", ""ordem"", ""vigente"", ""necessário"", ""realizar"", ""ação"", ""institucional"", ""combativo"", ""governo"", ""tempo"", ""fortalecer"", ""mobilização"", ""luta"", ""social"", ""cidade"", ""campo""]"
84,"Essas estratégias não são excludentes, mas sim complementares.",estratégia excludente sim complementar,"[""estratégia"", ""excludente"", ""sim"", ""complementar""]"
85,"A classe trabalhadora é o sujeito social central com capacidade para impulsionar as tarefas e a saída estratégica para transformar o Brasil. Para nós, a classe trabalhadora é um sujeito social diverso, formado por setores distintos, com diferentes necessidades imediatas: trabalhadores do comércio e do setor de serviços, que lutam pela redução das jornadas exaustivas; trabalhadores sem teto que reivindicam o direito à cidade e a moradia; trabalhadores de aplicativos que lutam por direitos e buscam condições dignas de trabalho e remuneração justa; servidores públicos que combatem a precarização e o sucateamento de serviços essenciais. Esta classe é atravessada não apenas pelas questões materiais dos diferentes níveis de exploração do trabalho, mas também por outros marcadores sociais que intensificam os níveis de exploração e de opressão.",classe trabalhador sujeito social central capacidade impulsionar tarefa saída estratégico transformar brasil classe trabalhador sujeito social diverso formar setor distinto diferente necessidade imediato trabalhador comércio setor serviço lutar redução jornada exaustivo trabalhador teto reivindicar direito cidade moradia trabalhador aplicativo lutar direito buscar condição digno trabalho remuneração justo servidor público combater precarização sucateamento serviço essencial classe atravessar apenas questão material diferente nível exploração trabalho outro marcador social intensificar nível exploração opressão,"[""classe"", ""trabalhador"", ""sujeito"", ""social"", ""central"", ""capacidade"", ""impulsionar"", ""tarefa"", ""saída"", ""estratégico"", ""transformar"", ""brasil"", ""classe"", ""trabalhador"", ""sujeito"", ""social"", ""diverso"", ""formar"", ""setor"", ""distinto"", ""diferente"", ""necessidade"", ""imediato"", ""trabalhador"", ""comércio"", ""setor"", ""serviço"", ""lutar"", ""redução"", ""jornada"", ""exaustivo"", ""trabalhador"", ""teto"", ""reivindicar"", ""direito"", ""cidade"", ""moradia"", ""trabalhador"", ""aplicativo"", ""lutar"", ""direito"", ""buscar"", ""condição"", ""digno"", ""trabalho"", ""remuneração"", ""justo"", ""servidor"", ""público"", ""combater"", ""precarização"", ""sucateamento"", ""serviço"", ""essencial"", ""classe"", ""atravessar"", ""apenas"", ""questão"", ""material"", ""diferente"", ""nível"", ""exploração"", ""trabalho"", ""outro"", ""marcador"", ""social"", ""intensificar"", ""nível"", ""exploração"", ""opressão""]"
86,"Ao mesmo tempo em que defendemos a igualdade salarial entre homens e mulheres, ainda há a luta pelo fim da violência de gênero, pela justiça reprodutiva e pelo reconhecimento e valorização do trabalho de cuidado.",tempo defender igualdade salarial homem mulher ainda lutar fim violência gênero justiça reprodutivo reconhecimento valorização trabalho cuidado,"[""tempo"", ""defender"", ""igualdade"", ""salarial"", ""homem"", ""mulher"", ""ainda"", ""lutar"", ""fim"", ""violência"", ""gênero"", ""justiça"", ""reprodutivo"", ""reconhecimento"", ""valorização"", ""trabalho"", ""cuidado""]"
87,"O racismo estrutural e a LGBTfobia dificultam o acesso igualitário ao trabalho, estudos, oportunidade, aos direitos básicos e até ao próprio direito à vida. A juventude reivindica acesso à universidade, ao emprego, à cultura e ao lazer. Ambientalistas, ecossocialistas e povos originários lutam por uma transição ecológica justa e pela valorização dos saberes indígenas, quilombolas e de outras comunidades tradicionais. É esta concepção de classe trabalhadora a protagonista de um programa de mudanças estruturais, atuando lado a lado com outros setores da classe oprimidos pelo capital e pelo agronegócio: trabalhadores sem-terra, povos originários, pequenos agricultores e setores médios.",racismo estrutural lgbtfobia dificultar acesso igualitário trabalho estudo oportunidade direito básico próprio direito vida juventude reivindicar acesso universidade emprego culturar lazer ambientalista ecossocialista povo originário lutar transição ecológico justo valorização saber indígena quilombola outro comunidade tradicional concepção classe trabalhador protagonista programa mudança estrutural atuar lado lado outro setor classe oprimir capital agronegócio trabalhador terra povo originário pequeno agricultor setor médio,"[""racismo"", ""estrutural"", ""lgbtfobia"", ""dificultar"", ""acesso"", ""igualitário"", ""trabalho"", ""estudo"", ""oportunidade"", ""direito"", ""básico"", ""próprio"", ""direito"", ""vida"", ""juventude"", ""reivindicar"", ""acesso"", ""universidade"", ""emprego"", ""culturar"", ""lazer"", ""ambientalista"", ""ecossocialista"", ""povo"", ""originário"", ""lutar"", ""transição"", ""ecológico"", ""justo"", ""valorização"", ""saber"", ""indígena"", ""quilombola"", ""outro"", ""comunidade"", ""tradicional"", ""concepção"", ""classe"", ""trabalhador"", ""protagonista"", ""programa"", ""mudança"", ""estrutural"", ""atuar"", ""lado"", ""lado"", ""outro"", ""setor"", ""classe"", ""oprimir"", ""capital"", ""agronegócio"", ""trabalhador"", ""terra"", ""povo"", ""originário"", ""pequeno"", ""agricultor"", ""setor"", ""médio""]"
88,"Por uma esquerda conectada com as lutas do nosso tempo Ao longo de seus primeiros vinte anos, o PSOL consolidou-se como um instrumento amplo, plural e democrático, capaz de acolher e impulsionar as diversas lutas sociais — feministas, antirracistas, anti-LGBTfóbicas, entre outras expressões da diversidade da classe trabalhadora. O partido compreende que o enfrentamento a todas as formas de opressão deve ocupar um papel central no debate estratégico das esquerdas. Contudo, é fundamental que essas lutas sejam travadas a partir da perspectiva da luta de classes, evitando o corporativismo e a fragmentação entre os oprimidos.",esquerda conectar luta tempo longo primeiro vinte ano psol consolidar instrumento amplo plural democrático capaz acolher impulsionar diversos luta social feminista antirracista anti lgbtfóbico outro expressão diversidade classe trabalhadora partido compreender enfrentamento todo forma opressão dever ocupar papel central debate estratégico esquerda contudo fundamental luta travar partir perspectiva luta classe evitar corporativismo fragmentação oprimir,"[""esquerda"", ""conectar"", ""luta"", ""tempo"", ""longo"", ""primeiro"", ""vinte"", ""ano"", ""psol"", ""consolidar"", ""instrumento"", ""amplo"", ""plural"", ""democrático"", ""capaz"", ""acolher"", ""impulsionar"", ""diversos"", ""luta"", ""social"", ""feminista"", ""antirracista"", ""anti"", ""lgbtfóbico"", ""outro"", ""expressão"", ""diversidade"", ""classe"", ""trabalhadora"", ""partido"", ""compreender"", ""enfrentamento"", ""todo"", ""forma"", ""opressão"", ""dever"", ""ocupar"", ""papel"", ""central"", ""debate"", ""estratégico"", ""esquerda"", ""contudo"", ""fundamental"", ""luta"", ""travar"", ""partir"", ""perspectiva"", ""luta"", ""classe"", ""evitar"", ""corporativismo"", ""fragmentação"", ""oprimir""]"
89,"Afinal, o capitalismo é a origem de todas as opressões.",afinal capitalismo origem todo opressão,"[""afinal"", ""capitalismo"", ""origem"", ""todo"", ""opressão""]"
90,"As identidades de classe, outrora forjadas na relação formal com a fábrica e com os sindicatos, hoje se constroem a partir de visões de mundo, dos territórios periféricos, da revolta contra as insalubridades do trabalho e da conexão em comunidades virtuais.",identidade classe outrora forjar relação formal fábrica sindicato hoje constroer partir visão mundo território periférico revoltar contra insalubridade trabalho conexão comunidade virtual,"[""identidade"", ""classe"", ""outrora"", ""forjar"", ""relação"", ""formal"", ""fábrica"", ""sindicato"", ""hoje"", ""constroer"", ""partir"", ""visão"", ""mundo"", ""território"", ""periférico"", ""revoltar"", ""contra"", ""insalubridade"", ""trabalho"", ""conexão"", ""comunidade"", ""virtual""]"
91,"Esse novo cenário exige da esquerda a renovação urgente de sua linguagem, estética e ferramentas de organização, sob o risco de ver suas formas tradicionais de atuação se tornarem irrelevantes para a maioria explorada.",novo cenário exigir esquerdo renovação urgente linguagem estético ferramenta organização sob risco ver forma tradicional atuação tornar irrelevante maioria explorar,"[""novo"", ""cenário"", ""exigir"", ""esquerdo"", ""renovação"", ""urgente"", ""linguagem"", ""estético"", ""ferramenta"", ""organização"", ""sob"", ""risco"", ""ver"", ""forma"", ""tradicional"", ""atuação"", ""tornar"", ""irrelevante"", ""maioria"", ""explorar""]"
92,"As novas lutas são travadas tanto nas ruas quanto nas redes, com formas, símbolos e estratégias que refletem esse novo espírito de época, exigindo uma presença ágil e conectada. Para viabilizar esses desafios, é fundamental um partido enraizado nas lutas sociais do nosso tempo.",novo luta travar tanto rua quanto rede forma símbolo estratégia refletir novo espírito época exigir presença ágil conectar viabilizar desafio fundamental partido enraizar luta social tempo,"[""novo"", ""luta"", ""travar"", ""tanto"", ""rua"", ""quanto"", ""rede"", ""forma"", ""símbolo"", ""estratégia"", ""refletir"", ""novo"", ""espírito"", ""época"", ""exigir"", ""presença"", ""ágil"", ""conectar"", ""viabilizar"", ""desafio"", ""fundamental"", ""partido"", ""enraizar"", ""luta"", ""social"", ""tempo""]"
93,É necessário manter o PSOL sempre próximo às expressões da resistência do nosso povo.,necessário manter psol sempre próximo expressão resistência povo,"[""necessário"", ""manter"", ""psol"", ""sempre"", ""próximo"", ""expressão"", ""resistência"", ""povo""]"
94,"Da mais antiga forma de resistência popular no Brasil – a luta dos povos indígenas – às mais contemporâneas, como as lutas contra as big techs.",antigo forma resistência popular brasil lutar povo indígena contemporâneo luta contra big techs,"[""antigo"", ""forma"", ""resistência"", ""popular"", ""brasil"", ""lutar"", ""povo"", ""indígena"", ""contemporâneo"", ""luta"", ""contra"", ""big"", ""techs""]"
95,Um partido à altura de seu tempo.,partir alturar tempo,"[""partir"", ""alturar"", ""tempo""]"
96,"É fundamental acolher, com generosidade, todas as formas de luta, resistência e enfrentamento aos poderosos, construindo as alianças necessárias para garantir conquistas ao nosso povo.",fundamental acolher generosidade todo forma luta resistência enfrentamento poderoso construir aliança necessário garantir conquista povo,"[""fundamental"", ""acolher"", ""generosidade"", ""todo"", ""forma"", ""luta"", ""resistência"", ""enfrentamento"", ""poderoso"", ""construir"", ""aliança"", ""necessário"", ""garantir"", ""conquista"", ""povo""]"
97,"O PSOL mantém-se aberto à ampliação e à organização de novas bases sociais, para além das já existentes, dedicando-se à organização territorial e ao fortalecimento do trabalho de base.",psol manter abrir ampliação organização novo base social além existente dedicar organização territorial fortalecimento trabalho base,"[""psol"", ""manter"", ""abrir"", ""ampliação"", ""organização"", ""novo"", ""base"", ""social"", ""além"", ""existente"", ""dedicar"", ""organização"", ""territorial"", ""fortalecimento"", ""trabalho"", ""base""]"
98,"O partido acolhe os movimentos sociais em suas fileiras, respeitando suas dinâmicas e apoiando seus métodos de luta — como greves e ocupações —, bem como sua defesa diante de tentativas de criminalização. Dessa forma, busca-se ampliar as bases da esquerda, construindo gradualmente uma nova maioria que combine as lutas de massas e as disputas institucionais, transformando-as em uma força política mobilizadora e em uma fortaleza eleitoral, capaz de afirmar o PSOL como voz legítima das maiorias. A convergência das lutas sociais em direção à construção de um novo bloco histórico, capaz de unificar os setores médios radicalizados, os segmentos progressistas e a classe trabalhadora em suas múltiplas expressões, constitui um desafio estratégico fundamental. Esse processo exige superar a atual fragmentação e desenvolver novos instrumentos de organização que respondam às particularidades dos diferentes segmentos explorados pelo capital.",partido acolher movimento social fileira respeitar dinâmica apoiar método lutar greve ocupação bem defesa diante tentativa criminalização de esse forma buscar ampliar base esquerdo construir gradualmente novo maioria combinar luta masso disputa institucional transformar força político mobilizadoro fortaleza eleitoral capaz afirmar psol voz legítimo maioria convergência luta social direção construção novo bloco histórico capaz unificar setor médio radicalizar segmento progressista classe trabalhador múltiplo expressão constituir desafio estratégico fundamental processo exigir superar atual fragmentação desenvolver novo instrumento organização respondam particularidade diferente segmento explorar capital,"[""partido"", ""acolher"", ""movimento"", ""social"", ""fileira"", ""respeitar"", ""dinâmica"", ""apoiar"", ""método"", ""lutar"", ""greve"", ""ocupação"", ""bem"", ""defesa"", ""diante"", ""tentativa"", ""criminalização"", ""de esse"", ""forma"", ""buscar"", ""ampliar"", ""base"", ""esquerdo"", ""construir"", ""gradualmente"", ""novo"", ""maioria"", ""combinar"", ""luta"", ""masso"", ""disputa"", ""institucional"", ""transformar"", ""força"", ""político"", ""mobilizadoro"", ""fortaleza"", ""eleitoral"", ""capaz"", ""afirmar"", ""psol"", ""voz"", ""legítimo"", ""maioria"", ""convergência"", ""luta"", ""social"", ""direção"", ""construção"", ""novo"", ""bloco"", ""histórico"", ""capaz"", ""unificar"", ""setor"", ""médio"", ""radicalizar"", ""segmento"", ""progressista"", ""classe"", ""trabalhador"", ""múltiplo"", ""expressão"", ""constituir"", ""desafio"", ""estratégico"", ""fundamental"", ""processo"", ""exigir"", ""superar"", ""atual"", ""fragmentação"", ""desenvolver"", ""novo"", ""instrumento"", ""organização"", ""respondam"", ""particularidade"", ""diferente"", ""segmento"", ""explorar"", ""capital""]"
99,"Reafirmamos o nosso comprometimento com o combate estrutural ao racismo em todas as suas formas, com centralidade da luta do povo negro, defendendo a promoção de políticas de igualdade racial, enfrentamento ao genocídio da juventude negra e valorização das culturas afro-brasileiras.",reafirmar comprometimento combate estrutural racismo todo forma centralidade lutar povo negro defender promoção político igualdade racial enfrentamento genocídio juventude negro valorização cultura afro brasileira,"[""reafirmar"", ""comprometimento"", ""combate"", ""estrutural"", ""racismo"", ""todo"", ""forma"", ""centralidade"", ""lutar"", ""povo"", ""negro"", ""defender"", ""promoção"", ""político"", ""igualdade"", ""racial"", ""enfrentamento"", ""genocídio"", ""juventude"", ""negro"", ""valorização"", ""cultura"", ""afro"", ""brasileira""]"
100,"A defesa de direitos das pessoas LGBTQIA+, o reconhecimento da diversidade de identidades e expressões de gênero, promoção da cidadania plena e do respeito à livre orientação sexual. O combate à violência de gênero, a defesa da igualdade salarial no trabalho, o reconhecimento do trabalho reprodutivo e garantia de autonomia sobre o próprio corpo. O enfrentamento ao capacitismo, a defesa da acessibilidade universal com políticas públicas de inclusão social, educacional, cultural e no trabalho, com protagonismo das próprias pessoas com deficiência. O acesso universal à saúde pública e de qualidade, a defesa da educação pública, do acesso aos serviços públicos de qualidade, o direito à cidade e a terra. Aplicar um programa para enfrentar cinco séculos de opressão, violência, saque e dependência externa não será obra de um partido, mas de um amplo movimento construído de baixo para cima.",defesa direito pessoa lgbtqia reconhecimento diversidade identidade expressão gênero promoção cidadanio pleno respeito livre orientação sexual combate violência gênero defesa igualdade salarial trabalho reconhecimento trabalho reprodutivo garantir autonomia sobre próprio corpo enfrentamento capacitismo defesa acessibilidade universal político público inclusão social educacional cultural trabalho protagonismo próprio pessoa deficiência acesso universal saúde público qualidade defesa educação pública acesso serviço público qualidade direito cidade terra aplicar programa enfrentar cinco século opressão violência saque dependência externo obra partido amplo movimento construir baixo cima,"[""defesa"", ""direito"", ""pessoa"", ""lgbtqia"", ""reconhecimento"", ""diversidade"", ""identidade"", ""expressão"", ""gênero"", ""promoção"", ""cidadanio"", ""pleno"", ""respeito"", ""livre"", ""orientação"", ""sexual"", ""combate"", ""violência"", ""gênero"", ""defesa"", ""igualdade"", ""salarial"", ""trabalho"", ""reconhecimento"", ""trabalho"", ""reprodutivo"", ""garantir"", ""autonomia"", ""sobre"", ""próprio"", ""corpo"", ""enfrentamento"", ""capacitismo"", ""defesa"", ""acessibilidade"", ""universal"", ""político"", ""público"", ""inclusão"", ""social"", ""educacional"", ""cultural"", ""trabalho"", ""protagonismo"", ""próprio"", ""pessoa"", ""deficiência"", ""acesso"", ""universal"", ""saúde"", ""público"", ""qualidade"", ""defesa"", ""educação"", ""pública"", ""acesso"", ""serviço"", ""público"", ""qualidade"", ""direito"", ""cidade"", ""terra"", ""aplicar"", ""programa"", ""enfrentar"", ""cinco"", ""século"", ""opressão"", ""violência"", ""saque"", ""dependência"", ""externo"", ""obra"", ""partido"", ""amplo"", ""movimento"", ""construir"", ""baixo"", ""cima""]"
101,É preciso considerar que estamos atualizando o programa do PSOL no momento de profunda crise do capitalismo neoliberal.,preciso considerar atualizar programa psol momento profundo crise capitalismo neoliberal,"[""preciso"", ""considerar"", ""atualizar"", ""programa"", ""psol"", ""momento"", ""profundo"", ""crise"", ""capitalismo"", ""neoliberal""]"
102,"Momento esse que apresenta imensos desafios paradigmáticos e reestruturantes, com profundas mudanças nas estruturas sociais do Brasil. Essas mudanças ainda estão em curso no cenário internacional, com uma nova “Guerra Fria” entre EUA e China, que impõe novos desafios para a esquerda brasileira. No cenário nacional, a consolidação da extrema- direita com lideranças de massas, a reorganização no mundo do trabalho e a reconfiguração das classes sociais, combinada com a crise de representatividade e de instrumentos de organização tradicionais, tornam o cenário ainda mais complexo. Isso nos exige uma capacidade de reinvenção e reconexão com o sentimento da maioria social. Nosso papel, enquanto partido profundamente comprometido com as lutas sociais, com a democracia e com a participação cidadã, é atuar como um vetor que fortalece e conduz as lutas em uma perspectiva real de disputa do poder. Nosso objetivo é transformar a sociedade — e isso só será possível participando da disputa pelo Estado, ocupando todos os espaços possíveis, fortalecendo os instrumentos de organização popular e sustentando-se na mobilização e na participação do povo, com absoluto compromisso com a transformação.",momento apresentar imenso desafio paradigmático reestruturante profundo mudança estrutura social brasil mudança ainda curso cenário internacional novo guerra frio eua china impor novo desafio esquerdo brasileiro cenário nacional consolidação extremo direita liderança masso reorganização mundo trabalho reconfiguração classe social combinar crise representatividade instrumento organização tradicional tornar cenário ainda complexo exigir capacidade reinvenção reconexão sentimento maioria social papel enquanto partido profundamente comprometer luta social democracia participação cidadã atuar vetor fortalecer conduzir luta perspectiva real disputar poder objetivo transformar sociedade possível participar disputa ocupar todo espaço possível fortalecer instrumento organização popular sustentar mobilização participação povo absoluto compromisso transformação,"[""momento"", ""apresentar"", ""imenso"", ""desafio"", ""paradigmático"", ""reestruturante"", ""profundo"", ""mudança"", ""estrutura"", ""social"", ""brasil"", ""mudança"", ""ainda"", ""curso"", ""cenário"", ""internacional"", ""novo"", ""guerra"", ""frio"", ""eua"", ""china"", ""impor"", ""novo"", ""desafio"", ""esquerdo"", ""brasileiro"", ""cenário"", ""nacional"", ""consolidação"", ""extremo"", ""direita"", ""liderança"", ""masso"", ""reorganização"", ""mundo"", ""trabalho"", ""reconfiguração"", ""classe"", ""social"", ""combinar"", ""crise"", ""representatividade"", ""instrumento"", ""organização"", ""tradicional"", ""tornar"", ""cenário"", ""ainda"", ""complexo"", ""exigir"", ""capacidade"", ""reinvenção"", ""reconexão"", ""sentimento"", ""maioria"", ""social"", ""papel"", ""enquanto"", ""partido"", ""profundamente"", ""comprometer"", ""luta"", ""social"", ""democracia"", ""participação"", ""cidadã"", ""atuar"", ""vetor"", ""fortalecer"", ""conduzir"", ""luta"", ""perspectiva"", ""real"", ""disputar"", ""poder"", ""objetivo"", ""transformar"", ""sociedade"", ""possível"", ""participar"", ""disputa"", ""ocupar"", ""todo"", ""espaço"", ""possível"", ""fortalecer"", ""instrumento"", ""organização"", ""popular"", ""sustentar"", ""mobilização"", ""participação"", ""povo"", ""absoluto"", ""compromisso"", ""transformação""]"
103,Venceremos se não perdemos a disposição de seguir lutando!,vencere perder disposição seguir lutar,"[""vencere"", ""perder"", ""disposição"", ""seguir"", ""lutar""]"
