parlamentar,partido,uf_partido,sessao,fase,data,hora,publicacao,link_discurso,sumario,raw_disc,preprocess_disc,tokens
Vivi Reis,PSOL,PA,141.2022,ORDEM DO DIA,19/10/2022,13h12,DCD20/10/2022 PAG. 99,https://www.camara.leg.br/internet/sitaqweb/TextoHTML.asp?etapa=5&nuSessao=141.2022&nuQuarto=2659762&nuOrador=1&nuInsercao=1&dtHorarioQuarto=13%3A12&sgFaseSessao=OD&Data=19%2F10%2F2022&txApelido=Vivi+Reis&txFaseSessao=Ordem+do+Dia&txTipoSessao=Ordin%C3%A1ria+-+CD&dtHoraQuarto=13%3A12,Protesto contra violência política de gênero cometida por Deputado da Casa. Anúncio de encaminhamento de denúncia à Procuradoria da Mulher da Câmara dos Deputados sobre o caso.,"A SRA. VIVI REIS (PSOL - PA. Como Líder. Sem revisão da oradora.) - Muito obrigada. Quero aqui trazer a denúncia do que aconteceu neste plenário. O que aconteceu aqui foi um caso de violência política de gênero. Quando o Deputado chama Deputadas de loucas, ele está aplicando uma forma de violência muito grave, que não deveria ser aceitável neste plenário. É interessante que o tal Deputado se intitule professor. Como pode alguém que se diz professor fazer uma fala violenta, agressiva, de ataque a Deputadas Federais, chamando-as de loucas e, ainda por cima, utilizando o termo de uma forma equivocada — pois hoje há um debate muito avançado a respeito do que é a loucura —, inclusive chamando de loucas justamente Deputada Erika Kokay e eu, Deputada Vivi Reis, Deputadas que defendem a luta antimanicomial, que estamos na linha de frente da defesa da saúde mental. Nós não vamos aceitar o uso desse termo, tentando que seja pejorativo! Sabemos bem a sua intenção e a forma como as mulheres são tratadas. Quando se chama uma mulher que está aqui, ocupando um lugar na política, de louca, está-se aplicando a violência de querer deslegitimá-la, de querer insinuar que nós mulheres não sabemos, não temos consciência para debater os temas que estamos aqui debatendo — e o fazemos com excelência, inclusive. Como já falei aqui durante a orientação do PSOL, exigimos uma retratação desse Deputado. Eu, inclusive, havia escutado outro termo. Não escutei ""louca"", escutei outro termo, e assim me pronunciei na orientação do meu partido, fazendo a denúncia e dizendo que nós não vamos aceitar nenhum tipo de violência contra a mulher, de violência política de gênero. Isso tem nome: violência política de gênero. Gravem esse termo, porque é isso que nós combatemos diariamente quando nos dispomos a entrar no plenário da Câmara de Deputados, quando nos dispomos a colocar o nosso nome à disposição de projetos coletivos e da defesa da vida e do direito das mulheres. Nós não vamos aceitar que nenhum Deputado chegue aqui, aponte o dedo na nossa cara e nos chame de qualquer termo que ele entende como pejorativo, porque nós estamos aqui ocupando lugar nosso de direito. E vamos seguir aqui sendo Deputadas atuantes, Deputadas que debatem sobre todos os temas. E nós vamos seguir também mostrando que é inaceitável qualquer tipo de violência política de gênero. Por isso, vamos também dar entrada em uma denúncia na Procuradoria da Mulher da Câmara, porque nós precisamos de uma manifestação pública de solidariedade e de denúncia, e uma manifestação de retratação por parte do Deputado... A SRA. PRESIDENTE (Geovania de Sá. PSDB - SC) - O microfone da Deputada Vivi Reis está com o volume baixo. Peço só 1 minuto, Deputada. Recomporei o tempo de V.Exa. (Pausa.) A SRA. VIVI REIS (PSOL - PA) - Vamos fazer essa denúncia e exigir também essa retratação. É esse tipo de atitude que faz com que as mulheres saiam dos espaços da política, com que a nossa saúde mental seja atingida e que o nosso lugar na política seja a todo tempo ameaçado. Sigamos juntas na defesa dos direitos das mulheres! Por mais mulheres na política! Por respeito e dignidade neste lugar que nós continuaremos ocupando!",denúncia exigir retratação tipo atitude mulher saiam espaço político saúde mental atingir lugar político todo tempo ameaçar sigamos junto defesa direito mulher mulher político respeito dignidade lugar continuarer ocupar,"['denúncia', 'exigir', 'retratação', 'tipo', 'atitude', 'mulher', 'saiam', 'espaço', 'político', 'saúde', 'mental', 'atingir', 'lugar', 'político', 'todo', 'tempo', 'ameaçar', 'sigamos', 'junto', 'defesa', 'direito', 'mulher', 'mulher', 'político', 'respeito', 'dignidade', 'lugar', 'continuarer', 'ocupar']"
Vivi Reis,PSOL,PA,141.2022,ORDEM DO DIA,19/10/2022,12h52,DCD20/10/2022 PAG. 93,https://www.camara.leg.br/internet/sitaqweb/TextoHTML.asp?etapa=5&nuSessao=141.2022&nuQuarto=2659745&nuOrador=1&nuInsercao=1&dtHorarioQuarto=12%3A52&sgFaseSessao=OD&Data=19%2F10%2F2022&txApelido=Vivi+Reis&txFaseSessao=Ordem+do+Dia&txTipoSessao=Ordin%C3%A1ria+-+CD&dtHoraQuarto=12%3A52,"Orientação de bancada na votação do requerimento de destaque para votação em separado, com vistas à rejeição, do Art. 4º da Lei 13.240, de 2015, alterada pelo artigo 5º do projeto de lei de conversão apresentado à Medida Provisória nº 1.127, de 2022, sobre alteração da Lei nº 9.636, de 1998, para modificação da forma de reajuste das receitas patrimoniais da União decorrentes da atualização da planta de valores e desburocratização de procedimentos de alienação e registro de imóveis da União; das as Leis nºs 11.483, de 2007, e 13.240, de 2015, e dos Decretos-Lei nºs 2.398, de 1987, para disposição sobre as hipóteses de aplicação do prazo de transferência de imóveis, e 9.760, de 1946, para disposição sobre regras de demarcação de terrenos de marinha.","A SRA. VIVI REIS (PSOL - PA. Pela ordem. Sem revisão da oradora.) - O PSOL orienta ""não"", inclusive, porque este destaque vai contra a própria lei que já existe em relação às licitações.",psol orientar inclusive destaque contra próprio lei existir relação licitação,"['psol', 'orientar', 'inclusive', 'destaque', 'contra', 'próprio', 'lei', 'existir', 'relação', 'licitação']"
Vivi Reis,PSOL,PA,141.2022,ORDEM DO DIA,19/10/2022,12h44,DCD20/10/2022 PAG. 90,https://www.camara.leg.br/internet/sitaqweb/TextoHTML.asp?etapa=5&nuSessao=141.2022&nuQuarto=2659693&nuOrador=1&nuInsercao=1&dtHorarioQuarto=12%3A44&sgFaseSessao=OD&Data=19%2F10%2F2022&txApelido=Vivi+Reis&txFaseSessao=Ordem+do+Dia&txTipoSessao=Ordin%C3%A1ria+-+CD&dtHoraQuarto=12%3A44,"Orientação de bancada na votação do requerimento de destaque para votação em separado, com vistas à rejeição, do art. 31-A da Lei 9.636, de 1998, alterada pelo artigo 2º do projeto de lei de conversão apresentado à Medida Provisória nº 1.127, de 2022, sobre alteração da Lei nº 9.636, de 1998, para modificação da forma de reajuste das receitas patrimoniais da União decorrentes da atualização da planta de valores e desburocratização de procedimentos de alienação e registro de imóveis da União; das as Leis nºs 11.483, de 2007, e 13.240, de 2015, e dos Decretos-Lei nºs 2.398, de 1987, para disposição sobre as hipóteses de aplicação do prazo de transferência de imóveis, e 9.760, de 1946, para disposição sobre regras de demarcação de terrenos de marinha.","A SRA. VIVI REIS (PSOL - PA. Pela ordem. Sem revisão da oradora.) - A Oposição orienta ""não"". Nós entendemos que este projeto é mais uma tentativa de privatização, uma tentativa de fazer com que os bens das estatais sejam privatizados. Essa já é uma prática de sucateamento muito comum no que diz respeito aos bens das empresas estatais, autarquias e fundações. E, depois disso, vem uma tentativa de venda, dizendo que não está sendo utilizado o que deveria ser utilizado na prática. Então, esse é um ciclo de sucateamento, de privatização, que é uma prática muito comum hoje, e nós não podemos permitir que aconteça. Então, orientamos ""não"".",oposição orientar entender projeto tentativar privatização tentativo bem estatal privatizar prática sucateamento comum respeito bem empresa estatal autarquio fundação vir tentativa venda utilizar dever utilizar prática então ciclo sucateamento privatização prático comum hoje permitir acontecer então orientar,"['oposição', 'orientar', 'entender', 'projeto', 'tentativar', 'privatização', 'tentativo', 'bem', 'estatal', 'privatizar', 'prática', 'sucateamento', 'comum', 'respeito', 'bem', 'empresa', 'estatal', 'autarquio', 'fundação', 'vir', 'tentativa', 'venda', 'utilizar', 'dever', 'utilizar', 'prática', 'então', 'ciclo', 'sucateamento', 'privatização', 'prático', 'comum', 'hoje', 'permitir', 'acontecer', 'então', 'orientar']"
Vivi Reis,PSOL,PA,141.2022,ORDEM DO DIA,19/10/2022,12h24,DCD20/10/2022 PAG. 83,https://www.camara.leg.br/internet/sitaqweb/TextoHTML.asp?etapa=5&nuSessao=141.2022&nuQuarto=2659924&nuOrador=1&nuInsercao=1&dtHorarioQuarto=12%3A24&sgFaseSessao=OD&Data=19%2F10%2F2022&txApelido=Vivi+Reis&txFaseSessao=Ordem+do+Dia&txTipoSessao=Ordin%C3%A1ria+-+CD&dtHoraQuarto=12%3A24,"Orientação de bancada na votação do requerimento de destaque para votação preferencial do texto original da Medida Provisória nº 1.127, de 2022, sobre alteração da Lei nº 9.636, de 1998, para modificação da forma de reajuste das receitas patrimoniais da União decorrentes da atualização da planta de valores e desburocratização de procedimentos de alienação e registro de imóveis da União; das Leis nºs 11.483, de 2007, e 13.240, de 2015, e dos Decretos-Lei nºs 2.398, de 1987, para disposição sobre as hipóteses de aplicação do prazo de transferência de imóveis, e 9.760, de 1946, para disposição sobre regras de demarcação de terrenos de marinha, em relação ao projeto de lei de conversão apresentado à matéria.","A SRA. VIVI REIS (PSOL - PA. Pela ordem. Sem revisão da oradora.) - O PSOL orienta ""sim"". Nós do PSOL entendemos que o texto inicial da MP é específico, ele é melhor do que o texto que querem apresentar hoje. O novo texto traz uma flexibilização de regras de alienação do patrimônio da União, além de tornar confusas algumas regras sobre imóveis da Previdência para programas sociais. Por isso, nós do PSOL orientamos ""sim"", entendendo que o texto inicial da MP se torna ideal para ser colocado em votação neste plenário.",psol orientar sim psol entender texto inicial mp específico bom texto apresentar hoje novo texto trazer flexibilização regra alienação patrimônio uniãor além tornar confuso algum regra sobre imóvel previdência programa social psol orientar sim entender texto inicial mp tornar ideal colocar votação plenário,"['psol', 'orientar', 'sim', 'psol', 'entender', 'texto', 'inicial', 'mp', 'específico', 'bom', 'texto', 'apresentar', 'hoje', 'novo', 'texto', 'trazer', 'flexibilização', 'regra', 'alienação', 'patrimônio', 'uniãor', 'além', 'tornar', 'confuso', 'algum', 'regra', 'sobre', 'imóvel', 'previdência', 'programa', 'social', 'psol', 'orientar', 'sim', 'entender', 'texto', 'inicial', 'mp', 'tornar', 'ideal', 'colocar', 'votação', 'plenário']"
Vivi Reis,PSOL,PA,141.2022,ORDEM DO DIA,19/10/2022,11h56,DCD20/10/2022 PAG. 73,https://www.camara.leg.br/internet/sitaqweb/TextoHTML.asp?etapa=5&nuSessao=141.2022&nuQuarto=2659664&nuOrador=1&nuInsercao=1&dtHorarioQuarto=11%3A56&sgFaseSessao=OD&Data=19%2F10%2F2022&txApelido=Vivi+Reis&txFaseSessao=Ordem+do+Dia&txTipoSessao=Ordin%C3%A1ria+-+CD&dtHoraQuarto=11%3A56,"Orientação de bancada na votação do requerimento de inversão da pauta da presente Ordem do Dia para apreciação como item 1 o Projeto de Lei nº 1.776, de 2015, sobre a inclusão no rol de Crimes Hediondos os crimes de pedofilia, com a remuneração dos demais. Exigência de retratação por Parlamentar em face de ofensa dirigida às Deputadas de esquerda.","A SRA. VIVI REIS (PSOL - PA. Pela ordem. Sem revisão da oradora.) - O PSOL orienta a favor dessa inversão de pauta. Este é o momento de falar sobre o crime de pedofilia, o momento em que o Presidente da República faz declarações que expressam uma fala que nos mostra um caráter pedófilo forte, que mostra que esse Presidente agiu de forma criminosa. Nós não podemos aceitar que a pedofilia seja naturalizada na nossa sociedade. Dizer que ""pintou um clima"" entre crianças é, sim, um crime. Por isso, este é o momento propício para debater esse tema. Por isso, nós somos favoráveis a essa inversão de pauta. Nós do PSOL inclusive entramos com uma notícia-crime no STF contra o Presidente da República, denunciando essa fala pedófila. Não vamos aceitar nenhum caso de pedofilia. Para encerrar, o Deputado que chamou as Deputadas de esquerda de ""escrotas"" tem que se retratar, porque escrota é a política de Jair Bolsonaro e de todos os Deputados que o apoiam.",psol orientar favor inversão pauta momento sobre crime pedofilia momento presidente_da_república declaração expressar mostrar caráter pedófilo forte mostrar agir forma criminoso aceitar pedofilia naturalizar sociedade pintar clima criança sim crime momento propício debater tema favorável inversão pauta psol inclusive entrar notíciacrime stf contra presidente_da_república denunciar pedófila aceitar nenhum caso pedofilia encerrar chamar esquerdo escrota retratar escrota político jair_bolsonaro todo apoiar,"['psol', 'orientar', 'favor', 'inversão', 'pauta', 'momento', 'sobre', 'crime', 'pedofilia', 'momento', 'presidente_da_república', 'declaração', 'expressar', 'mostrar', 'caráter', 'pedófilo', 'forte', 'mostrar', 'agir', 'forma', 'criminoso', 'aceitar', 'pedofilia', 'naturalizar', 'sociedade', 'pintar', 'clima', 'criança', 'sim', 'crime', 'momento', 'propício', 'debater', 'tema', 'favorável', 'inversão', 'pauta', 'psol', 'inclusive', 'entrar', 'notíciacrime', 'stf', 'contra', 'presidente_da_república', 'denunciar', 'pedófila', 'aceitar', 'nenhum', 'caso', 'pedofilia', 'encerrar', 'chamar', 'esquerdo', 'escrota', 'retratar', 'escrota', 'político', 'jair_bolsonaro', 'todo', 'apoiar']"
Vivi Reis,PSOL,PA,140.2022,ORDEM DO DIA,18/10/2022,18h08,DCD19/10/2022 PAG. 94,https://www.camara.leg.br/internet/sitaqweb/TextoHTML.asp?etapa=5&nuSessao=140.2022&nuQuarto=2658378&nuOrador=1&nuInsercao=1&dtHorarioQuarto=18%3A08&sgFaseSessao=OD&Data=18%2F10%2F2022&txApelido=Vivi+Reis&txFaseSessao=Ordem+do+Dia&txTipoSessao=Ordin%C3%A1ria+-+CD&dtHoraQuarto=18%3A08,"Orientação de bancada na votação do requerimento de apreciação em regime de urgência do Projeto de Lei nº 96, de 2011, sobre a alteração de dispositivos da Lei nº 9.504, de 1997, com vista à majoração de multa, ampliação do conceito de pesquisa fraudulenta e estabelecimento de novas sanções.","A SRA. VIVI REIS (PSOL - PA. Pela ordem. Sem revisão da oradora.) - Sr. Presidente, o PSOL orienta ""não"". Quero primeiro destacar que esse projeto é uma forma de criminalização das pesquisas. Nós precisamos ter o entendimento de que as pesquisas não são ciências exatas. As pesquisas são formas de trazer informações, e, a partir dessas informações, pode-se mudar o cenário das intenções de voto.  Então, não há por que buscar métodos de criminalizá-las, que é o que está propondo esse projeto. É importante também termos o entendimento de que o novo Código Eleitoral já versa sobre alguns itens a respeito das pesquisas. Neste momento, não seria preciso tramitar com urgência uma nova proposição, que vai trazer mais uma forma de punição, e não de aperfeiçoamento para as pesquisas.",sr_presidente psol orientar primeiro destacar projeto forma criminalização pesquisa entendimento pesquisa ciêncio exato pesquisa forma trazer informação partir informação podese mudar cenário intenção votar então buscar método criminalizála propor projeto importante termos entendimento novo código_eleitoral verso sobre algum item respeito pesquisa momento preciso tramitar urgência novo proposição trazer forma punição aperfeiçoamento pesquisa,"['sr_presidente', 'psol', 'orientar', 'primeiro', 'destacar', 'projeto', 'forma', 'criminalização', 'pesquisa', 'entendimento', 'pesquisa', 'ciêncio', 'exato', 'pesquisa', 'forma', 'trazer', 'informação', 'partir', 'informação', 'podese', 'mudar', 'cenário', 'intenção', 'votar', 'então', 'buscar', 'método', 'criminalizála', 'propor', 'projeto', 'importante', 'termos', 'entendimento', 'novo', 'código_eleitoral', 'verso', 'sobre', 'algum', 'item', 'respeito', 'pesquisa', 'momento', 'preciso', 'tramitar', 'urgência', 'novo', 'proposição', 'trazer', 'forma', 'punição', 'aperfeiçoamento', 'pesquisa']"
Glauber Braga,PSOL,RJ,135.2022,ORDEM DO DIA,05/10/2022,17h12,DCD06/10/2022 PAG. 80,https://www.camara.leg.br/internet/sitaqweb/TextoHTML.asp?etapa=5&nuSessao=135.2022&nuQuarto=2645363&nuOrador=1&nuInsercao=1&dtHorarioQuarto=17%3A12&sgFaseSessao=OD&Data=05%2F10%2F2022&txApelido=Glauber+Braga&txFaseSessao=Ordem+do+Dia&txTipoSessao=Ordin%C3%A1ria+-+CD&dtHoraQuarto=17%3A12,"Envolvimento do Ministro da Economia, Paulo Guedes, em esquema de desmantelamento dos fundos de pensão de estatais brasileiras. Conclamação aos trabalhadores dos Correios para apoiamento à candidatura do presidenciável Luiz Inácio Lula da Silva.","O SR. GLAUBER BRAGA (PSOL - RJ. Pela ordem. Sem revisão do orador.) - E há mais: foi à tribuna falar dos trabalhadores dos Correios e do POSTALIS. De fato, o que foi feito no POSTALIS foi um absurdo. No entanto, ele se esqueceu de dizer que quem articulou junto com o setor privado o desmantelamento e o roubo dos fundos de pensão de estatais brasileiras — é só pesquisar no Google — foi o Paulo Guedes, Ministro da Economia de Bolsonaro. É muito cara de pau! Não tem vergonha! Não fica nem vermelho. Não fica nem rosado quando fala esse tipo de coisa. Os trabalhadores dos Correios do Brasil sabem que, se for para evitar a privatização dos Correios e colocar na lata do lixo o que está na Comissão de Assuntos Econômicos do Senado, têm que eleger o Lula Presidente e derrotar o Bolsonaro.",tribuna trabalhador correio postali fato postali absurdo entanto esquecer articular junto setor privado desmantelamento roubo fundo pensão estatal brasileiro pesquisar google paulo_guedes ministro_da_economia_de_bolsonaro cara pau vergonha ficar vermelho ficar rosar tipo coisa trabalhador correios_do_brasil saber evitar privatização correio colocar lata lixo comissão_de_assuntos_econômico senar eleger lula_presidente derrotar bolsonaro,"['tribuna', 'trabalhador', 'correio', 'postali', 'fato', 'postali', 'absurdo', 'entanto', 'esquecer', 'articular', 'junto', 'setor', 'privado', 'desmantelamento', 'roubo', 'fundo', 'pensão', 'estatal', 'brasileiro', 'pesquisar', 'google', 'paulo_guedes', 'ministro_da_economia_de_bolsonaro', 'cara', 'pau', 'vergonha', 'ficar', 'vermelho', 'ficar', 'rosar', 'tipo', 'coisa', 'trabalhador', 'correios_do_brasil', 'saber', 'evitar', 'privatização', 'correio', 'colocar', 'lata', 'lixo', 'comissão_de_assuntos_econômico', 'senar', 'eleger', 'lula_presidente', 'derrotar', 'bolsonaro']"
Sâmia Bomfim,PSOL,SP,135.2022,ORDEM DO DIA,05/10/2022,17h08,DCD06/10/2022 PAG. 79,https://www.camara.leg.br/internet/sitaqweb/TextoHTML.asp?etapa=5&nuSessao=135.2022&nuQuarto=2645360&nuOrador=1&nuInsercao=1&dtHorarioQuarto=17%3A08&sgFaseSessao=OD&Data=05%2F10%2F2022&txApelido=S%C3%A2mia+Bomfim&txFaseSessao=Ordem+do+Dia&txTipoSessao=Ordin%C3%A1ria+-+CD&dtHoraQuarto=17%3A08,"Vinculação entre o discurso do Deputado Eduardo Bolsonaro sobre os erros dos institutos de pesquisa e a necessidade de justificativa do fracasso do seu grupo político nas urnas. Expectativa quanto à derrota do Presidente Jair Bolsonaro no segundo turno. Natureza hipócrita dos discursos sobre a prática de corrupção nos Governos petistas. Alerta aos servidores públicos e especialmente aos profissionais da segurança pública para as consequências de eventual aprovação da Proposta de Emenda à Constituição nº 32, de 2020, sobre a reforma administrativa.","A SRA. SÂMIA BOMFIM (PSOL - SP. Pela ordem. Sem revisão da oradora.) - Presidente, quero também dizer ao Deputado Eduardo Bolsonaro que as pesquisas são a urna eletrônica da vez. Eles sempre tentam encontrar fantasmas para justificar a própria falência, a falência de projeto, a falência de aprovação, a falência diante do resultado das urnas. A verdade é que o Lula teve mais de 6 milhões de votos a mais que o Bolsonaro. Isso é praticamente o número de votos do Ciro e da Simone, o que muito dificilmente se reverterá para o Bolsonaro. O fato é que nós, que estamos aqui há 4 anos nos mobilizando e fazendo de tudo para derrotar o Bolsonaro, vamos trabalhar, vamos trabalhar muito para tirar esse genocida do poder e para desmascarar cada vez mais esse projeto de destruição, de corrupção, de desumanidade e de incompetência, que vem governando o País nos últimos 4 anos. O fato é que eles, vocês, Eduardo Bolsonaro e bolsonaristas, estão preocupados porque vão perder a mamata. Elegeram-se dizendo que fariam tudo diferente, mas fizeram tudo muito pior do que já foi feito na história do País, e agora enchem a boca para dizer que a população não deve votar num bandido. De que bandido vocês estão falando? Do bandido que organiza o orçamento secreto, de 16 bilhões de reais para comprar a base parlamentar e silenciá-la diante do impeachment ? Dos bandidos que hoje ocupam o MEC e desviam recurso de merenda e de ônibus escolar? Ou estão falando dos bandidos que estão nos gabinetes de V.Exas., com as máfias e milícias do Rio de Janeiro, como a do Sr. Adriano da Nóbrega? Ou dos bandidos que trocaram vacina por propina, no momento mais difícil da pandemia? Ou dos bandidos que negam que existem 33 milhões de pessoas que estão passando fome? Ou dos bandidos que querem saquear os servidores públicos? Agora, muita atenção! O Lira e o Bolsonaro estão dizendo que vão colocar em votação a PEC 32. Será que vão mesmo? Pergunto isso porque, primeiro, eles têm uma base muito grande de policiais, de trabalhadores da segurança pública, que é com quem eu quero trabalhar. Você que é policial, guarda municipal, policial federal ou policial rodoviário, que votou, que gosta do Bolsonaro, veja só o que eles querem fazer: acabar com o serviço público! Querem substituir o trabalho de vocês por indicados deles, por esses milicianos e bandidos que ocupam os gabinetes deles. Querem substituir a função indispensável que vocês têm por gente deles. Também dizem que querem aprovar a PEC 32 para poder saquear cada vez mais o Estado. E é por isso que os servidores públicos também estão se mobilizando, para que essa PEC não seja aprovada e principalmente para derrotar o Bolsonaro. Eles sabem que o Bolsonaro tem uma agenda pró-mercado, e não uma agenda pró-povo, que é o que precisa ser garantido daqui até o fim de outubro. Nós vamos nos mobilizar muito para derrotar o Bolsonaro. E eu quero ver quem ele vai dizer que é bandido, o bandido que vai para a cadeia. Ele ainda não foi, mas vai ser preso!",querar deputado_eduardo_bolsonaro pesquisa urna eletrônico vez sempre tentar encontrar fantasma justificar próprio falência falência projeto falência aprovação falência diante resultado urno verdade lula 6 milhão voto bolsonaro praticamente número voto ciro simone dificilmente reverter bolsonaro fato 4 ano mobilizar tudo derrotar bolsonaro trabalhar trabalhar tirar genocida desmascarar cada vez projeto destruiçãor corrupção desumanidade incompetência vir governar país último 4 ano fato eduardo_bolsonaro bolsonarista preocupar perder mamata elegeramse fariam tudo diferente tudo pior história país agora encher boca população dever votar bandido bandido bandido organizar orçamento secreto 16 bilhão real comprar base parlamentar silenciála diante impeachment bandir hoje ocupar mec desviar recurso merenda ônibus escolar bandido gabinete vexas máfia milícia rio_de_janeiro sr_adriano_da_nóbrega bandido trocar vacino propina momento difícil pandemia bandido negar existir 33 milhão pessoa passar fome bandido saquear servidor público agora atenção liro bolsonaro colocar votação pec_32 perguntar primeiro base grande policial trabalhador segurança público trabalhar policial guarda municipal policial federal policial rodoviário votar gostar bolsonaro ver acabar serviço público substituir trabalho indicar miliciano bandido ocupar gabinete substituir função indispensável gente aprovar pec 32 saquear cada vez estado servidor público mobilizar pec aprovar principalmente derrotar bolsonaro saber bolsonaro agenda prómercar agenda própovo garantir fim outubro mobilizar derrotar bolsonaro ver bandido bander cadeia ainda prender,"['querar', 'deputado_eduardo_bolsonaro', 'pesquisa', 'urna', 'eletrônico', 'vez', 'sempre', 'tentar', 'encontrar', 'fantasma', 'justificar', 'próprio', 'falência', 'falência', 'projeto', 'falência', 'aprovação', 'falência', 'diante', 'resultado', 'urno', 'verdade', 'lula', '6', 'milhão', 'voto', 'bolsonaro', 'praticamente', 'número', 'voto', 'ciro', 'simone', 'dificilmente', 'reverter', 'bolsonaro', 'fato', '4', 'ano', 'mobilizar', 'tudo', 'derrotar', 'bolsonaro', 'trabalhar', 'trabalhar', 'tirar', 'genocida', 'desmascarar', 'cada', 'vez', 'projeto', 'destruiçãor', 'corrupção', 'desumanidade', 'incompetência', 'vir', 'governar', 'país', 'último', '4', 'ano', 'fato', 'eduardo_bolsonaro', 'bolsonarista', 'preocupar', 'perder', 'mamata', 'elegeramse', 'fariam', 'tudo', 'diferente', 'tudo', 'pior', 'história', 'país', 'agora', 'encher', 'boca', 'população', 'dever', 'votar', 'bandido', 'bandido', 'bandido', 'organizar', 'orçamento', 'secreto', '16', 'bilhão', 'real', 'comprar', 'base', 'parlamentar', 'silenciála', 'diante', 'impeachment', 'bandir', 'hoje', 'ocupar', 'mec', 'desviar', 'recurso', 'merenda', 'ônibus', 'escolar', 'bandido', 'gabinete', 'vexas', 'máfia', 'milícia', 'rio_de_janeiro', 'sr_adriano_da_nóbrega', 'bandido', 'trocar', 'vacino', 'propina', 'momento', 'difícil', 'pandemia', 'bandido', 'negar', 'existir', '33', 'milhão', 'pessoa', 'passar', 'fome', 'bandido', 'saquear', 'servidor', 'público', 'agora', 'atenção', 'liro', 'bolsonaro', 'colocar', 'votação', 'pec_32', 'perguntar', 'primeiro', 'base', 'grande', 'policial', 'trabalhador', 'segurança', 'público', 'trabalhar', 'policial', 'guarda', 'municipal', 'policial', 'federal', 'policial', 'rodoviário', 'votar', 'gostar', 'bolsonaro', 'ver', 'acabar', 'serviço', 'público', 'substituir', 'trabalho', 'indicar', 'miliciano', 'bandido', 'ocupar', 'gabinete', 'substituir', 'função', 'indispensável', 'gente', 'aprovar', 'pec', '32', 'saquear', 'cada', 'vez', 'estado', 'servidor', 'público', 'mobilizar', 'pec', 'aprovar', 'principalmente', 'derrotar', 'bolsonaro', 'saber', 'bolsonaro', 'agenda', 'prómercar', 'agenda', 'própovo', 'garantir', 'fim', 'outubro', 'mobilizar', 'derrotar', 'bolsonaro', 'ver', 'bandido', 'bander', 'cadeia', 'ainda', 'prender']"
Glauber Braga,PSOL,RJ,135.2022,ORDEM DO DIA,05/10/2022,17h04,DCD06/10/2022 PAG. 78,https://www.camara.leg.br/internet/sitaqweb/TextoHTML.asp?etapa=5&nuSessao=135.2022&nuQuarto=2645357&nuOrador=1&nuInsercao=1&dtHorarioQuarto=17%3A04&sgFaseSessao=OD&Data=05%2F10%2F2022&txApelido=Glauber+Braga&txFaseSessao=Ordem+do+Dia&txTipoSessao=Ordin%C3%A1ria+-+CD&dtHoraQuarto=17%3A04,"Hipocrisia do discurso do Deputado Eduardo Bolsonaro sobre a prática de corrupção nos Governos petistas. Envolvimento de familiares do Presidente Jair Bolsonaro em esquemas de corrupção. Vinculação entre a reeleição do orador e o fracasso da tentativa de cassação do mandato do Parlamentar pelo Presidente Arthur Lira. Utilização de recursos do chamado orçamento secreto pelo Presidente da Câmara dos Deputados. Repúdio à retomada da votação da Proposta de Emenda à Constituição nº 32, de 2020, sobre a reforma administrativa. Conclamação aos servidores públicos para não reeleição do Presidente da República.","O SR. GLAUBER BRAGA (PSOL - RJ. Pela ordem. Sem revisão do orador.) - O filho do genocida, que é Deputado Federal, tem uma conceituação de bandido muito restrita, porque nunca envolve a família dele, que comprou 51 imóveis com dinheiro vivo, que colocou no gabinete do seu irmão, que hoje é Senador e era Deputado Estadual, no Rio de Janeiro, os parentes de Adriano da Nóbrega, matador, do escritório do crime no Rio de Janeiro — estavam lá a mãe e a ex-esposa. Quando confrontado Flávio Bolsonaro a respeito do que faziam no seu gabinete, a resposta dele foi a seguinte: ""Não, quem cuida disso é o Queiroz"" . Este era o sujeito que articulava o conjunto das rachadinhas. Ainda enche a boca para falar em corrupção, quando maneja, junto com o Presidente da República e o Presidente da Câmara dos Deputados, orçamento secreto de 16 bilhões de reais e aplica na Lei Orçamentária Anual, para o próximo ano, um valor de 19 bilhões de reais. Eu já disse aqui e vou repetir ao Sr. Deputado Arthur Lira: eu volto à Câmara dos Deputados com aproximadamente o dobro da votação que tive há 4 anos. Agradeço à população do Rio de Janeiro que o fez dando um voto de castigo ao Presidente da Câmara dos Deputados, contra a tentativa dele de intimidação e de cassação do meu mandato no Conselho de Ética e Decoro Parlamentar. Antes que ele diga que também foi reeleito por Alagoas, eu também respondo a ele que, no nosso caso, no Rio de Janeiro, não houve 1 real de orçamento secreto; ao contrário dele, que, como Presidente da Câmara dos Deputados, articulou 300 milhões de reais de orçamento secreto para o Estado de Alagoas. E ele acabou de dar uma entrevista dizendo que vai colocar para andar a reforma administrativa, que é o desmantelamento do serviço público brasileiro. Funcionários públicos do Brasil, se vocês querem que não ande a PEC 32, a alternativa é: derrotar o Sr. Jair Bolsonaro, para que o Sr. Arthur Lira não seja Presidente da Câmara e Lula, então, coloque em execução aquilo que diz que vai fazer, que é acabar com o orçamento secreto e acabar com o sigilo de cem anos. Há muita gente que vai ser pega nesse sigilo de cem anos. O Sr. Eduardo Bolsonaro deveria lavar a boca quando fosse falar em corrupção. Isso porque a verdade é que ele e a família dele estão completamente lambuzados. Fora, Bolsonaro!",filho genocidar deputado_federal conceituação bandido restrita nunca envolver família comprar 51 imóvel dinheiro vivar colocar gabinete irmão hoje senador deputado_estadual rio_de_janeiro parente adriano_da_nóbrega matador escritório crime rio_de_janeiro lá mãe exesposo confrontar flávio_bolsonaro respeito gabinete resposta seguinte cuidar queiroz sujeitar articular conjunto rachadinhas ainda encher boca corrupção manejar junto presidente_da_repúblico câmara orçamento secreto 16 bilhão real aplicar lei_orçamentária_anual próximo ano valor 19 bilhão real repetir sr_deputado_arthur_lira voltar câmara_dos_deputado aproximadamente dobro votação 4 ano população rio_de_janeiro dar voto castigo câmara contra tentativa intimidação cassação mandato conselho_de_ético decoro_parlamentar antes diga reeleizer alagoas responder caso rio_de_janeiro 1 real orçamento secreto contrário presidente_da_câmara_dos_deputar articular 300 milhão real orçamento secreto estado_de_alagoas acabar dar entrevista colocar andar reforma administrativo desmantelamento serviço público brasileiro funcionário público brasil andar pec 32 alternativa derrotar sr_jair_bolsonaro sr_arthur_lira presidente_da_câmaro lula então coloquar execução acabar orçamento secreto acabar sigilo cem ano gente pegar sigilo cem ano sr_eduardo_bolsonaro dever lavar boca corrupção verdade família completamente lambuzar bolsonaro,"['filho', 'genocidar', 'deputado_federal', 'conceituação', 'bandido', 'restrita', 'nunca', 'envolver', 'família', 'comprar', '51', 'imóvel', 'dinheiro', 'vivar', 'colocar', 'gabinete', 'irmão', 'hoje', 'senador', 'deputado_estadual', 'rio_de_janeiro', 'parente', 'adriano_da_nóbrega', 'matador', 'escritório', 'crime', 'rio_de_janeiro', 'lá', 'mãe', 'exesposo', 'confrontar', 'flávio_bolsonaro', 'respeito', 'gabinete', 'resposta', 'seguinte', 'cuidar', 'queiroz', 'sujeitar', 'articular', 'conjunto', 'rachadinhas', 'ainda', 'encher', 'boca', 'corrupção', 'manejar', 'junto', 'presidente_da_repúblico', 'câmara', 'orçamento', 'secreto', '16', 'bilhão', 'real', 'aplicar', 'lei_orçamentária_anual', 'próximo', 'ano', 'valor', '19', 'bilhão', 'real', 'repetir', 'sr_deputado_arthur_lira', 'voltar', 'câmara_dos_deputado', 'aproximadamente', 'dobro', 'votação', '4', 'ano', 'população', 'rio_de_janeiro', 'dar', 'voto', 'castigo', 'câmara', 'contra', 'tentativa', 'intimidação', 'cassação', 'mandato', 'conselho_de_ético', 'decoro_parlamentar', 'antes', 'diga', 'reeleizer', 'alagoas', 'responder', 'caso', 'rio_de_janeiro', '1', 'real', 'orçamento', 'secreto', 'contrário', 'presidente_da_câmara_dos_deputar', 'articular', '300', 'milhão', 'real', 'orçamento', 'secreto', 'estado_de_alagoas', 'acabar', 'dar', 'entrevista', 'colocar', 'andar', 'reforma', 'administrativo', 'desmantelamento', 'serviço', 'público', 'brasileiro', 'funcionário', 'público', 'brasil', 'andar', 'pec', '32', 'alternativa', 'derrotar', 'sr_jair_bolsonaro', 'sr_arthur_lira', 'presidente_da_câmaro', 'lula', 'então', 'coloquar', 'execução', 'acabar', 'orçamento', 'secreto', 'acabar', 'sigilo', 'cem', 'ano', 'gente', 'pegar', 'sigilo', 'cem', 'ano', 'sr_eduardo_bolsonaro', 'dever', 'lavar', 'boca', 'corrupção', 'verdade', 'família', 'completamente', 'lambuzar', 'bolsonaro']"
Glauber Braga,PSOL,RJ,135.2022,ORDEM DO DIA,05/10/2022,16h48,DCD06/10/2022 PAG. 73,https://www.camara.leg.br/internet/sitaqweb/TextoHTML.asp?etapa=5&nuSessao=135.2022&nuQuarto=2645338&nuOrador=1&nuInsercao=1&dtHorarioQuarto=16%3A48&sgFaseSessao=OD&Data=05%2F10%2F2022&txApelido=Glauber+Braga&txFaseSessao=Ordem+do+Dia&txTipoSessao=Ordin%C3%A1ria+-+CD&dtHoraQuarto=16%3A48,"Agradecimento à população do Estado do Rio de Janeiro pela reeleição do orador. Fracasso das tentativas de intimidação praticadas contra o Parlamentar pelo Presidente Arthur Lira. Repúdio à retomada da votação da Proposta de Emenda à Constituição nº 32, de 2020, sobre a reforma administrativa. Conclamação aos servidores públicos e professores para apoiamento ao presidenciável Luiz Inácio Lula da Silva. Mobilização do PSOL pela não reeleição dos Presidentes da República e da Câmara dos Deputados. Defesa de extinção do chamado orçamento secreto.","O SR. GLAUBER BRAGA (PSOL - RJ. Pela ordem. Sem revisão do orador.) - Senhoras e senhores que estão assistindo à TV Câmara neste momento, em primeiro lugar, quero deixar um recado ao Sr. Arthur Lira: volto à Câmara dos Deputados. E agradeço à população do Rio de Janeiro por ter praticamente dobrado a votação que eu tive há 4 anos. As tentativas de intimidação não prosperaram e não vão prosperar. E vou além. O Sr. Arthur Lira acabou de dar uma entrevista dizendo que pretende, na próxima semana, avançar com a discussão para a votação da reforma administrativa, a PEC 32. Isso é um absurdo! É o desmantelamento do serviço público brasileiro. Funcionários públicos do Brasil, professores e professoras dos mais variados Municípios de todas as regiões, se vocês não querem deixar que os seus direitos sejam retirados — eles querem privatizar e terceirizar tudo —, é só derrotar Bolsonaro nas urnas, porque, ao derrotar Bolsonaro, o que vamos ter é o Sr. Arthur Lira fora da Presidência da Câmara dos Deputados. Para isso, é fundamental eleger Lula para a Presidência da República. Ainda assim, nós vamos ter muita luta para não deixar o Centrão e a extrema-direita tomarem conta e tentarem aplicar essa agenda ultraliberal de desmonte. Vamos precisar nos manter muito mobilizados. Temos que enterrar essa PEC 32, que trata da ""deforma"" administrativa. Só há uma chance de o Sr. Arthur Lira não ser Presidente da Câmara a partir de 2023 e fazer essa matéria andar: derrotar o Sr. Jair Bolsonaro e eleger Lula como Presidente da República. A bancada do PSOL, nós que estamos aqui neste momento, vamos fazer todos os esforços para que isso aconteça. E digo mais: do mesmo jeito que praticamente dobramos a votação em relação à anterior, apesar das ameaças do Sr. Arthur Lira, lembro que isso foi possível sem 1 real de orçamento secreto, que é outra coisa que precisa acabar e que nós não podemos aceitar como fato consumado, fazendo com que a compra de votos institucionalizada se dê neste Parlamento. Vamos à luta!",assistir tv_câmara momento primeiro lugar deixar recado sr_arthur_lira voltar câmara_dos_deputar população rio_de_janeiro praticamente dobrar votação 4 ano tentativo intimidação prosperar prosperar além sr_arthur_lira acabar dar entrevista pretender próximo semana avançar discussão votação reforma administrativo pec 32 absurdo desmantelamento serviço público brasileiro funcionário público brasil professor professora variado município todo região deixar direito retirar privatizar terceirizar tudo derrotar bolsonaro urna derrotar bolsonaro sr_arthur_lira presidência_da_câmara_dos_deputar fundamental eleger lula_para_a_presidência_da_república ainda assim luta deixar centrão extremadireita tomar conta tentar aplicar agenda ultraliberal desmonte manter mobilizar enterrar pec 32 tratar deforma administrativo chance sr_arthur_lira presidente_da_câmara partir 2023 matéria andar derrotar sr_jair_bolsonaro eleger lula presidente_da_repúblico bancada psol momento todo esforço acontecer digo jeito praticamente dobrar votação relação anterior apesar ameaça sr_arthur_lira lembrar possível 1 real orçamento secreto outro coisa acabar aceitar fato consumar compra voto institucionalizar dê parlamento luta,"['assistir', 'tv_câmara', 'momento', 'primeiro', 'lugar', 'deixar', 'recado', 'sr_arthur_lira', 'voltar', 'câmara_dos_deputar', 'população', 'rio_de_janeiro', 'praticamente', 'dobrar', 'votação', '4', 'ano', 'tentativo', 'intimidação', 'prosperar', 'prosperar', 'além', 'sr_arthur_lira', 'acabar', 'dar', 'entrevista', 'pretender', 'próximo', 'semana', 'avançar', 'discussão', 'votação', 'reforma', 'administrativo', 'pec', '32', 'absurdo', 'desmantelamento', 'serviço', 'público', 'brasileiro', 'funcionário', 'público', 'brasil', 'professor', 'professora', 'variado', 'município', 'todo', 'região', 'deixar', 'direito', 'retirar', 'privatizar', 'terceirizar', 'tudo', 'derrotar', 'bolsonaro', 'urna', 'derrotar', 'bolsonaro', 'sr_arthur_lira', 'presidência_da_câmara_dos_deputar', 'fundamental', 'eleger', 'lula_para_a_presidência_da_república', 'ainda', 'assim', 'luta', 'deixar', 'centrão', 'extremadireita', 'tomar', 'conta', 'tentar', 'aplicar', 'agenda', 'ultraliberal', 'desmonte', 'manter', 'mobilizar', 'enterrar', 'pec', '32', 'tratar', 'deforma', 'administrativo', 'chance', 'sr_arthur_lira', 'presidente_da_câmara', 'partir', '2023', 'matéria', 'andar', 'derrotar', 'sr_jair_bolsonaro', 'eleger', 'lula', 'presidente_da_repúblico', 'bancada', 'psol', 'momento', 'todo', 'esforço', 'acontecer', 'digo', 'jeito', 'praticamente', 'dobrar', 'votação', 'relação', 'anterior', 'apesar', 'ameaça', 'sr_arthur_lira', 'lembrar', 'possível', '1', 'real', 'orçamento', 'secreto', 'outro', 'coisa', 'acabar', 'aceitar', 'fato', 'consumar', 'compra', 'voto', 'institucionalizar', 'dê', 'parlamento', 'luta']"
Sâmia Bomfim,PSOL,SP,135.2022,ORDEM DO DIA,05/10/2022,16h08,DCD06/10/2022 PAG. 62,https://www.camara.leg.br/internet/sitaqweb/TextoHTML.asp?etapa=5&nuSessao=135.2022&nuQuarto=2645295&nuOrador=1&nuInsercao=1&dtHorarioQuarto=16%3A08&sgFaseSessao=OD&Data=05%2F10%2F2022&txApelido=S%C3%A2mia+Bomfim&txFaseSessao=Ordem+do+Dia&txTipoSessao=Ordin%C3%A1ria+-+CD&dtHoraQuarto=16%3A08,Agradecimentos aos eleitores paulistas pela reeleição da oradora. Regozijo com a ampliação da bancada parlamentar do PSOL. Empenho do partido para a eleição de Luiz Inácio Lula da Silva para o cargo de Presidente da República. Derrota do Presidente Jair Bolsonaro no primeiro turno das eleições.,"A SRA. SÂMIA BOMFIM (PSOL - SP. Como Líder. Sem revisão da oradora.) - Sr. Presidente, volto a esta tribuna, depois do período eleitoral, primeiro, para agradecer aos mais de 226 mil eleitores paulistas, que depositaram sua confiança no nosso mandato e me reelegeram; segundo, principalmente para saudar a bancada do PSOL, que tinha um grande desafio, que foi cumprido com excelência, superar a cláusula de barreira. E não somente isso, mas também ampliamos a nossa bancada, com votações muito expressivas, especialmente em São Paulo, onde o Deputado Federal mais votado foi Guilherme Boulos, com mais de 1 milhão de votos. A Deputada Fernanda Melchionna foi a Deputada mais votada de Porto Alegre, e a mulher mais votada do Rio Grande do Sul; e a Deputada Talíria Petrone foi uma das Deputadas mais votadas no Rio de Janeiro. Além de cumprimentá-los, quero cumprimentar os demais que foram eleitos nessa eleição: Erika Hilton, uma mulher negra, trans, que junto com Duda Salabert, de Minas Gerais, fizeram história nessas eleições e vão ocupar assentos nestes espaços de poder, talvez gerando desconforto em alguns fundamentalistas, raivosos e odiosos, mas que farão muita diferença e pautarão um debate fundamental para o conjunto da população brasileira, para a população LGBTQIA+, para todas e para todos. Sonia Guajajara, uma das principais lideranças indígenas do Brasil e do mundo, também vai somar fileiras conosco, assim como a nossa querida, histórica, Deputada Luiza Erundina, pelo Rio de Janeiro, vai seguir conosco. Além da Deputada Talíria Petrone, vão estar conosco o Tarcísio Motta, professor, historiador; o Chico Alencar, que já foi nosso Deputado Federal; o Deputado Glauber Braga, que se reelegeu, dobrando a sua votação; o Pastor Henrique Vieira, um pastor progressista, que tem um debate fundamental sobre direitos humanos, sobre religião, sobre o respeito, sobre a sociedade brasileira; Célia Xakriabá, por Minas Gerais, uma forte liderança indígena. Trata-se de uma bancada diversa, composta em sua maioria por mulheres, bancada que vai seguir com coerência, combatividade, luta e que tem como principal tarefa, até o final de outubro, derrotar definitivamente Jair Bolsonaro. Sem dúvida, nossa eleição expressiva, nos diferentes Estados, foi por conta da nossa atuação, sempre na linha de frente, no Congresso Nacional, mobilizando o povo brasileiro pelo direito à vacina, contra o negacionismo, a desumanidade, a incompetência e a corrupção do Governo Bolsonaro. Estamos cerrando fileiras para eleger Lula Presidente do Brasil. Pela primeira vez na história, o atual Presidente da República não venceu o primeiro turno das eleições. Não é à toa que isso aconteceu. Por mais que tenham a máquina nas mãos, o orçamento secreto, o fundão bilionário, façam fake news , mentiras, o povo brasileiro sabe exatamente o que significou esses 4 anos de miséria, de fome, de destruição do meio ambiente, de ataque às servidoras, de destruição dos serviços públicos, a reforma da Previdência, com mais de 2 milhões de pessoas na fila do INSS. Agora, a nossa tarefa é mobilizar os quatro cantos do País para garantir que, de uma vez por todas, esse projeto de morte seja enterrado definitivamente. Foram mais de 6 milhões de votos que fizeram a diferença. E os votos de Ciro e Simone Tebet muito dificilmente irão para esse genocida. Portanto, para aqueles que não gostam da atuação do PSOL, para aqueles que nos querem ver calados, sinto lhes dizer que seguimos aqui, superamos a cláusula de barreira, aumentamos o número, viemos mais fortes e mais diversos, e seremos parte fundamental da derrota definitiva desse genocida. Nós estaremos aqui nos próximos 4 anos para enfrentar esse projeto de morte e de destruição, esse projeto machista e LGBTfóbico. Estamos juntos!",sr_presidente voltar tribuna período eleitoral primeiro agradecer 226 mil eleitor paulista depositar confiança mandato reeleger segundo principalmente saudar bancada psol grande desafio cumprir excelência superar cláusula barreiro somente ampliar bancada votação expressivo especialmente são_paulo onde deputado_federal votar guilherme_boulos 1 milhão voto fernanda_melchionna votar porto_alegre mulher votar rio_grande_do_sul deputada_talíria_petrone votar rio_de_janeiro além cumprimentálo cumprimentar demais eleitos eleição erika_hilton mulher negro trans junto duda_salabert minas_geral história eleição ocupar assento espaço talvez gerar desconforto algum fundamentalista raivoso odioso diferença pautar debate fundamental conjunto população brasileiro população lgbtqia todo todo sonia_guajajara principal liderança indígena brasil mundo somar fileira conosco assim histórico deputada_luiza_erundino rio_de_janeiro seguir conosco além deputada_talíria_petrone conosco tarcísio_motta professor historiador chico_alencar deputado_federal deputado_glauber_braga reelegeu dobrar votação pastor henrique_vieira pastor progressista debate fundamental sobre direito humano sobre religião sobre respeito sobre sociedade brasileiro célia_xakriabá minas_geral forte liderança indígeno tratase bancada diverso compor maioria mulher bancada seguir coerência combatividade lutar principal tarefa final outubro derrotar definitivamente jair_bolsonaro dúvida eleição expressivo diferente estado contar atuação sempre linha frente congresso_nacional mobilizar povo brasileiro direito vacina contra negacionismo desumanidade incompetêncio corrupção governo bolsonaro cerrar fileira eleger lula brasil primeiro vez história atual presidente_da_república vencer primeiro turno eleição toa acontecer máquina mão orçamento secreto fundão bilionário façam fake news mentiro povo brasileiro saber exatamente significar 4 ano misério fome destruição meio ambiente ataque servidora destruição serviço público reforma previdência 2 milhão pessoa fila inss agora tarefa mobilizar quatro canto país garantir vez todo projeto morte enterrar definitivamente 6 milhão voto diferença voto ciro simone_tebet dificilmente genocida portanto gostar atuação psol ver calado sinto seguir superar cláusula barreira aumentar número viemos forte diversos parte fundamental derrota definitivo genocida próximo 4 ano enfrentar projeto morte destruiçãor projeto machista lgbtfóbico junto,"['sr_presidente', 'voltar', 'tribuna', 'período', 'eleitoral', 'primeiro', 'agradecer', '226', 'mil', 'eleitor', 'paulista', 'depositar', 'confiança', 'mandato', 'reeleger', 'segundo', 'principalmente', 'saudar', 'bancada', 'psol', 'grande', 'desafio', 'cumprir', 'excelência', 'superar', 'cláusula', 'barreiro', 'somente', 'ampliar', 'bancada', 'votação', 'expressivo', 'especialmente', 'são_paulo', 'onde', 'deputado_federal', 'votar', 'guilherme_boulos', '1', 'milhão', 'voto', 'fernanda_melchionna', 'votar', 'porto_alegre', 'mulher', 'votar', 'rio_grande_do_sul', 'deputada_talíria_petrone', 'votar', 'rio_de_janeiro', 'além', 'cumprimentálo', 'cumprimentar', 'demais', 'eleitos', 'eleição', 'erika_hilton', 'mulher', 'negro', 'trans', 'junto', 'duda_salabert', 'minas_geral', 'história', 'eleição', 'ocupar', 'assento', 'espaço', 'talvez', 'gerar', 'desconforto', 'algum', 'fundamentalista', 'raivoso', 'odioso', 'diferença', 'pautar', 'debate', 'fundamental', 'conjunto', 'população', 'brasileiro', 'população', 'lgbtqia', 'todo', 'todo', 'sonia_guajajara', 'principal', 'liderança', 'indígena', 'brasil', 'mundo', 'somar', 'fileira', 'conosco', 'assim', 'histórico', 'deputada_luiza_erundino', 'rio_de_janeiro', 'seguir', 'conosco', 'além', 'deputada_talíria_petrone', 'conosco', 'tarcísio_motta', 'professor', 'historiador', 'chico_alencar', 'deputado_federal', 'deputado_glauber_braga', 'reelegeu', 'dobrar', 'votação', 'pastor', 'henrique_vieira', 'pastor', 'progressista', 'debate', 'fundamental', 'sobre', 'direito', 'humano', 'sobre', 'religião', 'sobre', 'respeito', 'sobre', 'sociedade', 'brasileiro', 'célia_xakriabá', 'minas_geral', 'forte', 'liderança', 'indígeno', 'tratase', 'bancada', 'diverso', 'compor', 'maioria', 'mulher', 'bancada', 'seguir', 'coerência', 'combatividade', 'lutar', 'principal', 'tarefa', 'final', 'outubro', 'derrotar', 'definitivamente', 'jair_bolsonaro', 'dúvida', 'eleição', 'expressivo', 'diferente', 'estado', 'contar', 'atuação', 'sempre', 'linha', 'frente', 'congresso_nacional', 'mobilizar', 'povo', 'brasileiro', 'direito', 'vacina', 'contra', 'negacionismo', 'desumanidade', 'incompetêncio', 'corrupção', 'governo', 'bolsonaro', 'cerrar', 'fileira', 'eleger', 'lula', 'brasil', 'primeiro', 'vez', 'história', 'atual', 'presidente_da_república', 'vencer', 'primeiro', 'turno', 'eleição', 'toa', 'acontecer', 'máquina', 'mão', 'orçamento', 'secreto', 'fundão', 'bilionário', 'façam', 'fake', 'news', 'mentiro', 'povo', 'brasileiro', 'saber', 'exatamente', 'significar', '4', 'ano', 'misério', 'fome', 'destruição', 'meio', 'ambiente', 'ataque', 'servidora', 'destruição', 'serviço', 'público', 'reforma', 'previdência', '2', 'milhão', 'pessoa', 'fila', 'inss', 'agora', 'tarefa', 'mobilizar', 'quatro', 'canto', 'país', 'garantir', 'vez', 'todo', 'projeto', 'morte', 'enterrar', 'definitivamente', '6', 'milhão', 'voto', 'diferença', 'voto', 'ciro', 'simone_tebet', 'dificilmente', 'genocida', 'portanto', 'gostar', 'atuação', 'psol', 'ver', 'calado', 'sinto', 'seguir', 'superar', 'cláusula', 'barreira', 'aumentar', 'número', 'viemos', 'forte', 'diversos', 'parte', 'fundamental', 'derrota', 'definitivo', 'genocida', 'próximo', '4', 'ano', 'enfrentar', 'projeto', 'morte', 'destruiçãor', 'projeto', 'machista', 'lgbtfóbico', 'junto']"
Sâmia Bomfim,PSOL,SP,132.2022,ORDEM DO DIA,31/08/2022,13h04,DCD01/09/2022 PAG. 103,https://www.camara.leg.br/internet/sitaqweb/TextoHTML.asp?etapa=5&nuSessao=132.2022&nuQuarto=2615604&nuOrador=1&nuInsercao=1&dtHorarioQuarto=13%3A04&sgFaseSessao=OD&Data=31%2F08%2F2022&txApelido=S%C3%A2mia+Bomfim&txFaseSessao=Ordem+do+Dia&txTipoSessao=Ordin%C3%A1ria+-+CD&dtHoraQuarto=13%3A04,"Orientação de bancada na votação do requerimento de destaque para votação em separado da Emenda de Plenário nº 1, apresentada à Medida Provisória nº 1.118, de 2022, relativa à alteração da Lei Complementar nº 192, de 2022, acerca da incidência do ICMS sobre combustíveis.","A SRA. SÂMIA BOMFIM (PSOL - SP. Pela ordem. Sem revisão da oradora.) - O PSOL vai orientar ""sim"", porque, além do impacto ambiental que pode ter a incrementa a partir dos biocombustíveis, de fato pode auxiliar no aumento da produtividade, para não haver mais escassez de diesel. Então, o biodiesel entraria como uma alternativa. O PSOL orienta ""sim"".",psol orientar sim além impacto ambiental incrementar partir biocombustível fato auxiliar aumento produtividade escassez diesel então biodiesel entrar alternativa psol orientar sim,"['psol', 'orientar', 'sim', 'além', 'impacto', 'ambiental', 'incrementar', 'partir', 'biocombustível', 'fato', 'auxiliar', 'aumento', 'produtividade', 'escassez', 'diesel', 'então', 'biodiesel', 'entrar', 'alternativa', 'psol', 'orientar', 'sim']"
Sâmia Bomfim,PSOL,SP,132.2022,ORDEM DO DIA,31/08/2022,12h52,DCD01/09/2022 PAG. 98,https://www.camara.leg.br/internet/sitaqweb/TextoHTML.asp?etapa=5&nuSessao=132.2022&nuQuarto=2615529&nuOrador=1&nuInsercao=1&dtHorarioQuarto=12%3A52&sgFaseSessao=OD&Data=31%2F08%2F2022&txApelido=S%C3%A2mia+Bomfim&txFaseSessao=Ordem+do+Dia&txTipoSessao=Ordin%C3%A1ria+-+CD&dtHoraQuarto=12%3A52,"Orientação de bancada na votação do requerimento de destaque supressivo do art. 3° do Projeto de Lei de Conversão nº 25, de 2022, da Medida Provisória nº 1.118, de 2022, relativa à alteração da Lei Complementar nº 192, de 2022, acerca da incidência do ICMS sobre combustíveis.","A SRA. SÂMIA BOMFIM (PSOL - SP. Pela ordem. Sem revisão da oradora.) - O PSOL orienta ""não"", Presidente. Apesar de no mérito haver dois pontos positivos de favorecimento dos pequenos consumidores e também de pequenos produtores, em especial de regiões que necessitam de desenvolvimento regional, consideramos esses benefícios no prazo estendido uma matéria estranha ao texto originalmente. Temos como princípio não aceitar, enfim, não assinar embaixo matérias que entram como jabuti. Achamos que isso poderia ser debatido com calma, com mais tempo e mais condição de produção.",psol orientar apesar mérito dois ponto positivo favorecimento pequeno consumidor pequeno produtor especial região necessitar desenvolvimento regional considerar benefício prazo estender matéria estranho texto originalmente princípio aceitar enfim assinar embaixo matéria entrar jabuti achar debater calmo tempo condição produção,"['psol', 'orientar', 'apesar', 'mérito', 'dois', 'ponto', 'positivo', 'favorecimento', 'pequeno', 'consumidor', 'pequeno', 'produtor', 'especial', 'região', 'necessitar', 'desenvolvimento', 'regional', 'considerar', 'benefício', 'prazo', 'estender', 'matéria', 'estranho', 'texto', 'originalmente', 'princípio', 'aceitar', 'enfim', 'assinar', 'embaixo', 'matéria', 'entrar', 'jabuti', 'achar', 'debater', 'calmo', 'tempo', 'condição', 'produção']"
Sâmia Bomfim,PSOL,SP,132.2022,ORDEM DO DIA,31/08/2022,12h32,DCD01/09/2022 PAG. 86,https://www.camara.leg.br/internet/sitaqweb/TextoHTML.asp?etapa=5&nuSessao=132.2022&nuQuarto=2615498&nuOrador=1&nuInsercao=1&dtHorarioQuarto=12%3A32&sgFaseSessao=OD&Data=31%2F08%2F2022&txApelido=S%C3%A2mia+Bomfim&txFaseSessao=Ordem+do+Dia&txTipoSessao=Ordin%C3%A1ria+-+CD&dtHoraQuarto=12%3A32,Natureza falaciosa da narrativa do Presidente Jair Bolsonaro em defesa da mulher. Caráter misógino e machista do Presidente da República.,"A SRA. SÂMIA BOMFIM (PSOL - SP. Como Líder. Sem revisão da oradora.) - Deputado, cor-de-rosa só se for a cor da bochecha do Bolsonaro depois de dizer inverdades, de dizer mentiras sobre as mulheres brasileiras no último debate presidencial. Ele disse que ele foi o Presidente que mais sancionou leis a favor das mulheres no Brasil. Mentira! Ele falou que ele foi o Presidente que mais propôs e ofereceu benefícios para as mulheres brasileiras. Mentira. Primeiro, nenhuma das leis sancionadas foi de autoria do Poder Executivo. Todas elas, as que são voltadas para os direitos das mulheres, foram de autoria das Deputadas e dos Deputados — há projeto meu, há projeto da Deputada Érica. Mas tudo ele está querendo dizer que é projeto dele. Mentira. E todos esses projetos que foram aprovados, Deputada Erika, correm o risco de não ser implementados, porque nós temos o pior orçamento da história voltado para o enfrentamento à violência contra as mulheres e para os direitos das mulheres no Brasil. O Bolsonaro é tão machista que, quando aconteceu o impeachment da ex-Presidente Dilma Rousseff, ele fez uma homenagem a um torturador, Brilhante Ustra, um sujeito que colocava rato na vagina das mulheres como método de tortura durante o período da ditadura militar. Ele chamou a própria filha de fraquejada. Quando foi questionado por uma jornalista, a Vera Magalhães, durante o debate sobre a condução da pandemia, a negação da vacina, ele logo foi para cima ofendendo-a como mulher, foi agressivo com ela. Assim como já foi agressivo com outra jornalista, a Patrícia Campos Mello, que inclusive ganhou um processo contra ele pela sua indelicadeza e pelo seu machismo. Mas, agora, nas vésperas das eleições, ele tenta simular que seria um Presidente favorável às mulheres, porque nós somos a maioria do eleitorado, porque diferentes institutos de pesquisa mostram que 70% das mulheres rejeitam o Governo Bolsonaro. Por que o rejeitam? Porque somos as principais impactadas pela crise, as que mais estão desempregadas, as que mais estão sofrendo com a fome, as principais vítimas da informalidade, e porque a misoginia e o machismo são institucionais. Quem não se lembra de Pedro Guimarães, ex-Presidente da Caixa, que saiu por conta de assédio sexual com as trabalhadoras de lá e que foi segurado até o fim pelo Bolsonaro, que já sabia dessas denúncias? Nós mulheres brasileiras, agora, nas urnas, vamos dar um recado, assim como em 2018, quando construímos o maior movimento de mulheres da história, que foi o ""Ele, não!"" O ""Ele, não!"", nestas eleições, está se expressando em uma diferença substancial, que vai derrotar o Bolsonaro, porque ninguém aguenta mais tanto machismo.",corderoso cor bochechar bolsonaro inverdade mentira sobre mulher brasileiro último debate presidencial sancionar lei favor mulher brasil mentira  propor oferecer benefício mulher brasileiro mentira primeiro nenhum lei sancionar autoria poder_executivo todo voltar direito mulher autoriar projeto projeto deputada_éricar tudo projeto mentira todo projeto aprovar deputada_erika correr risco implementar mau orçamento históriar voltar enfrentamento violência contra mulher direito mulher brasil bolsonaro tão machista acontecer impeachment expresidente_dilma_rousseff homenagem torturador brilhante_ustra sujeitar colocar rato vagina mulher método torturar durante período ditadura militar chamar próprio filha fraquejar questionar jornalista vera_magalhães durante debate sobre condução pandemia negação vacino logo cima ofendendoa mulher agressivo assim agressivo outro jornalista patrícia_campos_mello inclusive ganhar processo contra indelicadeza machismo agora véspero eleição tentar simular favorável mulher maioria eleitorado diferente instituto pesquisa mostrar 70 mulher rejeitar governo_bolsonaro rejeitar principal impactar crise desempregado sofrer fome principal vítima informalidade misoginia machismo institucional lembrar pedro_guimarães expresidente_da_caixa sair contar assédio sexual trabalhadora lá segurar fim bolsonaro saber denúncia mulher brasileiro agora urna dar recado assim 2018 construír grande movimento mulher históriar eleição expressar diferença substancial derrotar bolsonaro ninguém aguentar tanto machismo,"['corderoso', 'cor', 'bochechar', 'bolsonaro', 'inverdade', 'mentira', 'sobre', 'mulher', 'brasileiro', 'último', 'debate', 'presidencial', 'sancionar', 'lei', 'favor', 'mulher', 'brasil', 'mentira', 'propor', 'oferecer', 'benefício', 'mulher', 'brasileiro', 'mentira', 'primeiro', 'nenhum', 'lei', 'sancionar', 'autoria', 'poder_executivo', 'todo', 'voltar', 'direito', 'mulher', 'autoriar', 'projeto', 'projeto', 'deputada_éricar', 'tudo', 'projeto', 'mentira', 'todo', 'projeto', 'aprovar', 'deputada_erika', 'correr', 'risco', 'implementar', 'mau', 'orçamento', 'históriar', 'voltar', 'enfrentamento', 'violência', 'contra', 'mulher', 'direito', 'mulher', 'brasil', 'bolsonaro', 'tão', 'machista', 'acontecer', 'impeachment', 'expresidente_dilma_rousseff', 'homenagem', 'torturador', 'brilhante_ustra', 'sujeitar', 'colocar', 'rato', 'vagina', 'mulher', 'método', 'torturar', 'durante', 'período', 'ditadura', 'militar', 'chamar', 'próprio', 'filha', 'fraquejar', 'questionar', 'jornalista', 'vera_magalhães', 'durante', 'debate', 'sobre', 'condução', 'pandemia', 'negação', 'vacino', 'logo', 'cima', 'ofendendoa', 'mulher', 'agressivo', 'assim', 'agressivo', 'outro', 'jornalista', 'patrícia_campos_mello', 'inclusive', 'ganhar', 'processo', 'contra', 'indelicadeza', 'machismo', 'agora', 'véspero', 'eleição', 'tentar', 'simular', 'favorável', 'mulher', 'maioria', 'eleitorado', 'diferente', 'instituto', 'pesquisa', 'mostrar', '70', 'mulher', 'rejeitar', 'governo_bolsonaro', 'rejeitar', 'principal', 'impactar', 'crise', 'desempregado', 'sofrer', 'fome', 'principal', 'vítima', 'informalidade', 'misoginia', 'machismo', 'institucional', 'lembrar', 'pedro_guimarães', 'expresidente_da_caixa', 'sair', 'contar', 'assédio', 'sexual', 'trabalhadora', 'lá', 'segurar', 'fim', 'bolsonaro', 'saber', 'denúncia', 'mulher', 'brasileiro', 'agora', 'urna', 'dar', 'recado', 'assim', '2018', 'construír', 'grande', 'movimento', 'mulher', 'históriar', 'eleição', 'expressar', 'diferença', 'substancial', 'derrotar', 'bolsonaro', 'ninguém', 'aguentar', 'tanto', 'machismo']"
Sâmia Bomfim,PSOL,SP,132.2022,ORDEM DO DIA,31/08/2022,11h40,DCD01/09/2022 PAG. 60,https://www.camara.leg.br/internet/sitaqweb/TextoHTML.asp?etapa=5&nuSessao=132.2022&nuQuarto=2615367&nuOrador=1&nuInsercao=1&dtHorarioQuarto=11%3A40&sgFaseSessao=OD&Data=31%2F08%2F2022&txApelido=S%C3%A2mia+Bomfim&txFaseSessao=Ordem+do+Dia&txTipoSessao=Ordin%C3%A1ria+-+CD&dtHoraQuarto=11%3A40,"Orientação de bancada na votação do requerimento de destaque supressivo do art. 8º da Lei nº 12.618, 2012, alterado pelo art. 2º da Medida Provisória nº 1.119, de 2022, sobre a reabertura do prazo de opção ao regime de previdência complementar.","A SRA. SÂMIA BOMFIM (PSOL - SP. Pela ordem. Sem revisão da oradora.) - O PSOL orienta ""não"", Presidente. Nós estamos falando de um fundo de cerca de 5 bilhões de reais de contribuições de servidores públicos. Esse fundo precisa ser público, porque ele precisa seguir os critérios de transparência e de administração pública. Afinal de contas, trata-se de um montante muito grande de pessoas que, ao longo sua vida, se dedicaram para construir a máquina pública. Esse fundo, transformada a sua natureza jurídica de pública em privada, passaria a obedecer à lógica de empresas, à lógica do lucro. Então, a administração desses recursos, um montante muito grande, 5 bilhões de reais, poderia estar sujeita a outros interesses que não a garantia de que esses servidores recebam os seus benefícios. Ou seja, a administração não vai ser a melhor possível e necessária. Não vai haver uma lisura completa do processo. Portanto, o nosso voto é ""não"".",psol orientar fundo cerca 5 bilhão real contribuição servidor público fundo público seguir critério transparência administração público afinal conta tratase montante grande pessoa longo vida dedicar construir máquina público fundo transformar natureza jurídico público privado passar obedecer lógico empresa lógico lucro então administração recurso montante grande 5 bilhão real sujeito outro interesse garantia servidor receber benefício administração bom possível necessário lisura completo processo portanto votar,"['psol', 'orientar', 'fundo', 'cerca', '5', 'bilhão', 'real', 'contribuição', 'servidor', 'público', 'fundo', 'público', 'seguir', 'critério', 'transparência', 'administração', 'público', 'afinal', 'conta', 'tratase', 'montante', 'grande', 'pessoa', 'longo', 'vida', 'dedicar', 'construir', 'máquina', 'público', 'fundo', 'transformar', 'natureza', 'jurídico', 'público', 'privado', 'passar', 'obedecer', 'lógico', 'empresa', 'lógico', 'lucro', 'então', 'administração', 'recurso', 'montante', 'grande', '5', 'bilhão', 'real', 'sujeito', 'outro', 'interesse', 'garantia', 'servidor', 'receber', 'benefício', 'administração', 'bom', 'possível', 'necessário', 'lisura', 'completo', 'processo', 'portanto', 'votar']"
Sâmia Bomfim,PSOL,SP,132.2022,ORDEM DO DIA,31/08/2022,11h24,DCD01/09/2022 PAG. 53,https://www.camara.leg.br/internet/sitaqweb/TextoHTML.asp?etapa=5&nuSessao=132.2022&nuQuarto=2615312&nuOrador=1&nuInsercao=1&dtHorarioQuarto=11%3A24&sgFaseSessao=OD&Data=31%2F08%2F2022&txApelido=S%C3%A2mia+Bomfim&txFaseSessao=Ordem+do+Dia&txTipoSessao=Ordin%C3%A1ria+-+CD&dtHoraQuarto=11%3A24,"Orientação de bancada na votação do requerimento de destaque supressivo do § 8º, art. 5º, da Lei 12.618, de 2012, constante no art. 2º da Medida Provisória 1.119, de 2022, sobre a reabertura do prazo de opção ao regime de previdência complementar.","A SRA. SÂMIA BOMFIM (PSOL - SP. Pela ordem. Sem revisão da oradora.) - Presidente, o Governo está propondo acabar com o teto remuneratório de 39 mil reais e elevá-lo para 50 mil reais, mas o valor de remuneração dos diretores da FUNPRESP, que vai se tornar, aliás, uma fundação de natureza privada, não mais de natureza pública, pode chegar a até 75 mil reais, já que podem contar com a participação nos lucros. No Brasil, onde há 33 milhões de pessoas que estão passando fome, o Governo diz que não dá para aprovar um auxílio maior que 600 reais, nem de forma permanente, porque supostamente não tem dinheiro, mas, de outro lado, propõe um supersalário para uma casta já privilegiada neste contexto grave de crise. Isto aqui é uma vergonha! É inadmissível que o Congresso aprove um supersalário de 75 mil reais no País da fome. O PSOL orienta ""não"".",governo propor acabar teto remuneratório 39 mil real eleválo 50 mil real valor remuneraçãor diretor funpresp tornar aliás fundação natureza privado natureza público chegar 75 mil real contar participação lucro brasil onde 33 milhão pessoa passar fome governo dar aprovar auxílio grande 600 real forma permanente supostamente dinheiro outro lado propor supersalário casta privilegiar contexto grave crise vergonha inadmissível congresso aprovar supersalário 75 mil real país fome psol orientar,"['governo', 'propor', 'acabar', 'teto', 'remuneratório', '39', 'mil', 'real', 'eleválo', '50', 'mil', 'real', 'valor', 'remuneraçãor', 'diretor', 'funpresp', 'tornar', 'aliás', 'fundação', 'natureza', 'privado', 'natureza', 'público', 'chegar', '75', 'mil', 'real', 'contar', 'participação', 'lucro', 'brasil', 'onde', '33', 'milhão', 'pessoa', 'passar', 'fome', 'governo', 'dar', 'aprovar', 'auxílio', 'grande', '600', 'real', 'forma', 'permanente', 'supostamente', 'dinheiro', 'outro', 'lado', 'propor', 'supersalário', 'casta', 'privilegiar', 'contexto', 'grave', 'crise', 'vergonha', 'inadmissível', 'congresso', 'aprovar', 'supersalário', '75', 'mil', 'real', 'país', 'fome', 'psol', 'orientar']"
Sâmia Bomfim,PSOL,SP,132.2022,ORDEM DO DIA,31/08/2022,11h12,DCD01/09/2022 PAG. 49,https://www.camara.leg.br/internet/sitaqweb/TextoHTML.asp?etapa=5&nuSessao=132.2022&nuQuarto=2615282&nuOrador=1&nuInsercao=1&dtHorarioQuarto=11%3A12&sgFaseSessao=OD&Data=31%2F08%2F2022&txApelido=S%C3%A2mia+Bomfim&txFaseSessao=Ordem+do+Dia&txTipoSessao=Ordin%C3%A1ria+-+CD&dtHoraQuarto=11%3A12,"Orientação de bancada na votação do requerimento de destaque supressivo do § 4°, art. 3°, da Lei nº 12.618, de 2012, na redação do art. 2° da Medida Provisória nº 1.119, 2022, sobre a reabertura do prazo de opção ao regime de previdência complementar.","A SRA. SÂMIA BOMFIM (PSOL - SP. Pela ordem. Sem revisão da oradora.) - Esta medida provisória modifica a base de cálculo para todo mundo. Ela coloca um sinal de igual entre homens e mulheres, entre pessoas que trabalham em atividades de risco e pessoas que não trabalham assim, ou seja, todas as pessoas vão ter a mesma base de cálculo, o que, na prática, vai reduzir o valor dos benefícios. É muito importante que exista uma diferença para as pessoas com deficiência, porque a condição delas impõe que assim seja, justamente por elas terem necessidades especiais, principalmente no momento da aposentadoria, quando elas vão precisar requerer esse benefício. Só que a medida provisória ignora completamente esse direito que elas tinham conquistado. A emenda que nós apresentamos é para que possamos suprimir esse trecho da medida provisória, para preservar os direitos das pessoas com deficiência. Portanto, nós orientamos “não”.",medida provisório modificar base cálculo todo mundo colocar sinal igual homem mulher pessoa trabalhar atividade risco pessoa trabalhar assim todo pessoa base cálculo práticar reduzir valor benefício importante exista diferença pessoa deficiência condição impor assim justamente necessidade especial principalmente momento aposentadoria requerer benefício medida provisório ignorar completamente direito conquistar emenda apresentar possa suprimir trecho medida provisório preservar direito pessoa deficiência portanto orientar,"['medida', 'provisório', 'modificar', 'base', 'cálculo', 'todo', 'mundo', 'colocar', 'sinal', 'igual', 'homem', 'mulher', 'pessoa', 'trabalhar', 'atividade', 'risco', 'pessoa', 'trabalhar', 'assim', 'todo', 'pessoa', 'base', 'cálculo', 'práticar', 'reduzir', 'valor', 'benefício', 'importante', 'exista', 'diferença', 'pessoa', 'deficiência', 'condição', 'impor', 'assim', 'justamente', 'necessidade', 'especial', 'principalmente', 'momento', 'aposentadoria', 'requerer', 'benefício', 'medida', 'provisório', 'ignorar', 'completamente', 'direito', 'conquistar', 'emenda', 'apresentar', 'possa', 'suprimir', 'trecho', 'medida', 'provisório', 'preservar', 'direito', 'pessoa', 'deficiência', 'portanto', 'orientar']"
Sâmia Bomfim,PSOL,SP,132.2022,ORDEM DO DIA,31/08/2022,11h04,DCD01/09/2022 PAG. 47,https://www.camara.leg.br/internet/sitaqweb/TextoHTML.asp?etapa=5&nuSessao=132.2022&nuQuarto=2615265&nuOrador=1&nuInsercao=1&dtHorarioQuarto=11%3A04&sgFaseSessao=OD&Data=31%2F08%2F2022&txApelido=S%C3%A2mia+Bomfim&txFaseSessao=Ordem+do+Dia&txTipoSessao=Ordin%C3%A1ria+-+CD&dtHoraQuarto=11%3A04,"Encaminhamento da votação do requerimento de destaque para votação em separado, para fins de supressão, do parágrafo 4° do art. 3° da Lei nº 12.618, de 2012, na redação do art. 2° da Medida Provisória nº 1.119, de 2022, sobre a reabertura do prazo de opção para o regime de Previdência Complementar.","A SRA. SÂMIA BOMFIM (PSOL - SP. Sem revisão da oradora.) - Esta medida provisória é um grave ataque à FUNPRESP, que é o fundo de previdência complementar dos servidores públicos federais. Primeiro, há uma mudança no caráter público desse fundo, que se torna um fundo privado. Vejam que nós estamos falando de contribuição de servidores públicos, que vai se administrada a partir da lógica de um negócio. Se estamos falando de um modelo privado, não estamos falando dos princípios que regem a administração pública.  Isso, inclusive, é o que faz com que se acabe com a aplicação do teto remuneratório para os seus diretores. Nós estamos falando da criação de supersalários, de hipersalários que podem chegar a até 75 mil reais. Uma cúpula que não tem nenhum vínculo com os servidores e que vai administrar as contribuições desses servidores como se fosse uma coisa privada vai ganhar 75 mil reais em cima da contribuição de anos e anos desses servidores federais. O segundo aspecto gravíssimo é que essa medida vai reduzir o valor dos benefícios especiais. Para os homens, a redução é de 12,5%; para as mulheres, de 25%. Estamos falando de pessoas que são, inclusive, arrimos de família, pessoas que têm na sua renda de aposentadoria um elemento fundamental para a subsistência de toda a sua família. E estamos falando dessa mudança através de uma medida provisória, gente. Isso é muito grave! Isso não deveria estar sendo discutido por MP, tampouco no contexto de um plenário tão esvaziado como este. Eu tenho certeza de que boa parte dos Parlamentares mal sabe o que está acontecendo aqui, porque estamos num contexto de campanha eleitoral. Além disso, agora vão passar a considerar 100% das contribuições para o cálculo do benefício, e não mais 80%. A regra dos 80% era fundamental justamente para evitar que os salários mais baixos, aqueles do início da carreira, fossem contabilizados. Essa mudança também aconteceu com a reforma da Previdência, infelizmente, aprovado em 2019. Isso é o que faz se reduzir o valor do benefício. Quando se calcula o benefício a partir do primeiro salário, ou seja, usando a totalidade das contribuições, o benefício necessariamente será menor, porque no início da carreira as pessoas ganham menos do que ao longo do tempo. E esse efeito é que justificava a regra dos 80%. Também há um ataque grave às pessoas com deficiência — e essa é a razão do nosso destaque —, porque elas vão ter um decréscimo muito grande no valor dos seus benefícios. E justamente por serem pessoas com deficiência é que elas têm o direito de ter mais condições para a sua subsistência quando elas acessam o benefício. Isso vai ser simplesmente rasgado. Há um desrespeito muito grande com essas pessoas. No nosso destaque propomos a retirada do art. 3º, justamente o artigo que ataca essas pessoas.",medida provisório grave ataque funpresp fundo previdência complementar servidor público federal primeiro mudança caráter público fundo tornar fundo privado vejam contribuição servidor público administrar partir lógico negócio modelo privado princípio regem administração público inclusive acabar aplicação teto remuneratório diretor criação supersalário hipersalário chegar 75 mil real cúpular nenhum vínculo servidor administrar contribuição servidor coisa privado ganhar 75 mil real cima contribuição ano ano servidor federal segundo aspecto gravíssimo medida reduzir valor benefício especial homem redução 125 mulher 25 pessoa inclusive arrir família pessoa renda aposentadoria elemento fundamental subsistência todo família mudança através medida provisório gente grave dever discutir mp tampouco contexto plenário tão esvaziar certeza bom parte parlamentar mal saber acontecer contexto campanha eleitoral além agora passar considerar 100 contribuição cálculo benefício 80 regra 80 fundamental justamente evitar salário baixo início carreira contabilizar mudança acontecer reforma previdência infelizmente aprovar 2019 reduzir valor benefício calcular benefício partir primeiro salário usar totalidade contribuição benefício necessariamente pequeno início carreira pessoa ganhar pouco longo tempo efeito justificar regra 80 ataque grave pessoa deficiência razão destaque decréscimo grande valor benefício justamente pessoa deficiência direito condição subsistência acessar benefício simplesmente rasgar desrespeito grande pessoa destaque propor retirar art 3 justamente artigo atacar pessoa,"['medida', 'provisório', 'grave', 'ataque', 'funpresp', 'fundo', 'previdência', 'complementar', 'servidor', 'público', 'federal', 'primeiro', 'mudança', 'caráter', 'público', 'fundo', 'tornar', 'fundo', 'privado', 'vejam', 'contribuição', 'servidor', 'público', 'administrar', 'partir', 'lógico', 'negócio', 'modelo', 'privado', 'princípio', 'regem', 'administração', 'público', 'inclusive', 'acabar', 'aplicação', 'teto', 'remuneratório', 'diretor', 'criação', 'supersalário', 'hipersalário', 'chegar', '75', 'mil', 'real', 'cúpular', 'nenhum', 'vínculo', 'servidor', 'administrar', 'contribuição', 'servidor', 'coisa', 'privado', 'ganhar', '75', 'mil', 'real', 'cima', 'contribuição', 'ano', 'ano', 'servidor', 'federal', 'segundo', 'aspecto', 'gravíssimo', 'medida', 'reduzir', 'valor', 'benefício', 'especial', 'homem', 'redução', '125', 'mulher', '25', 'pessoa', 'inclusive', 'arrir', 'família', 'pessoa', 'renda', 'aposentadoria', 'elemento', 'fundamental', 'subsistência', 'todo', 'família', 'mudança', 'através', 'medida', 'provisório', 'gente', 'grave', 'dever', 'discutir', 'mp', 'tampouco', 'contexto', 'plenário', 'tão', 'esvaziar', 'certeza', 'bom', 'parte', 'parlamentar', 'mal', 'saber', 'acontecer', 'contexto', 'campanha', 'eleitoral', 'além', 'agora', 'passar', 'considerar', '100', 'contribuição', 'cálculo', 'benefício', '80', 'regra', '80', 'fundamental', 'justamente', 'evitar', 'salário', 'baixo', 'início', 'carreira', 'contabilizar', 'mudança', 'acontecer', 'reforma', 'previdência', 'infelizmente', 'aprovar', '2019', 'reduzir', 'valor', 'benefício', 'calcular', 'benefício', 'partir', 'primeiro', 'salário', 'usar', 'totalidade', 'contribuição', 'benefício', 'necessariamente', 'pequeno', 'início', 'carreira', 'pessoa', 'ganhar', 'pouco', 'longo', 'tempo', 'efeito', 'justificar', 'regra', '80', 'ataque', 'grave', 'pessoa', 'deficiência', 'razão', 'destaque', 'decréscimo', 'grande', 'valor', 'benefício', 'justamente', 'pessoa', 'deficiência', 'direito', 'condição', 'subsistência', 'acessar', 'benefício', 'simplesmente', 'rasgar', 'desrespeito', 'grande', 'pessoa', 'destaque', 'propor', 'retirar', 'art', '3', 'justamente', 'artigo', 'atacar', 'pessoa']"
Sâmia Bomfim,PSOL,SP,132.2022,ORDEM DO DIA,31/08/2022,11h00,DCD01/09/2022 PAG. 45,https://www.camara.leg.br/internet/sitaqweb/TextoHTML.asp?etapa=5&nuSessao=132.2022&nuQuarto=2615256&nuOrador=1&nuInsercao=1&dtHorarioQuarto=11%3A00&sgFaseSessao=OD&Data=31%2F08%2F2022&txApelido=S%C3%A2mia+Bomfim&txFaseSessao=Ordem+do+Dia&txTipoSessao=Ordin%C3%A1ria+-+CD&dtHoraQuarto=11%3A00,"Orientação de bancada na votação do requerimento de destaque para votação em separado da Emenda de Comissão nº 95 apresentada à Medida Provisória nº 1.119, de 2022, sobre a reabertura do prazo de opção para o regime de Previdência Complementar.","A SRA. SÂMIA BOMFIM (PSOL - SP. Pela ordem. Sem revisão da oradora.) - Este destaque é muito importante, porque visa retirar do relatório da medida provisória o parágrafo que torna a FUNPRESP um fundo de natureza privada. Nós estamos falando de um fundo de previdência para os servidores públicos. Não é possível que ele seja tratado como um negócio, ou seja, a partir da administração privada. Estamos tratando de coisa pública, que deve ser administrada como tal. Quando se torna privada, inclusive, possibilita que não se estabeleça mais o teto de remuneração para os dirigentes dessa fundação. Então, vai haver uma casta privilegiada que pode inclusive se apossar daquilo que foi uma contribuição desses servidores federais ao longo dos anos, ao mesmo tempo em que se reduz o benefício desses servidores que contribuíram. Portanto, este destaque é fundamental, porque trata de um ponto do texto que muda completamente a natureza do que é o direito à aposentadoria dos servidores federais.",destaque importante visar retirar relatório medida provisório parágrafo tornar funpresp fundo natureza privado fundo previdência servidor público possível tratar negócio partir administração privado tratar coisa público dever administrar tal tornar privado inclusive possibilitar estabelecer teto remuneração dirigente fundação então casta privilegiar inclusive apossar contribuição servidor federal longo ano tempo reduzir benefício servidor contribuir portanto destaque fundamental tratar ponto texto mudar completamente natureza direito aposentadoria servidor federal,"['destaque', 'importante', 'visar', 'retirar', 'relatório', 'medida', 'provisório', 'parágrafo', 'tornar', 'funpresp', 'fundo', 'natureza', 'privado', 'fundo', 'previdência', 'servidor', 'público', 'possível', 'tratar', 'negócio', 'partir', 'administração', 'privado', 'tratar', 'coisa', 'público', 'dever', 'administrar', 'tal', 'tornar', 'privado', 'inclusive', 'possibilitar', 'estabelecer', 'teto', 'remuneração', 'dirigente', 'fundação', 'então', 'casta', 'privilegiar', 'inclusive', 'apossar', 'contribuição', 'servidor', 'federal', 'longo', 'ano', 'tempo', 'reduzir', 'benefício', 'servidor', 'contribuir', 'portanto', 'destaque', 'fundamental', 'tratar', 'ponto', 'texto', 'mudar', 'completamente', 'natureza', 'direito', 'aposentadoria', 'servidor', 'federal']"
Sâmia Bomfim,PSOL,SP,132.2022,ORDEM DO DIA,31/08/2022,10h56,DCD01/09/2022 PAG. 43,https://www.camara.leg.br/internet/sitaqweb/TextoHTML.asp?etapa=5&nuSessao=132.2022&nuQuarto=2615236&nuOrador=1&nuInsercao=1&dtHorarioQuarto=10%3A56&sgFaseSessao=OD&Data=31%2F08%2F2022&txApelido=S%C3%A2mia+Bomfim&txFaseSessao=Ordem+do+Dia&txTipoSessao=Ordin%C3%A1ria+-+CD&dtHoraQuarto=10%3A56,"Orientação de bancada na votação do Projeto de Lei de Conversão nº 24, de 2022, apresentado à Medida Provisória nº 1.119, de 2022, sobre a reabertura do prazo de opção para o regime de Previdência Complementar, ressalvados os destaques.","A SRA. SÂMIA BOMFIM (PSOL - SP. Pela ordem. Sem revisão da oradora.) - Obrigada, Presidente. Nós vamos orientar contra esta medida provisória, primeiro, porque ela muda a natureza da FUNPRESP, que deixa de ser de natureza pública e se torna de natureza privada, e também porque há uma redução no valor dos benefícios daqueles servidores que acabam aderindo a esse modelo de previdência complementar. Há na proposição, também, um forte ataque aos servidores com deficiência, que vão ter os valores reduzidos. Para nós, o mínimo seria manter a regra atual, que garante melhores condições de aposentadoria. Também há a criação de supersalários para aqueles que vão ser os diretores dessa nova fundação privada. Esses salários podem chegar a 75 mil reais. Inclusive, esses valores podem ser reajustados, porque eles mesmos têm a capacidade de definir o próprio salário. Portanto, nós somos contrários à matéria.",obrigar orientar contra medida provisório primeiro mudar natureza funpresp deixar natureza público tornar natureza privado redução valor benefício servidor acabar aderir modelo previdência complementar proposição forte ataque servidor deficiência valor reduzir pequeno manter regra atual garantir bom condição aposentadoria criação supersalário diretor novo fundação privado salário chegar 75 mil real inclusive valor reajustar capacidade definir próprio salário portanto contrário matéria,"['obrigar', 'orientar', 'contra', 'medida', 'provisório', 'primeiro', 'mudar', 'natureza', 'funpresp', 'deixar', 'natureza', 'público', 'tornar', 'natureza', 'privado', 'redução', 'valor', 'benefício', 'servidor', 'acabar', 'aderir', 'modelo', 'previdência', 'complementar', 'proposição', 'forte', 'ataque', 'servidor', 'deficiência', 'valor', 'reduzir', 'pequeno', 'manter', 'regra', 'atual', 'garantir', 'bom', 'condição', 'aposentadoria', 'criação', 'supersalário', 'diretor', 'novo', 'fundação', 'privado', 'salário', 'chegar', '75', 'mil', 'real', 'inclusive', 'valor', 'reajustar', 'capacidade', 'definir', 'próprio', 'salário', 'portanto', 'contrário', 'matéria']"
Sâmia Bomfim,PSOL,SP,130.2022,ORDEM DO DIA,30/08/2022,21h20,DCD31/08/2022 PAG. 196,https://www.camara.leg.br/internet/sitaqweb/TextoHTML.asp?etapa=5&nuSessao=130.2022&nuQuarto=2614329&nuOrador=1&nuInsercao=1&dtHorarioQuarto=21%3A20&sgFaseSessao=OD&Data=30%2F08%2F2022&txApelido=S%C3%A2mia+Bomfim&txFaseSessao=Ordem+do+Dia&txTipoSessao=Ordin%C3%A1ria+-+CD&dtHoraQuarto=21%3A20,"Orientação de bancada na votação da Emenda do Senado Federal nº 2 apresentada ao Projeto de Lei nº 3.553-C, de 2015, acerca do exercício da atividade de condutor de ambulância, com parecer pela rejeição.","A SRA. SÂMIA BOMFIM (PSOL - SP. Pela ordem. Sem revisão da oradora.) - Presidente, nós orientamos o voto ""sim"", porque acreditamos que, ainda que seja importante o papel do condutor no acompanhamento do atendimento às vítimas, isso não pode ser uma tarefa obrigatória, tendo em vista que já há outros trabalhadores que podem se envolver com esse procedimento. No mais, quero cumprimentar a Deputada Soraya pelo trabalho, pelo relatório. Essa conquista foi muito importante para os condutores do Brasil.",orientar voto sim acreditar ainda importante papel condutor acompanhamento atendimento vítimo tarefa obrigatório ver outro trabalhador envolver procedimento cumprimentar deputada_soraya trabalho relatório conquistar importante condutor brasil,"['orientar', 'voto', 'sim', 'acreditar', 'ainda', 'importante', 'papel', 'condutor', 'acompanhamento', 'atendimento', 'vítimo', 'tarefa', 'obrigatório', 'ver', 'outro', 'trabalhador', 'envolver', 'procedimento', 'cumprimentar', 'deputada_soraya', 'trabalho', 'relatório', 'conquistar', 'importante', 'condutor', 'brasil']"
Sâmia Bomfim,PSOL,SP,130.2022,ORDEM DO DIA,30/08/2022,20h20,DCD31/08/2022 PAG. 172,https://www.camara.leg.br/internet/sitaqweb/TextoHTML.asp?etapa=5&nuSessao=130.2022&nuQuarto=2614177&nuOrador=1&nuInsercao=1&dtHorarioQuarto=20%3A20&sgFaseSessao=OD&Data=30%2F08%2F2022&txApelido=S%C3%A2mia+Bomfim&txFaseSessao=Ordem+do+Dia&txTipoSessao=Ordin%C3%A1ria+-+CD&dtHoraQuarto=20%3A20,"Orientação de bancada na votação do substitutivo do Senado Federal ao Projeto de Lei nº 1.561-B, de 2020, sobre autorização ao Poder Executivo para instituição dos produtos lotéricos denominados Loteria da Saúde e Loteria do Turismo; e sobre alteração da Lei nº 13.756, de 2018, ressalvados os destaques.","A SRA. SÂMIA BOMFIM (PSOL - SP. Pela ordem. Sem revisão da oradora.) - Presidente, nós votamos a favor do texto da Câmara porque ele dizia que 100% do lucro dos concursos iriam para o Fundo Nacional de Saúde ou para o FUNGETUR, o fundo de turismo. A emenda aprovada no Senado diz que somente 5% — de 100% foi para 5% — vão para o Fundo Nacional de Saúde e, no que diz respeito ao turismo, não vão mais para o FUNGETUR, mas para a EMBRATUR, empresa que, aliás, teve parte já privatizada — e são 3,5%. V.Exas. estão utilizando o argumento público de que é para favorecer a saúde, mas, na verdade, é para favorecer banco, já que, além disso, a emenda do Senado tirou o monopólio da Caixa Econômica para operadoras privadas. Está sendo dito para a população que este dinheiro se destina à saúde, mas é mais dinheiro para banco. É isso que está sendo votado! Por isso, nós somos contra.",votar favor texto câmara 100 lucro concurso fundo_nacional_de_saúde fungetur fundo turismo emenda aprovar senar somente 5 100 5 fundo_nacional_de_saúde respeito turismo fungetur embratur empresa aliás parte privatizar 35 vexa utilizar argumento público favorecer saúde verdade favorecer banco além emenda senar tirar monopólio caixa_econômico operadora privar população dinheiro destinar saúde dinheiro banco votar contra,"['votar', 'favor', 'texto', 'câmara', '100', 'lucro', 'concurso', 'fundo_nacional_de_saúde', 'fungetur', 'fundo', 'turismo', 'emenda', 'aprovar', 'senar', 'somente', '5', '100', '5', 'fundo_nacional_de_saúde', 'respeito', 'turismo', 'fungetur', 'embratur', 'empresa', 'aliás', 'parte', 'privatizar', '35', 'vexa', 'utilizar', 'argumento', 'público', 'favorecer', 'saúde', 'verdade', 'favorecer', 'banco', 'além', 'emenda', 'senar', 'tirar', 'monopólio', 'caixa_econômico', 'operadora', 'privar', 'população', 'dinheiro', 'destinar', 'saúde', 'dinheiro', 'banco', 'votar', 'contra']"
Sâmia Bomfim,PSOL,SP,130.2022,ORDEM DO DIA,30/08/2022,19h56,DCD31/08/2022 PAG. 164,https://www.camara.leg.br/internet/sitaqweb/TextoHTML.asp?etapa=5&nuSessao=130.2022&nuQuarto=2614126&nuOrador=1&nuInsercao=1&dtHorarioQuarto=19%3A56&sgFaseSessao=OD&Data=30%2F08%2F2022&txApelido=S%C3%A2mia+Bomfim&txFaseSessao=Ordem+do+Dia&txTipoSessao=Ordin%C3%A1ria+-+CD&dtHoraQuarto=19%3A56,"Defesa da retirada de pauta do substitutivo do Senado Federal ao Projeto de Lei nº 1.561-B, de 2020, sobre autorização ao Poder Executivo para instituição dos produtos lotéricos denominados Loteria da Saúde e Loteria do Turismo; e sobre alteração da Lei nº 13.756, de 2018.","A SRA. SÂMIA BOMFIM (PSOL - SP. Pela ordem. Sem revisão da oradora.) - Se fosse para aumentar o número de modalidades de loterias ou mesmo o valor dos prêmios, é óbvio que não haveria esse pedido de retirada de pauta, mas aqui se trata de retirar da Caixa Econômica Federal, sim, o monopólio sobre as loterias. Por que monopólio? Porque se trata de um banco público e, quando se transfere para a iniciativa privada, acaba-se promovendo o desmonte da Caixa. Nós sabemos que é disso que trata a intenção do atual Governo, que o colocou como parte do PPI, sem contar que nós estamos falando de uma emenda que restringiu em 5% a arrecadação para a saúde. Portanto, se o Deputado quer que haja o fomento da saúde no Brasil, ele deve rejeitar a emenda do Senado, e não ser favorável a ela porque, antes da emenda do Senado, não havia este teto de apenas 5% para a saúde — isso foi inaugurado lá. Agora, o que nós estamos fazendo é um retrocesso em relação ao que foi votado aqui na Câmara. Quem quer dinheiro para a saúde vota pela retirada de pauta desta matéria.",aumentar número modalidade loterio valor prêmio óbvio pedir retirada pauta tratar retirar caixa_econômica_federal sim monopólio sobre loteria monopólio tratar banco público transferir iniciativa privado acabase promover desmonte caixa saber tratar intenção atual governo colocar parte ppi contar emenda restringir 5 arrecadação saúde portanto fomento saúde brasil dever rejeitar emenda senar favorável antes emenda senar teto apenas 5 saúde inaugurar lá agora retrocesso relação votar câmara dinheiro saúde votar retirar pauta matéria,"['aumentar', 'número', 'modalidade', 'loterio', 'valor', 'prêmio', 'óbvio', 'pedir', 'retirada', 'pauta', 'tratar', 'retirar', 'caixa_econômica_federal', 'sim', 'monopólio', 'sobre', 'loteria', 'monopólio', 'tratar', 'banco', 'público', 'transferir', 'iniciativa', 'privado', 'acabase', 'promover', 'desmonte', 'caixa', 'saber', 'tratar', 'intenção', 'atual', 'governo', 'colocar', 'parte', 'ppi', 'contar', 'emenda', 'restringir', '5', 'arrecadação', 'saúde', 'portanto', 'fomento', 'saúde', 'brasil', 'dever', 'rejeitar', 'emenda', 'senar', 'favorável', 'antes', 'emenda', 'senar', 'teto', 'apenas', '5', 'saúde', 'inaugurar', 'lá', 'agora', 'retrocesso', 'relação', 'votar', 'câmara', 'dinheiro', 'saúde', 'votar', 'retirar', 'pauta', 'matéria']"
Sâmia Bomfim,PSOL,SP,130.2022,ORDEM DO DIA,30/08/2022,19h40,DCD31/08/2022 PAG. 158,https://www.camara.leg.br/internet/sitaqweb/TextoHTML.asp?etapa=5&nuSessao=130.2022&nuQuarto=2614079&nuOrador=1&nuInsercao=1&dtHorarioQuarto=19%3A40&sgFaseSessao=OD&Data=30%2F08%2F2022&txApelido=S%C3%A2mia+Bomfim&txFaseSessao=Ordem+do+Dia&txTipoSessao=Ordin%C3%A1ria+-+CD&dtHoraQuarto=19%3A40,"Orientação de bancada na votação do requerimento de destaque para votação em separado da Emenda de Plenário nº 1, oferecida à Medida Provisória nº 1.117, de 2022, sobre a alteração da Lei nº 13.703, de 2018, acerca da instituição da Política Nacional de Pisos Mínimos do Transporte Rodoviário de Cargas.","A SRA. SÂMIA BOMFIM (PSOL - SP. Pela ordem. Sem revisão da oradora.) - Essa fórmula milagrosa que o Governo encontrou para a redução temporária do preço dos combustíveis significou para os Estados e para os Municípios uma queda na arrecadação, porque essa redução ocorreu através da diminuição do ICMS, o que significa menos recursos para se investir em saúde e educação. E agora vêm dizer que é descabida a nossa proposta de acabar com a lógica do PPI, que atrela ao dólar o preço dos combustíveis no Brasil, um país autossuficiente na produção de petróleo, um país que poderia pensar na mudança de matriz energética, um país que poderia pensar, inclusive, em responsabilidade ambiental, para avançar nessa área e ser exemplo para o mundo. Eles dizem que a nossa proposta é descabida, mas que a única medida que o Bolsonaro tomou, uma medida eleitoreira, custa para Estados e Municípios. Então, não tratamos aqui de um jabuti, mas de uma solução real para o problema que é o Brasil só favorecer os acionistas da PETROBRAS, que estão lucrando cada vez mais, enquanto cai a arrecadação.",fórmula milagroso governo encontrar redução temporário preço combustível significar município queda arrecadação redução ocorrer através diminuição icms significar pouco recurso investir saúde educação agora vir descabido proposta acabar lógico ppi atrelo dólar preço combustível brasil país autossuficiente produção petróleo país pensar mudança matriz energético país pensar inclusive responsabilidade ambiental avançar área exemplo mundo proposta descabido único medida bolsonaro tomar medida eleitoreira custar estado município então tratar jabuti solução real problema brasil favorecer acionista petrobra lucrar cada vez enquanto cair arrecadação,"['fórmula', 'milagroso', 'governo', 'encontrar', 'redução', 'temporário', 'preço', 'combustível', 'significar', 'município', 'queda', 'arrecadação', 'redução', 'ocorrer', 'através', 'diminuição', 'icms', 'significar', 'pouco', 'recurso', 'investir', 'saúde', 'educação', 'agora', 'vir', 'descabido', 'proposta', 'acabar', 'lógico', 'ppi', 'atrelo', 'dólar', 'preço', 'combustível', 'brasil', 'país', 'autossuficiente', 'produção', 'petróleo', 'país', 'pensar', 'mudança', 'matriz', 'energético', 'país', 'pensar', 'inclusive', 'responsabilidade', 'ambiental', 'avançar', 'área', 'exemplo', 'mundo', 'proposta', 'descabido', 'único', 'medida', 'bolsonaro', 'tomar', 'medida', 'eleitoreira', 'custar', 'estado', 'município', 'então', 'tratar', 'jabuti', 'solução', 'real', 'problema', 'brasil', 'favorecer', 'acionista', 'petrobra', 'lucrar', 'cada', 'vez', 'enquanto', 'cair', 'arrecadação']"
Sâmia Bomfim,PSOL,SP,130.2022,ORDEM DO DIA,30/08/2022,19h32,DCD31/08/2022 PAG. 155,https://www.camara.leg.br/internet/sitaqweb/TextoHTML.asp?etapa=5&nuSessao=130.2022&nuQuarto=2614064&nuOrador=1&nuInsercao=1&dtHorarioQuarto=19%3A32&sgFaseSessao=OD&Data=30%2F08%2F2022&txApelido=S%C3%A2mia+Bomfim&txFaseSessao=Ordem+do+Dia&txTipoSessao=Ordin%C3%A1ria+-+CD&dtHoraQuarto=19%3A32,"Orientação de bancada na votação do requerimento de destaque para votação em separado da Emenda de Comissão nº 6, oferecida à Medida Provisória nº 1.117, de 2022, sobre a alteração da Lei nº 13.703, de 2018, acerca da instituição da Política Nacional de Pisos Mínimos do Transporte Rodoviário de Cargas.","A SRA. SÂMIA BOMFIM (PSOL - SP. Sem revisão da oradora.) - Já que nós estamos discutindo medidas que possam tirar um pouco da dificuldade da vida dos caminhoneiros do Brasil, que hoje pagam um valor historicamente alto pelo diesel no Brasil, o que faz com que muitos deles tenham dificuldade de sobreviver, por não conseguirem arcar com os custos do transporte e que dirá ter algum tipo de lucro, queremos discutir de fato a raiz do problema da alta do preço dos combustíveis, que mês após mês, nos últimos anos, foi corroendo o salário e as condições de vida da população brasileira. Falo não só sobre o diesel , mas também sobre a gasolina e sobre o álcool. Aqui abro um parêntese. É evidente que, nos últimos meses, por pressão eleitoral, não só este Parlamento, mas também Governadores acabaram reduzindo a tributação ou mesmo isentando de alguns tributos os combustíveis para que eles fossem barateados na bomba. Isso de fato teve um impacto no bolso dos trabalhadores. Na época, nós votamos a favor, mas já alertando que se tratava justamente de medidas eleitoreiras que não reverteriam o real problema que faz com que mês após mês os valores sigam subindo: o fato de o Brasil estar submetido à paridade de preços internacional, que faz com que o valor do combustível no Brasil seja dolarizado e que, em virtude de qualquer crise ou modificação no mercado internacional, a população brasileira tenha que arcar com esses custos. Hoje, a PETROBRAS tem quase metade das suas ações com acionistas privados — ela ainda é uma empresa pública —, que estão ganhando muito quando há alta no preço do dólar. O preço dos combustíveis no Brasil poderia e deveria estar de acordo com o custo de produção, mas não é esse o modelo adotado. Então, esses acionistas ganham bastante dinheiro, têm alta lucratividade cada vez que esse preço aumenta, e o povo brasileiro fica tendo que arcar, na bomba, com a alta dos preços. Nós propomos que o preço seja fixado de acordo com o custo de produção e que aos poucos se faça uma revisão da matriz energética brasileira, para que se tenha inclusive um impacto ambiental e social mais responsável, porque sabemos que a lógica da dependência completa do petróleo e da queima de combustíveis fósseis também é responsável pelos impactos no meio ambiente que colocam em risco a vida do planeta Terra. E o Brasil retrocedeu muito, em especial durante o Governo Bolsonaro, na sua preocupação com o impacto poluente da sua matriz energética. Por isso a nossa proposta. Nós vimos nesta medida provisória uma oportunidade para aprofundar o debate sobre o que significa o PPI.",discutir medida tirar pouco dificuldade vida caminhoneiro brasil hoje pagar valor historicamente alto diesel brasil dificuldade sobreviver conseguir arcar custo transporte algum tipo lucro discutir fato raiz problema alto preço combustível mês após mês último ano corroer salário condição vida população brasileiro sobre diesel sobre gasolina sobre álcool abror parêntese evidente último mês pressão eleitoral parlamento governador acabar reduzir tributação isentar algum tributo combustível baratear bomba fato impacto bolso trabalhador época votar favor alertar tratar justamente medida eleitoreir reverter real problema mês após mês valor seguir subir fato brasil submeter paridade preço internacional valor combustível brasil dolarizar virtude qualquer crise modificação mercado internacional população brasileiro arcar custo hoje petrobra quase metade ação acionista privar ainda empresa público ganhar alta preço dólar preço combustível brasil dever acordo custo produção modelo adotar então acionista ganhar bastante dinheiro alto lucratividade cada vez preço aumentar povo brasileiro ficar arcar bomba alto preço propor preço fixar acordo custo produção pouco revisão matriz energético brasileiro inclusive impacto ambiental social responsável saber lógico dependência completo petróleo queimar combustível fóssel responsável impacto meio ambiente colocar risco vida planeta terra brasil retroceder especial durante governo_bolsonaro preocupação impacto poluente matriz energético proposta vir medida provisório oportunidade aprofundar debate sobre significar ppi,"['discutir', 'medida', 'tirar', 'pouco', 'dificuldade', 'vida', 'caminhoneiro', 'brasil', 'hoje', 'pagar', 'valor', 'historicamente', 'alto', 'diesel', 'brasil', 'dificuldade', 'sobreviver', 'conseguir', 'arcar', 'custo', 'transporte', 'algum', 'tipo', 'lucro', 'discutir', 'fato', 'raiz', 'problema', 'alto', 'preço', 'combustível', 'mês', 'após', 'mês', 'último', 'ano', 'corroer', 'salário', 'condição', 'vida', 'população', 'brasileiro', 'sobre', 'diesel', 'sobre', 'gasolina', 'sobre', 'álcool', 'abror', 'parêntese', 'evidente', 'último', 'mês', 'pressão', 'eleitoral', 'parlamento', 'governador', 'acabar', 'reduzir', 'tributação', 'isentar', 'algum', 'tributo', 'combustível', 'baratear', 'bomba', 'fato', 'impacto', 'bolso', 'trabalhador', 'época', 'votar', 'favor', 'alertar', 'tratar', 'justamente', 'medida', 'eleitoreir', 'reverter', 'real', 'problema', 'mês', 'após', 'mês', 'valor', 'seguir', 'subir', 'fato', 'brasil', 'submeter', 'paridade', 'preço', 'internacional', 'valor', 'combustível', 'brasil', 'dolarizar', 'virtude', 'qualquer', 'crise', 'modificação', 'mercado', 'internacional', 'população', 'brasileiro', 'arcar', 'custo', 'hoje', 'petrobra', 'quase', 'metade', 'ação', 'acionista', 'privar', 'ainda', 'empresa', 'público', 'ganhar', 'alta', 'preço', 'dólar', 'preço', 'combustível', 'brasil', 'dever', 'acordo', 'custo', 'produção', 'modelo', 'adotar', 'então', 'acionista', 'ganhar', 'bastante', 'dinheiro', 'alto', 'lucratividade', 'cada', 'vez', 'preço', 'aumentar', 'povo', 'brasileiro', 'ficar', 'arcar', 'bomba', 'alto', 'preço', 'propor', 'preço', 'fixar', 'acordo', 'custo', 'produção', 'pouco', 'revisão', 'matriz', 'energético', 'brasileiro', 'inclusive', 'impacto', 'ambiental', 'social', 'responsável', 'saber', 'lógico', 'dependência', 'completo', 'petróleo', 'queimar', 'combustível', 'fóssel', 'responsável', 'impacto', 'meio', 'ambiente', 'colocar', 'risco', 'vida', 'planeta', 'terra', 'brasil', 'retroceder', 'especial', 'durante', 'governo_bolsonaro', 'preocupação', 'impacto', 'poluente', 'matriz', 'energético', 'proposta', 'vir', 'medida', 'provisório', 'oportunidade', 'aprofundar', 'debate', 'sobre', 'significar', 'ppi']"
Sâmia Bomfim,PSOL,SP,130.2022,ORDEM DO DIA,30/08/2022,19h24,DCD31/08/2022 PAG. 151,https://www.camara.leg.br/internet/sitaqweb/TextoHTML.asp?etapa=5&nuSessao=130.2022&nuQuarto=2614010&nuOrador=1&nuInsercao=1&dtHorarioQuarto=19%3A24&sgFaseSessao=OD&Data=30%2F08%2F2022&txApelido=S%C3%A2mia+Bomfim&txFaseSessao=Ordem+do+Dia&txTipoSessao=Ordin%C3%A1ria+-+CD&dtHoraQuarto=19%3A24,"Orientação de bancada na votação do requerimento de destaque para votação em separado da Emenda de Comissão nº 5, oferecida à Medida Provisória nº 1.117, de 2022, sobre a alteração da Lei nº 13.703, de 2018, acerca da instituição da Política Nacional de Pisos Mínimos do Transporte Rodoviário de Cargas. Encaminhamento, pelo PSOL, de requerimento de convocação do Ministro-Chefe de Segurança Institucional do Brasil, General Augusto Heleno, para explicações sobre o envolvimento da Agência Brasileira de Inteligência - ABIN nas investigações da Polícia Federal sobre Jair Renan Bolsonaro, filho do Presidente da República.","A SRA. SÂMIA BOMFIM (PSOL - SP. Pela ordem. Sem revisão da oradora.) - O PSOL orienta ""sim"", Presidente. Quero anunciar que nós do PSOL estamos protocolando requerimento de convocação do Sr. Heleno, aqui para o Plenário e diferentes Comissões, para que ele explique ao Parlamento e, principalmente, à sociedade brasileira por que a ABIN se envolveu nas investigações da Polícia Federal sobre o menino, o homem, na verdade, que se comporta como um moleque, o Jair Renan Bolsonaro. Mais uma vez o Bolsonaro está aparelhando as instituições brasileiras para proteger a sua família, em vez de utilizá-las para a defesa pública, institucional. Foi isso o que ele fez desde o começo com a própria Polícia Federal. E agora essa investigação demonstrou que até a ABIN eles estão utilizando para tentar salvar a pele dessa família corrupta. Portanto, nós vamos fazer a convocação dele e esperamos que as investigações sigam até o fim para que o Brasil possa, finalmente, saber quem é essa família.",psol orientar sim anunciar psol protocolar requerimento convocação sr_heleno plenário_e_diferentes_comissões explicar parlamento principalmente sociedade brasileiro abin envolver investigação polícia_federal sobre menino homem verdade comportar moleque jair_renan_bolsonaro vez bolsonaro aparelhar instituição brasileiro proteger família vez utilizálas defesa público institucional desde começo próprio polícia_federal agora investigação demonstrar abin utilizar tentar salvar pele família corrupto portanto convocação esperar investigação seguir fim brasil finalmente saber família,"['psol', 'orientar', 'sim', 'anunciar', 'psol', 'protocolar', 'requerimento', 'convocação', 'sr_heleno', 'plenário_e_diferentes_comissões', 'explicar', 'parlamento', 'principalmente', 'sociedade', 'brasileiro', 'abin', 'envolver', 'investigação', 'polícia_federal', 'sobre', 'menino', 'homem', 'verdade', 'comportar', 'moleque', 'jair_renan_bolsonaro', 'vez', 'bolsonaro', 'aparelhar', 'instituição', 'brasileiro', 'proteger', 'família', 'vez', 'utilizálas', 'defesa', 'público', 'institucional', 'desde', 'começo', 'próprio', 'polícia_federal', 'agora', 'investigação', 'demonstrar', 'abin', 'utilizar', 'tentar', 'salvar', 'pele', 'família', 'corrupto', 'portanto', 'convocação', 'esperar', 'investigação', 'seguir', 'fim', 'brasil', 'finalmente', 'saber', 'família']"
Sâmia Bomfim,PSOL,SP,130.2022,ORDEM DO DIA,30/08/2022,19h16,DCD31/08/2022 PAG. 147,https://www.camara.leg.br/internet/sitaqweb/TextoHTML.asp?etapa=5&nuSessao=130.2022&nuQuarto=2613971&nuOrador=1&nuInsercao=1&dtHorarioQuarto=19%3A16&sgFaseSessao=OD&Data=30%2F08%2F2022&txApelido=S%C3%A2mia+Bomfim&txFaseSessao=Ordem+do+Dia&txTipoSessao=Ordin%C3%A1ria+-+CD&dtHoraQuarto=19%3A16,"Orientação de bancada na votação da Medida Provisória nº 1.117, de 2022, sobre a alteração da Lei nº 13.703, de 2018, acerca da instituição da Política Nacional de Pisos Mínimos do Transporte Rodoviário de Cargas, ressalvados os destaques.","A SRA. SÂMIA BOMFIM (PSOL - SP. Pela ordem. Sem revisão da oradora.) - O PSOL orienta ""sim"" porque essa medida provisória propõe aumentar a tabela do frete quando o reajuste for não mais de 10%, e sim de 5%. Acho que é uma medida importante que pode auxiliar os caminhoneiros no Brasil, aliás, isso foi adotado logo após a greve que aconteceu durante o Governo Temer — os 10% agora passam para 5%. Mas é importante dizer que, para se reverter essa lógica da alta do preço do diesel , nós precisamos enfrentar a política de paridade internacional, que faz com que os preços dos combustíveis sejam dolarizados no Brasil. Por mais que nós tenhamos votado aqui e os Governadores tenham adotado a suspensão de impostos como o ICMS, o que resultou em uma queda no valor dos combustíveis na bomba, a verdade é que isso pode voltar, porque se trata principalmente de medidas eleitoreiras, que não atacam estruturalmente a lógica do aumento permanente de preço.",psol orientar sim medida provisório propor aumentar tabela frete reajuste 10 sim 5 achar medida importante auxiliar caminhoneiro brasil aliás adotar logo após greve acontecer durante governo_temer 10 agora passar 5 importante reverter lógico alto preço diesel enfrentar político paridade internacional preço combustível dolarizar brasil votar governador adotar suspensão imposto icms resultar queda valor combustível bomba verdade voltar tratar principalmente medida eleitoreir atacar estruturalmente lógico aumento permanente preço,"['psol', 'orientar', 'sim', 'medida', 'provisório', 'propor', 'aumentar', 'tabela', 'frete', 'reajuste', '10', 'sim', '5', 'achar', 'medida', 'importante', 'auxiliar', 'caminhoneiro', 'brasil', 'aliás', 'adotar', 'logo', 'após', 'greve', 'acontecer', 'durante', 'governo_temer', '10', 'agora', 'passar', '5', 'importante', 'reverter', 'lógico', 'alto', 'preço', 'diesel', 'enfrentar', 'político', 'paridade', 'internacional', 'preço', 'combustível', 'dolarizar', 'brasil', 'votar', 'governador', 'adotar', 'suspensão', 'imposto', 'icms', 'resultar', 'queda', 'valor', 'combustível', 'bomba', 'verdade', 'voltar', 'tratar', 'principalmente', 'medida', 'eleitoreir', 'atacar', 'estruturalmente', 'lógico', 'aumento', 'permanente', 'preço']"
Sâmia Bomfim,PSOL,SP,130.2022,ORDEM DO DIA,30/08/2022,18h56,DCD31/08/2022 PAG. 132,https://www.camara.leg.br/internet/sitaqweb/TextoHTML.asp?etapa=5&nuSessao=130.2022&nuQuarto=2613908&nuOrador=1&nuInsercao=1&dtHorarioQuarto=18%3A56&sgFaseSessao=OD&Data=30%2F08%2F2022&txApelido=S%C3%A2mia+Bomfim&txFaseSessao=Ordem+do+Dia&txTipoSessao=Ordin%C3%A1ria+-+CD&dtHoraQuarto=18%3A56,"Orientação de bancada na votação do requerimento de destaque para supressão do parágrafo único do art. 5º do projeto de lei de conversão apresentado à Medida Provisória nº 1.116, de 2022, acerca da instituição do Programa Emprega+Mulheres; alteração da CLT - Consolidação das Leis do Trabalho, aprovada pelo Decreto-Lei nº 5.452, de 1943; e das Leis nºs 11.770, de 2008; 13.999, de 2020; e 12.513, de 2011.","A SRA. SÂMIA BOMFIM (PSOL - SP. Pela ordem. Sem revisão da oradora.) - O PSOL orienta ""não"", Presidente. A concessão de auxílio-creche não pode ser uma desculpa para desobrigar as empresas de terem locais apropriados para a amamentação. A amamentação é um direito da mãe, mas é sobretudo um direito dos bebês, é essencial para a prevenção de uma série de doenças ao longo da vida. Autorizar que as empresas não tenham mais a obrigação de ter esses espaços é impedir a possibilidade de amamentação, e isso de forma alguma pode ser benéfico para as mulheres trabalhadoras no Brasil. Ao contrário, nós precisamos obrigar cada vez mais as empresas a terem espaços assim, a ampliar a licença-maternidade e, de preferência, a licença parental, porque a responsabilidade para garantir a amamentação não é só da mãe, mas de toda a família. Eu amamento o meu filho, que está com 1 ano e 2 meses, e sei o quanto é difícil. Aqui na Câmara, inclusive, deveria haver um espaço de amamentação também, e não há nada.",psol orientar concessão auxíliocreche desculpa desobrigar empresa local apropriar amamentação amamentação direito mãe sobretudo direito bebê essencial prevenção série doença longo vida autorizar empresa obrigação espaço impedir possibilidade amamentação forma algum benéfico mulher trabalhadora brasil contrário obrigar cada vez empresa espaço assim ampliar licençamaternidadeo preferência licença parental responsabilidade garantir amamentação mãe todo família amamento filho 1 ano 2 mês saber quanto difícil câmara inclusive dever espaço amamentação nada,"['psol', 'orientar', 'concessão', 'auxíliocreche', 'desculpa', 'desobrigar', 'empresa', 'local', 'apropriar', 'amamentação', 'amamentação', 'direito', 'mãe', 'sobretudo', 'direito', 'bebê', 'essencial', 'prevenção', 'série', 'doença', 'longo', 'vida', 'autorizar', 'empresa', 'obrigação', 'espaço', 'impedir', 'possibilidade', 'amamentação', 'forma', 'algum', 'benéfico', 'mulher', 'trabalhadora', 'brasil', 'contrário', 'obrigar', 'cada', 'vez', 'empresa', 'espaço', 'assim', 'ampliar', 'licençamaternidadeo', 'preferência', 'licença', 'parental', 'responsabilidade', 'garantir', 'amamentação', 'mãe', 'todo', 'família', 'amamento', 'filho', '1', 'ano', '2', 'mês', 'saber', 'quanto', 'difícil', 'câmara', 'inclusive', 'dever', 'espaço', 'amamentação', 'nada']"
Sâmia Bomfim,PSOL,SP,130.2022,ORDEM DO DIA,30/08/2022,18h44,DCD31/08/2022 PAG. 127,https://www.camara.leg.br/internet/sitaqweb/TextoHTML.asp?etapa=5&nuSessao=130.2022&nuQuarto=2613864&nuOrador=1&nuInsercao=1&dtHorarioQuarto=18%3A44&sgFaseSessao=OD&Data=30%2F08%2F2022&txApelido=S%C3%A2mia+Bomfim&txFaseSessao=Ordem+do+Dia&txTipoSessao=Ordin%C3%A1ria+-+CD&dtHoraQuarto=18%3A44,"Orientação de bancada na votação do Projeto de Lei de Conversão nº 23, de 2022, da Medida Provisória nº 1.116, de 2022, acerca da instituição do Programa Emprega+Mulheres; alteração da CLT - Consolidação das Leis do Trabalho, aprovada pelo Decreto-Lei nº 5.452, de 1943; e das Leis nºs 11.770, de 2008; 13.999, de 2020; e 12.513, de 2011, ressalvados os destaques.","A SRA. SÂMIA BOMFIM (PSOL - SP. Pela ordem. Sem revisão da oradora.) - Presidente, eu quero reconhecer o avanço no relatório no sentido de retirar todos os ataques ao Programa Jovem Aprendiz — e, inclusive, quero parabenizar os jovens que se mobilizaram muito, principalmente pelas redes sociais, e os que também estavam aqui na frente — e também por ter sido retirado o trecho que possibilitava a utilização do FGTS para as creches. Isso é um dever, é uma responsabilidade do Estado, e não pode ser terceirizada com recursos do FGTS. Porém, nós não conseguimos votar a favor de um projeto que coloca sobre as mães a responsabilidade por serem demitidas no mercado de trabalho — metade delas é demitida —, e não é correto o argumento de que elas precisam suspender os seus contratos para que tenham mais formação e possam permanecer no mercado de trabalho. Na prática, isso vai significar demissão, suspensão dos contratos e flexibilização dos direitos dessas gestantes e dessas mães. Portanto, o PSOL orienta ""não"".",reconhecer avanço relatório sentido retirar todo ataque programa_jovem_aprendiz inclusive parabenizar jovem mobilizar principalmente rede social frente retirar trecho possibilitar utilização fgts creche dever responsabilidade estado terceirizar recurso fgts porém conseguir votar favor projeto colocar sobre mãe responsabilidade demitir mercado trabalho metade demitido correto argumento suspender contrato formação permanecer mercado trabalho práticar significar demissão suspensão contrato flexibilização direito gestante mãe portanto psol orientar,"['reconhecer', 'avanço', 'relatório', 'sentido', 'retirar', 'todo', 'ataque', 'programa_jovem_aprendiz', 'inclusive', 'parabenizar', 'jovem', 'mobilizar', 'principalmente', 'rede', 'social', 'frente', 'retirar', 'trecho', 'possibilitar', 'utilização', 'fgts', 'creche', 'dever', 'responsabilidade', 'estado', 'terceirizar', 'recurso', 'fgts', 'porém', 'conseguir', 'votar', 'favor', 'projeto', 'colocar', 'sobre', 'mãe', 'responsabilidade', 'demitir', 'mercado', 'trabalho', 'metade', 'demitido', 'correto', 'argumento', 'suspender', 'contrato', 'formação', 'permanecer', 'mercado', 'trabalho', 'práticar', 'significar', 'demissão', 'suspensão', 'contrato', 'flexibilização', 'direito', 'gestante', 'mãe', 'portanto', 'psol', 'orientar']"
Sâmia Bomfim,PSOL,SP,130.2022,ORDEM DO DIA,30/08/2022,17h56,DCD31/08/2022 PAG. 110,https://www.camara.leg.br/internet/sitaqweb/TextoHTML.asp?etapa=5&nuSessao=130.2022&nuQuarto=2613811&nuOrador=1&nuInsercao=1&dtHorarioQuarto=17%3A56&sgFaseSessao=OD&Data=30%2F08%2F2022&txApelido=S%C3%A2mia+Bomfim&txFaseSessao=Ordem+do+Dia&txTipoSessao=Ordin%C3%A1ria+-+CD&dtHoraQuarto=17%3A56,"Orientação de bancada na votação do requerimento de destaque para votação em separado da Emenda de Plenário nº 1, apresentada à Medida Provisória nº 1.115, de 2022,  sobre alteração da Lei nº 7.689, de 1988, acerca da instituição da contribuição social sobre o lucro das pessoas jurídicas.","A SRA. SÂMIA BOMFIM (PSOL - SP. Pela ordem. Sem revisão da oradora.) - No País em que o litro de leite está custando 10 reais, no País da hiperinflação e de 33 milhões de brasileiras e brasileiros passando fome, quando nós propusemos que o auxílio de 600 reais fosse permanente, o Governo votou contra. Poucos dias depois, apresentou um projeto que possibilitava empréstimo consignado para essas famílias que estão na unha conseguindo sobreviver e vão ficar cada vez mais endividadas. Sessenta por cento da população brasileira já estão endividados, não para gastos supérfluos, mas para conseguir alimentar a família, para as despesas do lar. Agora, na hora de fazer uma tributação mais justa sobre o sistema financeiro, eles são contra. Estão contra uma renda permanente para o mais pobre, mas também estão contra uma tributação à altura do que o mercado financeiro lucrou sobre a miséria do povo brasileiro nos últimos anos. Por isso, o PSOL orienta ""sim"". Não é à toa que o Governo Bolsonaro vem sendo repudiado pelo povo.",país litro leite custar 10 real país hiperinflação 33 milhão brasileira brasileiro passar fome propuser auxílio 600 real permanente governo votar contra pouco dia apresentar projeto possibilitar empréstimo consignar família unha conseguir sobreviver ficar cada vez endividar sessenta cento população brasileira endividar gasto supérfluos conseguir alimentar família despesa lar agora hora tributação justo sobre sistema financeiro contra contra renda permanente pobre contra tributação altura mercado financeiro lucrar sobre miséria povo brasileiro último ano psol orientar sim toa governo_bolsonaro vir repudiar povo,"['país', 'litro', 'leite', 'custar', '10', 'real', 'país', 'hiperinflação', '33', 'milhão', 'brasileira', 'brasileiro', 'passar', 'fome', 'propuser', 'auxílio', '600', 'real', 'permanente', 'governo', 'votar', 'contra', 'pouco', 'dia', 'apresentar', 'projeto', 'possibilitar', 'empréstimo', 'consignar', 'família', 'unha', 'conseguir', 'sobreviver', 'ficar', 'cada', 'vez', 'endividar', 'sessenta', 'cento', 'população', 'brasileira', 'endividar', 'gasto', 'supérfluos', 'conseguir', 'alimentar', 'família', 'despesa', 'lar', 'agora', 'hora', 'tributação', 'justo', 'sobre', 'sistema', 'financeiro', 'contra', 'contra', 'renda', 'permanente', 'pobre', 'contra', 'tributação', 'altura', 'mercado', 'financeiro', 'lucrar', 'sobre', 'miséria', 'povo', 'brasileiro', 'último', 'ano', 'psol', 'orientar', 'sim', 'toa', 'governo_bolsonaro', 'vir', 'repudiar', 'povo']"
Sâmia Bomfim,PSOL,SP,130.2022,ORDEM DO DIA,30/08/2022,17h48,DCD31/08/2022 PAG. 107,https://www.camara.leg.br/internet/sitaqweb/TextoHTML.asp?etapa=5&nuSessao=130.2022&nuQuarto=2613793&nuOrador=1&nuInsercao=1&dtHorarioQuarto=17%3A48&sgFaseSessao=OD&Data=30%2F08%2F2022&txApelido=S%C3%A2mia+Bomfim&txFaseSessao=Ordem+do+Dia&txTipoSessao=Ordin%C3%A1ria+-+CD&dtHoraQuarto=17%3A48,"Encaminhamento de votação do requerimento de destaque para votação em separado da Emenda de Plenário nº 1, apresentada à Medida Provisória nº 1.115, de 2022,  sobre alteração da Lei nº 7.689, de 1988, acerca da instituição da contribuição social sobre o lucro das pessoas jurídicas.","A SRA. SÂMIA BOMFIM (PSOL - SP. Sem revisão da oradora.) - Nosso destaque visa tornar permanente esse aumento de tributação sobre a Contribuição Social sobre o Lucro Líquido desses bancos. Vejam: a proposta que o Governo enviou fala em subir de 20% para 21%, mas somente até dezembro.  Claro, isso tem a ver com uma lógica eleitoreira, afinal de contas Bolsonaro sabe que, ano que vem, não vai estar mais no comando do País. Estamos falando de algo sério, de justiça tributária, de cobrança à altura do que eles lucram todos os anos. Portanto, essa deve ser uma medida permanente. Esse é o primeiro ponto do nosso destaque. O segundo ponto do nosso destaque é que não seja somente de 21%, mas de 30%, Deputada Erika. Não estamos falando de uma empresa comum, que gera emprego, que gera renda. Estamos falando de banco, do monopólio dos bancos no Brasil. São eles que definem a taxa de juros, que cobram altíssimos juros das trabalhadoras e dos trabalhadores e que, num contexto de extremo endividamento, aumentam muito inclusive seus lucros. Vejam vocês: o Unibanco teve 25 bilhões em lucros; o Bradesco, 22 bilhões em lucros; o Santander, 15 bilhões em lucros no ano de 2021. Ano após ano, batem recordes, enquanto o trabalhador, o assalariado ou o desempregado, qualquer cidadão ou cidadã brasileira tem até mais da metade da sua renda corroída pelo pagamento de impostos, porque a lógica da tributação no Brasil recai sobre o consumo, não sobre banqueiros, sobre aqueles que têm altos lucros, nem mesmo sobre aqueles que concentram renda, têm grandes patrimônios — é somente sobre o trabalhador. Precisamos avançar para uma discussão séria sobre uma reforma tributária progressiva. Eu espero que isso seja possível, inclusive no próximo Governo, porque é necessário mudar a lógica de tributação para que se amplie a arrecadação e, ao mesmo tempo, se isentem os mais pobres e a classe média com a taxação das grandes fortunas, com a isenção daqueles que são pobres e classe média e a criação de duas, três novas faixas de Imposto de Renda, com o aumento da tributação de lucros e dividendos, porque assim inverteremos a pirâmide. Temos um Robin Hood às avessas: aqueles mais pobres são mais taxados, e os mais ricos, que poderiam e deveriam contribuir mais, muitas vezes são isentos. Portanto, essa é a nossa proposta para que possamos avançar de fato com um projeto de tributação justa no nosso País, um primeiro passo, e, quem sabe, haja algum legado útil desses 4 anos de Governo Bolsonaro.",destaque visar tornar permanente aumento tributação sobre contribuição_social sobre lucro_líquer banco vejam proposta governo enviar subir 20 21 somente dezembro claro ver lógico eleitoreiro afinal conta bolsonaro saber ano vir comar país algo sério justiça tributário cobrança altura lucrar todo ano portanto dever medida permanente primeiro ponto destaque segundo ponto destaque somente 21 30 deputada_erika empresa comum gerar emprego gerar renda banco monopólio banco brasil definir taxa juro cobrar altíssimo juro trabalhadora trabalhador contexto extremo endividamento aumentar inclusive lucro vejam unibanco 25 bilhão lucro bradesco 22 bilhão lucro santander 15 bilhão lucro ano 2021 ano após ano bater recorde enquanto trabalhador assalariado desempregado qualquer cidadão cidadã brasileiro metade renda corroída pagamento imposto lógico tributação brasil recair sobre consumo sobre banqueiro sobre alto lucro sobre concentrar renda grande patrimônio somente sobre trabalhador avançar discussão sério sobre reforma tributário progressivo esperar possível inclusive próximo governo necessário mudar lógico tributação ampliar arrecadação tempo isentar pobre classe médio taxação grande fortuna isenção pobre classe médio criação duas três novo faixa imposto_de_renda aumento tributação lucro dividenr assim inverterer pirâmide robin_hood avesso pobre taxar rico dever contribuir vez isento portanto proposta possamos avançar fato projeto tributação justo país primeiro passo saber algum legado útil 4 ano governo_bolsonaro,"['destaque', 'visar', 'tornar', 'permanente', 'aumento', 'tributação', 'sobre', 'contribuição_social', 'sobre', 'lucro_líquer', 'banco', 'vejam', 'proposta', 'governo', 'enviar', 'subir', '20', '21', 'somente', 'dezembro', 'claro', 'ver', 'lógico', 'eleitoreiro', 'afinal', 'conta', 'bolsonaro', 'saber', 'ano', 'vir', 'comar', 'país', 'algo', 'sério', 'justiça', 'tributário', 'cobrança', 'altura', 'lucrar', 'todo', 'ano', 'portanto', 'dever', 'medida', 'permanente', 'primeiro', 'ponto', 'destaque', 'segundo', 'ponto', 'destaque', 'somente', '21', '30', 'deputada_erika', 'empresa', 'comum', 'gerar', 'emprego', 'gerar', 'renda', 'banco', 'monopólio', 'banco', 'brasil', 'definir', 'taxa', 'juro', 'cobrar', 'altíssimo', 'juro', 'trabalhadora', 'trabalhador', 'contexto', 'extremo', 'endividamento', 'aumentar', 'inclusive', 'lucro', 'vejam', 'unibanco', '25', 'bilhão', 'lucro', 'bradesco', '22', 'bilhão', 'lucro', 'santander', '15', 'bilhão', 'lucro', 'ano', '2021', 'ano', 'após', 'ano', 'bater', 'recorde', 'enquanto', 'trabalhador', 'assalariado', 'desempregado', 'qualquer', 'cidadão', 'cidadã', 'brasileiro', 'metade', 'renda', 'corroída', 'pagamento', 'imposto', 'lógico', 'tributação', 'brasil', 'recair', 'sobre', 'consumo', 'sobre', 'banqueiro', 'sobre', 'alto', 'lucro', 'sobre', 'concentrar', 'renda', 'grande', 'patrimônio', 'somente', 'sobre', 'trabalhador', 'avançar', 'discussão', 'sério', 'sobre', 'reforma', 'tributário', 'progressivo', 'esperar', 'possível', 'inclusive', 'próximo', 'governo', 'necessário', 'mudar', 'lógico', 'tributação', 'ampliar', 'arrecadação', 'tempo', 'isentar', 'pobre', 'classe', 'médio', 'taxação', 'grande', 'fortuna', 'isenção', 'pobre', 'classe', 'médio', 'criação', 'duas', 'três', 'novo', 'faixa', 'imposto_de_renda', 'aumento', 'tributação', 'lucro', 'dividenr', 'assim', 'inverterer', 'pirâmide', 'robin_hood', 'avesso', 'pobre', 'taxar', 'rico', 'dever', 'contribuir', 'vez', 'isento', 'portanto', 'proposta', 'possamos', 'avançar', 'fato', 'projeto', 'tributação', 'justo', 'país', 'primeiro', 'passo', 'saber', 'algum', 'legado', 'útil', '4', 'ano', 'governo_bolsonaro']"
Sâmia Bomfim,PSOL,SP,130.2022,ORDEM DO DIA,30/08/2022,17h36,DCD31/08/2022 PAG. 101,https://www.camara.leg.br/internet/sitaqweb/TextoHTML.asp?etapa=5&nuSessao=130.2022&nuQuarto=2613732&nuOrador=1&nuInsercao=1&dtHorarioQuarto=17%3A36&sgFaseSessao=OD&Data=30%2F08%2F2022&txApelido=S%C3%A2mia+Bomfim&txFaseSessao=Ordem+do+Dia&txTipoSessao=Ordin%C3%A1ria+-+CD&dtHoraQuarto=17%3A36,"Orientação de bancada na votação do requerimento de destaque para votação em separado da Emenda de Comissão nº 7, apresentada à Medida Provisória nº 1.115, de 2022,  sobre alteração da Lei nº 7.689, de 1988, acerca da instituição da contribuição social sobre o lucro das pessoas jurídicas. Descaso do Presidente Jair Bolsonaro diante do quadro de fome reinante no País. Utilização da Agência Brasileira de Inteligência - ABIN pelo Presidente da República para interferência em investigações da Polícia Federal contra seu filho. Prática de corrupção no Ministério da Educação.","A SRA. SÂMIA BOMFIM (PSOL - SP. Pela ordem. Sem revisão da oradora.) - Sr. Presidente, o PSOL orienta favoravelmente a esse destaque. Respondendo ao Deputado bolsonarista, eu não sei em que país ele vive. Se ele não anda pelas ruas do Brasil afora, quero lhe dizer que a situação do nosso povo é muito dura. Há 33 milhões de pessoas passando fome, ainda que Bolsonaro ignore isso, inclusive nos debates, desrespeitando a dor de tantas famílias. Este é o mesmo País em que ele coloca a ABIN para defender um dos seus filhos de investigações a respeito de dinheiro que foi recebido indevidamente ou mesmo de quem controla o MEC, em um País em que ainda há escolas de lata, simplesmente para desviar recursos para favorecer redutos eleitorais. Talvez o desespero eleitoral das pesquisas, que não mudam o resultado, faça o sujeito criar cada vez mais fake news, mas isso não muda o resultado eleitoral.",sr_presidente psol orientar favoravelmente destaque responder deputado_bolsonarista saber país viver andar rua brasil afora situação povo durar 33 milhão pessoa passar fome ainda bolsonaro ignorar inclusive debate desrespeitar dor tanto família país colocar abin defender filho investigação respeito dinheiro receber indevidamente controlar mec país ainda escola latar simplesmente desviar recurso favorecer reduto eleitoral talvez desespero eleitoral pesquisa mudar resultado sujeito criar cada vez fake news mudar resultado eleitoral,"['sr_presidente', 'psol', 'orientar', 'favoravelmente', 'destaque', 'responder', 'deputado_bolsonarista', 'saber', 'país', 'viver', 'andar', 'rua', 'brasil', 'afora', 'situação', 'povo', 'durar', '33', 'milhão', 'pessoa', 'passar', 'fome', 'ainda', 'bolsonaro', 'ignorar', 'inclusive', 'debate', 'desrespeitar', 'dor', 'tanto', 'família', 'país', 'colocar', 'abin', 'defender', 'filho', 'investigação', 'respeito', 'dinheiro', 'receber', 'indevidamente', 'controlar', 'mec', 'país', 'ainda', 'escola', 'latar', 'simplesmente', 'desviar', 'recurso', 'favorecer', 'reduto', 'eleitoral', 'talvez', 'desespero', 'eleitoral', 'pesquisa', 'mudar', 'resultado', 'sujeito', 'criar', 'cada', 'vez', 'fake', 'news', 'mudar', 'resultado', 'eleitoral']"
Sâmia Bomfim,PSOL,SP,130.2022,ORDEM DO DIA,30/08/2022,17h16,DCD31/08/2022 PAG. 95,https://www.camara.leg.br/internet/sitaqweb/TextoHTML.asp?etapa=5&nuSessao=130.2022&nuQuarto=2613691&nuOrador=1&nuInsercao=1&dtHorarioQuarto=17%3A16&sgFaseSessao=OD&Data=30%2F08%2F2022&txApelido=S%C3%A2mia+Bomfim&txFaseSessao=Ordem+do+Dia&txTipoSessao=Ordin%C3%A1ria+-+CD&dtHoraQuarto=17%3A16,"Compra de imóveis com dinheiro vivo pelo clã Bolsonaro. Ocorrência de escândalos de corrupção no Governo Jair Bolsonaro. Razões da imposição, pelo Presidente da República, de 100 anos de sigilo sobre gastos com o cartão corporativo. Irregularidades praticadas pelo Governo Federal na aquisição de vacinas contra a Covid-19. Utilização de recursos do orçamento secreto para a compra de voto de Deputados. Apoio à eleição do ex-Presidente Luiz Inácio Lula da Silva.","A SRA. SÂMIA BOMFIM (PSOL - SP. Como Líder. Sem revisão da oradora.) - O Bolsonaro gosta de andar por aí de chinelo, de bermuda; gosta de tirar foto comendo pão com leite condensado; gosta de criar a imagem de alguém muito simples, muito popular, mas hoje nós soubemos — não significa que isso nos surpreende — que metade do patrimônio da família Bolsonaro foi comprada com dinheiro vivo. Não sei se alguém aqui já comprou um patrimônio dessa forma. Pergunto a quem está assistindo à sessão através da TV Câmara : quem já comprou um imóvel com dinheiro vivo? E quem já comprou 51 imóveis com dinheiro vivo? Cerca de 25 milhões de reais em dinheiro vivo foram utilizados, nos últimos anos, para a compra de imóveis, Deputado André. Quantas pessoas no Brasil fazem isso? Esse dinheiro foi declarado devidamente no Imposto de Renda? Dinheiro vivo, geralmente, é utilizado tentar fugir do ""leão"", para não ser pego na malha fina. Será que esse dinheiro foi declarado? É uma vergonha! Sabem o que é pior? No debate que aconteceu na Band esses dias, a primeira pergunta que ele fez para o candidato Lula foi sobre corrupção. Justo quem! Além desse escândalo grotesco e absurdo da utilização de dinheiro vivo para comprar mansão para os filhos dele, houve também — quem não se lembra? — o escândalo de corrupção no MEC, com a compra de ônibus superfaturado, com a construção de escola que nunca chegou ao fim em lugar onde já havia escola em construção; houve o escândalo do pastor que recebeu propina a mando dele; houve o caso da honestíssima Sra. Michelle Bolsonaro, que agora inclusive entrou em cena para tentar disputar o voto das mulheres brasileiras. Eles acham que as mulheres brasileiras são como a Michelle Bolsonaro? É sério mesmo? São mulheres trabalhadoras, que estão sofrendo com a crise econômica, que são a maioria dos que passam fome, que estão desempregadas, que estão na informalidade. São mulheres sérias, trabalhadoras, honestas. Vocês acham que elas vão ser convencidas a votar num sujeito como Bolsonaro por uma pessoa que recebeu 89 mil reais do Sr. Queiroz, que era o operador dos esquemas de rachadinha da família Bolsonaro? Por que não citar os esquemas de rachadinha, que são uma das linhas de investigação sobre a ladroagem, sobre a sujeirada em que a família Bolsonaro é envolvida? Por que será que ele impôs um sigilo de 100 anos sobre os gastos do seu cartão corporativo? O cartão corporativo é para gasto pessoal. Não se trata de atividade parlamentar, não se trata de atividade do Presidente, porque essa estrutura está ali no Palácio do Planalto. Ele impôs 100 anos de sigilo. Ninguém sabe quanto ele gasta nem com o que ele gasta. Por que será que ele faz isso? Será que ele acha que o povo brasileiro é besta? O povo brasileiro não está conseguindo sobreviver, não está conseguindo comprar no mercado. O litro de leite está custando 10 reais. E ele impõe 100 anos de sigilo sobre os próprios gastos pessoais. Não posso deixar de mencionar, é claro, a propina na compra de vacinas. Quando o povo brasileiro mais estava desesperado, quando pessoas estavam morrendo nas filas dos hospitais, ele queria comprar uma vacina que não havia sido ainda autorizada pela ANVISA. Houve, ainda, propina sobre vacina superfaturada. Por que não falar também do esquema do orçamento secreto? O Congresso Nacional se mantém em silêncio, não aprova o impeachment , assina embaixo de tudo que ele faz contra o povo brasileiro, porque 16 bilhões de reais estão sendo muito bem distribuídos para Deputados que provavelmente vão se reeleger, infelizmente, com dinheiro público. É fundamental que o povo brasileiro dê uma resposta a esses escândalos de corrupção. É necessária uma resposta à situação muito dramática que o nosso povo vive. Sem dúvida, outubro está chegando para mudar a situação do País. Nós vamos eleger o Lula Presidente, para derrotar o Bolsonaro e dar um fim a esse pesadelo. Obrigada.",bolsonaro gostar andar aí chinelo bermuda gostar tirar foto comer pão leite condensar gostar criar imagem alguém simples popular hoje souber significar surpreender metade patrimônio família bolsonaro comprar dinheiro vivo saber alguém comprar patrimônio forma perguntar assistir sessão através tv_câmara comprar imóvel dinheiro vivar comprar 51 imóvel dinheiro vivar cerca 25 milhão real dinheiro vivo utilizar último ano compra imóvel deputado_andré quantas pessoa brasil dinheiro declarar devidamente imposto_de_renda  dinheiro vivo geralmente utilizar tentar fugir leão pegar malha fino dinheiro declarar vergonha saber mau debate acontecer band dia primeiro pergunta candidato lula sobre corrupção justo além escândalo grotesco absurdo utilização dinheiro vivo comprar mansão filho lembrar escândalo corrupção mec comprar ônibus superfaturar construção escolo nunca chegar fim lugar onde escola construção escândalo pastor receber propina mar caso honestíssima sra_michelle_bolsonaro agora inclusive entrar cena tentar disputar voto mulher brasileiro achar mulher brasileiro michelle_bolsonaro sério mulher trabalhadora sofrer crise econômico maioria passar fome desempregado informalidade mulher sério trabalhadora honesto achar convencir votar sujeito bolsonaro pessoa receber 89 mil real sr_queiroz operador esquema rachadinha família bolsonaro citar esquema rachadinha linha investigação sobre ladroagem sobre sujeirado família bolsonaro envolver impor sigilo 100 ano sobre gasto cartão corporativo cartão corporativo gastar pessoal tratar atividade parlamentar tratar atividade estrutura palácio_do_planalto impor 100 ano sigilo ninguém saber quanto gastar gastar achar povo brasileiro besta povo brasileiro conseguir sobreviver conseguir comprar mercado litro leite custar 10 real impor 100 ano sigilo sobre próprio gasto pessoal deixar mencionar claro propina comprar vacina povo brasileiro desesperar pessoa morrer fila hospital comprar vacina ainda autorizar anvisa ainda propina sobre vacina superfaturar esquema orçamento secreto congresso_nacional manter silêncio aprovar impeachment assinar embaixo tudo contra povo brasileiro 16 bilhão real bem distribuír provavelmente reeleger infelizmente dinheiro público fundamental povo brasileiro dê resposta escândalo corrupção necessário resposta situação dramático povo viver dúvida outubro chegar mudar situação país eleger lula_presidente derrotar bolsonaro dar fim pesadelo obrigar,"['bolsonaro', 'gostar', 'andar', 'aí', 'chinelo', 'bermuda', 'gostar', 'tirar', 'foto', 'comer', 'pão', 'leite', 'condensar', 'gostar', 'criar', 'imagem', 'alguém', 'simples', 'popular', 'hoje', 'souber', 'significar', 'surpreender', 'metade', 'patrimônio', 'família', 'bolsonaro', 'comprar', 'dinheiro', 'vivo', 'saber', 'alguém', 'comprar', 'patrimônio', 'forma', 'perguntar', 'assistir', 'sessão', 'através', 'tv_câmara', 'comprar', 'imóvel', 'dinheiro', 'vivar', 'comprar', '51', 'imóvel', 'dinheiro', 'vivar', 'cerca', '25', 'milhão', 'real', 'dinheiro', 'vivo', 'utilizar', 'último', 'ano', 'compra', 'imóvel', 'deputado_andré', 'quantas', 'pessoa', 'brasil', 'dinheiro', 'declarar', 'devidamente', 'imposto_de_renda', 'dinheiro', 'vivo', 'geralmente', 'utilizar', 'tentar', 'fugir', 'leão', 'pegar', 'malha', 'fino', 'dinheiro', 'declarar', 'vergonha', 'saber', 'mau', 'debate', 'acontecer', 'band', 'dia', 'primeiro', 'pergunta', 'candidato', 'lula', 'sobre', 'corrupção', 'justo', 'além', 'escândalo', 'grotesco', 'absurdo', 'utilização', 'dinheiro', 'vivo', 'comprar', 'mansão', 'filho', 'lembrar', 'escândalo', 'corrupção', 'mec', 'comprar', 'ônibus', 'superfaturar', 'construção', 'escolo', 'nunca', 'chegar', 'fim', 'lugar', 'onde', 'escola', 'construção', 'escândalo', 'pastor', 'receber', 'propina', 'mar', 'caso', 'honestíssima', 'sra_michelle_bolsonaro', 'agora', 'inclusive', 'entrar', 'cena', 'tentar', 'disputar', 'voto', 'mulher', 'brasileiro', 'achar', 'mulher', 'brasileiro', 'michelle_bolsonaro', 'sério', 'mulher', 'trabalhadora', 'sofrer', 'crise', 'econômico', 'maioria', 'passar', 'fome', 'desempregado', 'informalidade', 'mulher', 'sério', 'trabalhadora', 'honesto', 'achar', 'convencir', 'votar', 'sujeito', 'bolsonaro', 'pessoa', 'receber', '89', 'mil', 'real', 'sr_queiroz', 'operador', 'esquema', 'rachadinha', 'família', 'bolsonaro', 'citar', 'esquema', 'rachadinha', 'linha', 'investigação', 'sobre', 'ladroagem', 'sobre', 'sujeirado', 'família', 'bolsonaro', 'envolver', 'impor', 'sigilo', '100', 'ano', 'sobre', 'gasto', 'cartão', 'corporativo', 'cartão', 'corporativo', 'gastar', 'pessoal', 'tratar', 'atividade', 'parlamentar', 'tratar', 'atividade', 'estrutura', 'palácio_do_planalto', 'impor', '100', 'ano', 'sigilo', 'ninguém', 'saber', 'quanto', 'gastar', 'gastar', 'achar', 'povo', 'brasileiro', 'besta', 'povo', 'brasileiro', 'conseguir', 'sobreviver', 'conseguir', 'comprar', 'mercado', 'litro', 'leite', 'custar', '10', 'real', 'impor', '100', 'ano', 'sigilo', 'sobre', 'próprio', 'gasto', 'pessoal', 'deixar', 'mencionar', 'claro', 'propina', 'comprar', 'vacina', 'povo', 'brasileiro', 'desesperar', 'pessoa', 'morrer', 'fila', 'hospital', 'comprar', 'vacina', 'ainda', 'autorizar', 'anvisa', 'ainda', 'propina', 'sobre', 'vacina', 'superfaturar', 'esquema', 'orçamento', 'secreto', 'congresso_nacional', 'manter', 'silêncio', 'aprovar', 'impeachment', 'assinar', 'embaixo', 'tudo', 'contra', 'povo', 'brasileiro', '16', 'bilhão', 'real', 'bem', 'distribuír', 'provavelmente', 'reeleger', 'infelizmente', 'dinheiro', 'público', 'fundamental', 'povo', 'brasileiro', 'dê', 'resposta', 'escândalo', 'corrupção', 'necessário', 'resposta', 'situação', 'dramático', 'povo', 'viver', 'dúvida', 'outubro', 'chegar', 'mudar', 'situação', 'país', 'eleger', 'lula_presidente', 'derrotar', 'bolsonaro', 'dar', 'fim', 'pesadelo', 'obrigar']"
Sâmia Bomfim,PSOL,SP,130.2022,ORDEM DO DIA,30/08/2022,16h24,DCD31/08/2022 PAG. 79,https://www.camara.leg.br/internet/sitaqweb/TextoHTML.asp?etapa=5&nuSessao=130.2022&nuQuarto=2613606&nuOrador=1&nuInsercao=1&dtHorarioQuarto=16%3A24&sgFaseSessao=OD&Data=30%2F08%2F2022&txApelido=S%C3%A2mia+Bomfim&txFaseSessao=Ordem+do+Dia&txTipoSessao=Ordin%C3%A1ria+-+CD&dtHoraQuarto=16%3A24,"Orientação de bancada na votação do requerimento de retirada de pauta da Medida Provisória nº 1.115, de 2022, referente à elevação da alíquota da Contribuição Social sobre o Lucro Líquido - CSLL.","A SRA. SÂMIA BOMFIM (PSOL - SP. Pela ordem. Sem revisão da oradora.) - Presidente, o PSOL é contra a retirada de pauta. Quero registrar nosso posicionamento. É claro que ainda é uma medida insuficiente, mas avança no sentido de haver mais justiça na tributação do País. Hoje, o trabalhador, o pobre, a classe média pagam impostos sobre o consumo. Boa parte da renda dos trabalhadores é corroída, inclusive, pelo pagamento de impostos. Nós precisamos inverter essa lógica. Os impostos precisam recair sobre a renda, sobre a taxação das grandes fortunas e sobre o mercado financeiro. Essa MP, na verdade, é uma oportunidade para debatermos a injustiça da lógica tributária no País. O nosso destaque inclusive vai nesse sentido. Por isso, nós votamos favoravelmente à MP. Achamos ruim que ela seja retirada de pauta justamente pela possibilidade que ela nos dá de ampliar esse debate tão necessário para o País.",psol contra retirada pauta registrar posicionamento claro ainda medida insuficiente avançar sentido justiça tributação país hoje trabalhador pobre classe médio pagar imposto sobre consumo bom parte renda trabalhador corroir inclusive pagamento imposto inverter lógico imposto recair sobre renda sobre taxação grande fortuna sobre mercado financeiro mp verdade oportunidade debater injustiço lógico tributário país destaque inclusive sentido votar favoravelmente mp achar ruim retirada pauta justamente possibilidade dar ampliar debate tão necessário país,"['psol', 'contra', 'retirada', 'pauta', 'registrar', 'posicionamento', 'claro', 'ainda', 'medida', 'insuficiente', 'avançar', 'sentido', 'justiça', 'tributação', 'país', 'hoje', 'trabalhador', 'pobre', 'classe', 'médio', 'pagar', 'imposto', 'sobre', 'consumo', 'bom', 'parte', 'renda', 'trabalhador', 'corroir', 'inclusive', 'pagamento', 'imposto', 'inverter', 'lógico', 'imposto', 'recair', 'sobre', 'renda', 'sobre', 'taxação', 'grande', 'fortuna', 'sobre', 'mercado', 'financeiro', 'mp', 'verdade', 'oportunidade', 'debater', 'injustiço', 'lógico', 'tributário', 'país', 'destaque', 'inclusive', 'sentido', 'votar', 'favoravelmente', 'mp', 'achar', 'ruim', 'retirada', 'pauta', 'justamente', 'possibilidade', 'dar', 'ampliar', 'debate', 'tão', 'necessário', 'país']"
Sâmia Bomfim,PSOL,SP,128.2022,ORDEM DO DIA,29/08/2022,19h32,DCD30/08/2022 PAG. 71,https://www.camara.leg.br/internet/sitaqweb/TextoHTML.asp?etapa=5&nuSessao=128.2022&nuQuarto=2609686&nuOrador=1&nuInsercao=1&dtHorarioQuarto=19%3A32&sgFaseSessao=OD&Data=29%2F08%2F2022&txApelido=S%C3%A2mia+Bomfim&txFaseSessao=Ordem+do+Dia&txTipoSessao=Ordin%C3%A1ria+-+CD&dtHoraQuarto=19%3A32,"Repúdio à Medida Provisória nº 1.135, de 2022, em face da alteração de dispositivos da Lei Complementar nº 195, de 2022, conhecida como Lei Paulo Gustavo; e da Lei nº 14.399, de 2022, Lei Aldir Blanc 2, destinadas ao fomento do setor cultural. Pedido ao Presidente do Congresso Nacional, Senador Rodrigo Pacheco, de imediata devolução da referida medida provisória.","A SRA. SÂMIA BOMFIM (PSOL - SP. Pela ordem. Sem revisão da oradora.) - Obrigada, Presidente. Eu quero lamentar que, na calada da noite, o Presidente Bolsonaro tenha editado uma medida provisória que deturpa a votação que nós fizemos aqui no Congresso Nacional da Lei Aldir Blanc 2 e da Lei Paulo Gustavo. Através de uma medida provisória, ele quer modificar uma lei que foi votada e, depois, reafirmada pelo Congresso, porque, não esqueçam, ele vetou esses dois projetos, que diziam respeito à cultura no Brasil. Por que ele fez essa medida provisória? Primeiro, ele quer mudar o momento da implementação. A Lei Paulo Gustavo se trata de uma lei emergencial, de assistência imediata à cultura, setor que ainda sofre com as consequências da pandemia. Mas ele adiou o seu início para o ano de 2023, ou seja, ela perde o seu caráter emergencial, imediato. E a Lei Aldir Blanc 2, que é uma lei de fomento estruturante, uma lei permanente para a cultura, ele adiou para 2024. Mas, para além desse adiamento de data, ele fez uma modificação bem substantiva, que é transformar uma lei que é obrigatória em lei autorizativa, facultativa, ou seja, os mais de 3 bilhões de reais que foram destinados para cada uma delas não serão obrigatoriamente repassados aos Municípios para que o setor cultural possa desenvolver suas atividades.  Isso vai ser algo opcional por parte do Governo Federal. Primeiro, ele não pode fazer isso, modificar o caráter de uma lei através de medida provisória. É por isso que nós já pedimos para o Presidente do Congresso Nacional, Senador Rodrigo Pacheco, a imediata devolução dessa medida provisória. Segundo, isso mostra mais uma vez que ele não gosta da cultura no Brasil. Ele fez de tudo para que essas leis não pudessem ir adiante, dificultou a negociação para que elas fossem aprovadas, e, quando foram aprovadas, ele as vetou. Nós derrubamos o veto, e, agora, através de uma manobra inconstitucional, ele quer invalidar essas duas leis. O setor da cultura é responsável por cerca de 4% do PIB no Brasil. Nós estamos falando de gente que trabalha, que produz. Essa lei foi votada por quase unanimidade no Congresso Nacional — acho que o Partido Novo foi contrário, para variar —, e nós não vamos admitir mais esse ataque contra a cultura no Brasil, esse ódio por um setor tão fundamental da economia, inclusive, do Brasil.",obrigar lamentar calar noite presidente_bolsonaro editar medida provisório deturpar votação fizemos congresso_nacional_da_lei aldir_blanc 2 lei_paulo_gustavo através medida provisório modificar lei votar reafirmar congresso esqueçar vetar dois projeto respeito cultura brasil medida provisório primeiro mudar momento implementação lei_paulo_gustavo tratar lei emergencial assistência imediato cultura setor ainda sofrer consequência pandemia adiar início ano 2023 perder caráter emergencial imediato lei_aldir_blanc 2 lei fomento estruturante lei permanente cultura adiar 2024 além desse adiamento datar modificação bem substantivo transformar lei obrigatório lei autorizativo facultativo 3 bilhão real destinar cada obrigatoriamente repassar município setor cultural desenvolver atividade algo opcional parte governo_federal primeiro modificar caráter lei através medida provisório pedir presidente_do_congresso_nacional senador_rodrigo_pacheco imediato devolução medida provisório segundo mostrar vez gostar cultura brasil tudo lei puder adiante dificultar negociação aprovar aprovar vetar derrubar veto agora através manobra inconstitucional invalidar dois lei setor cultura responsável cerca 4 pib brasil gente trabalhar produzir lei votar quase unanimidade congresso_nacional achar partido_novo contrário variar admitir ataque contra cultura brasil ódio setor tão fundamental economia inclusive brasil,"['obrigar', 'lamentar', 'calar', 'noite', 'presidente_bolsonaro', 'editar', 'medida', 'provisório', 'deturpar', 'votação', 'fizemos', 'congresso_nacional_da_lei', 'aldir_blanc', '2', 'lei_paulo_gustavo', 'através', 'medida', 'provisório', 'modificar', 'lei', 'votar', 'reafirmar', 'congresso', 'esqueçar', 'vetar', 'dois', 'projeto', 'respeito', 'cultura', 'brasil', 'medida', 'provisório', 'primeiro', 'mudar', 'momento', 'implementação', 'lei_paulo_gustavo', 'tratar', 'lei', 'emergencial', 'assistência', 'imediato', 'cultura', 'setor', 'ainda', 'sofrer', 'consequência', 'pandemia', 'adiar', 'início', 'ano', '2023', 'perder', 'caráter', 'emergencial', 'imediato', 'lei_aldir_blanc', '2', 'lei', 'fomento', 'estruturante', 'lei', 'permanente', 'cultura', 'adiar', '2024', 'além', 'desse', 'adiamento', 'datar', 'modificação', 'bem', 'substantivo', 'transformar', 'lei', 'obrigatório', 'lei', 'autorizativo', 'facultativo', '3', 'bilhão', 'real', 'destinar', 'cada', 'obrigatoriamente', 'repassar', 'município', 'setor', 'cultural', 'desenvolver', 'atividade', 'algo', 'opcional', 'parte', 'governo_federal', 'primeiro', 'modificar', 'caráter', 'lei', 'através', 'medida', 'provisório', 'pedir', 'presidente_do_congresso_nacional', 'senador_rodrigo_pacheco', 'imediato', 'devolução', 'medida', 'provisório', 'segundo', 'mostrar', 'vez', 'gostar', 'cultura', 'brasil', 'tudo', 'lei', 'puder', 'adiante', 'dificultar', 'negociação', 'aprovar', 'aprovar', 'vetar', 'derrubar', 'veto', 'agora', 'através', 'manobra', 'inconstitucional', 'invalidar', 'dois', 'lei', 'setor', 'cultura', 'responsável', 'cerca', '4', 'pib', 'brasil', 'gente', 'trabalhar', 'produzir', 'lei', 'votar', 'quase', 'unanimidade', 'congresso_nacional', 'achar', 'partido_novo', 'contrário', 'variar', 'admitir', 'ataque', 'contra', 'cultura', 'brasil', 'ódio', 'setor', 'tão', 'fundamental', 'economia', 'inclusive', 'brasil']"
Sâmia Bomfim,PSOL,SP,128.2022,ORDEM DO DIA,29/08/2022,19h28,DCD30/08/2022 PAG. 68,https://www.camara.leg.br/internet/sitaqweb/TextoHTML.asp?etapa=5&nuSessao=128.2022&nuQuarto=2609676&nuOrador=1&nuInsercao=1&dtHorarioQuarto=19%3A28&sgFaseSessao=OD&Data=29%2F08%2F2022&txApelido=S%C3%A2mia+Bomfim&txFaseSessao=Ordem+do+Dia&txTipoSessao=Ordin%C3%A1ria+-+CD&dtHoraQuarto=19%3A28,"Orientação de bancada na votação do Projeto de Resolução nº 75, de 2021, sobre a criação do Grupo Parlamentar Brasil-Bahrein.","A SRA. SÂMIA BOMFIM (PSOL - SP. Pela ordem. Sem revisão da oradora.) - Nós fomos pesquisar a respeito desse país. Trata-se de uma monarquia absolutista, uma ditadura. Há cerca de 40 anos a mesma família controla esse país. Não há eleição para Presidente, não há Parlamento, não há nenhum tipo de atividade político-democrática. Portanto, nós não podemos celebrar esse tipo de parceria entre o Brasil e este país. Inclusive, recentemente, o Deputado Eduardo Bolsonaro, que é o proponente, esteve presente na inauguração da Embaixada brasileira, celebrando justamente esse modelo antidemocrático de funcionamento da política no país. Portanto, fica registrado aqui o nosso repúdio e o nosso registro de voto contrário.",pesquisar respeito país tratase monarquia absolutista ditadura cerca 40 ano família controlar país eleição parlamento nenhum tipo atividade políticodemocrático portanto celebrar tipo parceria brasil país inclusive recentemente deputado_eduardo_bolsonaro proponente presente inauguração embaixado brasileiro celebrar justamente modelo antidemocrático funcionamento político país portanto ficar registrar repúdio registro votar contrário,"['pesquisar', 'respeito', 'país', 'tratase', 'monarquia', 'absolutista', 'ditadura', 'cerca', '40', 'ano', 'família', 'controlar', 'país', 'eleição', 'parlamento', 'nenhum', 'tipo', 'atividade', 'políticodemocrático', 'portanto', 'celebrar', 'tipo', 'parceria', 'brasil', 'país', 'inclusive', 'recentemente', 'deputado_eduardo_bolsonaro', 'proponente', 'presente', 'inauguração', 'embaixado', 'brasileiro', 'celebrar', 'justamente', 'modelo', 'antidemocrático', 'funcionamento', 'político', 'país', 'portanto', 'ficar', 'registrar', 'repúdio', 'registro', 'votar', 'contrário']"
Sâmia Bomfim,PSOL,SP,128.2022,ORDEM DO DIA,29/08/2022,19h16,DCD30/08/2022 PAG. 63,https://www.camara.leg.br/internet/sitaqweb/TextoHTML.asp?etapa=5&nuSessao=128.2022&nuQuarto=2609659&nuOrador=1&nuInsercao=1&dtHorarioQuarto=19%3A16&sgFaseSessao=OD&Data=29%2F08%2F2022&txApelido=S%C3%A2mia+Bomfim&txFaseSessao=Ordem+do+Dia&txTipoSessao=Ordin%C3%A1ria+-+CD&dtHoraQuarto=19%3A16,"Regozijo da oradora com a aprovação, pelo Senado Federal, do Projeto de Lei nº 2.033, de 2022, sobre alteração da Lei nº 9.656, de 1998, acerca dos planos privados de assistência à saúde, para estabelecimento das hipóteses de cobertura de exames ou tratamentos de saúde não inclusos no rol de procedimentos e eventos em saúde suplementar. Saudações às mães brasileiras pela conquista.","A SRA. SÂMIA BOMFIM (PSOL - SP. Pela ordem. Sem revisão da oradora.) - Obrigada, Presidente. Falarei rapidamente. Quero só fazer uma celebração. O Senado Federal votou há pouco o PL 2.033/22, que desfaz aquela definição injusta do STJ a respeito do rol taxativo, que foi um projeto que nós inclusive já votamos aqui na Câmara e que hoje foi celebrado também pelo Senado. O projeto retorna a lógica do rol exemplificativo. Essa é uma decisão fundamental para milhares de famílias que têm pessoas com deficiência, pessoas com doenças raras, que já desenvolvem tratamentos superespecíficos e dificílimos e que com aquela decisão do STJ corriam risco de vida diretamente, de perda de qualidade de vida ou mesmo de que esses tratamentos fossem repentinamente interrompidos. Nós estamos falando inclusive de crianças. Afinal de contas, os lucros dos planos de saúde não podem estar acima da vida das pessoas. Por isso essa foi uma decisão tão importante. Agora nós esperamos que o projeto seja sancionado na sua integralidade. Eu quero saudar principalmente as mães que vieram a este plenário, conversaram com os Deputados, pressionaram os Líderes, pressionaram o Deputado Arthur Lira e o Senador Rodrigo Pacheco e finalmente tiveram essa conquista no dia de hoje.",obrigar falarar rapidamente celebração senado_federal votar pouco pl 203322 desfaz definição injusto stj respeito rol taxativo projeto inclusive votar câmara hoje celebrar senado projeto retornar lógico rol exemplificativo decisão fundamental milhar família pessoa deficiência pessoa doença raro desenvolver tratamento superespecífico dificílimo decisão stj corrir risco vida diretamente perda qualidade vida tratamento repentinamente interrompir inclusive criança afinal conta lucro plano saúde acima vida pessoa decisão tão importante agora esperar projeto sancionar integralidade saudar principalmente mãe vier plenário conversar pressionar líder pressionar deputado_arthur_lira senador rodrigo_pacheco finalmente conquistar dia hoje,"['obrigar', 'falarar', 'rapidamente', 'celebração', 'senado_federal', 'votar', 'pouco', 'pl', '203322', 'desfaz', 'definição', 'injusto', 'stj', 'respeito', 'rol', 'taxativo', 'projeto', 'inclusive', 'votar', 'câmara', 'hoje', 'celebrar', 'senado', 'projeto', 'retornar', 'lógico', 'rol', 'exemplificativo', 'decisão', 'fundamental', 'milhar', 'família', 'pessoa', 'deficiência', 'pessoa', 'doença', 'raro', 'desenvolver', 'tratamento', 'superespecífico', 'dificílimo', 'decisão', 'stj', 'corrir', 'risco', 'vida', 'diretamente', 'perda', 'qualidade', 'vida', 'tratamento', 'repentinamente', 'interrompir', 'inclusive', 'criança', 'afinal', 'conta', 'lucro', 'plano', 'saúde', 'acima', 'vida', 'pessoa', 'decisão', 'tão', 'importante', 'agora', 'esperar', 'projeto', 'sancionar', 'integralidade', 'saudar', 'principalmente', 'mãe', 'vier', 'plenário', 'conversar', 'pressionar', 'líder', 'pressionar', 'deputado_arthur_lira', 'senador', 'rodrigo_pacheco', 'finalmente', 'conquistar', 'dia', 'hoje']"
Sâmia Bomfim,PSOL,SP,122.2022,ORDEM DO DIA,04/08/2022,15h44,DCD05/08/2022 PAG. 167,https://www.camara.leg.br/internet/sitaqweb/TextoHTML.asp?etapa=5&nuSessao=122.2022&nuQuarto=2589469&nuOrador=1&nuInsercao=1&dtHorarioQuarto=15%3A44&sgFaseSessao=OD&Data=04%2F08%2F2022&txApelido=S%C3%A2mia+Bomfim&txFaseSessao=Ordem+do+Dia&txTipoSessao=Ordin%C3%A1ria+-+CD&dtHoraQuarto=15%3A44,"Recebimento pela oradora de ameaças contra a sua vida e de seus familiares. Necessidade de combate à violência política de gênero. Importância de aprovação da Lei nº 14.192, de 2021, sobre o assunto. Abertura de inquérito policial e anúncio de acionamento do Tribunal Superior Eleitoral para investigação e acompanhamento do caso. Compromisso de continuidade da atuação parlamentar da oradora em oposição ao Governo Jair Bolsonaro.","A SRA. SÂMIA BOMFIM (PSOL - SP. Como Líder. Sem revisão da oradora.) - Eu vou usar este tempo de Liderança para tratar de um assunto que eu não gostaria de abordar, mas eu acho necessário dar visibilidade a ele, porque foi muito abordado nos últimos dias nas redes sociais, na imprensa, e foi objeto de debate em especial das mulheres que estão na política. Na última quinta-feira, eu recebi, por e-mail , ameaças de morte, de estupro, de violações e violências contra mim, contra minha família, meu filho, meu marido. E, infelizmente, isso não é um caso isolado, são sucessivas, são inúmeras as tentativas de intimidação das mulheres que estão na política. Eu não sou a única e não sou primeira. Na mesma semana, aconteceu com a Manuela D'Ávila, ex-Deputada Federal pelo PCdoB; aconteceu também com a Duda, Vereadora pelo PDT em Belo Horizonte; na nossa bancada, a Deputada Talíria já passou por questões semelhantes; a Deputada Vivi já passou por questões semelhantes. Nós temos Deputadas e Vereadoras no Brasil inteiro que passam por questões semelhantes, e eu me pergunto até quando esse tipo de prática vai ser naturalizada e vai ser estimulada e alimentada por aqueles que hoje ocupam o poder no Brasil. Há cerca de 1 ano, nós aprovamos a Lei nº 14.192, que inaugura no nosso País o tratamento sobre a violência política de gênero.  Ela prevê detenção de 1 a 4 anos e ampliação para 6 anos, caso essas violações, intimidações e ameaças aconteçam através da Internet. É fundamental que esses casos sejam tratados com essa compreensão, porque a violência política de gênero é um instrumento para tentar nos fazer retroceder, porque sabem que a nossa participação nos espaços de poder significa a possibilidade de mulheres que vêm de baixo, que não têm apadrinhamento político, que são fruto de lutas legítimas pelos direitos humanos, pela educação, pelos direitos das mulheres, ocuparem-nos, justamente para representar aquelas e aqueles que não costumam ter voz, cujas pautas e temas acabam não tendo predominância no debate político. Sabemos que é assim. Quando não há Parlamentares com o nosso perfil aqui dentro, esses temas quase não são abordados, ou, quando são, isso ocorre sempre no viés da repressão e da discriminação contra esses segmentos sociais. É uma forma também de tentar nos fazer ter medo diante do processo eleitoral que se avizinha. Sabemos do papel que nós temos nas disputas gerais da sociedade, no enfrentamento ao Bolsonaro, ao bolsonarismo, à extrema-direita, em relação ao que fizeram durante o curso da pandemia da COVID-19, com o genocídio contra a população brasileira, a fome, a violência, a retirada de direito das trabalhadoras e dos trabalhadores, a agenda neoliberal. Nós tomamos todas as medidas jurídicas e políticas necessárias para que não passem impunes crimes como esse. No meu caso, já há um inquérito aberto. Eu espero que com ciência, com tecnologia, seja possível identificar os responsáveis. Nós vamos acionar o TSE, que tem um grupo de trabalho específico, que trata do tema da violência política de gênero, organizado para as eleições. Quero dizer que, acima de tudo, nada disso vai nos fazer arredar o pé ou retroceder um milímetro na nossa atuação. Nós vamos seguir com as nossas disputas políticas, dizendo o que for necessário no Parlamento. Vamos adotar, evidentemente, cada vez mais, medidas de proteção, de segurança, porque a conjuntura nos exige, mas vamos lutar bravamente contra esses bolsonaristas, misóginos, que querem nos calar.",usar tempo liderança tratar assunto gostar abordar achar necessário dar visibilidade abordar último dia rede social imprensa objeto debate especial mulher político último quintafeira recebi email ameaça morte estupro violação violência contra contra família filho marido infelizmente caso isolar sucessivo inúmero tentativa intimidação mulher político único primeiro semana acontecer manuela_dávila exdeputada_federal pcdob acontecer duda vereador pdt belo_horizonte bancada deputada_talírio passar questão semelhante deputada_vivi passar questão semelhante vereadora brasil inteiro passar questão semelhante perguntar tipo prática naturalizar estimular alimentar hoje ocupar brasil cerca 1 ano aprovar lei 14192 inaugurar país tratamento sobre violência político gênero prever detenção 1 4 ano ampliação 6 ano caso violação intimidação ameaça aconteçam através internet fundamental caso tratar compreensão violência político gênero instrumento tentar retroceder saber participação espaço significar possibilidade mulher vir baixo apadrinhamento político fruto luta legítimo direito humano educação direito mulher ocuparemnos justamente representar costumar voz cujo pauta tema acabar predominância debate político saber assim parlamentar perfil dentro tema quase abordados ocorrer sempre viés repressão discriminação contra segmento social forma tentar medo diante processo eleitoral avizinhar saber papel disputa geral sociedade enfrentamento bolsonaro bolsonarismo extremadireitar relação durante curso pandemia genocídio contra população brasileiro fome violêncio retirar direito trabalhadora trabalhador agenda neoliberal tomar todo medida jurídico político necessário passem impune crime caso inquérito abrir esperar ciência tecnologia possível identificar responsável acionar tse grupo trabalho específico tratar tema violência político gênero organizar eleição querar acima tudo nada arredar pé retroceder milímetro atuação seguir disputa político necessário parlamento adotar evidentemente cada vez medida proteção seguranço conjuntura exigir lutar bravamente contra bolsonarista misógino calar,"['usar', 'tempo', 'liderança', 'tratar', 'assunto', 'gostar', 'abordar', 'achar', 'necessário', 'dar', 'visibilidade', 'abordar', 'último', 'dia', 'rede', 'social', 'imprensa', 'objeto', 'debate', 'especial', 'mulher', 'político', 'último', 'quintafeira', 'recebi', 'email', 'ameaça', 'morte', 'estupro', 'violação', 'violência', 'contra', 'contra', 'família', 'filho', 'marido', 'infelizmente', 'caso', 'isolar', 'sucessivo', 'inúmero', 'tentativa', 'intimidação', 'mulher', 'político', 'único', 'primeiro', 'semana', 'acontecer', 'manuela_dávila', 'exdeputada_federal', 'pcdob', 'acontecer', 'duda', 'vereador', 'pdt', 'belo_horizonte', 'bancada', 'deputada_talírio', 'passar', 'questão', 'semelhante', 'deputada_vivi', 'passar', 'questão', 'semelhante', 'vereadora', 'brasil', 'inteiro', 'passar', 'questão', 'semelhante', 'perguntar', 'tipo', 'prática', 'naturalizar', 'estimular', 'alimentar', 'hoje', 'ocupar', 'brasil', 'cerca', '1', 'ano', 'aprovar', 'lei', '14192', 'inaugurar', 'país', 'tratamento', 'sobre', 'violência', 'político', 'gênero', 'prever', 'detenção', '1', '4', 'ano', 'ampliação', '6', 'ano', 'caso', 'violação', 'intimidação', 'ameaça', 'aconteçam', 'através', 'internet', 'fundamental', 'caso', 'tratar', 'compreensão', 'violência', 'político', 'gênero', 'instrumento', 'tentar', 'retroceder', 'saber', 'participação', 'espaço', 'significar', 'possibilidade', 'mulher', 'vir', 'baixo', 'apadrinhamento', 'político', 'fruto', 'luta', 'legítimo', 'direito', 'humano', 'educação', 'direito', 'mulher', 'ocuparemnos', 'justamente', 'representar', 'costumar', 'voz', 'cujo', 'pauta', 'tema', 'acabar', 'predominância', 'debate', 'político', 'saber', 'assim', 'parlamentar', 'perfil', 'dentro', 'tema', 'quase', 'abordados', 'ocorrer', 'sempre', 'viés', 'repressão', 'discriminação', 'contra', 'segmento', 'social', 'forma', 'tentar', 'medo', 'diante', 'processo', 'eleitoral', 'avizinhar', 'saber', 'papel', 'disputa', 'geral', 'sociedade', 'enfrentamento', 'bolsonaro', 'bolsonarismo', 'extremadireitar', 'relação', 'durante', 'curso', 'pandemia', 'genocídio', 'contra', 'população', 'brasileiro', 'fome', 'violêncio', 'retirar', 'direito', 'trabalhadora', 'trabalhador', 'agenda', 'neoliberal', 'tomar', 'todo', 'medida', 'jurídico', 'político', 'necessário', 'passem', 'impune', 'crime', 'caso', 'inquérito', 'abrir', 'esperar', 'ciência', 'tecnologia', 'possível', 'identificar', 'responsável', 'acionar', 'tse', 'grupo', 'trabalho', 'específico', 'tratar', 'tema', 'violência', 'político', 'gênero', 'organizar', 'eleição', 'querar', 'acima', 'tudo', 'nada', 'arredar', 'pé', 'retroceder', 'milímetro', 'atuação', 'seguir', 'disputa', 'político', 'necessário', 'parlamento', 'adotar', 'evidentemente', 'cada', 'vez', 'medida', 'proteção', 'seguranço', 'conjuntura', 'exigir', 'lutar', 'bravamente', 'contra', 'bolsonarista', 'misógino', 'calar']"
Sâmia Bomfim,PSOL,SP,122.2022,ORDEM DO DIA,04/08/2022,15h28,DCD05/08/2022 PAG. 161,https://www.camara.leg.br/internet/sitaqweb/TextoHTML.asp?etapa=5&nuSessao=122.2022&nuQuarto=2589303&nuOrador=1&nuInsercao=1&dtHorarioQuarto=15%3A28&sgFaseSessao=OD&Data=04%2F08%2F2022&txApelido=S%C3%A2mia+Bomfim&txFaseSessao=Ordem+do+Dia&txTipoSessao=Ordin%C3%A1ria+-+CD&dtHoraQuarto=15%3A28,"Orientação de bancada na votação da Subemenda Substitutiva Global oferecida pelo Relator da Comissão de Constituição e Justiça e de Cidadania ao Projeto de Lei nº 4.229, de 2015, sobre alteração do Decreto-Lei nº 2.848, de 1940 (Código Penal), para recrudescimento do tratamento penal dispensado aos crimes de extorsão, de estelionato e de fraude no comércio; e da Lei nº 8.072, de 1990 (Lei dos Crimes Hediondos), para inclusão do crime de estelionato contra idoso ou vulnerável no rol dos crimes hediondos, ressalvados os destaques.","A SRA. SÂMIA BOMFIM (PSOL - SP. Pela ordem. Sem revisão da oradora.) - O PSOL orienta o voto ""não"", Presidente. A SRA. PRESIDENTE (Bia Kicis. PL - DF) - O PSOL orienta o voto ""não"". Podem trocar, por favor, ali no painel. Pois não, Deputada Sâmia Bomfim. A SRA. SÂMIA BOMFIM (PSOL - SP) - Com todo o respeito ao Relator e bem tranquilamente, é porque nós temos uma posição de que o recrudescimento de penas, o seu agravamento ou mesmo a criação de novos tipos penais não resultam, de fato, no enfrentamento para que esses crimes sejam praticados. Temos o hábito aqui no Parlamento, praticamente semanalmente, de criar novos tipos penais, aumentar a pena para diversas mazelas, inclusive no tema do enfrentamento à violência contra as mulheres, furto, roubo e outras modalidades de crime. Mas, ainda assim, com isso, nenhum desses crimes, de fato, são combatidos. Enquanto não houver uma estrutura de inteligência, de tecnologia, de enfrentamento, de fato, para que práticas como essa não sejam feitas, não vai haver nenhum resultado efetivo.  O que vai haver, talvez, é o hiperencarceramento, as pessoas ficando mais tempo dentro daquelas masmorras, sem nenhuma efetividade, de fato, para a sociedade. Respeitamos as demais opiniões, mas esse é o nosso posicionamento de princípio para essa e para as demais matérias.",todo respeito relator bem tranquilamente posição recrudescimento pena agravamento criação novo tipo penal resultar fato enfrentamento crime praticar hábito parlamento praticamente semanalmente criar novo tipo penal aumentar pena diversos mazela inclusive tema enfrentamento violência contra mulher furto roubo outro modalidade crime ainda assim nenhum crime fato combatir enquanto estrutura inteligência tecnologia enfrentamento fato prática nenhum resultado efetivo talvez hiperencarceramento pessoa ficar tempo dentro masmorra nenhum efetividade fato sociedade respeitar demais opinião posicionamento princípio demais matéria,"['todo', 'respeito', 'relator', 'bem', 'tranquilamente', 'posição', 'recrudescimento', 'pena', 'agravamento', 'criação', 'novo', 'tipo', 'penal', 'resultar', 'fato', 'enfrentamento', 'crime', 'praticar', 'hábito', 'parlamento', 'praticamente', 'semanalmente', 'criar', 'novo', 'tipo', 'penal', 'aumentar', 'pena', 'diversos', 'mazela', 'inclusive', 'tema', 'enfrentamento', 'violência', 'contra', 'mulher', 'furto', 'roubo', 'outro', 'modalidade', 'crime', 'ainda', 'assim', 'nenhum', 'crime', 'fato', 'combatir', 'enquanto', 'estrutura', 'inteligência', 'tecnologia', 'enfrentamento', 'fato', 'prática', 'nenhum', 'resultado', 'efetivo', 'talvez', 'hiperencarceramento', 'pessoa', 'ficar', 'tempo', 'dentro', 'masmorra', 'nenhum', 'efetividade', 'fato', 'sociedade', 'respeitar', 'demais', 'opinião', 'posicionamento', 'princípio', 'demais', 'matéria']"
Sâmia Bomfim,PSOL,SP,122.2022,ORDEM DO DIA,04/08/2022,15h08,DCD05/08/2022 PAG. 153,https://www.camara.leg.br/internet/sitaqweb/TextoHTML.asp?etapa=5&nuSessao=122.2022&nuQuarto=2589279&nuOrador=1&nuInsercao=1&dtHorarioQuarto=15%3A08&sgFaseSessao=OD&Data=04%2F08%2F2022&txApelido=S%C3%A2mia+Bomfim&txFaseSessao=Ordem+do+Dia&txTipoSessao=Ordin%C3%A1ria+-+CD&dtHoraQuarto=15%3A08,"Esclarecimentos sobre o posicionamento do PSOL contrário à aprovação do Projeto de Decreto Legislativo nº 485, de 2021, sobre aprovação do texto do Acordo entre o Governo da República Federativa do Brasil e o Governo do Estado de Israel sobre Proteção de Informação Classificada e Materiais, assinado em Tel Aviv, em 24 de novembro de 2010; e do texto de sua Emenda, firmada em Tel Aviv e Brasília em 6 de junho de 2018, ressalvados os destaques.","A SRA. SÂMIA BOMFIM (PSOL - SP. Pela ordem. Sem revisão da oradora.) - Para falarmos sobre algum assunto, temos que conhecer minimamente do que ele se trata sob o risco de passarmos vergonha. Não tem nada a ver, Deputada, com uma contrariedade ao povo judeu ou à luta legítima que tiveram em determinado período histórico por sua sobrevivência, por seu direito ao território. Temos que saber diferenciar do que se trata: um povo e um Estado. O povo brasileiro, por exemplo, não pode ser confundido com o atual Governo. O povo brasileiro, lindo, diverso, maravilhoso, não pode se confundir com aqueles que hoje regem a nossa Nação, assim como o povo judeu também não pode ser atacado, em nome daquilo que o Estado de Israel faz contra o povo palestino. Aliás, é muito semelhante com o que parte dos judeus sofreram no processo do nazismo, porque foram perseguidos, foram exterminados e tiveram seus direitos humanos violados. E respondendo também ao Deputado do NOVO, o país que mais persegue a população LGBTQ do mundo é o nosso, é o Brasil! Somos o país que mais mata a população LGBTQIA+ do mundo! E, inclusive, acabamos de votar um projeto, sob a relatoria do NOVO, que diz que em concursos públicos identidade de gênero e orientação sexual podem ser discriminadas. Então, temos uma posição aqui de princípio que é o de solidariedade entre todos os povos que são massacrados e são reprimidos. Inclusive, não é à toa que o Governo Bolsonaro fez muitas visitas a Israel, porque quer se capacitar da mesma lógica repressiva contra o nosso próprio povo.",sobre algum assunto conhecer minimamente tratar sob risco passar vergonha nada ver contrariedade povo judeu luta legítimo determinar período histórico sobrevivência direito território saber diferenciar tratar povo povo brasileiro exemplo confunder atual governo povo brasileiro lindo diverso maravilhoso confundir hoje regem nação assim povo judeu atacar nome estado_de_israel contra povo palestino aliás semelhante parte judeu sofrer processo nazismo perseguir exterminar direito humano violar responder deputado_do_novo país perseguir população lgbtq mundo brasil país matar população lgbtqia mundo inclusive acabar votar projeto sob relatoria novo concurso público identidade gênero orientação sexual discriminar então posição princípio solidariedade todo povo massacrar reprimir inclusive toa governo bolsonaro visita israel capacitar lógico repressivo contra próprio povo,"['sobre', 'algum', 'assunto', 'conhecer', 'minimamente', 'tratar', 'sob', 'risco', 'passar', 'vergonha', 'nada', 'ver', 'contrariedade', 'povo', 'judeu', 'luta', 'legítimo', 'determinar', 'período', 'histórico', 'sobrevivência', 'direito', 'território', 'saber', 'diferenciar', 'tratar', 'povo', 'povo', 'brasileiro', 'exemplo', 'confunder', 'atual', 'governo', 'povo', 'brasileiro', 'lindo', 'diverso', 'maravilhoso', 'confundir', 'hoje', 'regem', 'nação', 'assim', 'povo', 'judeu', 'atacar', 'nome', 'estado_de_israel', 'contra', 'povo', 'palestino', 'aliás', 'semelhante', 'parte', 'judeu', 'sofrer', 'processo', 'nazismo', 'perseguir', 'exterminar', 'direito', 'humano', 'violar', 'responder', 'deputado_do_novo', 'país', 'perseguir', 'população', 'lgbtq', 'mundo', 'brasil', 'país', 'matar', 'população', 'lgbtqia', 'mundo', 'inclusive', 'acabar', 'votar', 'projeto', 'sob', 'relatoria', 'novo', 'concurso', 'público', 'identidade', 'gênero', 'orientação', 'sexual', 'discriminar', 'então', 'posição', 'princípio', 'solidariedade', 'todo', 'povo', 'massacrar', 'reprimir', 'inclusive', 'toa', 'governo', 'bolsonaro', 'visita', 'israel', 'capacitar', 'lógico', 'repressivo', 'contra', 'próprio', 'povo']"
Sâmia Bomfim,PSOL,SP,122.2022,ORDEM DO DIA,04/08/2022,15h00,DCD05/08/2022 PAG. 151,https://www.camara.leg.br/internet/sitaqweb/TextoHTML.asp?etapa=5&nuSessao=122.2022&nuQuarto=2589266&nuOrador=1&nuInsercao=1&dtHorarioQuarto=15%3A00&sgFaseSessao=OD&Data=04%2F08%2F2022&txApelido=S%C3%A2mia+Bomfim&txFaseSessao=Ordem+do+Dia&txTipoSessao=Ordin%C3%A1ria+-+CD&dtHoraQuarto=15%3A00,"Orientação de bancada na votação do Projeto de Decreto Legislativo nº 485, de 2021, sobre aprovação do texto do Acordo entre o Governo da República Federativa do Brasil e o Governo do Estado de Israel sobre Proteção de Informação Classificada e Materiais, assinado em Tel Aviv, em 24 de novembro de 2010; e do texto de sua Emenda, firmada em Tel Aviv e Brasília em 6 de junho de 2018, ressalvados os destaques.","A SRA. SÂMIA BOMFIM (PSOL - SP. Pela ordem. Sem revisão da oradora.) - O PSOL orienta o voto ""não"", Presidente. Israel tem um regime racista, de apartheid , de massacre contra o povo palestino. Isso foi classificado pela anistia internacional e por diversas outras organizações. O que deveria ter sido feito inclusive seria o rompimento das relações políticas e de transferência de tecnologia bélica, porque disso que se trata inclusive esse acordo que estamos discutindo, para contribuir com projetos envolvendo a transferência de tecnologias aplicáveis aos setores militar e de segurança. Ou seja, a mesma lógica repressiva que serve para assassinar e perseguir palestinos pode ser intercambiada com o Brasil. Inclusive, sabemos que diversas polícias, como a Polícia Militar do Estado de São Paulo, utilizam-se de tecnologia israelense. Não é à toa que é uma das polícias mais letais do nosso País e que também tem uma prática absolutamente repressiva, racista e segregadora. Não é possível que assinemos embaixo desse tipo de prática! Viva a luta do povo palestino e não as práticas do Estado racista e do regime de apartheid aplicado por Israel e pela libertação de todos os povos pelo direito à autodeterminação, à própria história, território e sobrevivência.",psol orientar voto israel regime racista apartheid massacre contra povo palestino classificar anistia internacional diversos outro organização dever inclusive rompimento relação político transferência tecnologia bélico tratar inclusive acordo discutir contribuir projeto envolver transferência tecnologia aplicável setor militar segurança lógico repressivo servir assassinar perseguir palestino intercambiar brasil inclusive saber diversos polícia polícia_militar_do_estado_de_são_paulo utilizamse tecnologia israelense toa polícia letal país prático absolutamente repressivo racista segregadora possível assine embaixo tipo prática vivo luta povo palestino prática estado racista regime apartheid aplicar israel libertação todo povo direito autodeterminação próprio história território sobrevivência,"['psol', 'orientar', 'voto', 'israel', 'regime', 'racista', 'apartheid', 'massacre', 'contra', 'povo', 'palestino', 'classificar', 'anistia', 'internacional', 'diversos', 'outro', 'organização', 'dever', 'inclusive', 'rompimento', 'relação', 'político', 'transferência', 'tecnologia', 'bélico', 'tratar', 'inclusive', 'acordo', 'discutir', 'contribuir', 'projeto', 'envolver', 'transferência', 'tecnologia', 'aplicável', 'setor', 'militar', 'segurança', 'lógico', 'repressivo', 'servir', 'assassinar', 'perseguir', 'palestino', 'intercambiar', 'brasil', 'inclusive', 'saber', 'diversos', 'polícia', 'polícia_militar_do_estado_de_são_paulo', 'utilizamse', 'tecnologia', 'israelense', 'toa', 'polícia', 'letal', 'país', 'prático', 'absolutamente', 'repressivo', 'racista', 'segregadora', 'possível', 'assine', 'embaixo', 'tipo', 'prática', 'vivo', 'luta', 'povo', 'palestino', 'prática', 'estado', 'racista', 'regime', 'apartheid', 'aplicar', 'israel', 'libertação', 'todo', 'povo', 'direito', 'autodeterminação', 'próprio', 'história', 'território', 'sobrevivência']"
Sâmia Bomfim,PSOL,SP,122.2022,ORDEM DO DIA,04/08/2022,14h44,DCD05/08/2022 PAG. 145,https://www.camara.leg.br/internet/sitaqweb/TextoHTML.asp?etapa=5&nuSessao=122.2022&nuQuarto=2589239&nuOrador=1&nuInsercao=1&dtHorarioQuarto=14%3A44&sgFaseSessao=OD&Data=04%2F08%2F2022&txApelido=S%C3%A2mia+Bomfim&txFaseSessao=Ordem+do+Dia&txTipoSessao=Ordin%C3%A1ria+-+CD&dtHoraQuarto=14%3A44,"Orientação de bancada na votação do requerimento de destaque para votação em separado da Emenda de Plenário nº 8, apresentada ao Projeto de Lei nº 4.513, de 2020, sobre a instituição da Política Nacional de Educação Digital e alteração das Leis nºs 9.394, de 1996 (Lei de Diretrizes e Bases da Educação Nacional); 9.448, de 1997; 10.260, de 2001; e 10.753, de 2003.","A SRA. SÂMIA BOMFIM (PSOL - SP. Pela ordem. Sem revisão da oradora.) - O PSOL orienta o voto ""não"". Inclusive, isso foi algo que nós apresentamos como emenda, e o Relator acabou acatando-a, porque achamos que é importante preservar o FGTS para os momentos em que as famílias precisam de algum investimento para plano de habitação e coisas do tipo. Portanto, nós preferimos que o relatório se mantenha como está. Obrigada.",psol orientar voto inclusive algo apresentar emenda relator acabar acatandoo achar importante preservar fgts momento família algum investimento plano habitação coisa tipo portanto preferir relatório manter obrigar,"['psol', 'orientar', 'voto', 'inclusive', 'algo', 'apresentar', 'emenda', 'relator', 'acabar', 'acatandoo', 'achar', 'importante', 'preservar', 'fgts', 'momento', 'família', 'algum', 'investimento', 'plano', 'habitação', 'coisa', 'tipo', 'portanto', 'preferir', 'relatório', 'manter', 'obrigar']"
Sâmia Bomfim,PSOL,SP,122.2022,ORDEM DO DIA,04/08/2022,14h24,DCD05/08/2022 PAG. 136,https://www.camara.leg.br/internet/sitaqweb/TextoHTML.asp?etapa=5&nuSessao=122.2022&nuQuarto=2589211&nuOrador=1&nuInsercao=1&dtHorarioQuarto=14%3A24&sgFaseSessao=OD&Data=04%2F08%2F2022&txApelido=S%C3%A2mia+Bomfim&txFaseSessao=Ordem+do+Dia&txTipoSessao=Ordin%C3%A1ria+-+CD&dtHoraQuarto=14%3A24,"Orientação de bancada na votação do requerimento de destaque para votação em separado da Emenda de Plenário nº 1, apresentada ao Projeto de Lei nº 3.212, de 2021, sobre a doação de Viaturas Blindadas de Combate Obuseiro Autopropulsado, do Comando do Exército, para a República Oriental do Uruguai.","A SRA. SÂMIA BOMFIM (PSOL - SP. Pela ordem. Sem revisão da oradora.) - Sra. Presidente, o PSOL orienta ""sim"" ao destaque que apresentamos para que essas doações não signifiquem aumento à repressão ou impedimento do direito ao livre exercício das manifestações populares, do descontentamento político sobre qualquer um dos Governos. Está explícito que são manifestações pacíficas, legítimas, e que não deve ser esse o papel do Estado brasileiro, ainda mais num momento como este, em que há uma série de projetos aqui na Câmara de Deputados que versam contra os movimentos sociais, que querem endurecer a Lei Antiterrorismo, que querem impedir mesmo o direito de participação política daqueles que são eleitos, quando se trata da violência política de gênero. Então, não é um recado interessante. É por isso que este destaque é tão fundamental, para que prezemos sempre pelo direito à participação política e à livre manifestação. E o papel do Brasil não é de fomentar a repressão a outros povos.",sra_presidente psol orientar sim destaque apresentar doação signifiquar aumento repressão impedimento direito livre exercício manifestação popular descontentamento político sobre qualquer governo explícito manifestação pacífico legítimo dever papel estado_brasileiro ainda momento série projeto câmara_de_deputado versar contra movimento social endurecer lei_antiterrorismo impedir direito participação político eleitos tratar violência político gênero então recado interessante destaque tão fundamental prezemos sempre direito participação político livre manifestação papel brasil fomentar repressão outro povo,"['sra_presidente', 'psol', 'orientar', 'sim', 'destaque', 'apresentar', 'doação', 'signifiquar', 'aumento', 'repressão', 'impedimento', 'direito', 'livre', 'exercício', 'manifestação', 'popular', 'descontentamento', 'político', 'sobre', 'qualquer', 'governo', 'explícito', 'manifestação', 'pacífico', 'legítimo', 'dever', 'papel', 'estado_brasileiro', 'ainda', 'momento', 'série', 'projeto', 'câmara_de_deputado', 'versar', 'contra', 'movimento', 'social', 'endurecer', 'lei_antiterrorismo', 'impedir', 'direito', 'participação', 'político', 'eleitos', 'tratar', 'violência', 'político', 'gênero', 'então', 'recado', 'interessante', 'destaque', 'tão', 'fundamental', 'prezemos', 'sempre', 'direito', 'participação', 'político', 'livre', 'manifestação', 'papel', 'brasil', 'fomentar', 'repressão', 'outro', 'povo']"
Sâmia Bomfim,PSOL,SP,122.2022,ORDEM DO DIA,04/08/2022,14h20,DCD05/08/2022 PAG. 134,https://www.camara.leg.br/internet/sitaqweb/TextoHTML.asp?etapa=5&nuSessao=122.2022&nuQuarto=2589200&nuOrador=1&nuInsercao=1&dtHorarioQuarto=14%3A20&sgFaseSessao=OD&Data=04%2F08%2F2022&txApelido=S%C3%A2mia+Bomfim&txFaseSessao=Ordem+do+Dia&txTipoSessao=Ordin%C3%A1ria+-+CD&dtHoraQuarto=14%3A20,"Encaminhamento da votação do requerimento de destaque para votação em separado da Emenda de Plenário nº 1, apresentada ao Projeto de Lei nº 3.212, de 2021, sobre a doação de Viaturas Blindadas de Combate Obuseiro Autopropulsado, do Comando do Exército, para a República Oriental do Uruguai.","A SRA. SÂMIA BOMFIM (PSOL - SP. Sem revisão da oradora.) - Presidente, nós apresentamos um destaque para que haja nesse projeto uma cláusula que diga que esses tanques que vão ser doados, aliás, essas viaturas blindadas que serão doadas não sejam utilizadas em momentos de legítima manifestação e convulsão popular na luta pelos seus direitos, contra os desmandos dos governos. Aconteceram manifestações massivas, por exemplo, no ano de 2021, que foram duramente reprimidas no Uruguai. No nosso ponto de vista, não deve ser papel do Estado, do Governo brasileiro, dar instrumentos, estrutura e mais condições para que outras nações reprimam seus próprios povos. É evidente essa troca diplomática entre países, essa integração, e em especial na América Latina é fundamental. Mas ela deve sempre primar pelos direitos humanos, pelo direito às liberdades democráticas, à livre manifestação. No nosso ponto de vista seria fundamental que estivesse explícito isso no texto, mostrando que a intenção deste Parlamento e do Governo brasileiro não é estimular nem dar mais instrumentos para que outros povos não consigam exercer o seu direito de livre manifestação. Falando nisso, quero aproveitar a oportunidade para debater um pouco sobre a situação muito preocupante no Brasil de ameaça ao processo eleitoral, às liberdades democráticas, ao direito do nosso próprio povo de colocar a sua opinião sobre qual deve ser o nosso destino. Inúmeras vezes nós vimos por parte do Presidente da República, da sua base aliada e da sua milícia digital o questionamento ao processo eleitoral. Em reunião recente que foi feita com embaixadores, ele deixou claro que não vai aceitar o resultado que as urnas vão impor. Acho que da nossa parte deve haver um processo de mobilização permanente até as eleições. Existe hoje uma ampla articulação da sociedade, de gregos e troianos, dizendo que vamos, sim, respeitar o resultado das eleições. A democracia no Brasil, ainda que combalida, ainda que muito atacada, vai prevalecer em outubro, mas é necessário que daqui até lá nós sigamos na ofensiva. Não é possível que nós que somos hoje uma maioria social e política sejamos atacados sem que demos uma resposta à altura. É por isso que movimentos sociais, em especial o movimento estudantil, estão convocando mobilizações para o dia 11 de agosto, onde nós estaremos. Convido os demais Parlamentares, aqueles que prezam pelas liberdades democráticas e que estão contra esse discurso golpista e essa escalada de violência para que também participem nas suas cidades, nas suas localidades, a fim de que demos uma resposta muito contundente a esse que hoje está no Palácio do Planalto, que não respeita um processo eleitoral pelo qual ele mesmo foi eleito.",apresentar destaque projeto cláusula diga tanque doados aliás viatura blindar doar utilizar momento legítimo manifestação convulsão popular lutar direito contra desmando governo acontecer manifestação massivo exemplo ano 2021 duramente reprimir uruguai ponto ver dever papel governo_brasileiro dar instrumento estrutura condição outro nação reprimar próprio povo evidente troca diplomático país integração especial américa_latina fundamental dever sempre primar direito humano direito liberdade democrático livre manifestação ponto ver fundamental explícito texto mostrar intenção parlamento governo_brasileiro estimular dar instrumento outro povo consigam exercer direito livre manifestação aproveitar oportunidade debater pouco sobre situação preocupante brasil ameaçar processo eleitoral liberdade democrático direito próprio povo colocar opinião sobre dever destino inúmero vez vir parte presidente_da_repúblico base aliar milícia digital questionamento processo eleitoral reunião recente embaixador deixar claro aceitar resultar urna impor achar parte dever processo mobilização permanente eleição existir hoje amplo articulação sociedade grego troiano sim respeitar resultado eleição democracia brasil ainda combaler ainda atacar prevalecer outubro necessário lá sigar ofensiva possível hoje maioria social político atacar der resposta altura movimento social especial movimento estudantil convocar mobilização dia 11 agosto onde convido demais parlamentar prezar liberdade democrático contra discurso golpista escalada violência participem cidade localidade fim der resposta contundente hoje palácio_do_planalto respeitar processo eleitoral eleger,"['apresentar', 'destaque', 'projeto', 'cláusula', 'diga', 'tanque', 'doados', 'aliás', 'viatura', 'blindar', 'doar', 'utilizar', 'momento', 'legítimo', 'manifestação', 'convulsão', 'popular', 'lutar', 'direito', 'contra', 'desmando', 'governo', 'acontecer', 'manifestação', 'massivo', 'exemplo', 'ano', '2021', 'duramente', 'reprimir', 'uruguai', 'ponto', 'ver', 'dever', 'papel', 'governo_brasileiro', 'dar', 'instrumento', 'estrutura', 'condição', 'outro', 'nação', 'reprimar', 'próprio', 'povo', 'evidente', 'troca', 'diplomático', 'país', 'integração', 'especial', 'américa_latina', 'fundamental', 'dever', 'sempre', 'primar', 'direito', 'humano', 'direito', 'liberdade', 'democrático', 'livre', 'manifestação', 'ponto', 'ver', 'fundamental', 'explícito', 'texto', 'mostrar', 'intenção', 'parlamento', 'governo_brasileiro', 'estimular', 'dar', 'instrumento', 'outro', 'povo', 'consigam', 'exercer', 'direito', 'livre', 'manifestação', 'aproveitar', 'oportunidade', 'debater', 'pouco', 'sobre', 'situação', 'preocupante', 'brasil', 'ameaçar', 'processo', 'eleitoral', 'liberdade', 'democrático', 'direito', 'próprio', 'povo', 'colocar', 'opinião', 'sobre', 'dever', 'destino', 'inúmero', 'vez', 'vir', 'parte', 'presidente_da_repúblico', 'base', 'aliar', 'milícia', 'digital', 'questionamento', 'processo', 'eleitoral', 'reunião', 'recente', 'embaixador', 'deixar', 'claro', 'aceitar', 'resultar', 'urna', 'impor', 'achar', 'parte', 'dever', 'processo', 'mobilização', 'permanente', 'eleição', 'existir', 'hoje', 'amplo', 'articulação', 'sociedade', 'grego', 'troiano', 'sim', 'respeitar', 'resultado', 'eleição', 'democracia', 'brasil', 'ainda', 'combaler', 'ainda', 'atacar', 'prevalecer', 'outubro', 'necessário', 'lá', 'sigar', 'ofensiva', 'possível', 'hoje', 'maioria', 'social', 'político', 'atacar', 'der', 'resposta', 'altura', 'movimento', 'social', 'especial', 'movimento', 'estudantil', 'convocar', 'mobilização', 'dia', '11', 'agosto', 'onde', 'convido', 'demais', 'parlamentar', 'prezar', 'liberdade', 'democrático', 'contra', 'discurso', 'golpista', 'escalada', 'violência', 'participem', 'cidade', 'localidade', 'fim', 'der', 'resposta', 'contundente', 'hoje', 'palácio_do_planalto', 'respeitar', 'processo', 'eleitoral', 'eleger']"
Sâmia Bomfim,PSOL,SP,122.2022,ORDEM DO DIA,04/08/2022,14h16,DCD05/08/2022 PAG. 133,https://www.camara.leg.br/internet/sitaqweb/TextoHTML.asp?etapa=5&nuSessao=122.2022&nuQuarto=2589197&nuOrador=1&nuInsercao=1&dtHorarioQuarto=14%3A16&sgFaseSessao=OD&Data=04%2F08%2F2022&txApelido=S%C3%A2mia+Bomfim&txFaseSessao=Ordem+do+Dia&txTipoSessao=Ordin%C3%A1ria+-+CD&dtHoraQuarto=14%3A16,"Encaminhamento da votação do Projeto de Lei nº 3.212, de 2021, sobre a doação de Viaturas Blindadas de Combate Obuseiro Autopropulsado, do Comando do Exército, para a República Oriental do Uruguai.","A SRA. SÂMIA BOMFIM (PSOL - SP. Sem revisão da oradora.) - Obrigada, Presidente. Nós vamos encaminhar contrariamente ao PL 3.212/21, que versa sobre a doação de Viaturas Blindadas de Combate Obuseiro Autopropulsado para o Uruguai, porque nós fizemos o pedido para que se incluísse uma emenda que nós apresentamos no sentido de que a utilização delas não fosse contra o livre direito de manifestação, de protestos massivos, a exemplo do que aconteceu no ano de 2021, no Uruguai, protestos esses que foram duramente reprimidos. Nós achamos que não é papel do Estado brasileiro fornecer equipamentos e estruturas que sirvam para reprimir outras nações. Achamos que essa integração latino-americana deve ser sempre visando à promoção dos direitos humanos, à integração entre os povos, e não à lógica bélica, militarista ou de repressão de movimentos sociais. A população tem todo o direito de se levantar, de fazer as suas mobilizações. É isso, Presidente. Obrigada.",obrigar encaminhar contrariamente pl 321221 verso sobre doação_de_viaturas_blindadas_de_combate_obuseiro_autopropulsado uruguai fizemos pedir incluír emenda apresentar sentido utilização contra livre direito manifestação protesto massivo exemplo acontecer ano 2021 uruguai protesto duramente reprimir achar papel estado_brasileiro fornecer equipamento estrutura sirvam reprimir outro nação achamos integração latinoamericano dever sempre visar promoção direito humano integração povo lógico bélico militarista repressão movimento social população todo direito levantar mobilização obrigar,"['obrigar', 'encaminhar', 'contrariamente', 'pl', '321221', 'verso', 'sobre', 'doação_de_viaturas_blindadas_de_combate_obuseiro_autopropulsado', 'uruguai', 'fizemos', 'pedir', 'incluír', 'emenda', 'apresentar', 'sentido', 'utilização', 'contra', 'livre', 'direito', 'manifestação', 'protesto', 'massivo', 'exemplo', 'acontecer', 'ano', '2021', 'uruguai', 'protesto', 'duramente', 'reprimir', 'achar', 'papel', 'estado_brasileiro', 'fornecer', 'equipamento', 'estrutura', 'sirvam', 'reprimir', 'outro', 'nação', 'achamos', 'integração', 'latinoamericano', 'dever', 'sempre', 'visar', 'promoção', 'direito', 'humano', 'integração', 'povo', 'lógico', 'bélico', 'militarista', 'repressão', 'movimento', 'social', 'população', 'todo', 'direito', 'levantar', 'mobilização', 'obrigar']"
Sâmia Bomfim,PSOL,SP,122.2022,ORDEM DO DIA,04/08/2022,13h28,DCD05/08/2022 PAG. 118,https://www.camara.leg.br/internet/sitaqweb/TextoHTML.asp?etapa=5&nuSessao=122.2022&nuQuarto=2589102&nuOrador=1&nuInsercao=1&dtHorarioQuarto=13%3A28&sgFaseSessao=OD&Data=04%2F08%2F2022&txApelido=S%C3%A2mia+Bomfim&txFaseSessao=Ordem+do+Dia&txTipoSessao=Ordin%C3%A1ria+-+CD&dtHoraQuarto=13%3A28,"Orientação de bancada na votação do requerimento de destaque para votação em separado da Emenda de Plenário nº 2, oferecida ao Projeto de Lei nº 252, de 2003, sobre normas gerais relativas a concursos públicos. Protesto contra a extinção de mais de 3 mil cargos públicos prevista no Projeto de Lei nº 428, de 2022, sobre a adoção de medidas destinadas à valorização dos servidores municipais, instituição do Plano de Modernização do Sistema de Fiscalização de Atividades Urbanas e da Orientação de Atividades Urbanas, aprovado pela Câmara Municipal de São Paulo, Estado de São Paulo. Crítica ao Prefeito Municipal Ricardo Nunes.","A SRA. SÂMIA BOMFIM (PSOL - SP. Pela ordem. Sem revisão da oradora.) - Sra. Presidente, o PSOL orienta ""sim"". Eu quero aproveitar a oportunidade para lamentar profundamente a aprovação, no dia de ontem, na Câmara Municipal de São Paulo, do PL 428, que extingue mais de 3 mil cargos públicos. Nós estamos aqui abordando uma matéria que diz respeito aos concursos públicos. Pois neste momento esse ataque fragoroso contra os servidores e contra o serviço público está sendo feito pelo Prefeito Ricardo Nunes. Estes cargos dizem respeito a áreas como a assistência social, a cultura, o esporte, e serão extintos. Isso vai permitir, sabemos, uma maior entrada de OS, ou seja, a terceirização dos serviços, que é uma forma de algumas poucas empresas, que não têm nenhuma transparência, gerenciarem muitos recursos públicos, precarizarem não só a lógica de contratação, mas também o atendimento à população, que é a principal afetada. O Prefeito Ricardo Nunes chegou a chamar esses cargos de inúteis. Pois eu quero dizer que inútil é um Prefeito que não faz nada em benefício do povo de São Paulo.",sra_presidente psol orientar sim aproveitar oportunidade lamentar profundamente aprovação dia ontem câmara_municipal_de_são_paulo pl 428 extingar 3 mil cargo público abordar matéria respeito concurso público pois momento ataque fragoroso contra servidor contra serviço público prefeito_ricardo_nunes cargo respeito área assistência social cultura esporte extintos permitir saber grande entrada terceirização serviço forma algum pouco empresa nenhum transparência gerenciar recurso público precarizar lógico contratação atendimento população principal afetar prefeito_ricardo_nunes chegar chamar cargo inútil pois inútil prefeito nada benefício povo são_paulo,"['sra_presidente', 'psol', 'orientar', 'sim', 'aproveitar', 'oportunidade', 'lamentar', 'profundamente', 'aprovação', 'dia', 'ontem', 'câmara_municipal_de_são_paulo', 'pl', '428', 'extingar', '3', 'mil', 'cargo', 'público', 'abordar', 'matéria', 'respeito', 'concurso', 'público', 'pois', 'momento', 'ataque', 'fragoroso', 'contra', 'servidor', 'contra', 'serviço', 'público', 'prefeito_ricardo_nunes', 'cargo', 'respeito', 'área', 'assistência', 'social', 'cultura', 'esporte', 'extintos', 'permitir', 'saber', 'grande', 'entrada', 'terceirização', 'serviço', 'forma', 'algum', 'pouco', 'empresa', 'nenhum', 'transparência', 'gerenciar', 'recurso', 'público', 'precarizar', 'lógico', 'contratação', 'atendimento', 'população', 'principal', 'afetar', 'prefeito_ricardo_nunes', 'chegar', 'chamar', 'cargo', 'inútil', 'pois', 'inútil', 'prefeito', 'nada', 'benefício', 'povo', 'são_paulo']"
Sâmia Bomfim,PSOL,SP,122.2022,ORDEM DO DIA,04/08/2022,13h08,DCD05/08/2022 PAG. 113,https://www.camara.leg.br/internet/sitaqweb/TextoHTML.asp?etapa=5&nuSessao=122.2022&nuQuarto=2589086&nuOrador=1&nuInsercao=1&dtHorarioQuarto=13%3A08&sgFaseSessao=OD&Data=04%2F08%2F2022&txApelido=S%C3%A2mia+Bomfim&txFaseSessao=Ordem+do+Dia&txTipoSessao=Ordin%C3%A1ria+-+CD&dtHoraQuarto=13%3A08,"Defesa da aprovação do requerimento de destaque para votação em separado da expressão discriminação ilegítima com base em idade, sexo, orientação sexual, estado civil, condição física, deficiência, raça, naturalidade, proveniência ou moradia, constante do inciso III do artigo 4º do Projeto de Lei nº 252, de 2003, sobre normas gerais relativas a concursos públicos, para substituição da expressão discriminação ilegítima de candidatos, com base em aspectos como idade, sexo, estado civil, condição física, deficiência, etnia, naturalidade, proveniência ou local de origem, constante do §4º do artigo 2º do substitutivo apresentado à matéria.","A SRA. SÂMIA BOMFIM (PSOL - SP. Pela ordem. Sem revisão da oradora.) - Isso pode ser inclusive judicializado depois, Deputada Erika, porque como vamos admitir que um segmento pode ser discriminado e os demais não? Estamos falando de concurso público, do pessoal que vai trabalhar na máquina pública. Portanto, é evidente que este destaque tem que ser contemplado. Quem votar contra este destaque estará dizendo que tudo bem que as pessoas sejam discriminadas depois de estudarem tanto, de prestarem provas, de serem aprovadas e de estarem na legalidade somente exercendo o seu direito de ser e de existir.",inclusive judicializar deputada_erika admitir segmento discriminar demais concurso público pessoal trabalhar máquina público portanto evidente destaque contemplar votar contra destaque tudo bem pessoa discriminar estudar tanto prestar prova aprovar legalidade somente exercer direito existir,"['inclusive', 'judicializar', 'deputada_erika', 'admitir', 'segmento', 'discriminar', 'demais', 'concurso', 'público', 'pessoal', 'trabalhar', 'máquina', 'público', 'portanto', 'evidente', 'destaque', 'contemplar', 'votar', 'contra', 'destaque', 'tudo', 'bem', 'pessoa', 'discriminar', 'estudar', 'tanto', 'prestar', 'prova', 'aprovar', 'legalidade', 'somente', 'exercer', 'direito', 'existir']"
Sâmia Bomfim,PSOL,SP,122.2022,ORDEM DO DIA,04/08/2022,13h04,DCD05/08/2022 PAG. 111,https://www.camara.leg.br/internet/sitaqweb/TextoHTML.asp?etapa=5&nuSessao=122.2022&nuQuarto=2589068&nuOrador=1&nuInsercao=1&dtHorarioQuarto=13%3A04&sgFaseSessao=OD&Data=04%2F08%2F2022&txApelido=S%C3%A2mia+Bomfim&txFaseSessao=Ordem+do+Dia&txTipoSessao=Ordin%C3%A1ria+-+CD&dtHoraQuarto=13%3A04,"Orientação de bancada na  votação do requerimento de destaque para votação em separado da expressão discriminação ilegítima com base em idade, sexo, orientação sexual, estado civil, condição física, deficiência, raça, naturalidade, proveniência ou moradia, constante do inciso III do artigo 4º do Projeto de Lei nº 252, de 2003, sobre normas gerais relativas a concursos públicos, para substituição da expressão discriminação ilegítima de candidatos, com base em aspectos como idade, sexo, estado civil, condição física, deficiência, etnia, naturalidade, proveniência ou local de origem, constante do §4º do artigo 2º do substitutivo apresentado à matéria.","A SRA. SÂMIA BOMFIM (PSOL - SP. Pela ordem. Sem revisão da oradora.) - O PSOL orienta ""sim"", Presidente, porque estamos tratando de uma legislação a respeito de concursos públicos. Manteve-se a ideia de que é vedado qualquer tipo de discriminação em função de estado civil, de condição física, de moradia, mas se retirou a referência a orientação sexual e a identidade de gênero. Ou seja, está se dizendo que, se a pessoa for trans, se a pessoa for homossexual, ela pode, sim, ser discriminada. Vejam, a pessoa estudou por muitos anos, esforçou-se, prestou prova de concurso público, passou, só que, pelo fato de ser homossexual ou transexual, ela pode sofrer essa violência? Espera aí, gente? O que está acontecendo neste Parlamento? Estamos dizendo que é admissível que uma pessoa passe esse tipo de constrangimento e de violência? Isso já acontece, sabemos, principalmente nas corporações policiais e nas Forças Armadas. E o que vamos votar é que isso é admissível, isso é legal? Isso é uma vergonha!",psol orientar sim tratar legislação respeito concurso público mantevese ideia vedar qualquer tipo discriminação função estado civil condição físico moradia retirar referência orientação sexual identidade gênero pessoa trans pessoa homossexual sim discriminar vejam pessoa estudar ano esforçouse prestar prova concurso público passar fato homossexual transexual sofrer violência esperar aí gente acontecer parlamento admissível pessoa passar tipo constrangimento violência acontecer saber principalmente corporação policial forças_armar votar admissível legal vergonha,"['psol', 'orientar', 'sim', 'tratar', 'legislação', 'respeito', 'concurso', 'público', 'mantevese', 'ideia', 'vedar', 'qualquer', 'tipo', 'discriminação', 'função', 'estado', 'civil', 'condição', 'físico', 'moradia', 'retirar', 'referência', 'orientação', 'sexual', 'identidade', 'gênero', 'pessoa', 'trans', 'pessoa', 'homossexual', 'sim', 'discriminar', 'vejam', 'pessoa', 'estudar', 'ano', 'esforçouse', 'prestar', 'prova', 'concurso', 'público', 'passar', 'fato', 'homossexual', 'transexual', 'sofrer', 'violência', 'esperar', 'aí', 'gente', 'acontecer', 'parlamento', 'admissível', 'pessoa', 'passar', 'tipo', 'constrangimento', 'violência', 'acontecer', 'saber', 'principalmente', 'corporação', 'policial', 'forças_armar', 'votar', 'admissível', 'legal', 'vergonha']"
Fernanda Melchionna,PSOL,RS,122.2022,ORDEM DO DIA,04/08/2022,11h48,DCD05/08/2022 PAG. 86,https://www.camara.leg.br/internet/sitaqweb/TextoHTML.asp?etapa=5&nuSessao=122.2022&nuQuarto=2588934&nuOrador=1&nuInsercao=1&dtHorarioQuarto=11%3A48&sgFaseSessao=OD&Data=04%2F08%2F2022&txApelido=Fernanda+Melchionna&txFaseSessao=Ordem+do+Dia&txTipoSessao=Ordin%C3%A1ria+-+CD&dtHoraQuarto=11%3A48,"Apoio ao requerimento de apreciação em regime de urgência do Projeto de Resolução nº 27, de 2022, sobre acréscimo de dispositivos ao art. 20-A do Regimento Interno da Câmara dos Deputados, para inclusão do Observatório Nacional da Mulher na Política. Expectativa de sanção presidencial de legislação sobre a criação do piso salarial nacional dos profissionais da enfermagem ao ensejo do transcurso do Dia Nacional da Saúde.","A SRA. FERNANDA MELCHIONNA (PSOL - RS. Pela ordem. Sem revisão da oradora.) - Presidente, quero só registrar nosso apoio ao requerimento. É evidente que esperamos que esta votação seja por unanimidade, porque é um projeto muito positivo no sentido de criar o Observatório Nacional da Mulher na Política. A violência política contra as mulheres ainda é uma chaga no Brasil. Quero registrar ainda que amanhã será o Dia Nacional da Saúde, e nós estamos esperando ansiosamente a sanção do piso salarial nacional da enfermagem, que foi a conquista de uma luta de 3 décadas das enfermeiras, técnicas de enfermagem e parteiras. Apesar dessa mobilização tão importante, ainda há o silêncio presidencial. Nós estamos pressionando para que a sanção seja o mais célere possível e a categoria possa, no Dia Nacional da Saúde, comemorar a vitória da luta das trabalhadoras. Agradeço a oportunidade.",registrar apoio requerimento evidente esperar votação unanimidade projeto positivo sentido criar observatório_nacional_da_mulher_na_político violência político contra mulher ainda chaga brasil registrar ainda amanhã dia_nacional_da_saúde esperar ansiosamente sanção piso salarial nacional enfermagem conquistar luta 3 década enfermeir técnico enfermagem parteir apesar mobilização tão importante ainda silêncio presidencial pressionar sanção célere possível categoria dia_nacional_da_saúde comemorar vitória luta trabalhadoro oportunidade,"['registrar', 'apoio', 'requerimento', 'evidente', 'esperar', 'votação', 'unanimidade', 'projeto', 'positivo', 'sentido', 'criar', 'observatório_nacional_da_mulher_na_político', 'violência', 'político', 'contra', 'mulher', 'ainda', 'chaga', 'brasil', 'registrar', 'ainda', 'amanhã', 'dia_nacional_da_saúde', 'esperar', 'ansiosamente', 'sanção', 'piso', 'salarial', 'nacional', 'enfermagem', 'conquistar', 'luta', '3', 'década', 'enfermeir', 'técnico', 'enfermagem', 'parteir', 'apesar', 'mobilização', 'tão', 'importante', 'ainda', 'silêncio', 'presidencial', 'pressionar', 'sanção', 'célere', 'possível', 'categoria', 'dia_nacional_da_saúde', 'comemorar', 'vitória', 'luta', 'trabalhadoro', 'oportunidade']"
Fernanda Melchionna,PSOL,RS,122.2022,ORDEM DO DIA,04/08/2022,11h40,DCD05/08/2022 PAG. 82,https://www.camara.leg.br/internet/sitaqweb/TextoHTML.asp?etapa=5&nuSessao=122.2022&nuQuarto=2588904&nuOrador=1&nuInsercao=1&dtHorarioQuarto=11%3A40&sgFaseSessao=OD&Data=04%2F08%2F2022&txApelido=Fernanda+Melchionna&txFaseSessao=Ordem+do+Dia&txTipoSessao=Ordin%C3%A1ria+-+CD&dtHoraQuarto=11%3A40,"Orientação de bancada na votação do requerimento de apreciação em regime de urgência do Projeto de Lei nº 1.799, de 2022, sobre a criação do Selo Biocombustível Socioambiental.","A SRA. FERNANDA MELCHIONNA (PSOL - RS. Pela ordem. Sem revisão da oradora.) - Primeiro, Presidente, é importante dizer que a produção de biocombustíveis pode e deve ser uma alternativa, quer para a energia renovável, quer para o desenvolvimento da agricultura familiar. O problema é que esse projeto centraliza e dá prioridade, na prática, a uma lógica de produção de biocombustíveis submetida à lógica das commodities , que faz com que não tenhamos como prioridade a produção de alimentos para matar a fome do povo, tampouco a produção de energia de forma mais barata, desenvolvendo a agricultura familiar, que foi brutalmente atacada pelo Governo Bolsonaro. Nestes últimos 4 anos, o Governo absolutamente desconsiderou e desrespeitou a agricultura familiar, que produz 70% dos alimentos e que poderia estar sendo utilizada para baratear o custo dos alimentos, a produção de combustíveis e também de biocombustíveis. Pela lógica das commodities , o PSOL é ""não"".",primeiro importante produção biocombustível dever alternativo energia renovável desenvolvimento agricultura familiar problema projeto centralizar dar prioridade prático lógico produção biocombustível submeter lógico commodities prioridade produção alimento matar fome povo tampouco produção energio forma barato desenvolver agricultura familiar brutalmente atacar governo bolsonaro último 4 ano governo absolutamente desconsiderar desrespeitar agricultura familiar produzir 70 alimento utilizar baratear custo alimento produção combustível biocombustível lógico commodities psol,"['primeiro', 'importante', 'produção', 'biocombustível', 'dever', 'alternativo', 'energia', 'renovável', 'desenvolvimento', 'agricultura', 'familiar', 'problema', 'projeto', 'centralizar', 'dar', 'prioridade', 'prático', 'lógico', 'produção', 'biocombustível', 'submeter', 'lógico', 'commodities', 'prioridade', 'produção', 'alimento', 'matar', 'fome', 'povo', 'tampouco', 'produção', 'energio', 'forma', 'barato', 'desenvolver', 'agricultura', 'familiar', 'brutalmente', 'atacar', 'governo', 'bolsonaro', 'último', '4', 'ano', 'governo', 'absolutamente', 'desconsiderar', 'desrespeitar', 'agricultura', 'familiar', 'produzir', '70', 'alimento', 'utilizar', 'baratear', 'custo', 'alimento', 'produção', 'combustível', 'biocombustível', 'lógico', 'commodities', 'psol']"
Fernanda Melchionna,PSOL,RS,122.2022,ORDEM DO DIA,04/08/2022,10h52,DCD05/08/2022 PAG. 67,https://www.camara.leg.br/internet/sitaqweb/TextoHTML.asp?etapa=5&nuSessao=122.2022&nuQuarto=2588836&nuOrador=1&nuInsercao=1&dtHorarioQuarto=10%3A52&sgFaseSessao=OD&Data=04%2F08%2F2022&txApelido=Fernanda+Melchionna&txFaseSessao=Ordem+do+Dia&txTipoSessao=Ordin%C3%A1ria+-+CD&dtHoraQuarto=10%3A52,Responsabilidade do Presidente Jair Bolsonaro pelo elevado número de óbitos registrados no Brasil em decorrência da Covid-19. Crise socioeconômica brasileira. Cenário de fome e insegurança alimentar reinante no País. Cobrança de taxas de juros escorchantes pelo sistema bancário. Razões do posicionamento da oradora contrário à reeleição do Presidente Jair Bolsonaro.,"A SRA. FERNANDA MELCHIONNA (PSOL - RS. Pela ordem. Sem revisão da oradora.) - Bom dia a todos e a todas. Este é um momento muito importante da nossa história. O povo brasileiro, nos últimos 3 anos e meio, sofreu de uma maneira sem precedentes. Sofreu com a pior pandemia que a nossa geração já viveu, é verdade, mas também com um delinquente na Presidência da República, que se aliou com o vírus, em vez de se aliar com a ciência. Nós chegamos a quase 700 mil vidas perdidas — boa parte delas por irresponsabilidade e por uma política criminosa comandada pelo Bolsonaro. Nós vivemos com um Presidente que tem uma agenda econômica antipovo e, permanentemente, tenta suprimir as liberdades democráticas. Um rearranjo, com o orçamento secreto e o ""toma lá, dá cá"", permitiu uma estabilidade política vergonhosa. A história lembrará aqueles que silenciaram e deram a um criminoso condições de seguir governando. Nós estamos numa das piores crises da nossa história, uma crise do capitalismo, aprofundada pela agenda do Paulo Guedes e do Bolsonaro. Hoje, 33 milhões de brasileiros não sabem o que vão comer ao meio-dia e à noite, nem amanhã; e 120 milhões de brasileiros estão em insegurança alimentar, sem o mínimo de nutrientes básicos para uma dieta saudável. Enquanto isso, cinco bilionários têm a mesma renda que metade do povo brasileiro. O Brasil tem mais bilionários hoje do que tinha antes da pandemia. Nós vivemos uma verdadeira farra dos bancos, com juros que podem chegar a 250% e estão massacrando o povo brasileiro. O desemprego, o arrocho salarial e a carestia assolam os lares do nosso povo. É verdade que nós estamos caminhando para um processo eleitoral — espero que seja decisivo para tirar o Bolsonaro nas urnas, e nós estaremos empenhados na luta política para que isso ocorra no primeiro turno —, mas também é verdade que a nossa voz precisa ser ouvida: a voz das mulheres do Ele Não, que teve latência e não permitiu que o Bolsonaro ganhasse no primeiro turno; a nossa voz dos estudantes do tsunami da educação, em 2019, que conseguiu recuperar os recursos cortados da educação, garantindo que o Bolsonaro não avançasse sobre as liberdades democráticas; a nossa voz das manifestações do ""Fora, Bolsonaro!"", que reuniram milhões de pessoas Brasil afora. Embora a Câmara tenha uma barreira nos ouvidos, em razão desse rearranjo da base alugada, da velha política do fisiologismo, da corrupção, do ""toma lá, dá cá"", o povo tem demonstrado que não aceitará mais este Governo criminoso. Nós estaremos empenhados na derrota do Bolsonaro nas urnas e também nas ruas. O dia 11 de agosto será um dia de luta dos estudantes, e nós lá estaremos para defender as liberdades democráticas e para seguir a luta pelo ""Fora, Bolsonaro!"".",bom dia todo todo momento importante históriar povo brasileiro último 3 ano meio sofrer maneira precedente sofrer mau pandemia geração viver verdade delinquente presidência_da_república aliar vírus vez aliar ciência chegar quase 700 mil vida perder bom parte irresponsabilidade político criminoso comandar bolsonaro viver agenda econômico antipovo permanentemente tentar suprimir liberdade democrático rearranjo orçamento secreto tomar lá dar cá permitir estabilidade político vergonhoso história lembrar silenciar dar criminoso condição seguir governar piores crise históriar crise capitalismo aprofundar agenda paulo_guedes bolsonaro hoje 33 milhão brasileiro saber comer meiodio noite amanhã 120 milhão brasileiro insegurança alimentar pequeno nutriente básico dieta saudável enquanto cinco bilionário renda metade povo brasileiro brasil bilionário hoje antes pandemia viver verdadeiro farra banco juro chegar 250 massacrar povo brasileiro desemprego arrocho salarial carestia assolar lar povo verdade caminhar processo eleitoral esperar decisivo tirar bolsonaro urna empenhar luta político ocorrer primeiro turno verdade voz ouvido voz mulher ele_não latência permitir bolsonaro ganhar primeiro turno voz estudante tsunami educação 2019 conseguir recuperar recurso cortar educação garantir bolsonaro avançar sobre liberdade democrático voz manifestação bolsonaro reunir milhão pessoa brasil afora embora câmara barreira ouvir razão rearranjo base alugar velho política fisiologismo corrupção tomar lá dar cá povo demonstrar aceitar governo criminoso empenhar derrota bolsonaro urno rua dia 11 agosto dia luta estudante lá estarer defender liberdade democrático seguir luta bolsonaro,"['bom', 'dia', 'todo', 'todo', 'momento', 'importante', 'históriar', 'povo', 'brasileiro', 'último', '3', 'ano', 'meio', 'sofrer', 'maneira', 'precedente', 'sofrer', 'mau', 'pandemia', 'geração', 'viver', 'verdade', 'delinquente', 'presidência_da_república', 'aliar', 'vírus', 'vez', 'aliar', 'ciência', 'chegar', 'quase', '700', 'mil', 'vida', 'perder', 'bom', 'parte', 'irresponsabilidade', 'político', 'criminoso', 'comandar', 'bolsonaro', 'viver', 'agenda', 'econômico', 'antipovo', 'permanentemente', 'tentar', 'suprimir', 'liberdade', 'democrático', 'rearranjo', 'orçamento', 'secreto', 'tomar', 'lá', 'dar', 'cá', 'permitir', 'estabilidade', 'político', 'vergonhoso', 'história', 'lembrar', 'silenciar', 'dar', 'criminoso', 'condição', 'seguir', 'governar', 'piores', 'crise', 'históriar', 'crise', 'capitalismo', 'aprofundar', 'agenda', 'paulo_guedes', 'bolsonaro', 'hoje', '33', 'milhão', 'brasileiro', 'saber', 'comer', 'meiodio', 'noite', 'amanhã', '120', 'milhão', 'brasileiro', 'insegurança', 'alimentar', 'pequeno', 'nutriente', 'básico', 'dieta', 'saudável', 'enquanto', 'cinco', 'bilionário', 'renda', 'metade', 'povo', 'brasileiro', 'brasil', 'bilionário', 'hoje', 'antes', 'pandemia', 'viver', 'verdadeiro', 'farra', 'banco', 'juro', 'chegar', '250', 'massacrar', 'povo', 'brasileiro', 'desemprego', 'arrocho', 'salarial', 'carestia', 'assolar', 'lar', 'povo', 'verdade', 'caminhar', 'processo', 'eleitoral', 'esperar', 'decisivo', 'tirar', 'bolsonaro', 'urna', 'empenhar', 'luta', 'político', 'ocorrer', 'primeiro', 'turno', 'verdade', 'voz', 'ouvido', 'voz', 'mulher', 'ele_não', 'latência', 'permitir', 'bolsonaro', 'ganhar', 'primeiro', 'turno', 'voz', 'estudante', 'tsunami', 'educação', '2019', 'conseguir', 'recuperar', 'recurso', 'cortar', 'educação', 'garantir', 'bolsonaro', 'avançar', 'sobre', 'liberdade', 'democrático', 'voz', 'manifestação', 'bolsonaro', 'reunir', 'milhão', 'pessoa', 'brasil', 'afora', 'embora', 'câmara', 'barreira', 'ouvir', 'razão', 'rearranjo', 'base', 'alugar', 'velho', 'política', 'fisiologismo', 'corrupção', 'tomar', 'lá', 'dar', 'cá', 'povo', 'demonstrar', 'aceitar', 'governo', 'criminoso', 'empenhar', 'derrota', 'bolsonaro', 'urno', 'rua', 'dia', '11', 'agosto', 'dia', 'luta', 'estudante', 'lá', 'estarer', 'defender', 'liberdade', 'democrático', 'seguir', 'luta', 'bolsonaro']"
Ivan Valente,PSOL,SP,122.2022,BREVES COMUNICAÇÕES,04/08/2022,10h04,DCD05/08/2022 PAG. 44,https://www.camara.leg.br/internet/sitaqweb/TextoHTML.asp?etapa=5&nuSessao=122.2022&nuQuarto=2588773&nuOrador=1&nuInsercao=1&dtHorarioQuarto=10%3A04&sgFaseSessao=BC&Data=04%2F08%2F2022&txApelido=Ivan+Valente&txFaseSessao=Breves+Comunica%C3%A7%C3%B5es&txTipoSessao=Ordin%C3%A1ria+-+CD&dtHoraQuarto=10%3A04,"Contrariedade à concessão de anistia aos policiais militares acusados pelo massacre de presidiários no Complexo Penitenciário do Carandiru, em São Paulo, Estado de São Paulo. Perplexidade ante o pedido ao Tribunal Superior Eleitoral, pelo Ministro da Defesa, de acesso aos códigos-fonte das urnas eletrônicas de votação. Protesto contra a anunciada realização, pelas Forças Armadas brasileiras, de desfile a favor do Presidente Jair Bolsonaro ao ensejo das comemorações do Bicentenário da Independência do Brasil, em Copacabana, no Rio de Janeiro, Estado do Rio de Janeiro. Anúncio da realização de grande manifestação popular a favor da democracia, no dia 11 de agosto de 2022, em São Paulo, Estado de São Paulo. Importância da não reeleição do Presidente Jair Bolsonaro para a reconquista da democracia brasileira e a reconstrução nacional.","O SR. IVAN VALENTE (PSOL - SP. Sem revisão do orador.) - Sr. Presidente, Deputado Dr. Zacharias Calil, é um prazer tê-lo na Presidência neste momento. Eu quero ocupar a tribuna nesta manhã para tratar de duas questões que mostram o que é o bolsonarismo no Brasil e o que é o retrocesso civilizatório. O Ministro Barroso acaba de determinar que não haverá anistia para os bandidos criminosos policiais do Carandiru.  Há poucos dias a Comissão de Segurança Pública desta Casa está querendo anistiar pessoas que entraram fuzilando e gritando: ""A morte chegou!"" Essa era a palavra de ordem da PM quando entrou no Carandiru, Deputado Fontana. Eu era Deputado Estadual, fui testemunha disso, participei da CPI sobre o Carandiru. Houve 111 mortos! Dezenas de policiais foram condenados. Por incrível que pareça, até hoje ainda não se concluiu o processo, e queriam anistiá-los aqui na Comissão de Segurança Pública. Definitivamente, eles têm um último recurso agora lá, no Supremo. Querem passar por uma turma, mas eu espero que isso não passe e que se faça justiça, porque essa lógica de que não são seres humanos os que foram presos, não têm direitos os que foram presos, é a lógica que domina hoje este País de Bolsonaro. Criminoso! Criminoso! Um salafrário, inclusive. Eu já me dirijo à segunda questão que eu quero tratar: aqueles oficiais lá no TSE, com pedido de urgência para ver o código-fonte das urnas. Eles queriam de qualquer jeito saber onde estava o código-fonte. ""Como que é? Nós queremos investigar"" . Estava lá, Deputada Fernanda, há 10 meses, à disposição deles. Na verdade, está há 25 anos à disposição deles, e nunca se preocuparam, mas agora eles viraram babás de urnas! Os militares estão a serviço desta figura deletéria, que é um capitão ao qual generais prestam continência, um desqualificado, expulso do Exército brasileiro, participante ativo na elaboração de atentados terroristas contra bancas de jornal de esquerda na década de 1980. Esse é Jair Bolsonaro. Como pode um Ministro da Defesa Civil passar tanta vergonha alheia e insistir na tese? É porque está mancomunado com uma lógica golpista. E isso nós vamos mostrar nas ruas e nas urnas. Ainda dá tempo de setores das Forças Armadas, que têm compromisso republicano, constitucional, não seguirem essas ordens. Inclusive essa passeata armada em Copacabana, nos 200 anos da Independência, está se transformando numa passeata bolsonarista. O que é isso? É indecente, é ridículo, é anti-Brasil, é a tortura se manifestando como política de Estado, é a exposição das Forças Armadas a isso. Nós estamos falando em Independência do Brasil e não de manipulação. Por isso, a manifestação de 11 de agosto em São Paulo vai ser gigante, vai ser também ultrassimbólica para darmos um basta a essa ameaça permanente à democracia. Nós lutamos 21 anos para derrubar essa Ditadura Militar! Por isso, o Sr. Jair Bolsonaro está com medo de ser preso. Essa é a questão. Ele está mesmo. Ele e a filharada, a ""familícia"", estão com medo da cadeia, porque ele praticou dezenas de crimes de responsabilidade durante todo esse período. No dia 2 de outubro e nas ruas, antes, nós vamos varrer esse bolsonarismo e reconquistar a democracia brasileira para a o povo brasileiro. Nós temos que voltar a ter alegria no Brasil; acabar com a intolerância, com o ódio, com a falta de diálogo; reconstruir a Nação para distribuir renda, para gerar emprego; e reconstruir uma ideia de que é possível construir uma nação solidária, soberana, igualitária em nosso Brasil. Por isso, o grande grito vai ser: Fora, Bolsonaro!",sr_presidente deputado_dr_zacharias_calil prazer têlo presidência momento ocupar tribuna manhã tratar dois questão mostrar bolsonarismo brasil retrocesso civilizatório ministro_barroso acabar determinar anistia bandir criminoso policial carandiru pouco dia comissão_de_segurança_pública_desta_casa anistiar pessoa entrar fuzilar gritar morte chegar palavra ordem pm entrar carandiru deputado_fontano deputado_estadual testemunha participar cpi sobre carandiru 111 morto dezena policial condenar incrível parecer hoje ainda concluir processo anistiálos comissão_de_segurança_pública definitivamente último recurso agora lá supremo passar turma esperar passe justiça lógico humano prender direito prender lógico dominar hoje país bolsonaro criminoso  criminoso salafrário inclusive dirijor segundo questão tratar oficial lá tse pedir urgência ver códigofonte urna qualquer jeito saber onde códigofonte investigar lá deputada_fernanda 10 mês disposição verdade 25 ano disposição nunca preocupar agora virar babá urna militar serviço figura deletério capitão general prestar continência desqualificar expulso exército_brasileiro participante ativo elaboração atentar terrorista contra banca jornal esquerdo décar 1980 jair_bolsonaro ministro_da_defesa_civil passar tanto vergonha alheio insistir tese mancomunar lógico golpista mostrar rua urna ainda dar tempo setor forças_armar compromisso republicano constitucional seguir ordem inclusive passeata armar copacabana 200 ano independência transformar passeata bolsonarista indecente ridículo antibrasil tortura manifestar política exposição forças_armar independência_do_brasil manipulação manifestação 11 agosto são_paulo gigante ultrassimbólico dar bastar ameaça permanente democracia lutar 21 ano derrubar ditadura_militar sr_jair_bolsonaro medo preso questão filharar familícia medo cadeia praticar dezena crime responsabilidade durante todo período dia 2 outubro rua antes varrer bolsonarismo reconquistar democracia brasileiro povo brasileiro voltar alegria brasil acabar intolerância ódio faltar diálogo reconstruir nação distribuir renda gerar emprego reconstruir ideia possível construir nação solidário soberana igualitário brasil grande grito bolsonaro,"['sr_presidente', 'deputado_dr_zacharias_calil', 'prazer', 'têlo', 'presidência', 'momento', 'ocupar', 'tribuna', 'manhã', 'tratar', 'dois', 'questão', 'mostrar', 'bolsonarismo', 'brasil', 'retrocesso', 'civilizatório', 'ministro_barroso', 'acabar', 'determinar', 'anistia', 'bandir', 'criminoso', 'policial', 'carandiru', 'pouco', 'dia', 'comissão_de_segurança_pública_desta_casa', 'anistiar', 'pessoa', 'entrar', 'fuzilar', 'gritar', 'morte', 'chegar', 'palavra', 'ordem', 'pm', 'entrar', 'carandiru', 'deputado_fontano', 'deputado_estadual', 'testemunha', 'participar', 'cpi', 'sobre', 'carandiru', '111', 'morto', 'dezena', 'policial', 'condenar', 'incrível', 'parecer', 'hoje', 'ainda', 'concluir', 'processo', 'anistiálos', 'comissão_de_segurança_pública', 'definitivamente', 'último', 'recurso', 'agora', 'lá', 'supremo', 'passar', 'turma', 'esperar', 'passe', 'justiça', 'lógico', 'humano', 'prender', 'direito', 'prender', 'lógico', 'dominar', 'hoje', 'país', 'bolsonaro', 'criminoso', 'criminoso', 'salafrário', 'inclusive', 'dirijor', 'segundo', 'questão', 'tratar', 'oficial', 'lá', 'tse', 'pedir', 'urgência', 'ver', 'códigofonte', 'urna', 'qualquer', 'jeito', 'saber', 'onde', 'códigofonte', 'investigar', 'lá', 'deputada_fernanda', '10', 'mês', 'disposição', 'verdade', '25', 'ano', 'disposição', 'nunca', 'preocupar', 'agora', 'virar', 'babá', 'urna', 'militar', 'serviço', 'figura', 'deletério', 'capitão', 'general', 'prestar', 'continência', 'desqualificar', 'expulso', 'exército_brasileiro', 'participante', 'ativo', 'elaboração', 'atentar', 'terrorista', 'contra', 'banca', 'jornal', 'esquerdo', 'décar', '1980', 'jair_bolsonaro', 'ministro_da_defesa_civil', 'passar', 'tanto', 'vergonha', 'alheio', 'insistir', 'tese', 'mancomunar', 'lógico', 'golpista', 'mostrar', 'rua', 'urna', 'ainda', 'dar', 'tempo', 'setor', 'forças_armar', 'compromisso', 'republicano', 'constitucional', 'seguir', 'ordem', 'inclusive', 'passeata', 'armar', 'copacabana', '200', 'ano', 'independência', 'transformar', 'passeata', 'bolsonarista', 'indecente', 'ridículo', 'antibrasil', 'tortura', 'manifestar', 'política', 'exposição', 'forças_armar', 'independência_do_brasil', 'manipulação', 'manifestação', '11', 'agosto', 'são_paulo', 'gigante', 'ultrassimbólico', 'dar', 'bastar', 'ameaça', 'permanente', 'democracia', 'lutar', '21', 'ano', 'derrubar', 'ditadura_militar', 'sr_jair_bolsonaro', 'medo', 'preso', 'questão', 'filharar', 'familícia', 'medo', 'cadeia', 'praticar', 'dezena', 'crime', 'responsabilidade', 'durante', 'todo', 'período', 'dia', '2', 'outubro', 'rua', 'antes', 'varrer', 'bolsonarismo', 'reconquistar', 'democracia', 'brasileiro', 'povo', 'brasileiro', 'voltar', 'alegria', 'brasil', 'acabar', 'intolerância', 'ódio', 'faltar', 'diálogo', 'reconstruir', 'nação', 'distribuir', 'renda', 'gerar', 'emprego', 'reconstruir', 'ideia', 'possível', 'construir', 'nação', 'solidário', 'soberana', 'igualitário', 'brasil', 'grande', 'grito', 'bolsonaro']"
SÂMIA BOMFIM,PSOL,SP,121.2022,ORDEM DO DIA,03/08/2022,18h52,DCD04/08/2022 PAG. 237,https://www.camara.leg.br/internet/sitaqweb/TextoHTML.asp?etapa=5&nuSessao=121.2022&nuQuarto=611236&nuOrador=5&nuInsercao=5&dtHorarioQuarto=18%3A52&sgFaseSessao=OD&Data=03%2F08%2F2022&txApelido=S%C3%82MIA+BOMFIM&txFaseSessao=Ordem+do+Dia&txTipoSessao=Deliberativa+Extraordin%C3%A1ria+-+CD&dtHoraQuarto=18%3A52,"Regozijo com a aprovação do Projeto de Lei nº 2.033, de 2022, sobre alteração da Lei nº 9.656, de 1998, acerca dos planos privados de assistência à saúde, para estabelecimento das hipóteses de cobertura de exames ou tratamentos de saúde não inclusos no rol de procedimentos e eventos em saúde suplementar. Resposta ao discurso do Deputado Tiago Mitraud contrário à matéria.","A
SRA. SÂMIA BOMFIM (PSOL
- SP. Pela ordem. Sem revisão da oradora.) - Presidente, quero
cumprimentá-lo por ter pautado este projeto tão importante, um
projeto que corrige uma injustiça fruto da decisão do STJ, que
buscava impor o rol taxativo, algo que prejudica a vida de milhões
de brasileiras e de brasileiros. Eu
quero cumprimentar essas mães que há semanas estão aqui no
Congresso Nacional, nas redes sociais, junto à sociedade, fazendo
pressão, porque conhecem a realidade das suas famílias, dos seus
filhos, mulheres que se viram na situação de terem tratamentos
muito específicos interrompidos especialmente neste momento de
grande fragilidade econômica. É bom lembrar que os planos de saúde
já têm altíssimos lucros. Portanto, não é justo que eles
interrompam tratamentos que significam a possibilidade de
sobrevivência de crianças e de adultos. Saúde
não é mercadoria. Nossa luta se fortalece com o fortalecimento do
SUS, com o acesso universal, em prol do direito de toda a população
de ter saúde de qualidade, para que não precisemos mais passar por
votações tão óbvias como esta. Eu
quero responder ao Deputado do NOVO que quem está feliz, na verdade,
são milhares de mães brasileiras, milhares de crianças e de
pessoas com deficiência, milhares de pessoas com doenças raras e
pessoas que vivem com respiradores e precisam de tratamentos
dificílimos. Estou falando de pessoas que já passam por muitas
dificuldades. Esse discurso liberal, levado ao limite, significa a
morte dessas pessoas. Muito
obrigada.",psol sp ordem revisão orador querar cumprimentálo pautar projeto tão importante projeto corrigir injustiça fruto decisão stj buscar impor rol taxativo algo prejudicar vida milhão brasileira brasileiro cumprimentar mãe semana congresso_nacional rede social junto sociedade pressão conhecer realidade família filho mulher ver situação tratamento específico interrompir especialmente momento grande fragilidade econômico bom lembrar plano saúde altíssimo lucro portanto justo interrompam tratamento significar possibilidade sobrevivência criança adulto saúde mercadoria lutar fortalecer fortalecimento sus acesso universal prol direito todo população saúde qualidade preciser passar votação tão óbvio responder deputado_do_novo feliz verdade milhar mãe brasileira milhar criança pessoa deficiência milhar pessoa doença raro pessoa viver respirador tratamento dificílimo pessoa passar dificuldade discurso liberal levar limite significar morte pessoa obrigar,"['psol', 'sp', 'ordem', 'revisão', 'orador', 'querar', 'cumprimentálo', 'pautar', 'projeto', 'tão', 'importante', 'projeto', 'corrigir', 'injustiça', 'fruto', 'decisão', 'stj', 'buscar', 'impor', 'rol', 'taxativo', 'algo', 'prejudicar', 'vida', 'milhão', 'brasileira', 'brasileiro', 'cumprimentar', 'mãe', 'semana', 'congresso_nacional', 'rede', 'social', 'junto', 'sociedade', 'pressão', 'conhecer', 'realidade', 'família', 'filho', 'mulher', 'ver', 'situação', 'tratamento', 'específico', 'interrompir', 'especialmente', 'momento', 'grande', 'fragilidade', 'econômico', 'bom', 'lembrar', 'plano', 'saúde', 'altíssimo', 'lucro', 'portanto', 'justo', 'interrompam', 'tratamento', 'significar', 'possibilidade', 'sobrevivência', 'criança', 'adulto', 'saúde', 'mercadoria', 'lutar', 'fortalecer', 'fortalecimento', 'sus', 'acesso', 'universal', 'prol', 'direito', 'todo', 'população', 'saúde', 'qualidade', 'preciser', 'passar', 'votação', 'tão', 'óbvio', 'responder', 'deputado_do_novo', 'feliz', 'verdade', 'milhar', 'mãe', 'brasileira', 'milhar', 'criança', 'pessoa', 'deficiência', 'milhar', 'pessoa', 'doença', 'raro', 'pessoa', 'viver', 'respirador', 'tratamento', 'dificílimo', 'pessoa', 'passar', 'dificuldade', 'discurso', 'liberal', 'levar', 'limite', 'significar', 'morte', 'pessoa', 'obrigar']"
GLAUBER BRAGA,PSOL,RJ,121.2022,ORDEM DO DIA,03/08/2022,18h20,DCD04/08/2022 PAG. 220,https://www.camara.leg.br/internet/sitaqweb/TextoHTML.asp?etapa=5&nuSessao=121.2022&nuQuarto=611228&nuOrador=11&nuInsercao=11&dtHorarioQuarto=18%3A20&sgFaseSessao=OD&Data=03%2F08%2F2022&txApelido=GLAUBER+BRAGA&txFaseSessao=Ordem+do+Dia&txTipoSessao=Deliberativa+Extraordin%C3%A1ria+-+CD&dtHoraQuarto=18%3A20,"Orientação de bancada na votação do substitutivo oferecido ao Projeto de Lei nº 6.579, de 2013, sobre alteração dos arts. 123 e 124 da Lei nº 7.210, de 1984 (Lei de Execução Penal), para restrição do benefício da saída temporária de presos, ressalvados os destaques. Tentativa de blindagem do Presidente da República pela extrema-direita.","O
SR. GLAUBER BRAGA (PSOL
- RJ. Pela ordem. Sem revisão do orador.) - Este projeto aumenta os
índices de violência quando faz com que, no semiaberto, a pessoa
não tenha o direito a estudar, a trabalhar. Ele alimenta a espiral
de violência. O que a turma da extrema-direita está querendo é
limpar a barra dos milicianos no poder, inclusive porque tentam, ao
mesmo tempo, construir uma proposta de emenda à Constituição para
blindar o Presidente da República com um cargo de Senador vitalício.
Essa conversa de que são a favor da segurança e contra a impunidade
é conversa fiada. O que a extrema-direita quer é ganhar votos com a
sua base extremista e, além disso, blindar e proteger o Presidente
da República, tirando o foco daquilo que tem que ser feito, que é
tirar o Bolsonaro da Presidência.",psol rj ordem revisão orador projeto aumentar índice violência semiabrir pessoa direito estudar trabalhar alimentar espiral violência turma extremadireitar limpar barra miliciano inclusive tentar tempo construir proposta emenda constituição blindar presidente_da_república cargo senador vitalício conversa favor segurança contra impunidade conversa fiar extremadireita ganhar voto base extremista além blindar proteger   da_república tirar foco tirar bolsonaro_da_presidência,"['psol', 'rj', 'ordem', 'revisão', 'orador', 'projeto', 'aumentar', 'índice', 'violência', 'semiabrir', 'pessoa', 'direito', 'estudar', 'trabalhar', 'alimentar', 'espiral', 'violência', 'turma', 'extremadireitar', 'limpar', 'barra', 'miliciano', 'inclusive', 'tentar', 'tempo', 'construir', 'proposta', 'emenda', 'constituição', 'blindar', 'presidente_da_república', 'cargo', 'senador', 'vitalício', 'conversa', 'favor', 'segurança', 'contra', 'impunidade', 'conversa', 'fiar', 'extremadireita', 'ganhar', 'voto', 'base', 'extremista', 'além', 'blindar', 'proteger', 'da_república', 'tirar', 'foco', 'tirar', 'bolsonaro_da_presidência']"
GLAUBER BRAGA,PSOL,RJ,121.2022,ORDEM DO DIA,03/08/2022,18h08,DCD04/08/2022 PAG. 216,https://www.camara.leg.br/internet/sitaqweb/TextoHTML.asp?etapa=5&nuSessao=121.2022&nuQuarto=611225&nuOrador=7&nuInsercao=7&dtHorarioQuarto=18%3A08&sgFaseSessao=OD&Data=03%2F08%2F2022&txApelido=GLAUBER+BRAGA&txFaseSessao=Ordem+do+Dia&txTipoSessao=Deliberativa+Extraordin%C3%A1ria+-+CD&dtHoraQuarto=18%3A08,"Encaminhamento da votação do Projeto de Lei nº 6.579, de 2013, sobre alteração dos arts. 123 e 124 da Lei nº 7.210, de 1984 (Lei de Execução Penal), para restrição do benefício da saída temporária de presos.","O
SR. GLAUBER BRAGA (PSOL
- RJ. Sem revisão do orador.) - Senhoras e senhores, qual é a
intenção? É diminuir os índices de violência ou não? Se o
objetivo é diminuir os índices de violência, já está mais do que
comprovado que essa aposta, o chamado hiperencarceramento, não leva
a lugar nenhum. Durante a década de 90, no período do Governo
Fernando Henrique Cardoso, tínhamos no Brasil, presas, pouco mais de
100 mil pessoas. Hoje, se tirarmos uma fotografia, são 700 mil
pessoas presas por ano, passando pelas unidades prisionais 1 milhão
de pessoas no período de 1 ano. Assim,
eu pergunto: a sua sensação de segurança aumentou, por conta
disso? A sensação de segurança da população brasileira aumentou,
por conta dessa política? Evidentemente, não. E
pergunto: se a pessoa que está no semiaberto tem a possibilidade de
estudar ou trabalhar, isso ajuda na diminuição dos índices de
violência ou não? Faço a pergunta porque este projeto diz que a
pessoa não vai poder sair para concluir ou ampliar os seus estudos,
ou para trabalhar fora da unidade prisional. Pergunto: isso é bom
para diminuírem os índices de violência? Evidentemente, não. Pergunto
mais: para a diminuição da espiral da violência e para atacá-la
diretamente, há a necessidade de que possamos ter a ampliação de
atividades como educação nas unidades prisionais? Hoje, de todas as
unidades prisionais, só têm acesso a algum tipo de estudo em torno
de 10% a 20% das unidades, somente nestas unidades prisionais se pode
estudar ou trabalhar. Eu
apresentei, aqui na Câmara dos Deputados, um plano nacional de
educação nas unidades prisionais para garantir pelo menos 100% de
oferta, porque isso incide diretamente no processo de remição e na
diminuição dos índices de violência. Um projeto como este que
está sendo votado aqui, no dia de hoje, só serve para eleger
Deputado bolsonarista hipócrita - digo hipócrita porque, por um
lado, fala que é contra a bandidagem e a criminalidade, mas, por
outro lado, blinda toda a atuação do Sr. Jair Bolsonaro com relação
ao crime organizado. Vou repetir o dado - e eu queria que alguém me
desmentisse no microfone: no gabinete do Sr. Flávio Bolsonaro estava
a família do Adriano da Nóbrega, chefe do escritório do crime.",psol rj revisão orador intenção diminuir índice violência objetivo diminuir índice violência comprovar aposta chamar hiperencarceramento levar lugar nenhum durante década 90 período governo fernando_henrique_cardoso brasil preso pouco 100 mil pessoa hoje tirar fotografia 700 mil pessoa preso ano passar unidade prisional 1 milhão pessoa período 1 ano assim perguntar sensação segurança aumentar conta sensação seguranço população brasileiro aumentar conta política evidentemente perguntar pessoa semiaberto possibilidade estudar trabalhar ajudar diminuição índice violência perguntar projeto pessoa sair concluir ampliar estudo trabalhar unidade prisional perguntar bom diminuír índice violência evidentemente perguntar diminuição espiral violência atacála diretamente necessidade possamos ampliação atividade educação unidade prisional hoje todo unidade prisional acesso algum tipo estudo torno 10 20 unidade somente unidade prisional estudar trabalhar apresentar câmara_dos_deputado plano nacional educação unidade prisional garantir pouco 100 oferta incidir diretamente processo remiçãor diminuição índice violência projeto votar dia hoje servir eleger bolsonarista hipócrita hipócrita lado contra bandidagem criminalidade outro lado blindar todo atuação sr_jair_bolsonaro relação crime organizar repetir dado alguém desmentir microfone gabinete sr_flávio_bolsonaro família adriano_da_nóbrega chefe escritório crime,"['psol', 'rj', 'revisão', 'orador', 'intenção', 'diminuir', 'índice', 'violência', 'objetivo', 'diminuir', 'índice', 'violência', 'comprovar', 'aposta', 'chamar', 'hiperencarceramento', 'levar', 'lugar', 'nenhum', 'durante', 'década', '90', 'período', 'governo', 'fernando_henrique_cardoso', 'brasil', 'preso', 'pouco', '100', 'mil', 'pessoa', 'hoje', 'tirar', 'fotografia', '700', 'mil', 'pessoa', 'preso', 'ano', 'passar', 'unidade', 'prisional', '1', 'milhão', 'pessoa', 'período', '1', 'ano', 'assim', 'perguntar', 'sensação', 'segurança', 'aumentar', 'conta', 'sensação', 'seguranço', 'população', 'brasileiro', 'aumentar', 'conta', 'política', 'evidentemente', 'perguntar', 'pessoa', 'semiaberto', 'possibilidade', 'estudar', 'trabalhar', 'ajudar', 'diminuição', 'índice', 'violência', 'perguntar', 'projeto', 'pessoa', 'sair', 'concluir', 'ampliar', 'estudo', 'trabalhar', 'unidade', 'prisional', 'perguntar', 'bom', 'diminuír', 'índice', 'violência', 'evidentemente', 'perguntar', 'diminuição', 'espiral', 'violência', 'atacála', 'diretamente', 'necessidade', 'possamos', 'ampliação', 'atividade', 'educação', 'unidade', 'prisional', 'hoje', 'todo', 'unidade', 'prisional', 'acesso', 'algum', 'tipo', 'estudo', 'torno', '10', '20', 'unidade', 'somente', 'unidade', 'prisional', 'estudar', 'trabalhar', 'apresentar', 'câmara_dos_deputado', 'plano', 'nacional', 'educação', 'unidade', 'prisional', 'garantir', 'pouco', '100', 'oferta', 'incidir', 'diretamente', 'processo', 'remiçãor', 'diminuição', 'índice', 'violência', 'projeto', 'votar', 'dia', 'hoje', 'servir', 'eleger', 'bolsonarista', 'hipócrita', 'hipócrita', 'lado', 'contra', 'bandidagem', 'criminalidade', 'outro', 'lado', 'blindar', 'todo', 'atuação', 'sr_jair_bolsonaro', 'relação', 'crime', 'organizar', 'repetir', 'dado', 'alguém', 'desmentir', 'microfone', 'gabinete', 'sr_flávio_bolsonaro', 'família', 'adriano_da_nóbrega', 'chefe', 'escritório', 'crime']"
GLAUBER BRAGA,PSOL,RJ,121.2022,ORDEM DO DIA,03/08/2022,17h32,DCD04/08/2022 PAG. 205,https://www.camara.leg.br/internet/sitaqweb/TextoHTML.asp?etapa=5&nuSessao=121.2022&nuQuarto=611216&nuOrador=3&nuInsercao=3&dtHorarioQuarto=17%3A32&sgFaseSessao=OD&Data=03%2F08%2F2022&txApelido=GLAUBER+BRAGA&txFaseSessao=Ordem+do+Dia&txTipoSessao=Deliberativa+Extraordin%C3%A1ria+-+CD&dtHoraQuarto=17%3A32,"Indícios de prática de tráfico internacional de armas pelo Deputado Eduardo Bolsonaro. Envolvimento do Senador Flávio Bolsonaro com o ex-policial assassinado Adriano Magalhães da Nóbrega, suposto chefe do Escritório do Crime no Estado do Rio de Janeiro.","O
SR. GLAUBER BRAGA (PSOL
- RJ. Sem revisão do orador.) - Presidente, eu vou falar daqui
mesmo. Eu
não sei se V.Exa. pode, ao microfone, chamar de volta ao plenário o
Deputado Eduardo Bolsonaro. Se pudesse, seria bom, porque ele tem que
ouvir um pouquinho mais... O
SR. BIRA DO PINDARÉ (PSB
- MA) - Ele fala e vai embora. É sempre assim. O
SR. DELEGADO ÉDER MAURO (PL
- PA) - É regimental, Sr. Presidente, mandar o Deputado voltar?
Diga-me, porque quero aprender isso. O
SR. GLAUBER BRAGA (PSOL
- RJ) - Eu vou esperar esse senhor terminar, para eu poder continuar. Eu
peço que reponha o meu tempo, por favor. Vamos
lá, Presidente. V.Exas. se lembram daquele episódio em que o atual
Presidente da República foi candidato a Presidente da Câmara dos
Deputados e obteve poucos votos? O filho dele faltou à sessão, e o
pai mandou uma mensagem para ele dizendo: ""Não
vou te visitar na Papuda"" .
A explicação que, depois, eles deram para isso, qual foi? Foi que o
filho traria uma arma não registrada para o pai, da Austrália, do
lugar onde ele estava, ou seja, tráfico internacional de armas. Presidente,
se puder, dê uma olhadinha no Regimento para sabermos se o Deputado
Eduardo Bolsonaro... O
SR. PRESIDENTE (Lincoln
Portela. PL - MG) - Prossiga, Deputado Glauber Braga. O
SR. GLAUBER BRAGA (PSOL
- RJ) - ... vai ter o direito de responder o questionamento que eu
estou fazendo. Até
onde eu sei, Presidente, tráfico internacional de armas é crime
hediondo, votado por este Plenário. Vale
para ele, então? Vale para a relação dele e da família dele, mais
especificamente do irmão, o Sr. Flávio Bolsonaro, no que diz
respeito ao que teve com o escritório do crime, com o Sr. Adriano da
Nóbrega? Lembremos
que a esposa e a mãe do Adriano da Nóbrega trabalhavam no gabinete
do Flávio Bolsonaro. Quando se questionou o que eles faziam no
gabinete do Flávio Bolsonaro, a resposta do Senador foi: ""Quem
cuidava disso era o Queiroz. Eu não sei"" . Essa
família, quando chega o período da eleição, tenta ganhar alguns
pontos percentuais em cima da pauta penal, mas a verdade é que quem
deve estar preocupado com o que é a representação da família
Bolsonaro são eles mesmos, porque a população brasileira já os
conhece de frente para trás e de trás para frente e não compra
mais esse discurso demagógico. O
Sr. Eduardo Bolsonaro vai ter o direito de visitar o irmão e o pai.",psol rj revisão orador saber vexo microfone chamar volta plenário deputado_eduardo_bolsonaro puder bom ouvir pouquinho psb ma embora sempre assim pl pa regimental sr_presidente mandar voltar digame aprender psol rj esperar terminar continuar peçar repor tempo favor lá vexa lembrar episódio atual presidente_da_república candidato presidente_da_câmara_r   obter pouco voto filho faltar sessão pai mandar mensagem visitar papuda explicação dar filho trar arma registrar pai austrálio lugar onde tráfico internacional arma puder dê olhadinha regimento sabermos   eduardo_bolsonaro lincoln   portela pl mg prossiga deputado_glauber_brago psol rj direito responder questionamento onde saber tráfico internacional arma crime hediondo votar plenário valer então valer relação família especificamente irmão sr_flávio_bolsonaro respeito escritório crime sr_adriano_da   nóbregar lembrer esposo mãe adriano_da_nóbrega trabalhar gabinete flávio_bolsonaro questionar gabinete flávio_bolsonaro respostar senador cuidar queiroz saber família chegar período eleição tentar ganhar algum ponto percentual cima pauta penal verdade dever preocupado representação família bolsonaro população brasileiro conhecer frente trás trás frente comprar discurso demagógico sr_eduardo_bolsonaro direito visitar irmão pai,"['psol', 'rj', 'revisão', 'orador', 'saber', 'vexo', 'microfone', 'chamar', 'volta', 'plenário', 'deputado_eduardo_bolsonaro', 'puder', 'bom', 'ouvir', 'pouquinho', 'psb', 'ma', 'embora', 'sempre', 'assim', 'pl', 'pa', 'regimental', 'sr_presidente', 'mandar', 'voltar', 'digame', 'aprender', 'psol', 'rj', 'esperar', 'terminar', 'continuar', 'peçar', 'repor', 'tempo', 'favor', 'lá', 'vexa', 'lembrar', 'episódio', 'atual', 'presidente_da_república', 'candidato', 'presidente_da_câmara_r', 'obter', 'pouco', 'voto', 'filho', 'faltar', 'sessão', 'pai', 'mandar', 'mensagem', 'visitar', 'papuda', 'explicação', 'dar', 'filho', 'trar', 'arma', 'registrar', 'pai', 'austrálio', 'lugar', 'onde', 'tráfico', 'internacional', 'arma', 'puder', 'dê', 'olhadinha', 'regimento', 'sabermos', 'eduardo_bolsonaro', 'lincoln', 'portela', 'pl', 'mg', 'prossiga', 'deputado_glauber_brago', 'psol', 'rj', 'direito', 'responder', 'questionamento', 'onde', 'saber', 'tráfico', 'internacional', 'arma', 'crime', 'hediondo', 'votar', 'plenário', 'valer', 'então', 'valer', 'relação', 'família', 'especificamente', 'irmão', 'sr_flávio_bolsonaro', 'respeito', 'escritório', 'crime', 'sr_adriano_da', 'nóbregar', 'lembrer', 'esposo', 'mãe', 'adriano_da_nóbrega', 'trabalhar', 'gabinete', 'flávio_bolsonaro', 'questionar', 'gabinete', 'flávio_bolsonaro', 'respostar', 'senador', 'cuidar', 'queiroz', 'saber', 'família', 'chegar', 'período', 'eleição', 'tentar', 'ganhar', 'algum', 'ponto', 'percentual', 'cima', 'pauta', 'penal', 'verdade', 'dever', 'preocupado', 'representação', 'família', 'bolsonaro', 'população', 'brasileiro', 'conhecer', 'frente', 'trás', 'trás', 'frente', 'comprar', 'discurso', 'demagógico', 'sr_eduardo_bolsonaro', 'direito', 'visitar', 'irmão', 'pai']"
GLAUBER BRAGA,PSOL,RJ,121.2022,ORDEM DO DIA,03/08/2022,17h20,DCD04/08/2022 PAG. 201,https://www.camara.leg.br/internet/sitaqweb/TextoHTML.asp?etapa=5&nuSessao=121.2022&nuQuarto=611213&nuOrador=1&nuInsercao=1&dtHorarioQuarto=17%3A20&sgFaseSessao=OD&Data=03%2F08%2F2022&txApelido=GLAUBER+BRAGA&txFaseSessao=Ordem+do+Dia&txTipoSessao=Deliberativa+Extraordin%C3%A1ria+-+CD&dtHoraQuarto=17%3A20,"Posicionamento sobre a saída temporária de presos em regime semiaberto exemplificada com a possível condenação do Senador Flávio Bolsonaro e do Presidente Jair Bolsonaro em face da discussão do Projeto de Lei nº 6.579, de 2013, sobre alteração da Lei de Execução Penal, para restrição do benefício da saída temporária de presos.","O
SR. GLAUBER BRAGA (PSOL
- RJ. Como Líder. Sem revisão do orador.) - Senhoras, senhores,
primeiro, eu vou ter que pedir desculpas a V.Exas. e a quem está nos
acompanhando porque, de fato, sou uma pessoa com muitas falhas,
cometo muitos erros. Na vida, nós temos arroubo, temos raiva. Eu sou
assim porque sou um ser humano, mas o Estado deve ser racional. Então,
vamos para uma possibilidade bem concreta do ponto de vista estatal.
Está ali do outro lado o Deputado Eduardo Bolsonaro. O pai dele e o
irmão dele, ao que tudo indica, vão ser presos por tudo aquilo que
têm feito. E aí eu pergunto: do ponto de vista pessoal, eu gostaria
que eles, no cumprimento do semiaberto, viessem a ter a possibilidade
de sair para visitar um ao outro - um, em uma unidade prisional,
visitar o outro, em outra unidade - quando tivessem a possibilidade
de fazê-lo? Eu, pessoalmente, como ser humano falho, digo a vocês
que intimamente a minha raiva diria: ""Não
tem que ter essa visita"" .
Mas o Estado tem que ser racional. A minha raiva, a minha indignação,
a minha revolta não pode substituir o que é o Estado. Eu
poderia dizer o seguinte: ""Não,
quero que o Sr. Flávio Bolsonaro, que era ligado ao chefe do
escritório do crime, o Sr. Adriano da Nóbrega, não tenha o direito
de sair para estudar e trabalhar"" .
Pessoalmente, eu posso sentir isso, mas o Estado tem que ter um
caráter racional. Eu
também não acredito em uma melhora do Sr. Flávio Bolsonaro para
nada. Mas ele pode ter o direito a estudar e a trabalhar depois de
estar na unidade prisional? Do ponto de vista estatal, da
racionalidade, sim. Acho que ele vai ser uma exceção? Acho que vai
ser, porque não dá para confiar em nada do Sr. Flávio Bolsonaro. Racionalmente,
o que vemos é que, no semiaberto, há um percentual de zero vírgula
alguma coisa de pessoas que deixam de retornar à unidade prisional
porque estudam e trabalham durante o dia. Eu acredito que o Sr.
Eduardo Bolsonaro e seus irmãos vão se ressocializar novamente? Eu
não acredito. Mas quem tem que definir isso é o Estado, não sou
eu. Tenho
mais um caso aqui para falar, mas, infelizmente, o meu tempo está
terminando. Eu falo daqui a pouco, no período da discussão.",psol rj líder revisão orador primeiro pedir desculpa vexas acompanhar fato pessoa falha cometo erro vida arroubo raiva assim humano estado dever racional então possibilidade bem concreto ponto ver estatal outro lado deputado_eduardo_bolsonaro pai irmão tudo indicar preso tudo aí perguntar ponto ver pessoal gostar cumprimento semiaberto viessem possibilidade sair visitar outro unidade prisional visitar outro outro unidade possibilidade fazêlo pessoalmente humano falho digar intimamente raiva dir visita estado racional raiva indignação revolto substituir estado seguinte querar sr_flávio_bolsonaro ligar chefe escritório crime sr_adriano_da_nóbrega direito sair estudar trabalhar pessoalmente sentir caráter racional acreditar melhora sr_flávio_bolsonaro nada direito estudar trabalhar unidade prisional ponto ver estatal racionalidade sim achar exceção achar dar confiar nada sr_flávio_bolsonaro racionalmente ver semiaberto percentual zero vírgula algum coisa pessoa deixar retornar unidade prisional estudar trabalhar durante dia acreditar  eduardo_bolsonaro irmão ressocializar novamente acreditar definir caso infelizmente tempo terminar falo pouco período discussão,"['psol', 'rj', 'líder', 'revisão', 'orador', 'primeiro', 'pedir', 'desculpa', 'vexas', 'acompanhar', 'fato', 'pessoa', 'falha', 'cometo', 'erro', 'vida', 'arroubo', 'raiva', 'assim', 'humano', 'estado', 'dever', 'racional', 'então', 'possibilidade', 'bem', 'concreto', 'ponto', 'ver', 'estatal', 'outro', 'lado', 'deputado_eduardo_bolsonaro', 'pai', 'irmão', 'tudo', 'indicar', 'preso', 'tudo', 'aí', 'perguntar', 'ponto', 'ver', 'pessoal', 'gostar', 'cumprimento', 'semiaberto', 'viessem', 'possibilidade', 'sair', 'visitar', 'outro', 'unidade', 'prisional', 'visitar', 'outro', 'outro', 'unidade', 'possibilidade', 'fazêlo', 'pessoalmente', 'humano', 'falho', 'digar', 'intimamente', 'raiva', 'dir', 'visita', 'estado', 'racional', 'raiva', 'indignação', 'revolto', 'substituir', 'estado', 'seguinte', 'querar', 'sr_flávio_bolsonaro', 'ligar', 'chefe', 'escritório', 'crime', 'sr_adriano_da_nóbrega', 'direito', 'sair', 'estudar', 'trabalhar', 'pessoalmente', 'sentir', 'caráter', 'racional', 'acreditar', 'melhora', 'sr_flávio_bolsonaro', 'nada', 'direito', 'estudar', 'trabalhar', 'unidade', 'prisional', 'ponto', 'ver', 'estatal', 'racionalidade', 'sim', 'achar', 'exceção', 'achar', 'dar', 'confiar', 'nada', 'sr_flávio_bolsonaro', 'racionalmente', 'ver', 'semiaberto', 'percentual', 'zero', 'vírgula', 'algum', 'coisa', 'pessoa', 'deixar', 'retornar', 'unidade', 'prisional', 'estudar', 'trabalhar', 'durante', 'dia', 'acreditar', 'eduardo_bolsonaro', 'irmão', 'ressocializar', 'novamente', 'acreditar', 'definir', 'caso', 'infelizmente', 'tempo', 'terminar', 'falo', 'pouco', 'período', 'discussão']"
GLAUBER BRAGA,PSOL,RJ,121.2022,ORDEM DO DIA,03/08/2022,16h44,DCD04/08/2022 PAG. 190,https://www.camara.leg.br/internet/sitaqweb/TextoHTML.asp?etapa=5&nuSessao=121.2022&nuQuarto=611204&nuOrador=32&nuInsercao=32&dtHorarioQuarto=16%3A44&sgFaseSessao=OD&Data=03%2F08%2F2022&txApelido=GLAUBER+BRAGA&txFaseSessao=Ordem+do+Dia&txTipoSessao=Deliberativa+Extraordin%C3%A1ria+-+CD&dtHoraQuarto=16%3A44,"Condenações no Brasil por furto famélico.  Agravamento da vulnerabilidade social e da fome no período do Governo Jair Bolsonaro. Crítica ao Projeto de Lei nº 643, de 2020,  sobre alteração do Código Penal, para criação da forma qualificada dos crimes de furto e de peculato e para estabelecimento de novas causas de aumento de pena para os crimes de furto e de roubo.","O
SR. GLAUBER BRAGA (PSOL
- RJ. Pela ordem. Sem revisão do orador.) - Presidente, eu queria
saber onde é que o Deputado vive, porque diariamente pessoas são
condenadas por aquilo que é considerado, sim, furto famélico. O
SR. EDUARDO BOLSONARO (PL
- SP) - Eu pensei que o PSOL já tinha orientado, Presidente. O
SR. GLAUBER BRAGA (PSOL
- RJ) - Cala a boca, que eu estou falando agora! Cala
a boca! Aqui você não é o filho do Presidente da República, não! (O
microfone é desligado.) O
SR. PRESIDENTE (Lincoln
Portela. PL - MG) - Eu gostaria de pedir aos Parlamentares que nós
mantivéssemos o clima e que, apesar de discordarmos no campo das
ideias, evitássemos levar determinadas expressões para o campo
pessoal. Deputado
Glauber, continue, sem levarmos para o campo pessoal. Vamos lá! O
SR. GLAUBER BRAGA (PSOL
- RJ) - É só o filho do Presidente da República não tentar me
interromper ao microfone. Ficaram
evidentes os casos em que pessoas realizaram furtos a partir de
condições extremas. O Governo de Jair Bolsonaro levou mais de 30
milhões de pessoas a passar fome no Brasil. Evidentemente que numa
calamidade isso se amplia como vulnerabilidade. E aí, qual é a
resposta do Governo Bolsonaro? Polícia. Vamos
fazer uma coisa? Eu abro mão do meu antipunitivismo para
estabelecermos uma qualificadora para a ""rachadinha"", eu
abro mão aqui do meu antipunitivismo para estabelecermos uma
qualificadora para o dinheiro do orçamento secreto entregue no beco,
com aliado do Sr. Arthur Lira e de vocês lá no Município de
Alagoas. Vamos estabelecer uma qualificadora para isso? Isso vocês
não querem, porque vocês roubam dinheiro público da maioria dos
brasileiros.",psol rj ordem revisão orador saber onde viver diariamente pessoa condenar considerar sim furto famélico pl sp pensei psol orientar psol rj calar boca agora calar boca filho presidente_da_república microfone desligar lincoln   portela pl mg gostar pedir parlamentar mantivésse clima apesar discordar campo ideia evitássemos levar determinar expressão campo pessoal   glauber continuar levarmos campo pessoal lá psol rj filho presidente_da_república tentar interromper microfone ficar evidente caso pessoa realizar furto partir condição extrema governo jair_bolsonaro levar 30 milhão pessoa passar fome brasil evidentemente calamidade ampliar vulnerabilidade aí respostar governo_bolsonaro polícia coisa abrar mão antipunitivismo estabelecer qualificadora rachadinha abrar mão antipunitivismo estabelecermos qualificadora dinheiro orçamento secreto entregar beco aliar sr_arthur_lira lá município_de   alagoas estabelecer qualificadora roubar dinheiro público maioria brasileiro,"['psol', 'rj', 'ordem', 'revisão', 'orador', 'saber', 'onde', 'viver', 'diariamente', 'pessoa', 'condenar', 'considerar', 'sim', 'furto', 'famélico', 'pl', 'sp', 'pensei', 'psol', 'orientar', 'psol', 'rj', 'calar', 'boca', 'agora', 'calar', 'boca', 'filho', 'presidente_da_república', 'microfone', 'desligar', 'lincoln', 'portela', 'pl', 'mg', 'gostar', 'pedir', 'parlamentar', 'mantivésse', 'clima', 'apesar', 'discordar', 'campo', 'ideia', 'evitássemos', 'levar', 'determinar', 'expressão', 'campo', 'pessoal', 'glauber', 'continuar', 'levarmos', 'campo', 'pessoal', 'lá', 'psol', 'rj', 'filho', 'presidente_da_república', 'tentar', 'interromper', 'microfone', 'ficar', 'evidente', 'caso', 'pessoa', 'realizar', 'furto', 'partir', 'condição', 'extrema', 'governo', 'jair_bolsonaro', 'levar', '30', 'milhão', 'pessoa', 'passar', 'fome', 'brasil', 'evidentemente', 'calamidade', 'ampliar', 'vulnerabilidade', 'aí', 'respostar', 'governo_bolsonaro', 'polícia', 'coisa', 'abrar', 'mão', 'antipunitivismo', 'estabelecer', 'qualificadora', 'rachadinha', 'abrar', 'mão', 'antipunitivismo', 'estabelecermos', 'qualificadora', 'dinheiro', 'orçamento', 'secreto', 'entregar', 'beco', 'aliar', 'sr_arthur_lira', 'lá', 'município_de', 'alagoas', 'estabelecer', 'qualificadora', 'roubar', 'dinheiro', 'público', 'maioria', 'brasileiro']"
GLAUBER BRAGA,PSOL,RJ,121.2022,ORDEM DO DIA,03/08/2022,16h36,DCD04/08/2022 PAG. 187,https://www.camara.leg.br/internet/sitaqweb/TextoHTML.asp?etapa=5&nuSessao=121.2022&nuQuarto=611202&nuOrador=23&nuInsercao=23&dtHorarioQuarto=16%3A36&sgFaseSessao=OD&Data=03%2F08%2F2022&txApelido=GLAUBER+BRAGA&txFaseSessao=Ordem+do+Dia&txTipoSessao=Deliberativa+Extraordin%C3%A1ria+-+CD&dtHoraQuarto=16%3A36,"Caráter hipócrita de discursos em defesa do Projeto de Lei nº 643, de 2020,  sobre alteração do Código Penal, para criação da forma qualificada dos crimes de furto e de peculato e para estabelecimento de novas causas de aumento de pena para os crimes de furto e de roubo.","O
SR. GLAUBER BRAGA (PSOL
- RJ. Pela ordem. Sem revisão do orador.) - Senhores, eu sou de uma
região que foi a mais afetada por desastre climático no Brasil. E,
naquela época, alguns supermercados elevaram às alturas o valor da
água para as pessoas beberem. As pessoas ficaram passando sede. Aí
vocês querem me dizer que o cidadão que, numa circunstância como
essa, foi lá e pegou água para beber tem que ter uma qualificadora?
Ele já está sendo penalizado duas vezes por uma tragédia. O
cidadão que não teve condições de comer por conta de uma tragédia
vai ser duas vezes penalizado porque foi pegar comida? O
discurso de lá é hipócrita, e nós não caímos nele.",psol rj ordem revisão orador região afetar desastre climático brasil época algum supermercado elevar altura valor água pessoa beber pessoa ficar passar sede aí cidadão circunstância lá pegar água beber qualificadora penalizar dois vez tragédia cidadão condição comer conto tragédia dois vez penalizar pegar comida discurso lá hipócrita caír,"['psol', 'rj', 'ordem', 'revisão', 'orador', 'região', 'afetar', 'desastre', 'climático', 'brasil', 'época', 'algum', 'supermercado', 'elevar', 'altura', 'valor', 'água', 'pessoa', 'beber', 'pessoa', 'ficar', 'passar', 'sede', 'aí', 'cidadão', 'circunstância', 'lá', 'pegar', 'água', 'beber', 'qualificadora', 'penalizar', 'dois', 'vez', 'tragédia', 'cidadão', 'condição', 'comer', 'conto', 'tragédia', 'dois', 'vez', 'penalizar', 'pegar', 'comida', 'discurso', 'lá', 'hipócrita', 'caír']"
FERNANDA MELCHIONNA,PSOL,RS,121.2022,ORDEM DO DIA,03/08/2022,16h32,DCD04/08/2022 PAG. 184,https://www.camara.leg.br/internet/sitaqweb/TextoHTML.asp?etapa=5&nuSessao=121.2022&nuQuarto=611201&nuOrador=15&nuInsercao=15&dtHorarioQuarto=16%3A32&sgFaseSessao=OD&Data=03%2F08%2F2022&txApelido=FERNANDA+MELCHIONNA&txFaseSessao=Ordem+do+Dia&txTipoSessao=Deliberativa+Extraordin%C3%A1ria+-+CD&dtHoraQuarto=16%3A32,Caráter demagógico de proposição em pauta relativa à área da segurança pública e combate à criminalidade.,"A
SRA. FERNANDA MELCHIONNA (PSOL
- RS. Pela ordem. Sem revisão da oradora.) - Sr. Presidente, nós
não concordamos com essa lógica, e não digo isso só de V.Exa.,
que nesse caso nem é V.Exa., mas é uma demagogia. Aqui
aqueles que retroalimentam um sistema carcerário, um sistema de
segurança pública falido, que liberaram inclusive, na prática, com
a liberação do armamentismo, mais armas, inclusive para o crime
organizado, que fazem um discurso demagógico num dos países que tem
crimes contra a vida superiores a países em guerra civil, que
retroalimentam a criminalização da pobreza e superlotam o sistema
carcerário, enganam a população. Dizem
que vão endurecer pena para resolver a criminalidade e mentem,
porque o que vão fazer é jogar mais gente no sistema carcerário,
refém de facções criminosas. Isso porque o Governo deles e outros
Governos não garantem que o presídio seja um lugar de
ressocialização. Não se trata de crimes contra a vida, não se
trata de crimes de estupro, de assassinato, etc., e, ao mesmo tempo,
retroalimentam uma lógica que faz com que as facções controlem os
presídios e saiam com mais soldados lá de dentro. O
SR. EDUARDO BOLSONARO (PL
- SP) - Sr. Presidente, se for para discursar, eu também quero
discursar. A
SRA. FERNANDA MELCHIONNA (PSOL
- RS) - Isso porque não há um ciclo completo de segurança, porque
não há política de segurança pública. O
SR. EDUARDO BOLSONARO (PL
- SP) - Ou há limite no tempo ou não há. Se não houver limite de
tempo, eu vou querer falar também. A
SRA. FERNANDA MELCHIONNA (PSOL
- RS) - Você nunca fala aqui, Eduardo. Nós estamos sentindo a sua
falta. Aliás, você é turista na Câmara, assim como o seu pai é
turista no Palácio do Planalto. O
SR. EDUARDO BOLSONARO (PL
- SP) - Ah, não venha com essa, não! Se for para ouvir baboseira, é
melhor ficar em casa mesmo. O
SR. ALUISIO MENDES (PSC
- MA) - Nós estamos em orientação de bancada, Presidente. O
SR. ALENCAR SANTANA (PT
- SP) - Pela ordem, Presidente. Manda o sujeito ali respeitar o
Parlamentar que está falando. (Tumulto
no plenário.) O
SR. EDUARDO BOLSONARO (PL
- SP) - Fica defendendo bandido. Está na hora de colocar os
coleguinhas dela na cadeia. Lugar de bandido é na cadeia. A
SRA. FERNANDA MELCHIONNA (PSOL
- RS) - Bolsonaro na cadeia! É isso aí! Bandido na cadeia!
Bolsonaro na cadeia!",psol rs ordem revisão orador sr_presidente concordar lógico vexo caso vexo demagogia retroalimentar sistema carcerário sistema segurança público falido liberar inclusive prático liberação armamentismo arma inclusive crime organizar discurso demagógico país crime contra vida alto país guerra civil retroalimentar criminalização pobreza superlotar sistema carcerário enganar população endurecer pena resolver criminalidade mentar jogar gente sistema carcerário refém facção criminoso governo outro governo garantir presídio lugar ressocialização tratar crime contra vida tratar crime estupro assassinato etc tempo retroalimentar lógico facção controlar presídio sa soldado lá dentro pl sp sr_presidente discursar discursar psol rs ciclo completo segurança político segurança público pl sp limite tempo limite tempo psol rs nunca eduardo sentir falta aliás turista câmara assim pai turista palácio_do_planalto pl sp ah vir ouvir baboseira bom ficar casa psc ma orientação bancada pt sp ordem mandar sujeito respeitar parlamentar tumulto plenário pl sp ficar defender bandido hora colocar coleguinha cadeia lugar bandido cadeiar psol rs bolsonaro cadeiar aí bandido cadeiar bolsonaro cadeiar,"['psol', 'rs', 'ordem', 'revisão', 'orador', 'sr_presidente', 'concordar', 'lógico', 'vexo', 'caso', 'vexo', 'demagogia', 'retroalimentar', 'sistema', 'carcerário', 'sistema', 'segurança', 'público', 'falido', 'liberar', 'inclusive', 'prático', 'liberação', 'armamentismo', 'arma', 'inclusive', 'crime', 'organizar', 'discurso', 'demagógico', 'país', 'crime', 'contra', 'vida', 'alto', 'país', 'guerra', 'civil', 'retroalimentar', 'criminalização', 'pobreza', 'superlotar', 'sistema', 'carcerário', 'enganar', 'população', 'endurecer', 'pena', 'resolver', 'criminalidade', 'mentar', 'jogar', 'gente', 'sistema', 'carcerário', 'refém', 'facção', 'criminoso', 'governo', 'outro', 'governo', 'garantir', 'presídio', 'lugar', 'ressocialização', 'tratar', 'crime', 'contra', 'vida', 'tratar', 'crime', 'estupro', 'assassinato', 'etc', 'tempo', 'retroalimentar', 'lógico', 'facção', 'controlar', 'presídio', 'sa', 'soldado', 'lá', 'dentro', 'pl', 'sp', 'sr_presidente', 'discursar', 'discursar', 'psol', 'rs', 'ciclo', 'completo', 'segurança', 'político', 'segurança', 'público', 'pl', 'sp', 'limite', 'tempo', 'limite', 'tempo', 'psol', 'rs', 'nunca', 'eduardo', 'sentir', 'falta', 'aliás', 'turista', 'câmara', 'assim', 'pai', 'turista', 'palácio_do_planalto', 'pl', 'sp', 'ah', 'vir', 'ouvir', 'baboseira', 'bom', 'ficar', 'casa', 'psc', 'ma', 'orientação', 'bancada', 'pt', 'sp', 'ordem', 'mandar', 'sujeito', 'respeitar', 'parlamentar', 'tumulto', 'plenário', 'pl', 'sp', 'ficar', 'defender', 'bandido', 'hora', 'colocar', 'coleguinha', 'cadeia', 'lugar', 'bandido', 'cadeiar', 'psol', 'rs', 'bolsonaro', 'cadeiar', 'aí', 'bandido', 'cadeiar', 'bolsonaro', 'cadeiar']"
FERNANDA MELCHIONNA,PSOL,RS,121.2022,ORDEM DO DIA,03/08/2022,16h20,DCD04/08/2022 PAG. 181,https://www.camara.leg.br/internet/sitaqweb/TextoHTML.asp?etapa=5&nuSessao=121.2022&nuQuarto=611198&nuOrador=10&nuInsercao=10&dtHorarioQuarto=16%3A20&sgFaseSessao=OD&Data=03%2F08%2F2022&txApelido=FERNANDA+MELCHIONNA&txFaseSessao=Ordem+do+Dia&txTipoSessao=Deliberativa+Extraordin%C3%A1ria+-+CD&dtHoraQuarto=16%3A20,Descaso do Presidente Jair Bolsonaro com o enfrentamento da pandemia de coronavírus. Escândalos de corrupção no Governo Jair Bolsonaro. Caráter demagógico de discurso da Deputada Bia Kicis sobre o combate à criminalidade. Agravamento da concentração de renda e da desigualdade social pela política econômica do Governo Federal. Luta do PSOL pela condenação do Presidente da República por crimes cometidos no exercício do mandato.,"A
SRA. FERNANDA MELCHIONNA (PSOL
- RS. Sem revisão da oradora.) - Sr. Presidente, quero começar
concordando com a afirmação feita pela Deputada Bia Kicis de que
existe muito bandido solto no Brasil. Realmente existe, a começar
pelo Presidente da República. São
quase 700 mil mortos por conta da pandemia! E o Presidente
delinquente que temos, em vez de combater o vírus, combateu a
ciência. O Governo tem um escândalo em cima do outro, inclusive com
o orçamento secreto, que é a institucionalização do ""toma
lá, dá cá"" e da corrupção. Temos um Presidente que, para a
Polícia Federal não o investigar e não investigar os seus filhos
bandidos, interferiu na instituição. Além de tudo isso, de todos
os escândalos relativos diretamente a ele e a seus filhos, este é
um Governo com vários casos de corrupção, como ocorreu no MEC. E
nós precisando tanto de dinheiro para a educação! Lá houve um
Ministro indicado por Bolsonaro que trocava propina por liberação
de obras. E
recentemente houve escândalos envolvendo essa questão do orçamento
secreto, que ele usou para comprar uma base de apoio no Congresso
Nacional. Então,
esse discurso demagógico da Deputada que diz ser contra os bandidos
é falacioso, porque, na verdade, eles têm bandidos de estimação,
a começar por este Governo de delinquentes, do ponto de vista
político, do ponto de vista econômico, do ponto de vista da
corrupção, do ponto de vista do futuro do País. Isso sem contar os
riscos que a população segue correndo diante dessa política
desastrosa, com a alta no preço da carne, com a alta no preço dos
alimentos, com a alta no preço dos combustíveis. O
Brasil é o terceiro maior produtor de grãos do mundo, e uma mãe de
família não consegue comprar um quilo de arroz porque está caro,
aumentou 40%. O Brasil é o maior produtor de proteína animal, e as
famílias estão comendo osso, porque não podem comprar carne,
graças a uma política econômica voltada para os grandes. O Brasil
tem cinco bilionários que têm a mesma renda que 100 milhões de
brasileiros. O Brasil tem mais bilionários depois da pandemia,
sobretudo a turma do sistema financeiro, os parasitas do sistema
financeiro, do que tinha antes. Isso foi aprofundado por este
Governo. Então,
nós precisamos, sim, debater que é preciso, primeiro, varrer o
Bolsonaro nas urnas, nós não temos dúvida, mas, sobretudo,
Deputada Bia Kicis, colocá-lo na cadeia, que é o lugar de bandido.
Embora ele tenha feito várias ameaças, não intimidará o povo
brasileiro, que mostrará nas urnas e nas ruas que não se intimida
com ameaças golpistas de um tresloucado que sabe que assim que
perder a eleição a Justiça o espera. Nós do PSOL lutaremos para
que o xilindró, a cela de cadeia receba o Bolsonaro e vários dos
seus corruptos aliados.",psol rs revisão orador sr_presidente começar concordar afirmação deputada_bia_kicis existir bandido solto brasil realmente existir começar presidente_da_república quase 700 mil morto contar pandemia delinquente vez combater vírus combater ciência governo escândalo cima outro inclusive orçamento secreto institucionalização tomar lá dar cá corrupção polícia_federal investigar investigar filho bandido interferir instituição além tudo todo escândalo relativo diretamente filho governo vários caso corrupção ocorrer mec tanto dinheiro educação lá ministro indicar bolsonaro trocar propina liberação obra recentemente escândalo envolver questão orçamento secreto usar comprar base apoio congresso   nacional então discurso demagógico contra bandido falacioso verdade bandido estimação começar governo delinquente ponto ver político ponto ver econômico ponto ver corrupção ponto ver futuro país contar risco população seguir correr diante política desastroso alto preço carne alto preço alimento alto preço combustível brasil terceiro grande produtor grão mundo mãe família conseguir comprar quilo arroz caro aumentar 40 brasil grande produtor proteína animal família comer osso comprar carne graças política econômico voltar grande brasil cinco bilionário renda 100 milhão brasileiro brasil bilionário pandemiar sobretudo turma sistema financeiro parasita sistema financeiro antes aprofundar governo então sim debater preciso primeiro varrer bolsonaro urno dúvida sobretudo deputada_bia_kicis colocálo cadear lugar bandido embora várias ameaça intimidar povo brasileiro mostrar urna rua intimida ameaça golpista tresloucado saber assim perder eleição justiço esperar psol lutare xilindró cela cadeia receba bolsonaro vários corrupto aliado,"['psol', 'rs', 'revisão', 'orador', 'sr_presidente', 'começar', 'concordar', 'afirmação', 'deputada_bia_kicis', 'existir', 'bandido', 'solto', 'brasil', 'realmente', 'existir', 'começar', 'presidente_da_república', 'quase', '700', 'mil', 'morto', 'contar', 'pandemia', 'delinquente', 'vez', 'combater', 'vírus', 'combater', 'ciência', 'governo', 'escândalo', 'cima', 'outro', 'inclusive', 'orçamento', 'secreto', 'institucionalização', 'tomar', 'lá', 'dar', 'cá', 'corrupção', 'polícia_federal', 'investigar', 'investigar', 'filho', 'bandido', 'interferir', 'instituição', 'além', 'tudo', 'todo', 'escândalo', 'relativo', 'diretamente', 'filho', 'governo', 'vários', 'caso', 'corrupção', 'ocorrer', 'mec', 'tanto', 'dinheiro', 'educação', 'lá', 'ministro', 'indicar', 'bolsonaro', 'trocar', 'propina', 'liberação', 'obra', 'recentemente', 'escândalo', 'envolver', 'questão', 'orçamento', 'secreto', 'usar', 'comprar', 'base', 'apoio', 'congresso', 'nacional', 'então', 'discurso', 'demagógico', 'contra', 'bandido', 'falacioso', 'verdade', 'bandido', 'estimação', 'começar', 'governo', 'delinquente', 'ponto', 'ver', 'político', 'ponto', 'ver', 'econômico', 'ponto', 'ver', 'corrupção', 'ponto', 'ver', 'futuro', 'país', 'contar', 'risco', 'população', 'seguir', 'correr', 'diante', 'política', 'desastroso', 'alto', 'preço', 'carne', 'alto', 'preço', 'alimento', 'alto', 'preço', 'combustível', 'brasil', 'terceiro', 'grande', 'produtor', 'grão', 'mundo', 'mãe', 'família', 'conseguir', 'comprar', 'quilo', 'arroz', 'caro', 'aumentar', '40', 'brasil', 'grande', 'produtor', 'proteína', 'animal', 'família', 'comer', 'osso', 'comprar', 'carne', 'graças', 'política', 'econômico', 'voltar', 'grande', 'brasil', 'cinco', 'bilionário', 'renda', '100', 'milhão', 'brasileiro', 'brasil', 'bilionário', 'pandemiar', 'sobretudo', 'turma', 'sistema', 'financeiro', 'parasita', 'sistema', 'financeiro', 'antes', 'aprofundar', 'governo', 'então', 'sim', 'debater', 'preciso', 'primeiro', 'varrer', 'bolsonaro', 'urno', 'dúvida', 'sobretudo', 'deputada_bia_kicis', 'colocálo', 'cadear', 'lugar', 'bandido', 'embora', 'várias', 'ameaça', 'intimidar', 'povo', 'brasileiro', 'mostrar', 'urna', 'rua', 'intimida', 'ameaça', 'golpista', 'tresloucado', 'saber', 'assim', 'perder', 'eleição', 'justiço', 'esperar', 'psol', 'lutare', 'xilindró', 'cela', 'cadeia', 'receba', 'bolsonaro', 'vários', 'corrupto', 'aliado']"
FERNANDA MELCHIONNA,PSOL,RS,121.2022,ORDEM DO DIA,03/08/2022,16h00,DCD04/08/2022 PAG. 174,https://www.camara.leg.br/internet/sitaqweb/TextoHTML.asp?etapa=5&nuSessao=121.2022&nuQuarto=611193&nuOrador=4&nuInsercao=4&dtHorarioQuarto=16%3A00&sgFaseSessao=OD&Data=03%2F08%2F2022&txApelido=FERNANDA+MELCHIONNA&txFaseSessao=Ordem+do+Dia&txTipoSessao=Deliberativa+Extraordin%C3%A1ria+-+CD&dtHoraQuarto=16%3A00,Crítica à superficialidade de projetos de lei relativos à área da segurança pública e ao combate à criminalidade. Incompetência do Governo Jair Bolsonaro na gestão da segurança pública.,"A
SRA. FERNANDA MELCHIONNA (PSOL
- RS. Pela ordem. Sem revisão da oradora.) - Sim, eu gostaria de me
manifestar, Presidente. Já
faz tempo que nós estamos vendo esse discurso de que há aqui um
esforço concentrado em prol da segurança. Mas o Brasil vem
assistindo ao aprofundamento das mesmas políticas. Agora, com
projetos diferentes, tenta-se de novo dar uma falsa sensação de
segurança à população, aumentando-se o número de tipos penais,
quando na verdade o sistema carcerário e a própria investigação
no Brasil são seletivos e incorretos. Os
crimes contra a vida praticamente não são investigados. Os casos de
estupro praticamente não são investigados. E menos de 5% da
população carcerária cometeram crimes contra a vida, num país que
tem 60 mil mortes ao ano. E
aqui, de novo, tenta-se fazer uma fraseologia para a população de
que se vai combater o crime, quando na verdade se reforça a lógica
que levou o Brasil à terceira maior população carcerária do
mundo, sem resolver o problema da segurança pública. Os
crimes virtuais são muito graves. Nós estamos alertando para isso
há 10 anos. O advento da Internet, a maior conectividade e a
ausência de investigação dos crimes virtuais fazem com que, muitas
vezes, a população seja, sim, penalizada. Mas o que nós vemos aqui
não é uma reestruturação do sistema, uma prioridade para as
investigações ou a criação de delegacias de crimes virtuais em
todos os Estados e Municípios para garantir que haja uma
investigação concreta. Então,
eu queria me manifestar sobre os 16 projetos que reforçam a lógica
vigente e que não vão à raiz dos problemas, num país que viu
integrantes do PCC comprarem armas de uso privativo das Forças
Armadas, graças ao descontrole, à incapacidade e à incompetência
do Governo Bolsonaro, que infelizmente facilitou o armamento,
aumentou os índices de violência e, na prática, não reestruturou
o sistema de segurança pública e não garantiu direitos aos
trabalhadores do setor.",psol rs ordem revisão orador sim gostar manifestar tempo ver discurso esforço concentrar prol segurança brasil vir assistir aprofundamento político agora projeto diferente tentase novo dar falso sensação seguranço população aumentandose número tipo penal verdade sistema carcerário próprio investigação brasil seletivo incorreto crime contra vida praticamente investigar caso estupro praticamente investigar pouco 5 população carcerário cometer crime contra vida país 60 mil morte ano novo tentase fraseologia população combater crime verdade reforçar lógico levar brasil terceiro grande população carcerário mundo resolver problema segurança público crime virtual grave alertar 10 ano advento internet grande conectividade ausência investigação crime virtual vez população sim penalizar ver reestruturação sistema prioridade investigação criação delegacia crime virtual todo estado município garantir investigação concreto então manifestar sobre 16 projeto reforçar lógica vigente raiz problema país ver integrante pcc comprar arma uso privativo força   armar graças descontrole incapacidade incompetência governo bolsonaro infelizmente facilitar armamento aumentar índice violência prático reestruturar sistema segurança público garantir direito trabalhador setor,"['psol', 'rs', 'ordem', 'revisão', 'orador', 'sim', 'gostar', 'manifestar', 'tempo', 'ver', 'discurso', 'esforço', 'concentrar', 'prol', 'segurança', 'brasil', 'vir', 'assistir', 'aprofundamento', 'político', 'agora', 'projeto', 'diferente', 'tentase', 'novo', 'dar', 'falso', 'sensação', 'seguranço', 'população', 'aumentandose', 'número', 'tipo', 'penal', 'verdade', 'sistema', 'carcerário', 'próprio', 'investigação', 'brasil', 'seletivo', 'incorreto', 'crime', 'contra', 'vida', 'praticamente', 'investigar', 'caso', 'estupro', 'praticamente', 'investigar', 'pouco', '5', 'população', 'carcerário', 'cometer', 'crime', 'contra', 'vida', 'país', '60', 'mil', 'morte', 'ano', 'novo', 'tentase', 'fraseologia', 'população', 'combater', 'crime', 'verdade', 'reforçar', 'lógico', 'levar', 'brasil', 'terceiro', 'grande', 'população', 'carcerário', 'mundo', 'resolver', 'problema', 'segurança', 'público', 'crime', 'virtual', 'grave', 'alertar', '10', 'ano', 'advento', 'internet', 'grande', 'conectividade', 'ausência', 'investigação', 'crime', 'virtual', 'vez', 'população', 'sim', 'penalizar', 'ver', 'reestruturação', 'sistema', 'prioridade', 'investigação', 'criação', 'delegacia', 'crime', 'virtual', 'todo', 'estado', 'município', 'garantir', 'investigação', 'concreto', 'então', 'manifestar', 'sobre', '16', 'projeto', 'reforçar', 'lógica', 'vigente', 'raiz', 'problema', 'país', 'ver', 'integrante', 'pcc', 'comprar', 'arma', 'uso', 'privativo', 'força', 'armar', 'graças', 'descontrole', 'incapacidade', 'incompetência', 'governo', 'bolsonaro', 'infelizmente', 'facilitar', 'armamento', 'aumentar', 'índice', 'violência', 'prático', 'reestruturar', 'sistema', 'segurança', 'público', 'garantir', 'direito', 'trabalhador', 'setor']"
FERNANDA MELCHIONNA,PSOL,RS,121.2022,ORDEM DO DIA,03/08/2022,15h44,DCD04/08/2022 PAG. 168,https://www.camara.leg.br/internet/sitaqweb/TextoHTML.asp?etapa=5&nuSessao=121.2022&nuQuarto=611189&nuOrador=9&nuInsercao=9&dtHorarioQuarto=15%3A44&sgFaseSessao=OD&Data=03%2F08%2F2022&txApelido=FERNANDA+MELCHIONNA&txFaseSessao=Ordem+do+Dia&txTipoSessao=Deliberativa+Extraordin%C3%A1ria+-+CD&dtHoraQuarto=15%3A44,"Orientação de bancada na  votação do requerimento de apreciação em regime de urgência urgentíssima do Projeto de Lei nº 1.906, de 2022, sobre a previsão de medidas de reforço à prevenção e ao combate à violência contra a mulher, inclusive em seu ambiente de trabalho. Solidariedade à Procuradora Municipal Gabriela Samadello Monteiro de Barros, de Registro, Estado de São Paulo, em face de agressões físicas sofridas no local de trabalho.","A
SRA. FERNANDA MELCHIONNA (PSOL
- RS. Pela ordem. Sem revisão da oradora.) - Presidente, nós
achamos muito importante a votação do requerimento de urgência e,
depois, do mérito do projeto. É mais um projeto que trata do
combate à violência contra as mulheres, em meses que têm sido
difíceis para as mulheres brasileiras, em razão da violência
doméstica e familiar, para a qual nós temos a Lei Maria da Penha,
embora o Governo Bolsonaro tenha zerado boa parte dos políticas de
proteção à vida das mulheres, dificultando a proteção da vida
dessas mulheres. Este projeto trata de uma série de medidas
abarcadas em dimensões de proteção às mulheres dentro do seu
local de trabalho. Foi inspirado numa agressão lamentável,
violenta, hedionda sofrida pela Procuradora Gabriela Samadello
Monteiro de Barros, que inclusive esteve aqui na Câmara dos
Deputados reunida com a bancada feminina. Queremos
prestar nossa solidariedade, mais uma vez, à Procuradora Gabriela e
dizer que machistas não passarão. Nós precisamos preservar a vida
das mulheres. O
PSOL orienta ""sim"".",psol rs ordem revisão orador achar importante votação requerimento urgência mérito projeto projeto tratar combate violência contra mulher mês difícil mulher brasileiro razão violência doméstico familiar lei_maria_da_penha embora governo_bolsonaro zerar bom parte político proteção vida mulher dificultar proteção vida mulher projeto tratar série medida abarcar dimensão proteção mulher dentro local trabalho inspirar agressão lamentável violento hedionda sofrer procuradora gabriela_samadello   monteiro_de_barros inclusive câmara_do   reunir bancada feminino prestar solidariedade vez procuradora_gabriela machista passar preservar vida mulheres psol orientar sim,"['psol', 'rs', 'ordem', 'revisão', 'orador', 'achar', 'importante', 'votação', 'requerimento', 'urgência', 'mérito', 'projeto', 'projeto', 'tratar', 'combate', 'violência', 'contra', 'mulher', 'mês', 'difícil', 'mulher', 'brasileiro', 'razão', 'violência', 'doméstico', 'familiar', 'lei_maria_da_penha', 'embora', 'governo_bolsonaro', 'zerar', 'bom', 'parte', 'político', 'proteção', 'vida', 'mulher', 'dificultar', 'proteção', 'vida', 'mulher', 'projeto', 'tratar', 'série', 'medida', 'abarcar', 'dimensão', 'proteção', 'mulher', 'dentro', 'local', 'trabalho', 'inspirar', 'agressão', 'lamentável', 'violento', 'hedionda', 'sofrer', 'procuradora', 'gabriela_samadello', 'monteiro_de_barros', 'inclusive', 'câmara_do', 'reunir', 'bancada', 'feminino', 'prestar', 'solidariedade', 'vez', 'procuradora_gabriela', 'machista', 'passar', 'preservar', 'vida', 'mulheres', 'psol', 'orientar', 'sim']"
IVAN VALENTE,PSOL,SP,121.2022,ORDEM DO DIA,03/08/2022,15h36,DCD04/08/2022 PAG. 166,https://www.camara.leg.br/internet/sitaqweb/TextoHTML.asp?etapa=5&nuSessao=121.2022&nuQuarto=611187&nuOrador=20&nuInsercao=20&dtHorarioQuarto=15%3A36&sgFaseSessao=OD&Data=03%2F08%2F2022&txApelido=IVAN+VALENTE&txFaseSessao=Ordem+do+Dia&txTipoSessao=Deliberativa+Extraordin%C3%A1ria+-+CD&dtHoraQuarto=15%3A36,"Necessidade de retomada pela Casa dos debates sobre proposições em tramitação. Congratulações aos Deputados pela rejeição do requerimento de apreciação em regime de urgência do Projeto de Lei nº 1.774, de 2019, sobre o acréscimo do §2º ao art. 6º da Lei nº 5.991, de 1973, para autorização aos supermercados e estabelecimentos similares de comercialização de medicamentos isentos de prescrição.","O
SR. IVAN VALENTE (PSOL
- SP. Pela ordem. Sem revisão do orador.) - Sr. Presidente, neste
momento em que o resultado foi anunciado, eu queria dizer que esta
Casa precisa voltar a ter debates. Esta Casa precisa voltar a ouvir
argumentos. Eu acho que isso funcionou em parte, aqui no plenário,
mesmo com poucos Deputados. A pandemia espanou isso tudo. Houve
a vitória do bom senso momentâneo para respondermos a isso com
debate, com diálogo, com superação. E eu reafirmo isso aqui, na
condição de Relator do projeto que tratou da assistência
farmacêutica integral, que nós levamos 18 anos para votar. A
assistência farmacêutica integral aqui nesta Casa foi aprovada, por
unanimidade, com o Presidente Henrique Eduardo Alves sentado nessa
cadeira. Então,
eu queria parabenizar os que resistiram, os que toparam inclusive
mandar para adiante a apreciação do projeto, a fim de o votarmos no
momento oportuno.",psol sp ordem revisão orador sr_presidente momento resultado anunciar casa voltar debate casa voltar ouvir argumento achar funcionar parte plenário pouco pandemia espanar tudo vitória bom senso momentâneo responder debate diálogo superação reafirmo condição relator projeto tratar assistência farmacêutico integral levar 18 ano votar assistência farmacêutico integral casa aprovar unanimidade henrique_eduardo_alves sentar cadeira então parabenizar resistir topar inclusive mandar adiante apreciação projeto fim votarmos momento oportuno,"['psol', 'sp', 'ordem', 'revisão', 'orador', 'sr_presidente', 'momento', 'resultado', 'anunciar', 'casa', 'voltar', 'debate', 'casa', 'voltar', 'ouvir', 'argumento', 'achar', 'funcionar', 'parte', 'plenário', 'pouco', 'pandemia', 'espanar', 'tudo', 'vitória', 'bom', 'senso', 'momentâneo', 'responder', 'debate', 'diálogo', 'superação', 'reafirmo', 'condição', 'relator', 'projeto', 'tratar', 'assistência', 'farmacêutico', 'integral', 'levar', '18', 'ano', 'votar', 'assistência', 'farmacêutico', 'integral', 'casa', 'aprovar', 'unanimidade', 'henrique_eduardo_alves', 'sentar', 'cadeira', 'então', 'parabenizar', 'resistir', 'topar', 'inclusive', 'mandar', 'adiante', 'apreciação', 'projeto', 'fim', 'votarmos', 'momento', 'oportuno']"
IVAN VALENTE,PSOL,SP,121.2022,ORDEM DO DIA,03/08/2022,14h52,DCD04/08/2022 PAG. 152,https://www.camara.leg.br/internet/sitaqweb/TextoHTML.asp?etapa=5&nuSessao=121.2022&nuQuarto=611176&nuOrador=16&nuInsercao=16&dtHorarioQuarto=14%3A52&sgFaseSessao=OD&Data=03%2F08%2F2022&txApelido=IVAN+VALENTE&txFaseSessao=Ordem+do+Dia&txTipoSessao=Deliberativa+Extraordin%C3%A1ria+-+CD&dtHoraQuarto=14%3A52,"Orientação de bancada na votação do requerimento de apreciação em regime de urgência do Projeto de Lei nº 1.774, de 2019, sobre o acréscimo do §2º ao art. 6º da Lei nº 5.991, de 1973, para autorização aos supermercados e estabelecimentos similares de comercialização de medicamentos isentos de prescrição.","O
SR. IVAN VALENTE (PSOL
- SP. Pela ordem. Sem revisão do orador.) - Sr. Presidente, volto a
me referir a todos os Líderes desta Casa. Se nós tivéssemos um
diálogo aqui e houvesse um recall do debate que esta Casa já fez sobre a assistência farmacêutica
integral, não estaríamos votando essa matéria hoje. Eu peço que
ela seja retirada da pauta, porque nenhum argumento apresentado foi
satisfatório. Hoje,
nós temos uma farmácia em cada esquina. O zoneamento farmacêutico
já estabeleceu até um excesso de farmácias. Há uma segunda
constatação: a ideia de que vai diminuir o preço é falsa. E a
terceira: nós estamos lidando com uma substância química essencial
à vida e que precisa de orientação do farmacêutico responsável. É
preciso garantir a vida, porque qualquer medicamento, como disse o
Deputado Hiran, pode fazer mal em excesso ou se mal administrado.
Também tem que haver acondicionamento, e esse lugar é a farmácia,
não um canto do depósito do supermercado. O
PSOL vota ""não"".",psol sp ordem revisão orador sr_presidente voltar referir todo líderes_desta_casa diálogo recall debate casa sobre assistência farmacêutico integral estaríamos votar matéria hoje peçar retirada pauta nenhum argumento apresentar satisfatório hoje farmácia cada esquina zoneamento farmacêutico estabelecer excesso farmácia segundo constatação ideia diminuir preço falso terceiro lidar substância química essencial vida orientação farmacêutico responsável preciso garantir vida qualquer medicamento deputado_hiran mal excesso mal administrar acondicionamento lugar farmácia canto depósito supermercado psol votar,"['psol', 'sp', 'ordem', 'revisão', 'orador', 'sr_presidente', 'voltar', 'referir', 'todo', 'líderes_desta_casa', 'diálogo', 'recall', 'debate', 'casa', 'sobre', 'assistência', 'farmacêutico', 'integral', 'estaríamos', 'votar', 'matéria', 'hoje', 'peçar', 'retirada', 'pauta', 'nenhum', 'argumento', 'apresentar', 'satisfatório', 'hoje', 'farmácia', 'cada', 'esquina', 'zoneamento', 'farmacêutico', 'estabelecer', 'excesso', 'farmácia', 'segundo', 'constatação', 'ideia', 'diminuir', 'preço', 'falso', 'terceiro', 'lidar', 'substância', 'química', 'essencial', 'vida', 'orientação', 'farmacêutico', 'responsável', 'preciso', 'garantir', 'vida', 'qualquer', 'medicamento', 'deputado_hiran', 'mal', 'excesso', 'mal', 'administrar', 'acondicionamento', 'lugar', 'farmácia', 'canto', 'depósito', 'supermercado', 'psol', 'votar']"
IVAN VALENTE,PSOL,SP,121.2022,ORDEM DO DIA,03/08/2022,14h40,DCD04/08/2022 PAG. 147,https://www.camara.leg.br/internet/sitaqweb/TextoHTML.asp?etapa=5&nuSessao=121.2022&nuQuarto=611173&nuOrador=3&nuInsercao=3&dtHorarioQuarto=14%3A40&sgFaseSessao=OD&Data=03%2F08%2F2022&txApelido=IVAN+VALENTE&txFaseSessao=Ordem+do+Dia&txTipoSessao=Deliberativa+Extraordin%C3%A1ria+-+CD&dtHoraQuarto=14%3A40,"Encaminhamento da votação do requerimento de apreciação em regime de urgência do Projeto de Lei nº 1.774, de 2019, sobre o acréscimo do §2º ao art. 6º da Lei nº 5.991, de 1973, para autorização aos supermercados e estabelecimentos similares de comercialização de medicamentos isentos de prescrição.","O
SR. IVAN VALENTE (PSOL
- SP. Sem revisão do orador.) - Sr. Presidente, Sras. e Srs.
Deputados, eu queria, em primeiro lugar, falar da urgência desse
projeto: não tem urgência. A urgência da votação desse projeto é
zero. A
Lei nº 5.991, de 1973, em seu art. 6º, estabelece onde podem ser
vendidos remédios no Brasil: em farmácias. É a lei orgânica da
farmácia. Depois, ficamos 20 anos discutindo na Câmara dos
Deputados um projeto de lei sobre a assistência farmacêutica
integral, em que separamos a venda de medicamentos de uma venda
qualquer. O medicamento é um insumo fundamental à vida, e não um
item de comércio qualquer. Ele não pode estar em um lugar qualquer,
submetido a altas temperaturas, a luz, jogado no canto de um
depósito. Não existe isso. Por isso, nós aplicamos a lei que
estabelece que essa venda deva ocorrer em um estabelecimento
farmacêutico, ponta de linha do Sistema Único de Saúde. Foi por
unanimidade desta Casa aprovada a Lei nº 14.021, de 2014. Foi
unânime. Deputado José Rocha, V.Exa. estava aqui, inclusive. Não
tem sentido uma sessão vazia como esta, realizada de forma
semipresencial, sem Líderes em plenário, e alguém achar que essa
matéria tem urgência para ser votada. O conteúdo nós podemos
discutir a qualquer momento, porque é um direito do cidadão a
assistência farmacêutica integral. Se analisarmos a toxicologia, o
SINITOX - Sistema Nacional de Informações Tóxico-Farmacológicas
constata que 27% das intoxicações ocorrem por automedicação.
Segundo, não é verdade que não existe farmácia. Há farmácias
até demais de acordo com o zoneamento farmacêutico. Há uma
farmácia em cada esquina hoje, redes inteiras, mesmo no interior. Se
se perguntar para qualquer farmacêutico, médico particular ou do
Sistema Único de Saúde, eles vão dizer: ""Isso
é criminoso"" .
Entregar uma substância que interessa à vida do cidadão sem uma
orientação para o uso, para se registrar, é uma mercadoria
qualquer. Por
isso, eu peço que seja retirado de pauta esse projeto, que não tem
urgência.",psol sp revisão orador sr_presidente primeiro lugar urgência projeto urgência urgência votação projeto zero lei 5991 1973 art 6 estabelecer onde vendir remédio brasil farmácia lei orgânico farmácia ficar 20 ano discutir câmara_do   projeto lei sobre assistência farmacêutico integral separar venda medicamento vendar qualquer medicamento insumo fundamental vida item comércio qualquer lugar qualquer submeter alto temperatura luz jogar canto depósito existir aplicar lei estabelecer venda deva ocorrer estabelecimento farmacêutico pontar linha sistema_único_de_saúde unanimidade casa aprovar lei 14021 2014 unânime deputado_josé_rocha vexo inclusive sentido sessão vazio realizar forma semipresencial líder plenário alguém achar matéria urgência votar conteúdo discutir qualquer momento direito cidadão assistência farmacêutico integral analisar toxicologia sinitox sistema_nacional_de_informações_tóxicofarmacológicas constatar 27 intoxicação ocorrir automedicação segundo verdade existir farmácia farmácia demais acordo zoneamento farmacêutico farmácia cada esquina hoje rede inteiro interior perguntar qualquer farmacêutico médico particular sistema_único_de_saúde criminoso entregar substância interessar vida cidadão orientação uso registrar mercadoria qualquer peçar retirar pauta projeto urgência,"['psol', 'sp', 'revisão', 'orador', 'sr_presidente', 'primeiro', 'lugar', 'urgência', 'projeto', 'urgência', 'urgência', 'votação', 'projeto', 'zero', 'lei', '5991', '1973', 'art', '6', 'estabelecer', 'onde', 'vendir', 'remédio', 'brasil', 'farmácia', 'lei', 'orgânico', 'farmácia', 'ficar', '20', 'ano', 'discutir', 'câmara_do', 'projeto', 'lei', 'sobre', 'assistência', 'farmacêutico', 'integral', 'separar', 'venda', 'medicamento', 'vendar', 'qualquer', 'medicamento', 'insumo', 'fundamental', 'vida', 'item', 'comércio', 'qualquer', 'lugar', 'qualquer', 'submeter', 'alto', 'temperatura', 'luz', 'jogar', 'canto', 'depósito', 'existir', 'aplicar', 'lei', 'estabelecer', 'venda', 'deva', 'ocorrer', 'estabelecimento', 'farmacêutico', 'pontar', 'linha', 'sistema_único_de_saúde', 'unanimidade', 'casa', 'aprovar', 'lei', '14021', '2014', 'unânime', 'deputado_josé_rocha', 'vexo', 'inclusive', 'sentido', 'sessão', 'vazio', 'realizar', 'forma', 'semipresencial', 'líder', 'plenário', 'alguém', 'achar', 'matéria', 'urgência', 'votar', 'conteúdo', 'discutir', 'qualquer', 'momento', 'direito', 'cidadão', 'assistência', 'farmacêutico', 'integral', 'analisar', 'toxicologia', 'sinitox', 'sistema_nacional_de_informações_tóxicofarmacológicas', 'constatar', '27', 'intoxicação', 'ocorrir', 'automedicação', 'segundo', 'verdade', 'existir', 'farmácia', 'farmácia', 'demais', 'acordo', 'zoneamento', 'farmacêutico', 'farmácia', 'cada', 'esquina', 'hoje', 'rede', 'inteiro', 'interior', 'perguntar', 'qualquer', 'farmacêutico', 'médico', 'particular', 'sistema_único_de_saúde', 'criminoso', 'entregar', 'substância', 'interessar', 'vida', 'cidadão', 'orientação', 'uso', 'registrar', 'mercadoria', 'qualquer', 'peçar', 'retirar', 'pauta', 'projeto', 'urgência']"
GLAUBER BRAGA,PSOL,RJ,121.2022,ORDEM DO DIA,03/08/2022,14h16,DCD04/08/2022 PAG. 139,https://www.camara.leg.br/internet/sitaqweb/TextoHTML.asp?etapa=5&nuSessao=121.2022&nuQuarto=611167&nuOrador=16&nuInsercao=16&dtHorarioQuarto=14%3A16&sgFaseSessao=OD&Data=03%2F08%2F2022&txApelido=GLAUBER+BRAGA&txFaseSessao=Ordem+do+Dia&txTipoSessao=Deliberativa+Extraordin%C3%A1ria+-+CD&dtHoraQuarto=14%3A16,"Orientação de bancada na votação do requerimento de destaque para votação em separado da Emenda de Comissão nº 59, apresentada à Medida Provisória nº 1.108, de 2022, acerca do teletrabalho e do auxílio-alimentação. Apoio à luta dos trabalhadores da Companhia Estadual de Águas e Esgotos do Rio de Janeiro - Cedae em defesa da manutenção dos seus empregos diante do processo de privatização da empresa.","O
SR. GLAUBER BRAGA (PSOL
- RJ. Pela ordem. Sem revisão do orador.) - O PSOL orienta o voto
""sim"" ao destaque apresentado. Eu
queria aproveitar este momento para falar da nossa solidariedade aos
trabalhadores da CEDAE. Com essa política de desmonte que é tocada
por Bolsonaro e por seus cúmplices - no caso do Rio Janeiro, o Sr.
Cláudio Castro -, há uma ameaça de demissão de mais de 70% dos
trabalhadores, até o final do ano. Quais
são as lutas imediatas? A manutenção da produção - não deixar
eles entregarem aquilo que ainda não foi privatizado -, a manutenção
dos empregos, dos postos de trabalho, sem a demissão de mais de 70%
das pessoas, das famílias que têm hoje a sua renda a partir do que
é a representação da CEDAE no Estado do Rio de Janeiro, para que
nós acumulemos força e trabalhemos, num futuro governo, aí sem
Cláudio Castro e sem Bolsonaro, por um processo de reestatização,
para tomarmos de volta aquilo que eles entregaram a preço de banana.",psol rj ordem revisão orador psol orientar voto sim destaque apresentar aproveitar momento solidariedade trabalhador cedae político desmonte tocar bolsonaro cúmplice caso rio_janeiro  cláudio_castro ameaçar demissão 70 trabalhador final ano luta imediato manutenção produção deixar entregar ainda privatizar manutenção emprego postos trabalho demissão 70 pessoa família hoje renda partir representação cedae estado_do rio janeiro acumuler força trabalhemos futuro governo aí cláudio_castro bolsonaro processo reestatização tomar volta entregar preço banano,"['psol', 'rj', 'ordem', 'revisão', 'orador', 'psol', 'orientar', 'voto', 'sim', 'destaque', 'apresentar', 'aproveitar', 'momento', 'solidariedade', 'trabalhador', 'cedae', 'político', 'desmonte', 'tocar', 'bolsonaro', 'cúmplice', 'caso', 'rio_janeiro', 'cláudio_castro', 'ameaçar', 'demissão', '70', 'trabalhador', 'final', 'ano', 'luta', 'imediato', 'manutenção', 'produção', 'deixar', 'entregar', 'ainda', 'privatizar', 'manutenção', 'emprego', 'postos', 'trabalho', 'demissão', '70', 'pessoa', 'família', 'hoje', 'renda', 'partir', 'representação', 'cedae', 'estado_do', 'rio', 'janeiro', 'acumuler', 'força', 'trabalhemos', 'futuro', 'governo', 'aí', 'cláudio_castro', 'bolsonaro', 'processo', 'reestatização', 'tomar', 'volta', 'entregar', 'preço', 'banano']"
GLAUBER BRAGA,PSOL,RJ,121.2022,ORDEM DO DIA,03/08/2022,14h04,DCD04/08/2022 PAG. 134,https://www.camara.leg.br/internet/sitaqweb/TextoHTML.asp?etapa=5&nuSessao=121.2022&nuQuarto=611164&nuOrador=9&nuInsercao=9&dtHorarioQuarto=14%3A04&sgFaseSessao=OD&Data=03%2F08%2F2022&txApelido=GLAUBER+BRAGA&txFaseSessao=Ordem+do+Dia&txTipoSessao=Deliberativa+Extraordin%C3%A1ria+-+CD&dtHoraQuarto=14%3A04,Contrariedade à proposta de proibição da realização de horas extras no teletrabalho. Cerceamento da atuação parlamentar da Oposição em decorrência da aliança formada entre o Presidente da República e o Presidente da Câmara dos Deputados com vistas à execução do chamado orçamento secreto. Anúncio de participação em protesto contra o corte de recursos do Ministério da Educação.,"O
SR. GLAUBER BRAGA (PSOL
- RJ. Pela ordem. Sem revisão do orador.) - Impedir hora extra em
modalidade de teletrabalho é um absurdo total! Agora,
esse jogo aqui é muito desigual, porque, com 16 bilhões de reais de
orçamento secreto, fica um script montado,
em que a Oposição apresenta os seus destaques, mas a base do
Governo se impõe nessa relação entre o Presidente da Câmara e o
Presidente da República - são 16 bilhões de reais de orçamento
secreto. O
que pode desequilibrar esse jogo a favor do povo brasileiro,
evidentemente, é a rua. E, por isso, o nosso mandato está também
na construção do dia 11 de agosto, com estudantes em todo o Brasil. Anunciaram
um corte para o Ministério da Educação de 3 bilhões de reais
inicialmente. O CEFET está dizendo que vai fechar as portas; a UFRJ
também, pelo menos disse que não consegue manter as suas atividades
até o final do ano; assim como os institutos federais. Enquanto
isso, há 16 bilhões de orçamento secreto. É uma vergonha!",psol rj ordem revisão orador impedir hora extra modalidade teletrabalho absurdo total agora jogo desigual 16 bilhão real orçamento secreto ficar script montar oposição apresentar destaque base governo impor relação presidente_da_câmara presidente_da_república 16 bilhão real orçamento secreto desequilibrar jogo favor povo brasileiro evidentemente rua mandato construção dia 11 agosto estudante todo brasil anunciar corte ministério_da_educação_de_3 bilhão real inicialmente cefet fechar porta ufrj menos conseguir manter atividade final ano assim instituto federal enquanto 16 bilhão orçamento secreto vergonha,"['psol', 'rj', 'ordem', 'revisão', 'orador', 'impedir', 'hora', 'extra', 'modalidade', 'teletrabalho', 'absurdo', 'total', 'agora', 'jogo', 'desigual', '16', 'bilhão', 'real', 'orçamento', 'secreto', 'ficar', 'script', 'montar', 'oposição', 'apresentar', 'destaque', 'base', 'governo', 'impor', 'relação', 'presidente_da_câmara', 'presidente_da_república', '16', 'bilhão', 'real', 'orçamento', 'secreto', 'desequilibrar', 'jogo', 'favor', 'povo', 'brasileiro', 'evidentemente', 'rua', 'mandato', 'construção', 'dia', '11', 'agosto', 'estudante', 'todo', 'brasil', 'anunciar', 'corte', 'ministério_da_educação_de_3', 'bilhão', 'real', 'inicialmente', 'cefet', 'fechar', 'porta', 'ufrj', 'menos', 'conseguir', 'manter', 'atividade', 'final', 'ano', 'assim', 'instituto', 'federal', 'enquanto', '16', 'bilhão', 'orçamento', 'secreto', 'vergonha']"
GLAUBER BRAGA,PSOL,RJ,121.2022,ORDEM DO DIA,03/08/2022,13h52,DCD04/08/2022 PAG. 129,https://www.camara.leg.br/internet/sitaqweb/TextoHTML.asp?etapa=5&nuSessao=121.2022&nuQuarto=611161&nuOrador=8&nuInsercao=8&dtHorarioQuarto=13%3A52&sgFaseSessao=OD&Data=03%2F08%2F2022&txApelido=GLAUBER+BRAGA&txFaseSessao=Ordem+do+Dia&txTipoSessao=Deliberativa+Extraordin%C3%A1ria+-+CD&dtHoraQuarto=13%3A52,"Orientação de bancada na votação do requerimento de destaque para votação em separado da Emenda de Comissão nº 51, apresentada à Medida Provisória nº 1.108, de 2022, acerca do teletrabalho e do auxílio-alimentação.","O
SR. GLAUBER BRAGA (PSOL
- RJ. Pela ordem. Sem revisão do orador.) - O PSOL orienta o voto
""sim"". Lamentamos,
inclusive, que esse tipo de votação que retira os direitos dos
trabalhadores esteja sendo feito de maneira remota, sem dar
oportunidade de que as pessoas acompanhem mais de perto o que está
acontecendo por aqui. Eu
fiz uma avaliação equivocada. Eu achei que, em se tratando de um
ano eleitoral, o Governo de Bolsonaro e os seus aliados, seus
cúmplices, iria diminuir a intenção de ver matérias de destruição
aprovadas. Mas, já entendendo que não vão estar no Palácio do
Planalto a partir de 2023, eles estão tentando acelerar para
entregar tudo em um tempo o mais curto possível. Nós não podemos
aceitar isso.",psol rj ordem revisão orador psol orientar voto sim lamentar inclusive tipo votação retirar direito trabalhador maneira remoto dar oportunidade pessoa acompanhar perto acontecer fiz avaliação equivocar achar tratar ano eleitoral governo_de_bolsonaro aliado cúmplice diminuir intenção ver matéria destruição aprovar entender palácio_do   planalto partir 2023 tentar acelerar entregar tudo tempo curto possível aceitar,"['psol', 'rj', 'ordem', 'revisão', 'orador', 'psol', 'orientar', 'voto', 'sim', 'lamentar', 'inclusive', 'tipo', 'votação', 'retirar', 'direito', 'trabalhador', 'maneira', 'remoto', 'dar', 'oportunidade', 'pessoa', 'acompanhar', 'perto', 'acontecer', 'fiz', 'avaliação', 'equivocar', 'achar', 'tratar', 'ano', 'eleitoral', 'governo_de_bolsonaro', 'aliado', 'cúmplice', 'diminuir', 'intenção', 'ver', 'matéria', 'destruição', 'aprovar', 'entender', 'palácio_do', 'planalto', 'partir', '2023', 'tentar', 'acelerar', 'entregar', 'tudo', 'tempo', 'curto', 'possível', 'aceitar']"
GLAUBER BRAGA,PSOL,RJ,121.2022,ORDEM DO DIA,03/08/2022,13h44,DCD04/08/2022 PAG. 126,https://www.camara.leg.br/internet/sitaqweb/TextoHTML.asp?etapa=5&nuSessao=121.2022&nuQuarto=611159&nuOrador=18&nuInsercao=18&dtHorarioQuarto=13%3A44&sgFaseSessao=OD&Data=03%2F08%2F2022&txApelido=GLAUBER+BRAGA&txFaseSessao=Ordem+do+Dia&txTipoSessao=Deliberativa+Extraordin%C3%A1ria+-+CD&dtHoraQuarto=13%3A44,"Orientação de bancada na votação do requerimento de destaque para votação em separado da Emenda de Comissão nº 133, apresentada à Medida Provisória nº 1.108, de 2022, acerca do teletrabalho e do auxílio-alimentação.Necessidade de melhoria do transporte dos alunos do campus Quissamã do Instituto Federal Fluminense de Educação, Ciência e Tecnologia, no Rio de Janeiro.","O
SR. GLAUBER BRAGA (PSOL
- RJ. Pela ordem. Sem revisão do orador.) - O PSOL orienta ""sim""
ao destaque e eu quero aproveitar este momento para relatar o que
recebi de informação e o que eu vi, visitando e dialogando com
estudantes e com professores lá do IFF do Campus Quissamã, que
estão com muitos problemas relacionados ao transporte intermunicipal
entre Quissamã-Macaé e Quissamã-Conceição de Macabu. O
IFF inclusive acionou a empresa Quissatur relatando que os ônibus
estão em más condições, quebram sempre, deixam os estudantes no
meio do caminho, há falta de oferta de ônibus no horário de
entrada e saída dos cursos. O último horário para o Município de
Macaé foi modificado para 20 horas e não é possível que os
estudantes de Macaé e Carapebus continuem no curso noturno, uma vez
que as aulas terminam às 22h40min, e há vários outros problemas
relatados. Fica
aqui também a nossa denúncia.",psol rj ordem revisão orador psol orientar sim destaque aproveitar momento relatar recebi informação ver visitar dialogar estudante professor lá iff_do_campus_quissamã problema relacionar transporte intermunicipal quissamãmacaé quissamãconceição_de_macabu iff inclusive acionar empresa quissatur relatar ônibus más condição quebrar sempre deixar estudante meio caminho faltar oferta ônibus horário entrada saídar curso último horário município_de   macaé modificar 20 hora possível estudante macaé carapebus continuem curso noturno vez aula terminar vários outro problema relatar ficar denúncia,"['psol', 'rj', 'ordem', 'revisão', 'orador', 'psol', 'orientar', 'sim', 'destaque', 'aproveitar', 'momento', 'relatar', 'recebi', 'informação', 'ver', 'visitar', 'dialogar', 'estudante', 'professor', 'lá', 'iff_do_campus_quissamã', 'problema', 'relacionar', 'transporte', 'intermunicipal', 'quissamãmacaé', 'quissamãconceição_de_macabu', 'iff', 'inclusive', 'acionar', 'empresa', 'quissatur', 'relatar', 'ônibus', 'más', 'condição', 'quebrar', 'sempre', 'deixar', 'estudante', 'meio', 'caminho', 'faltar', 'oferta', 'ônibus', 'horário', 'entrada', 'saídar', 'curso', 'último', 'horário', 'município_de', 'macaé', 'modificar', '20', 'hora', 'possível', 'estudante', 'macaé', 'carapebus', 'continuem', 'curso', 'noturno', 'vez', 'aula', 'terminar', 'vários', 'outro', 'problema', 'relatar', 'ficar', 'denúncia']"
GLAUBER BRAGA,PSOL,RJ,121.2022,ORDEM DO DIA,03/08/2022,13h32,DCD04/08/2022 PAG. 120,https://www.camara.leg.br/internet/sitaqweb/TextoHTML.asp?etapa=5&nuSessao=121.2022&nuQuarto=611156&nuOrador=26&nuInsercao=26&dtHorarioQuarto=13%3A32&sgFaseSessao=OD&Data=03%2F08%2F2022&txApelido=GLAUBER+BRAGA&txFaseSessao=Ordem+do+Dia&txTipoSessao=Deliberativa+Extraordin%C3%A1ria+-+CD&dtHoraQuarto=13%3A32,"Orientação de bancada na votação do requerimento de destaque para votação em separado do art. 1º da Emenda de Comissão nº 30, apresentada à Medida Provisória nº 1.108, de 2022, acerca do teletrabalho e do auxílio-alimentação.","O
SR. GLAUBER BRAGA (PSOL
- RJ. Pela ordem. Sem revisão do orador.) - O PSOL orienta o voto
""sim"" à emenda porque, evidentemente, é uma redução de
danos numa matéria estruturalmente ruim. Havia
sido resguardada para os trabalhadores em teletrabalho a
possibilidade dos acordos coletivos. Querem o que, agora? Que esse
trabalhador seja retirado do mínimo do que foi conquistado ao longo
do tempo, por uma negociação, entre muitas aspas, ""de natureza
individual"". Ele vai ter prejudicada a sua possibilidade de
permanência no trabalho se não aceitar as imposições feitas pelo
patrão. Tem
que haver pagamento de hora extra, sim; tem que haver descanso; tem
que haver respeito aos direitos que eram consagrados, o que,
infelizmente, esse relatório não faz.",psol rj ordem revisão orador psol orientar voto sim emenda evidentemente redução dano matéria estruturalmente ruim resguardar trabalhador teletrabalho possibilidade acordo coletivo agora trabalhador retirar pequeno conquistar longo tempo negociação aspa natureza individual prejudicar possibilidade permanência trabalho aceitar imposição patrão pagamento hora extra sim descanso respeito direito consagrar infelizmente relatório,"['psol', 'rj', 'ordem', 'revisão', 'orador', 'psol', 'orientar', 'voto', 'sim', 'emenda', 'evidentemente', 'redução', 'dano', 'matéria', 'estruturalmente', 'ruim', 'resguardar', 'trabalhador', 'teletrabalho', 'possibilidade', 'acordo', 'coletivo', 'agora', 'trabalhador', 'retirar', 'pequeno', 'conquistar', 'longo', 'tempo', 'negociação', 'aspa', 'natureza', 'individual', 'prejudicar', 'possibilidade', 'permanência', 'trabalho', 'aceitar', 'imposição', 'patrão', 'pagamento', 'hora', 'extra', 'sim', 'descanso', 'respeito', 'direito', 'consagrar', 'infelizmente', 'relatório']"
SÂMIA BOMFIM,PSOL,SP,121.2022,ORDEM DO DIA,03/08/2022,13h20,DCD04/08/2022 PAG. 114,https://www.camara.leg.br/internet/sitaqweb/TextoHTML.asp?etapa=5&nuSessao=121.2022&nuQuarto=611153&nuOrador=11&nuInsercao=11&dtHorarioQuarto=13%3A20&sgFaseSessao=OD&Data=03%2F08%2F2022&txApelido=S%C3%82MIA+BOMFIM&txFaseSessao=Ordem+do+Dia&txTipoSessao=Deliberativa+Extraordin%C3%A1ria+-+CD&dtHoraQuarto=13%3A20,"Orientação de bancada na votação do requerimento de destaque para votação em separado da Emenda de Plenário nº 2, apresentada à Medida Provisória nº 1.108, de 2022, acerca do teletrabalho e do auxílio-alimentação.","A
SRA. SÂMIA BOMFIM (PSOL
- SP. Pela ordem. Sem revisão da oradora.) - O PSOL orienta ""sim"",
porque abrir mão das possibilidades do acordo de negociação
coletiva fragiliza muito o trabalhador. Quando a relação é direta,
entre empregado e empregador, é uma relação absolutamente
desigual. Não existe negociação possível. Porque, ao trabalhador,
numa condição de fragilidade, se ele não aceitar as regras e as
condições impostas, a opção que resta é a de ser demitido ou a
de não ser contratado. Não existe uma relação de igualdade quando
é um para um. Agora, quando se trata de uma relação de negociação
coletiva, existe o papel das entidades sindicais, das centrais. É a
força coletiva que possibilita conquistas e mais direitos
trabalhistas. Suprimir a possibilidade coletiva para aqueles que
fazem a modalidade do teletrabalho é colocá-los numa situação de
muita exploração. Portanto,
nós acompanhamos o destaque.",psol sp ordem revisão orador psol orientar sim abrir mão possibilidade acordo negociação coletivo fragilizar trabalhador relação direto empregar empregador relação absolutamente desigual existir negociação possível trabalhador condição fragilidade aceitar regra condição impor opção restar demitir contratar existir relação igualdade agora tratar relação negociação coletivo existir papel entidade sindical central força coletivo possibilitar conquista direito trabalhista suprimir possibilidade coletivo modalidade teletrabalho colocálos situação exploração portanto acompanhar destaque,"['psol', 'sp', 'ordem', 'revisão', 'orador', 'psol', 'orientar', 'sim', 'abrir', 'mão', 'possibilidade', 'acordo', 'negociação', 'coletivo', 'fragilizar', 'trabalhador', 'relação', 'direto', 'empregar', 'empregador', 'relação', 'absolutamente', 'desigual', 'existir', 'negociação', 'possível', 'trabalhador', 'condição', 'fragilidade', 'aceitar', 'regra', 'condição', 'impor', 'opção', 'restar', 'demitir', 'contratar', 'existir', 'relação', 'igualdade', 'agora', 'tratar', 'relação', 'negociação', 'coletivo', 'existir', 'papel', 'entidade', 'sindical', 'central', 'força', 'coletivo', 'possibilitar', 'conquista', 'direito', 'trabalhista', 'suprimir', 'possibilidade', 'coletivo', 'modalidade', 'teletrabalho', 'colocálos', 'situação', 'exploração', 'portanto', 'acompanhar', 'destaque']"
SÂMIA BOMFIM,PSOL,SP,121.2022,ORDEM DO DIA,03/08/2022,13h04,DCD04/08/2022 PAG. 103,https://www.camara.leg.br/internet/sitaqweb/TextoHTML.asp?etapa=5&nuSessao=121.2022&nuQuarto=611149&nuOrador=11&nuInsercao=11&dtHorarioQuarto=13%3A04&sgFaseSessao=OD&Data=03%2F08%2F2022&txApelido=S%C3%82MIA+BOMFIM&txFaseSessao=Ordem+do+Dia&txTipoSessao=Deliberativa+Extraordin%C3%A1ria+-+CD&dtHoraQuarto=13%3A04,"Orientação de bancada na votação do requerimento de destaque para votação em separado da Emenda de Comissão nº 22, apresentada à Medida Provisória nº 1.108, de 2022, acerca do teletrabalho e do auxílio-alimentação.","A
SRA. SÂMIA BOMFIM (PSOL
- SP. Pela ordem. Sem revisão da oradora.) - O PSOL orienta o voto
""não"", porque compreende que essa proposta exclui a
possibilidade de portabilidade para o trabalhador, portanto o
prejudica.",psol sp ordem revisão orador psol orientar voto compreender proposta excluir possibilidade portabilidade trabalhador portanto prejudicar,"['psol', 'sp', 'ordem', 'revisão', 'orador', 'psol', 'orientar', 'voto', 'compreender', 'proposta', 'excluir', 'possibilidade', 'portabilidade', 'trabalhador', 'portanto', 'prejudicar']"
SÂMIA BOMFIM,PSOL,SP,121.2022,ORDEM DO DIA,03/08/2022,13h04,DCD04/08/2022 PAG. 104,https://www.camara.leg.br/internet/sitaqweb/TextoHTML.asp?etapa=5&nuSessao=121.2022&nuQuarto=611149&nuOrador=26&nuInsercao=26&dtHorarioQuarto=13%3A04&sgFaseSessao=OD&Data=03%2F08%2F2022&txApelido=S%C3%82MIA+BOMFIM&txFaseSessao=Ordem+do+Dia&txTipoSessao=Deliberativa+Extraordin%C3%A1ria+-+CD&dtHoraQuarto=13%3A04,"Encaminhamento da votação do requerimento de destaque supressivo do art. 6° da Medida Provisória nº 1.108, de 2022, acerca do teletrabalho e do auxílio-alimentação.","A
SRA. SÂMIA BOMFIM (PSOL
- SP. Sem revisão da oradora.) - Presidente, colegas Deputados e
Deputadas, o nosso destaque visa fazer as alterações nessa MP de um
ponto que traz muitos prejuízos para os trabalhadores que estão em
teletrabalho, porque, na prática, ele diz que vai criar uma
regulamentação do teletrabalho, mas o que significa é a falta
completa de regulamentação de direitos para quem eventualmente
utilizar essa modalidade. E
por que eu digo ""eventualmente""? Pode ser que algumas
empresas - inclusive algumas empresas em São Paulo o fizeram -, por
exemplo, já adotem este método: somente às sextas-feiras ou às
segundas-feiras permitam que o trabalhador faça home
office, em
virtude do impacto no trânsito, etc. Mas esse um dia como modalidade
de teletrabalho acaba fazendo com que o empregado perca direitos que
a modalidade presencial assegura na CLT. Esse um dia vai se estender
para todos os demais, o que já é outro ponto grave. Sem contar que
não é porque o trabalhador está na sua residência que ele não
possa ter acesso a direitos fundamentais, que foram conquistas dos
trabalhadores no Brasil, como, por exemplo, o descanso remunerado de
sábado e domingo ou mesmo o direito à hora do almoço ou à hora
extra. O
trabalho dele vai ser contabilizado, vai ser considerado a partir da
sua produtividade, do que ele entregar e não mais das suas horas de
trabalho, ou seja, a casa dele vai ser um ambiente completo e
integral de trabalho. Vocês imaginam o que seja isso? Você está
dentro da sua residência e não tem possibilidade de remuneração e
de proteção trabalhista simplesmente porque está dentro de sua
casa trabalhando. O
que deveria acontecer é o contrário. Estando dentro de casa, o
trabalhador tem despesas, inclusive para trabalhar, com água, com
luz, com Internet, com equipamentos tecnológicos. Isso significa
economia para o empregador. Além de prejuízos para ter que
trabalhar, porque ele vai ter que tirar do próprio bolso - nada na
lei garante que são os empregadores que vão ter que arcar com esses
custos, que vão recair sobre o trabalhador dentro da sua residência
-, o empregado ainda vai perder todos os direitos trabalhistas que
estão assegurados. Isso não pode acontecer. Isso, inclusive, está
na contramão de diversos outros países que estão legislando a
respeito dessa nova modalidade de trabalho, que foi implementada, em
especial, com o advento da pandemia da COVID-19. Lá eles estão
pensando justamente nisso, em como fazer uma equiparação. Está
bem, isso pode ser útil em alguns momentos; é possível para
algumas modalidades de trabalho, para algumas categorias; mas não
pode significar perda de direito trabalhista, em especial, por meio
de uma medida provisória, num momento pré-eleitoral. A maioria dos
Parlamentares está fazendo campanha e nem sequer sabe o que estamos
votando aqui, já que há registro de votação e de presença on-line .
É uma reforma trabalhista por meio de medida provisória no
afogadilho. Esse
é o nosso destaque.",psol sp revisão orador colega destaque visar alteração mp ponto trazer prejuízo trabalhador teletrabalho prática criar regulamentação teletrabalho significar falta completo regulamentação direito eventualmente utilizar modalidade digo eventualmente algum empresa inclusive algum empresa são_paulo exemplo adotar método somente sextasfeira segundasfeira permitam trabalhador home office virtude impacto trânsito etc dia modalidade teletrabalho acabar empregar perca direito modalidade presencial assegurar clt dia estender todo demais outro ponto grave contar trabalhador residência acesso direito fundamental conquista trabalhador brasil exemplo descanso remunerar sábado domingo direito hora almoço hora extra trabalho contabilizar considerar partir produtividade entregar hora trabalho casa ambiente completo integral trabalho imaginar dentro residência possibilidade remuneração proteção trabalhista simplesmente dentro casa trabalhar dever acontecer contrário dentro casa trabalhador despesa inclusive trabalhar água luz internet equipamento tecnológico significar economia empregador além prejuízo trabalhar tirar próprio bolso nada lei garantir empregador arcar custo recair sobre trabalhador dentro residência empregar ainda perder todo direito trabalhista assegurar acontecer inclusive contramão diverso outro país legislar respeito novo modalidade trabalho implementar especial advento pandemia lá pensar justamente nisso equiparação bem útil algum momento possível algum modalidade trabalho algum categoria significar perda direito trabalhista especial meio medida provisório momento préeleitoral maioria parlamentar campanha sequer saber votar registro votação presença online reforma trabalhista meio medida provisório afogadilho destaque,"['psol', 'sp', 'revisão', 'orador', 'colega', 'destaque', 'visar', 'alteração', 'mp', 'ponto', 'trazer', 'prejuízo', 'trabalhador', 'teletrabalho', 'prática', 'criar', 'regulamentação', 'teletrabalho', 'significar', 'falta', 'completo', 'regulamentação', 'direito', 'eventualmente', 'utilizar', 'modalidade', 'digo', 'eventualmente', 'algum', 'empresa', 'inclusive', 'algum', 'empresa', 'são_paulo', 'exemplo', 'adotar', 'método', 'somente', 'sextasfeira', 'segundasfeira', 'permitam', 'trabalhador', 'home', 'office', 'virtude', 'impacto', 'trânsito', 'etc', 'dia', 'modalidade', 'teletrabalho', 'acabar', 'empregar', 'perca', 'direito', 'modalidade', 'presencial', 'assegurar', 'clt', 'dia', 'estender', 'todo', 'demais', 'outro', 'ponto', 'grave', 'contar', 'trabalhador', 'residência', 'acesso', 'direito', 'fundamental', 'conquista', 'trabalhador', 'brasil', 'exemplo', 'descanso', 'remunerar', 'sábado', 'domingo', 'direito', 'hora', 'almoço', 'hora', 'extra', 'trabalho', 'contabilizar', 'considerar', 'partir', 'produtividade', 'entregar', 'hora', 'trabalho', 'casa', 'ambiente', 'completo', 'integral', 'trabalho', 'imaginar', 'dentro', 'residência', 'possibilidade', 'remuneração', 'proteção', 'trabalhista', 'simplesmente', 'dentro', 'casa', 'trabalhar', 'dever', 'acontecer', 'contrário', 'dentro', 'casa', 'trabalhador', 'despesa', 'inclusive', 'trabalhar', 'água', 'luz', 'internet', 'equipamento', 'tecnológico', 'significar', 'economia', 'empregador', 'além', 'prejuízo', 'trabalhar', 'tirar', 'próprio', 'bolso', 'nada', 'lei', 'garantir', 'empregador', 'arcar', 'custo', 'recair', 'sobre', 'trabalhador', 'dentro', 'residência', 'empregar', 'ainda', 'perder', 'todo', 'direito', 'trabalhista', 'assegurar', 'acontecer', 'inclusive', 'contramão', 'diverso', 'outro', 'país', 'legislar', 'respeito', 'novo', 'modalidade', 'trabalho', 'implementar', 'especial', 'advento', 'pandemia', 'lá', 'pensar', 'justamente', 'nisso', 'equiparação', 'bem', 'útil', 'algum', 'momento', 'possível', 'algum', 'modalidade', 'trabalho', 'algum', 'categoria', 'significar', 'perda', 'direito', 'trabalhista', 'especial', 'meio', 'medida', 'provisório', 'momento', 'préeleitoral', 'maioria', 'parlamentar', 'campanha', 'sequer', 'saber', 'votar', 'registro', 'votação', 'presença', 'online', 'reforma', 'trabalhista', 'meio', 'medida', 'provisório', 'afogadilho', 'destaque']"
SÂMIA BOMFIM,PSOL,SP,121.2022,ORDEM DO DIA,03/08/2022,12h44,DCD04/08/2022 PAG. 95,https://www.camara.leg.br/internet/sitaqweb/TextoHTML.asp?etapa=5&nuSessao=121.2022&nuQuarto=611144&nuOrador=15&nuInsercao=15&dtHorarioQuarto=12%3A44&sgFaseSessao=OD&Data=03%2F08%2F2022&txApelido=S%C3%82MIA+BOMFIM&txFaseSessao=Ordem+do+Dia&txTipoSessao=Deliberativa+Extraordin%C3%A1ria+-+CD&dtHoraQuarto=12%3A44,"Orientação de bancada na votação do requerimento de destaque supressivo do art. 1-A da Lei nº 6.321, de 1976, constante no art. 5º do Projeto de Lei de Conversão nº 21, de 2022, da Medida Provisória nº 1.108, de 2022, acerca do teletrabalho e do auxílio-alimentação.","A
SRA. SÂMIA BOMFIM (PSOL
- SP. Pela ordem. Sem revisão da oradora.) - Presidente, o PSOL
orienta ""sim"". Nós vemos a proposta como positiva, porque
possibilita que o trabalhador, depois de 60 dias, saque o valor do
vale caso não tenha utilizado o benefício e também permite a
portabilidade. Caso ele mude de empresa, ele pode seguir utilizando a
mesma bandeira, o mesmo cartão. Então,
nós acompanhamos a proposta.",psol sp ordem revisão orador psol orientar sim ver proposta positivo possibilitar trabalhador 60 dia saque valor valer caso utilizar benefício permitir portabilidade caso mudar empresa seguir utilizar bandeira cartão então acompanhar proposta,"['psol', 'sp', 'ordem', 'revisão', 'orador', 'psol', 'orientar', 'sim', 'ver', 'proposta', 'positivo', 'possibilitar', 'trabalhador', '60', 'dia', 'saque', 'valor', 'valer', 'caso', 'utilizar', 'benefício', 'permitir', 'portabilidade', 'caso', 'mudar', 'empresa', 'seguir', 'utilizar', 'bandeira', 'cartão', 'então', 'acompanhar', 'proposta']"
SÂMIA BOMFIM,PSOL,SP,121.2022,ORDEM DO DIA,03/08/2022,12h32,DCD04/08/2022 PAG. 90,https://www.camara.leg.br/internet/sitaqweb/TextoHTML.asp?etapa=5&nuSessao=121.2022&nuQuarto=611141&nuOrador=2&nuInsercao=2&dtHorarioQuarto=12%3A32&sgFaseSessao=OD&Data=03%2F08%2F2022&txApelido=S%C3%82MIA+BOMFIM&txFaseSessao=Ordem+do+Dia&txTipoSessao=Deliberativa+Extraordin%C3%A1ria+-+CD&dtHoraQuarto=12%3A32,"Orientação de bancada na votação do requerimento de destaque para votação em separado do § 3º, art. 1º, da Lei nº 6.321, de 1976, na redação dada pelo art. 5º do Projeto de Lei de Conversão nº 21, de 2022, da Medida Provisória nº 1.108, de 2022, acerca do teletrabalho e do auxílio-alimentação.","A
SRA. SÂMIA BOMFIM (PSOL
- SP. Pela ordem. Sem revisão da oradora.) - Obrigada, Presidente. Nós
orientamos ""não"", porque, de fato, isso restringe as
possibilidades de utilização de benefícios como o vale-alimentação
pelos trabalhadores, restringe as possibilidades de estabelecimentos
comerciais, ou seja, prejudica aqueles que fazem uso desse benefício.",psol sp ordem revisão orador obrigar orientar fato restringir possibilidade utilização benefício valealimentação trabalhador restringir possibilidade estabelecimento comercial prejudicar uso benefício,"['psol', 'sp', 'ordem', 'revisão', 'orador', 'obrigar', 'orientar', 'fato', 'restringir', 'possibilidade', 'utilização', 'benefício', 'valealimentação', 'trabalhador', 'restringir', 'possibilidade', 'estabelecimento', 'comercial', 'prejudicar', 'uso', 'benefício']"
SÂMIA BOMFIM,PSOL,SP,121.2022,ORDEM DO DIA,03/08/2022,12h16,DCD04/08/2022 PAG. 84,https://www.camara.leg.br/internet/sitaqweb/TextoHTML.asp?etapa=5&nuSessao=121.2022&nuQuarto=611137&nuOrador=20&nuInsercao=20&dtHorarioQuarto=12%3A16&sgFaseSessao=OD&Data=03%2F08%2F2022&txApelido=S%C3%82MIA+BOMFIM&txFaseSessao=Ordem+do+Dia&txTipoSessao=Deliberativa+Extraordin%C3%A1ria+-+CD&dtHoraQuarto=12%3A16,"Orientação de bancada na votação do requerimento de destaque para votação em separado da Emenda de Comissão nº 100, apresentada à Medida Provisória nº 1.108, de 2022, acerca do teletrabalho e do auxílio-alimentação.","A
SRA. SÂMIA BOMFIM (PSOL
- SP. Pela ordem. Sem revisão da oradora.) - O PSOL orienta ""não"",
Presidente. Esse
destaque não somente transforma o valor dos benefícios de
alimentação em dinheiro, mas, na verdade, acaba com a lógica que
prevê que o trabalhador tem direito a vale-alimentação e a
vale-refeição. Quando se incorpora em forma de salário, inclusive,
dificulta-se a luta e a negociação do trabalhador no que diz
respeito à possibilidade de reajuste salarial, de aumento salarial.
Cria-se a falsa sensação de que se tem uma renda maior, só que
isso não é incorporado em plano de carreira, em aposentadoria.
Simplesmente, acaba-se com o direito de se ter um complemento
salarial como benefício de alimentação. Por isso, não dá para
concordarmos. Orientamos
""não"".",psol sp ordem revisão orador psol orientar destaque somente transformar valor benefício alimentação dinheiro verdade acabar lógico prever trabalhador direito valealimentação valerefeição incorpora forma salário inclusive dificultase luta negociação trabalhador respeito possibilidade reajuste salarial aumento salarial criase falso sensação renda grande incorporar plano carreira aposentadoria simplesmente acabase direito complemento salarial benefício alimentação dar concordar orientar,"['psol', 'sp', 'ordem', 'revisão', 'orador', 'psol', 'orientar', 'destaque', 'somente', 'transformar', 'valor', 'benefício', 'alimentação', 'dinheiro', 'verdade', 'acabar', 'lógico', 'prever', 'trabalhador', 'direito', 'valealimentação', 'valerefeição', 'incorpora', 'forma', 'salário', 'inclusive', 'dificultase', 'luta', 'negociação', 'trabalhador', 'respeito', 'possibilidade', 'reajuste', 'salarial', 'aumento', 'salarial', 'criase', 'falso', 'sensação', 'renda', 'grande', 'incorporar', 'plano', 'carreira', 'aposentadoria', 'simplesmente', 'acabase', 'direito', 'complemento', 'salarial', 'benefício', 'alimentação', 'dar', 'concordar', 'orientar']"
SÂMIA BOMFIM,PSOL,SP,121.2022,ORDEM DO DIA,03/08/2022,11h52,DCD04/08/2022 PAG. 75,https://www.camara.leg.br/internet/sitaqweb/TextoHTML.asp?etapa=5&nuSessao=121.2022&nuQuarto=611131&nuOrador=11&nuInsercao=11&dtHorarioQuarto=11%3A52&sgFaseSessao=OD&Data=03%2F08%2F2022&txApelido=S%C3%82MIA+BOMFIM&txFaseSessao=Ordem+do+Dia&txTipoSessao=Deliberativa+Extraordin%C3%A1ria+-+CD&dtHoraQuarto=11%3A52,"Orientação de bancada na votação do Projeto de Lei de Conversão nº 21, de 2022, da Medida Provisória nº 1.108, de 2022, acerca do teletrabalho e do auxílio-alimentação, ressalvados os destaques.","A
SRA. SÂMIA BOMFIM (PSOL
- SP. Pela ordem. Sem revisão da oradora.) - O PSOL orienta ""não"",
Presidente. Essa medida provisória deveria, na verdade, ser um
projeto de lei que regulamenta o teletrabalho no Brasil e jamais
poderia estar sendo votada com registro de presença e de voto on-line, ainda mais num contexto eleitoral em que a maioria dos Parlamentares
está, na verdade, fazendo as suas campanhas nas suas bases. Regulamentação
do teletrabalho, na verdade, significa um pretexto para retirar
direito dos trabalhadores, porque basta um dia de teletrabalho e
essas regras podem ser aplicadas inclusive no trabalho presencial.
Então, se só na sexta-feira for teletrabalho, cai tudo para os
trabalhadores, como hora extra, adicional noturno, ficam sem hora de
descanso, como, por exemplo, hora de almoço, sem repouso remunerado
ao sábado e domingo. Então, o trabalhador tem mais despesas com
luz, com computador, com cadeira, com água, com Internet e ainda
perde direitos. É um grande absurdo. É
óbvio que o PSOL vota contrariamente. É isso que é o Governo
Bolsonaro para o trabalhador no Brasil.",psol sp ordem revisão orador psol orientar medida provisório dever verdade projeto lei regulamentar teletrabalho brasil jamais votar registro presença voto online ainda contexto eleitoral maioria parlamentar verdade campanha base regulamentação teletrabalho verdade significar pretexto retirar direito trabalhador bastar dia teletrabalho regra aplicar inclusive trabalho presencial então sextafeira teletrabalho cair tudo trabalhador hora extra adicional noturno ficar hora descanso exemplo hora almoço repouso remunerar sábado domingo então trabalhador despesa luz computador cadeira água internet ainda perder direito grande absurdo óbvio psol votar contrariamente governo   bolsonaro trabalhador brasil,"['psol', 'sp', 'ordem', 'revisão', 'orador', 'psol', 'orientar', 'medida', 'provisório', 'dever', 'verdade', 'projeto', 'lei', 'regulamentar', 'teletrabalho', 'brasil', 'jamais', 'votar', 'registro', 'presença', 'voto', 'online', 'ainda', 'contexto', 'eleitoral', 'maioria', 'parlamentar', 'verdade', 'campanha', 'base', 'regulamentação', 'teletrabalho', 'verdade', 'significar', 'pretexto', 'retirar', 'direito', 'trabalhador', 'bastar', 'dia', 'teletrabalho', 'regra', 'aplicar', 'inclusive', 'trabalho', 'presencial', 'então', 'sextafeira', 'teletrabalho', 'cair', 'tudo', 'trabalhador', 'hora', 'extra', 'adicional', 'noturno', 'ficar', 'hora', 'descanso', 'exemplo', 'hora', 'almoço', 'repouso', 'remunerar', 'sábado', 'domingo', 'então', 'trabalhador', 'despesa', 'luz', 'computador', 'cadeira', 'água', 'internet', 'ainda', 'perder', 'direito', 'grande', 'absurdo', 'óbvio', 'psol', 'votar', 'contrariamente', 'governo', 'bolsonaro', 'trabalhador', 'brasil']"
GLAUBER BRAGA,PSOL,RJ,120.2022,ORDEM DO DIA,02/08/2022,23h28,DCD03/08/2022 PAG. 310,https://www.camara.leg.br/internet/sitaqweb/TextoHTML.asp?etapa=5&nuSessao=120.2022&nuQuarto=610579&nuOrador=10&nuInsercao=10&dtHorarioQuarto=23%3A28&sgFaseSessao=OD&Data=02%2F08%2F2022&txApelido=GLAUBER+BRAGA&txFaseSessao=Ordem+do+Dia&txTipoSessao=Deliberativa+Extraordin%C3%A1ria+-+CD&dtHoraQuarto=23%3A28,Investigação contra Prefeito Municipal do Estado de Alagoas beneficiado com recursos do chamado orçamento secreto e aliado do Presidente Arthur Lira. Repúdio à representação apresentada contra o orador junto ao Conselho de Ética e Decoro Parlamentar.,"O
SR. GLAUBER BRAGA (PSOL
- RJ. Pela ordem. Sem revisão do orador.) - Eu acabei não dizendo
que a investigação que está sendo realizada sobre esse caso mostra
agora que um carro ligado ao Prefeito, ao Sr. Gilberto Gonçalves,
entra num beco e recebe da parte de uma empreiteira um dinheiro tinha
acabado de ser sacado num banco, operação essa que se faz
repetidamente, no mesmo beco, no Município do Estado de Alagoas. E
esse Município, repito, recebeu mais de 80 milhões de reais do
orçamento secreto. Sou
eu que tenho que ser cassado pelo Conselho de Ética? Tenho certeza
de que não. Isso é uma vergonha.",psol rj ordem revisão orador acabar investigação realizar sobre caso mostrar agora carro ligar prefeito sr_gilberto_gonçalves entrar beco receber parte empreiteira dinheiro acabar sacar banco operação repetidamente beco município_do_estado_de_alagoas município repito receber 80 milhão real orçamento secreto cassado conselho_de_ético certeza vergonho,"['psol', 'rj', 'ordem', 'revisão', 'orador', 'acabar', 'investigação', 'realizar', 'sobre', 'caso', 'mostrar', 'agora', 'carro', 'ligar', 'prefeito', 'sr_gilberto_gonçalves', 'entrar', 'beco', 'receber', 'parte', 'empreiteira', 'dinheiro', 'acabar', 'sacar', 'banco', 'operação', 'repetidamente', 'beco', 'município_do_estado_de_alagoas', 'município', 'repito', 'receber', '80', 'milhão', 'real', 'orçamento', 'secreto', 'cassado', 'conselho_de_ético', 'certeza', 'vergonho']"
GLAUBER BRAGA,PSOL,RJ,120.2022,ORDEM DO DIA,02/08/2022,23h24,DCD03/08/2022 PAG. 307,https://www.camara.leg.br/internet/sitaqweb/TextoHTML.asp?etapa=5&nuSessao=120.2022&nuQuarto=610578&nuOrador=1&nuInsercao=1&dtHorarioQuarto=23%3A24&sgFaseSessao=OD&Data=02%2F08%2F2022&txApelido=GLAUBER+BRAGA&txFaseSessao=Ordem+do+Dia&txTipoSessao=Deliberativa+Extraordin%C3%A1ria+-+CD&dtHoraQuarto=23%3A24,"Encaminhamento da votação do requerimento de destaque para votação em separado da Emenda de Plenário nº 42 apresentada à Medida Provisória nº 1.113, de 2022, sobre alteração da Lei nº 8.213, de 1991, e da Lei nº 13.846, de 2019, para disposição sobre o fluxo de análise de benefícios previdenciários e assistenciais sob avaliação do Instituto Nacional do Seguro Social, da Perícia Médica Federal e do Conselho de Recursos da Previdência Social. Repúdio à tentativa de intimidação do orador pelo Presidente Arthur Lira a partir de representação junto ao Conselho de Ética de Decoro Parlamentar para cassação do seu mandato parlamentar.","O
SR. GLAUBER BRAGA (PSOL
- RJ. Sem revisão do orador.) - Sras. e Srs. Deputados, o destaque
do PSOL visa garantir que a pessoa possa receber o seu benefício sem
atraso, tendo a possibilidade inclusive de receber uma correção,
através de uma multa, para que o segurado não fique pelo caminho. É
um absurdo que estejamos votando neste plenário a diminuição do
Benefício de Prestação Continuada, atrelado a outros benefícios,
à dificuldade no acesso a partir da terceirização, quando o BPC é
para quem tem um quarto de salário mínimo de renda por pessoa na
família combinado com idade avançada ou dificuldade sensorial de
natureza grave. Enquanto
estão ferrando aqui com aqueles que têm os menores rendimentos e
vivendo na pobreza, o orçamento secreto está comendo solto, e está
comendo solto no Brasil inteiro. Mas eu não posso deixar de falar do
Prefeito Gilberto Gonçalves, que lá no Município que ele
administra em Alagoas, recebeu mais de 80 milhões de reais do
orçamento secreto - mais de 80 milhões de reais! Sabem quantos
habitantes tem o Município? Um pouco mais de 70 mil habitantes. E de
onde partiu esse orçamento secreto? Foram identificados um pouco
mais de 15 milhões de reais do Presidente da Câmara, o Sr. Arthur
Lira. E o restante? Não se sabe. Como é que não se sabe? É
exatamente por isso que se trata de orçamento secreto, porque você
não tem todas as identificações das pessoas que fizeram a
destinação daquele recurso. Foi o próprio Presidente da Casa que
destinou o restante do valor para chegar até 80 milhões de reais?
Não posso afirmar. Agora, posso afirmar também que não foi? Também
não posso, porque se trata de um orçamento secreto. E
aí entra com processo no Conselho de Ética imaginando que vai me
intimidar com ameaça de cassação do mandato. Não vai me
intimidar. Isso é uma vergonha! O Presidente da Câmara dos
Deputados ter indicado mais de 300 milhões de reais de orçamento
secreto para o seu Estado natal é uma vergonha, e eu não vou deixar
de dizer. Pode fazer qualquer tipo de ameaça que não vamos nos
calar contra esse tipo de abuso.",psol rj revisão orador destaque psol visar garantir pessoa receber benefício atraso possibilidade inclusive receber correção através multa segurar fique caminho absurdo votar plenário diminuição benefício_de_prestação_continuar atrelar outro benefício dificuldade acesso partir terceirização bpc quarto salário pequeno renda pessoa família combinar idade avançar dificuldade sensorial natureza grave enquanto ferrar menore rendimento viver pobreza orçamento secreto comer solto comer solto brasil inteiro deixar prefeito_gilberto_gonçalve lá município administrar alagoas receber 80 milhão real orçamento secreto 80 milhão real saber quanto habitante município pouco 70 mil habitante onde partir orçamento secreto identificar pouco 15 milhão real presidente_da_câmara sr_arthur   lira restante saber saber exatamente tratar orçamento secreto todo identificação pessoa destinação recurso próprio casa destinar restante valor chegar 80 milhão real afirmar agora afirmar tratar orçamento secreto aí entrar processo conselho_de_ético imaginar intimidar ameaça cassação mandato intimidar vergonha presidente_da_câmara_r   indicar 300 milhão real orçamento secreto estado_natal vergonha deixar qualquer tipo ameaçar calar contra tipo abuso,"['psol', 'rj', 'revisão', 'orador', 'destaque', 'psol', 'visar', 'garantir', 'pessoa', 'receber', 'benefício', 'atraso', 'possibilidade', 'inclusive', 'receber', 'correção', 'através', 'multa', 'segurar', 'fique', 'caminho', 'absurdo', 'votar', 'plenário', 'diminuição', 'benefício_de_prestação_continuar', 'atrelar', 'outro', 'benefício', 'dificuldade', 'acesso', 'partir', 'terceirização', 'bpc', 'quarto', 'salário', 'pequeno', 'renda', 'pessoa', 'família', 'combinar', 'idade', 'avançar', 'dificuldade', 'sensorial', 'natureza', 'grave', 'enquanto', 'ferrar', 'menore', 'rendimento', 'viver', 'pobreza', 'orçamento', 'secreto', 'comer', 'solto', 'comer', 'solto', 'brasil', 'inteiro', 'deixar', 'prefeito_gilberto_gonçalve', 'lá', 'município', 'administrar', 'alagoas', 'receber', '80', 'milhão', 'real', 'orçamento', 'secreto', '80', 'milhão', 'real', 'saber', 'quanto', 'habitante', 'município', 'pouco', '70', 'mil', 'habitante', 'onde', 'partir', 'orçamento', 'secreto', 'identificar', 'pouco', '15', 'milhão', 'real', 'presidente_da_câmara', 'sr_arthur', 'lira', 'restante', 'saber', 'saber', 'exatamente', 'tratar', 'orçamento', 'secreto', 'todo', 'identificação', 'pessoa', 'destinação', 'recurso', 'próprio', 'casa', 'destinar', 'restante', 'valor', 'chegar', '80', 'milhão', 'real', 'afirmar', 'agora', 'afirmar', 'tratar', 'orçamento', 'secreto', 'aí', 'entrar', 'processo', 'conselho_de_ético', 'imaginar', 'intimidar', 'ameaça', 'cassação', 'mandato', 'intimidar', 'vergonha', 'presidente_da_câmara_r', 'indicar', '300', 'milhão', 'real', 'orçamento', 'secreto', 'estado_natal', 'vergonha', 'deixar', 'qualquer', 'tipo', 'ameaçar', 'calar', 'contra', 'tipo', 'abuso']"
GLAUBER BRAGA,PSOL,RJ,120.2022,ORDEM DO DIA,02/08/2022,23h20,DCD03/08/2022 PAG. 306,https://www.camara.leg.br/internet/sitaqweb/TextoHTML.asp?etapa=5&nuSessao=120.2022&nuQuarto=610577&nuOrador=1&nuInsercao=1&dtHorarioQuarto=23%3A20&sgFaseSessao=OD&Data=02%2F08%2F2022&txApelido=GLAUBER+BRAGA&txFaseSessao=Ordem+do+Dia&txTipoSessao=Deliberativa+Extraordin%C3%A1ria+-+CD&dtHoraQuarto=23%3A20,"Orientação de bancada na votação do requerimento de destaque para votação em separado, com vistas à rejeição, do art. 5º do  projeto de lei de conversão apresentado à Medida Provisória nº 1.113, de 2022, sobre alteração da Lei nº 8.213, de 1991, e da Lei nº 13.846, de 2019, para disposição sobre o fluxo de análise de benefícios previdenciários e assistenciais sob avaliação do Instituto Nacional do Seguro Social, da Perícia Médica Federal e do Conselho de Recursos da Previdência Social. Agradecimento da Federação Nacional dos Sindicatos dosTrabalhadores em Saúde, Trabalho, Previdência e Assistência Social - FENASPS à bancada do PSOL pelo posicionamento contrário à medida provisória.","O
SR. GLAUBER BRAGA (PSOL
- RJ. Pela ordem. Sem revisão do orador.) - Vou ler mais uma
mensagem que chega aqui no WhatsApp, para ver se sensibilizamos
alguns Parlamentares que não têm ideia do que estão votando e que
estão prejudicando imensamente o serviço público brasileiro: Camarada
Glauber, em nome da FENASPS, dos trabalhadores e das trabalhadoras,
agradecemos o apoio do PSOL na luta contra a aprovação da MP 1.103,
de 2022, que autoriza parcerias e terceirização das atividades
exclusivas dos profissionais do serviço social do INSS. Abraços,
Moacir Lopes. A
esta hora da noite alguns dos senhores imaginam que as pessoas não
estão nos acompanhando, que não estão vendo que está acontecendo
aqui. Mas se faz uma fala aqui e isso faz com que o conjunto dos
trabalhadores depois tenham acesso ao que aconteceu nesta sessão. E
é um absurdo o que está sendo aprovado aqui no dia de hoje. O
PSOL orienta o voto ""não"".",psol rj ordem revisão orador ler mensagem chegar whatsapp ver sensibilizar algum parlamentar ideia votar prejudicar imensamente serviço público brasileiro camarada   glauber nome fenasps trabalhador trabalhadora agradecemos apoio psol luta contra aprovação mp 1103 2022 autorizar parceria terceirização atividade exclusivo profissional serviço social inss abraço moacir_lopes hora noite algum imaginar pessoa acompanhar ver acontecer conjunto trabalhador acesso acontecer sessão absurdo aprovar dia hoje psol orientar voto,"['psol', 'rj', 'ordem', 'revisão', 'orador', 'ler', 'mensagem', 'chegar', 'whatsapp', 'ver', 'sensibilizar', 'algum', 'parlamentar', 'ideia', 'votar', 'prejudicar', 'imensamente', 'serviço', 'público', 'brasileiro', 'camarada', 'glauber', 'nome', 'fenasps', 'trabalhador', 'trabalhadora', 'agradecemos', 'apoio', 'psol', 'luta', 'contra', 'aprovação', 'mp', '1103', '2022', 'autorizar', 'parceria', 'terceirização', 'atividade', 'exclusivo', 'profissional', 'serviço', 'social', 'inss', 'abraço', 'moacir_lopes', 'hora', 'noite', 'algum', 'imaginar', 'pessoa', 'acompanhar', 'ver', 'acontecer', 'conjunto', 'trabalhador', 'acesso', 'acontecer', 'sessão', 'absurdo', 'aprovar', 'dia', 'hoje', 'psol', 'orientar', 'voto']"
GLAUBER BRAGA,PSOL,RJ,120.2022,ORDEM DO DIA,02/08/2022,23h08,DCD03/08/2022 PAG. 301,https://www.camara.leg.br/internet/sitaqweb/TextoHTML.asp?etapa=5&nuSessao=120.2022&nuQuarto=610574&nuOrador=13&nuInsercao=13&dtHorarioQuarto=23%3A08&sgFaseSessao=OD&Data=02%2F08%2F2022&txApelido=GLAUBER+BRAGA&txFaseSessao=Ordem+do+Dia&txTipoSessao=Deliberativa+Extraordin%C3%A1ria+-+CD&dtHoraQuarto=23%3A08,"Orientação de bancada na votação do requerimento de destaque para votação em separado da Emenda de Plenário nº 5 apresentada Medida Provisória nº 1.113, de 2022, sobre alteração da Lei nº 8.213, de 1991, e da Lei nº 13.846, de 2019, para disposição sobre o fluxo de análise de benefícios previdenciários e assistenciais sob avaliação do Instituto Nacional do Seguro Social, da Perícia Médica Federal e do Conselho de Recursos da Previdência Social.","O
SR. GLAUBER BRAGA (PSOL
- RJ. Pela ordem. Sem revisão do orador.) - Deputado Vinicius
Carvalho, parabéns! O destaque é positivo, deve ser acolhido. Eu
só queria tomar a liberdade de dizer uma coisa: acho fundamental,
Deputado Gil Cutrim, que, se V.Exa. quiser vencer este destaque do
Republicanos, vá ao microfone e defenda o destaque. V.Exa. é do
mesmo partido. Imagino que seja a favor do destaque. Se é a favor do
destaque, poderia já ter alterado como Relator. Não sei se não
alterou por motivo de um acordo prefixado. Mas,
se V.Exa. for ao microfone neste momento e solicitar aos
Parlamentares que votem a favor do destaque, eu não tenho dúvida de
que isso vai virar muitos votos de Parlamentares da base do Governo,
que neste momento estão votando ""não"" por conta das
respectivas orientações dos seus partidos. Digo isso porque acho
que o destaque apresentado pelo Deputado Vinicius Carvalho é muito
bom. Nós
da bancada do PSOL vamos votar ""sim"".",psol rj ordem revisão orador deputado_vinicius   carvalho parabéns destaque positivo dever acolher tomar liberdade coisa achar fundamental deputado_gil_cutrim vexo vencer destaque republicano microfone defendir destaque vexo partido imaginar favor destaque favor destaque alterar relator saber alterar motivo acordo prefixar vexo microfone momento solicitar parlamentar votar favor destaque dúvida virar voto parlamentar base governo momento votar conta respectivo orientação partido achar destaque apresentar deputado_vinicius_carvalho bom bancada psol votar sim,"['psol', 'rj', 'ordem', 'revisão', 'orador', 'deputado_vinicius', 'carvalho', 'parabéns', 'destaque', 'positivo', 'dever', 'acolher', 'tomar', 'liberdade', 'coisa', 'achar', 'fundamental', 'deputado_gil_cutrim', 'vexo', 'vencer', 'destaque', 'republicano', 'microfone', 'defendir', 'destaque', 'vexo', 'partido', 'imaginar', 'favor', 'destaque', 'favor', 'destaque', 'alterar', 'relator', 'saber', 'alterar', 'motivo', 'acordo', 'prefixar', 'vexo', 'microfone', 'momento', 'solicitar', 'parlamentar', 'votar', 'favor', 'destaque', 'dúvida', 'virar', 'voto', 'parlamentar', 'base', 'governo', 'momento', 'votar', 'conta', 'respectivo', 'orientação', 'partido', 'achar', 'destaque', 'apresentar', 'deputado_vinicius_carvalho', 'bom', 'bancada', 'psol', 'votar', 'sim']"
GLAUBER BRAGA,PSOL,RJ,120.2022,ORDEM DO DIA,02/08/2022,22h56,DCD03/08/2022 PAG. 295,https://www.camara.leg.br/internet/sitaqweb/TextoHTML.asp?etapa=5&nuSessao=120.2022&nuQuarto=610571&nuOrador=5&nuInsercao=5&dtHorarioQuarto=22%3A56&sgFaseSessao=OD&Data=02%2F08%2F2022&txApelido=GLAUBER+BRAGA&txFaseSessao=Ordem+do+Dia&txTipoSessao=Deliberativa+Extraordin%C3%A1ria+-+CD&dtHoraQuarto=22%3A56,"Leitura de mensagem encaminhada ao orador pela Assistente Social do INSS Viviane Peres com críticas à Medida Provisória nº 1.113, de 2022, sobre alteração da Lei nº 8.213, de 1991, e da Lei nº 13.846, de 2019, para disposição sobre o fluxo de análise de benefícios previdenciários e assistenciais sob avaliação do Instituto Nacional do Seguro Social, da Perícia Médica Federal e do Conselho de Recursos da Previdência Social. Prejuízos causados aos beneficiários do INSS pela medida provisória.","O
SR. GLAUBER BRAGA (PSOL
- RJ. Pela ordem. Sem revisão do orador.) - Eu vou fazer a leitura
de uma mensagem que acabei de receber. Esta
MP ainda vai ser a extinção do serviço social na Previdência. Não
somos supervisores de políticas privatizadas. Defendemos os direitos
da classe trabalhadora. Nós, da categoria do Serviço Social do
INSS, estamos revoltados. Pode dizer que foi Viviane Peres, Diretora
da Federação, Assistente Social do INSS, se achar necessário fazer
essa colocação. E
aqui a faço. É isso. Os senhores querem privatizar mais um serviço
colocando servidores públicos como se fossem fiscalizadores de
serviço privatizado. E tudo isso votando uma medida provisória que
prejudica imensamente as pessoas, que não estão podendo acompanhar
esta votação, à base de muito orçamento secreto.",psol rj ordem revisão orador leitura mensagem acabar receber mp ainda extinção serviço social previdência supervisor político privatizar defender direito classe trabalhador categoria serviço_social_do   inss revoltado viviane_per diretora   da_federação assistente_social_do_inss achar necessário colocação privatizar serviço colocar servidor público fiscalizador serviço privatizar tudo votar medida provisório prejudicar imensamente pessoa acompanhar votação base orçamento secreto,"['psol', 'rj', 'ordem', 'revisão', 'orador', 'leitura', 'mensagem', 'acabar', 'receber', 'mp', 'ainda', 'extinção', 'serviço', 'social', 'previdência', 'supervisor', 'político', 'privatizar', 'defender', 'direito', 'classe', 'trabalhador', 'categoria', 'serviço_social_do', 'inss', 'revoltado', 'viviane_per', 'diretora', 'da_federação', 'assistente_social_do_inss', 'achar', 'necessário', 'colocação', 'privatizar', 'serviço', 'colocar', 'servidor', 'público', 'fiscalizador', 'serviço', 'privatizar', 'tudo', 'votar', 'medida', 'provisório', 'prejudicar', 'imensamente', 'pessoa', 'acompanhar', 'votação', 'base', 'orçamento', 'secreto']"
GLAUBER BRAGA,PSOL,RJ,120.2022,ORDEM DO DIA,02/08/2022,22h24,DCD03/08/2022 PAG. 282,https://www.camara.leg.br/internet/sitaqweb/TextoHTML.asp?etapa=5&nuSessao=120.2022&nuQuarto=610563&nuOrador=21&nuInsercao=21&dtHorarioQuarto=22%3A24&sgFaseSessao=OD&Data=02%2F08%2F2022&txApelido=GLAUBER+BRAGA&txFaseSessao=Ordem+do+Dia&txTipoSessao=Deliberativa+Extraordin%C3%A1ria+-+CD&dtHoraQuarto=22%3A24,"Orientação da bancada na votação do Projeto de Lei de Conversão nº 20, de 2022, apresentado à Medida Provisória nº 1.113, de 2022, sobre alteração da Lei nº 8.213, de 1991, e da Lei nº 13.846, de 2019, para disposição sobre o fluxo de análise de benefícios previdenciários e assistenciais sob avaliação do Instituto Nacional do Seguro Social, da Perícia Médica Federal e do Conselho de Recursos da Previdência Social, ressalvados os destaques.","O
SR. GLAUBER BRAGA (PSOL
- RJ. Pela ordem. Sem revisão do orador.) - Há muito mais aspectos
negativos do que positivos nessa matéria. Dificulta o acesso a
benefício, com um conjunto de regramentos que estão aqui colocados;
permite a terceirização, que está mantida ainda no texto; reduz o
direito ao BPC, porque proíbe a acumulação do BPC com o auxílio-
inclusão. Além disso, enfraquece a associação de trabalhadores
pescadores, porque fragiliza e enfraquece esse tipo de organização
associativa. Tem um jabuti que trata da gestão imobiliária de
imóveis do INSS, dizendo inclusive que pode servir para integralizar
cota de fundo de investimento. Essa é uma jogada que foi inserida no
texto. Facilita o indeferimento de benefícios; dificulta a
apresentação de recursos e reconsideração. Portanto, não há
nenhum motivo para se votar a favor dessa matéria. Evidentemente,
o PSOL orienta o voto ""não"". Aquilo
que possa ser aspecto favorável - foram dois os aspectos aqui
citados em relação a essa matéria - não se sobrepõe aos aspectos
negativos, que são muito mais relevantes. Por esse motivo, o PSOL
orienta o voto ""não"".",psol rj ordem revisão orador aspecto negativo positivo matéria dificultar acesso benefício conjunto regramento colocar permitir terceirização mantir ainda texto reduzir direito bpc proibir acumulação bpc auxílio inclusãor além enfraquecer associação trabalhador pescador fragilizar enfraquecer tipo organização associativo jabuti tratar gestão imobiliário imóvel inss inclusive servir integralizar cota fundo investimento jogar inserir texto facilitar indeferimento benefício dificultar apresentação recurso reconsideração portanto nenhum motivo votar favor matéria evidentemente psol orientar voto aspecto favorável dois aspecto citar relação matéria sobrepor aspecto negativo relevante motivo psol orientar voto,"['psol', 'rj', 'ordem', 'revisão', 'orador', 'aspecto', 'negativo', 'positivo', 'matéria', 'dificultar', 'acesso', 'benefício', 'conjunto', 'regramento', 'colocar', 'permitir', 'terceirização', 'mantir', 'ainda', 'texto', 'reduzir', 'direito', 'bpc', 'proibir', 'acumulação', 'bpc', 'auxílio', 'inclusãor', 'além', 'enfraquecer', 'associação', 'trabalhador', 'pescador', 'fragilizar', 'enfraquecer', 'tipo', 'organização', 'associativo', 'jabuti', 'tratar', 'gestão', 'imobiliário', 'imóvel', 'inss', 'inclusive', 'servir', 'integralizar', 'cota', 'fundo', 'investimento', 'jogar', 'inserir', 'texto', 'facilitar', 'indeferimento', 'benefício', 'dificultar', 'apresentação', 'recurso', 'reconsideração', 'portanto', 'nenhum', 'motivo', 'votar', 'favor', 'matéria', 'evidentemente', 'psol', 'orientar', 'voto', 'aspecto', 'favorável', 'dois', 'aspecto', 'citar', 'relação', 'matéria', 'sobrepor', 'aspecto', 'negativo', 'relevante', 'motivo', 'psol', 'orientar', 'voto']"
GLAUBER BRAGA,PSOL,RJ,120.2022,ORDEM DO DIA,02/08/2022,22h20,DCD03/08/2022 PAG. 280,https://www.camara.leg.br/internet/sitaqweb/TextoHTML.asp?etapa=5&nuSessao=120.2022&nuQuarto=610562&nuOrador=12&nuInsercao=12&dtHorarioQuarto=22%3A20&sgFaseSessao=OD&Data=02%2F08%2F2022&txApelido=GLAUBER+BRAGA&txFaseSessao=Ordem+do+Dia&txTipoSessao=Deliberativa+Extraordin%C3%A1ria+-+CD&dtHoraQuarto=22%3A20,"Questionamentos sobre o parecer apresentado pelo Relator, Deputado Gil Cutrim, à Medida Provisória nº 1.113, de 2022, sobre alteração da Lei nº 8.213, de 1991, e da Lei nº 13.846, de 2019, para disposição sobre o fluxo de análise de benefícios previdenciários e assistenciais sob avaliação do Instituto Nacional do Seguro Social, da Perícia Médica Federal e do Conselho de Recursos da Previdência Social.","O
SR. GLAUBER BRAGA (PSOL
- RJ. Pela ordem. Sem revisão do orador.) - Sim, Sr. Presidente, vou
orientar, por favor. Eu
queria aqui repetir o diálogo com o Deputado Gil Cutrim. E quais são
os questionamentos objetivos? Primeiro, o processo de supervisão de
terceirização segue sendo terceirização, porque supervisão não
é qualquer coisa. O serviço público tem sempre que supervisionar,
não existe nenhuma tarefa do serviço público que ele não
supervisione. Até hoje, eu não vi, no serviço público, alguém
dizer: "" Ah,
não! Terceirizou, mas não tem o direito de supervisão"" .
Isso não existiria. Esse direito de supervisão é permanente por
parte do serviço público, mas não deixa de ser uma terceirização
em si. Segundo,
no caso do BPC, eu faço a pergunta porque, na avaliação da nossa
assessoria, o texto é expresso em reduzir o direito ao proibir a sua
acumulação com o auxílio-inclusão. É isso que estamos
perguntando se está mantido no texto.",psol rj ordem revisão orador sim sr_presidente orientar favor repetir diálogo deputado_gil_cutrim questionamento objetivo primeiro processo supervisão terceirização seguir terceirização supervisão qualquer coisa serviço público sempre supervisionar existir nenhum tarefa serviço público supervisionar hoje ver serviço público alguém ah terceirizar direito supervisão existir direito supervisão permanente parte serviço público deixar terceirização si segundo caso bpc perguntar avaliação assessorio texto expresso reduzir direito proibir acumulação auxílioinclusão perguntar manter texto,"['psol', 'rj', 'ordem', 'revisão', 'orador', 'sim', 'sr_presidente', 'orientar', 'favor', 'repetir', 'diálogo', 'deputado_gil_cutrim', 'questionamento', 'objetivo', 'primeiro', 'processo', 'supervisão', 'terceirização', 'seguir', 'terceirização', 'supervisão', 'qualquer', 'coisa', 'serviço', 'público', 'sempre', 'supervisionar', 'existir', 'nenhum', 'tarefa', 'serviço', 'público', 'supervisionar', 'hoje', 'ver', 'serviço', 'público', 'alguém', 'ah', 'terceirizar', 'direito', 'supervisão', 'existir', 'direito', 'supervisão', 'permanente', 'parte', 'serviço', 'público', 'deixar', 'terceirização', 'si', 'segundo', 'caso', 'bpc', 'perguntar', 'avaliação', 'assessorio', 'texto', 'expresso', 'reduzir', 'direito', 'proibir', 'acumulação', 'auxílioinclusão', 'perguntar', 'manter', 'texto']"
GLAUBER BRAGA,PSOL,RJ,120.2022,ORDEM DO DIA,02/08/2022,22h16,DCD03/08/2022 PAG. 279,https://www.camara.leg.br/internet/sitaqweb/TextoHTML.asp?etapa=5&nuSessao=120.2022&nuQuarto=610561&nuOrador=12&nuInsercao=12&dtHorarioQuarto=22%3A16&sgFaseSessao=OD&Data=02%2F08%2F2022&txApelido=GLAUBER+BRAGA&txFaseSessao=Ordem+do+Dia&txTipoSessao=Deliberativa+Extraordin%C3%A1ria+-+CD&dtHoraQuarto=22%3A16,"Pedido ao Relator, Deputado Gil Cutrim, de esclarecimentos sobre tópicos do parecer apresentado à Medida Provisória nº 1.113, de 2022, sobre alteração da Lei nº 8.213, de 1991, e da Lei nº 13.846, de 2019, para disposição sobre o fluxo de análise de benefícios previdenciários e assistenciais sob avaliação do Instituto Nacional do Seguro Social, da Perícia Médica Federal e do Conselho de Recursos da Previdência Social.","O
SR. GLAUBER BRAGA (PSOL
- RJ. Pela ordem. Sem revisão do orador.) - Eu queria já perguntar
ao Deputado Gil Cutrim duas dúvidas sobre o seu relatório. A
primeira dúvida, Deputado, é se foi mantida a permissão de
terceirização do serviço público a cargo do INSS. A
segunda dúvida é se foi mantida também no relatório a redução
do direito ao Benefício de Prestação Continuada - BPC naqueles
casos em que se proíbe a sua acumulação com o auxílio-inclusão.
Convenhamos que nós estamos falando de famílias pobres, passando
por extrema dificuldade, e o que menos precisamos é de votação, no
dia de hoje, de matéria que venha a prejudicar essas famílias.
Então, o questionamento da bancada do PSOL é se especificamente
estes dois pontos foram mantidos no texto: BPC e terceirização. O
SR. GIL CUTRIM (REPUBLICANOS
- MA. Sem revisão do orador.) - Deputado Glauber, em relação à
terceirização que V.Exa. acabou de mencionar, está no art. 20, §
6º-A: ""O
INSS poderá celebrar parcerias para a realização da avaliação
social, sob a supervisão do serviço social da Autarquia"" .
Então, ele não abre para terceirização, há o âmbito de
fiscalização dentro da autarquia. A
questão do BPC permanece no texto. O
SR. GLAUBER BRAGA (PSOL
- RJ) - Permanece no sentido de se reduzir o direito, é isso? O
SR. GIL CUTRIM (REPUBLICANOS
- MA) - Não, de ampliar o direito. O
SR. GLAUBER BRAGA (PSOL
- RJ) - Não, de reduzir o direito, uma vez que quem recebe o BPC não
pode acumulá-lo com o auxílio-inclusão. Isso permaneceu no texto? O
SR. GIL CUTRIM (REPUBLICANOS
- MA) - Isso permaneceu. Mas há um destaque, apresentado inclusive
pelo Deputado Vinicius Carvalho, que nós vamos apreciar logo após o
mérito da matéria. O
SR. GLAUBER BRAGA (PSOL
- RJ) - Mas o destaque do Deputado Vinicius é sobre outro tema, não
trata especificamente do tema que estou aqui questionando. Eu
posso continuar fazendo o debate com V.Exa. e os questionamentos no
período de orientação, mas são coisas diversas: uma é o ataque
ao Benefício de Prestação Continuada, dizendo que ele não pode
ser acumulado com o auxílio-inclusão; outra é a proposta de
destaque do Deputado Vinicius, que é meritória no que diz respeito
inclusive a famílias que poderiam estar sendo também atingidas em
outras hipóteses. O
SR. GIL CUTRIM (REPUBLICANOS
- MA) - Deputado, vamos debater aí no plenário.",psol rj ordem revisão orador perguntar deputado_gil_cutrim dois dúvida sobre relatório primeiro dúvida mantir permissão terceirização serviço público cargo inss segundo dúvida mantir relatório redução direito benefício_de_prestação_continuada bpc caso proibir acumulação auxílioinclusão convenhar família pobre passar extremo dificuldade menos votação dia hoje matéria vir prejudicar família então questionamento bancada psol especificamente dois ponto mantir texto bpc terceirização republicano ma revisão orador deputado_glauber relação terceirização vexo acabar mencionar art 20 inss celebrar parceria realização avaliação social sob supervisão serviço social autarquia então abrir terceirização âmbito fiscalização dentro autarquia questão bpc permanecer texto psol rj permanecer sentido reduzir direito republicano ma ampliar direito psol rj reduzir direito vez receber bpc acumulálo auxílioinclusão permanecer texto republicano ma permanecer destaque apresentar inclusive deputado_vinicius_carvalho apreciar logo após mérito matéria psol rj destaque deputado_vinicius sobre outro tema tratar especificamente tema questionar continuar debate vexo questionamento período orientação coisa diverso ataque benefício_de_prestação_continuada acumular auxílioinclusão outro proposta destaque deputado_vinicius meritório respeito inclusive família atingir outro hipótese republicano ma debater aí plenário,"['psol', 'rj', 'ordem', 'revisão', 'orador', 'perguntar', 'deputado_gil_cutrim', 'dois', 'dúvida', 'sobre', 'relatório', 'primeiro', 'dúvida', 'mantir', 'permissão', 'terceirização', 'serviço', 'público', 'cargo', 'inss', 'segundo', 'dúvida', 'mantir', 'relatório', 'redução', 'direito', 'benefício_de_prestação_continuada', 'bpc', 'caso', 'proibir', 'acumulação', 'auxílioinclusão', 'convenhar', 'família', 'pobre', 'passar', 'extremo', 'dificuldade', 'menos', 'votação', 'dia', 'hoje', 'matéria', 'vir', 'prejudicar', 'família', 'então', 'questionamento', 'bancada', 'psol', 'especificamente', 'dois', 'ponto', 'mantir', 'texto', 'bpc', 'terceirização', 'republicano', 'ma', 'revisão', 'orador', 'deputado_glauber', 'relação', 'terceirização', 'vexo', 'acabar', 'mencionar', 'art', '20', 'inss', 'celebrar', 'parceria', 'realização', 'avaliação', 'social', 'sob', 'supervisão', 'serviço', 'social', 'autarquia', 'então', 'abrir', 'terceirização', 'âmbito', 'fiscalização', 'dentro', 'autarquia', 'questão', 'bpc', 'permanecer', 'texto', 'psol', 'rj', 'permanecer', 'sentido', 'reduzir', 'direito', 'republicano', 'ma', 'ampliar', 'direito', 'psol', 'rj', 'reduzir', 'direito', 'vez', 'receber', 'bpc', 'acumulálo', 'auxílioinclusão', 'permanecer', 'texto', 'republicano', 'ma', 'permanecer', 'destaque', 'apresentar', 'inclusive', 'deputado_vinicius_carvalho', 'apreciar', 'logo', 'após', 'mérito', 'matéria', 'psol', 'rj', 'destaque', 'deputado_vinicius', 'sobre', 'outro', 'tema', 'tratar', 'especificamente', 'tema', 'questionar', 'continuar', 'debate', 'vexo', 'questionamento', 'período', 'orientação', 'coisa', 'diverso', 'ataque', 'benefício_de_prestação_continuada', 'acumular', 'auxílioinclusão', 'outro', 'proposta', 'destaque', 'deputado_vinicius', 'meritório', 'respeito', 'inclusive', 'família', 'atingir', 'outro', 'hipótese', 'republicano', 'ma', 'debater', 'aí', 'plenário']"
SÂMIA BOMFIM,PSOL,SP,120.2022,ORDEM DO DIA,02/08/2022,21h32,DCD03/08/2022 PAG. 250,https://www.camara.leg.br/internet/sitaqweb/TextoHTML.asp?etapa=5&nuSessao=120.2022&nuQuarto=610550&nuOrador=5&nuInsercao=5&dtHorarioQuarto=21%3A32&sgFaseSessao=OD&Data=02%2F08%2F2022&txApelido=S%C3%82MIA+BOMFIM&txFaseSessao=Ordem+do+Dia&txTipoSessao=Deliberativa+Extraordin%C3%A1ria+-+CD&dtHoraQuarto=21%3A32,"Encaminhamento da votação do requerimento de destaque para votação em separado, para fins de supressão, do Capítulo III da Medida Provisória nº 1.109, de 2022,  sobre autorização ao Poder Executivo Federal para disposição sobre a adoção, por empregados e empregadores, de medidas trabalhistas alternativas e sobre o Programa Emergencial de Manutenção do Emprego e da Renda, para enfrentamento das consequências sociais e econômicas de estado de calamidade pública em âmbito nacional ou em âmbito estadual, distrital ou municipal reconhecido pelo Poder Executivo Federal.","A
SRA. SÂMIA BOMFIM (PSOL
- SP. Sem revisão da oradora.) - O Benefício Emergencial de
Manutenção do Emprego e da Renda - BEM, que nós aprovamos durante
o contexto da pandemia da COVID-19, do estado de calamidade, foi uma
medida excepcional, emergencial, para tentar amenizar os impactos da
crise econômica brutal sobre o mundo do trabalho, porque havia um
risco real de fechamento de empresas do comércio. Então, foi uma
saída excepcional que se encontrou para se tentar o mínimo possível
de demissões. Ou seja, a ideia era a manutenção dos empregos, com
acordo de redução de jornada de trabalho, para que se tivesse
redução também salarial. Não era a melhor medida à época. A
nossa bancada inclusive apresentou medidas muito mais avançadas, que
estavam sendo adotadas em diversos países do mundo, onde os
governos, na verdade, cobriram integralmente as perdas dos
trabalhadores ou criaram programas de rendas muito mais robustos do
que o que conseguimos aprovar aqui no Brasil. Ainda assim, o programa
teve a sua importância naquele momento de crise, em que
estabelecimentos comerciais estavam sendo fechados e as pessoas
corriam um risco muito grande de irem para rua. Agora
está se tentando tornar isso permanente, para que, a todo momento em
que houver um estado de calamidade, adote-se imediatamente essa
lógica de supressão de direitos trabalhistas, de redução da
renda, de flexibilização dos direitos e das possibilidades de
manutenção de emprego. Isso é muito grave, porque já se está
prevendo que vai ser preciso adotar medidas de ataque aos
trabalhadores sem sequer fazer a avaliação do contexto em que vão
estar inseridos. É como se fosse um ataque já engatilhado,
independentemente daquilo que o Estado pode fazer em seu papel de
manutenção do emprego e da renda e de garantia do funcionamento das
atividades econômicas, mesmo num momento de crise. Segue-se
repetindo a mesma cantilena enfadonha de que somente flexibilizando o
mundo do trabalho é possível gerar emprego ou mesmo que isso é
melhor para o trabalhador, para o crescimento do País. O que nós
vemos, na verdade, há muitos anos, é justo o contrário. É essa
agenda neoliberal que tem feito com que o nosso País se afunde, que
tem atrapalhado a geração de emprego e renda, que tem impedido o
nosso crescimento. Num
momento em que há presença on-line ,
em que a maioria dos Parlamentares estão voltados para as suas
campanhas eleitorais, nós votamos, sem a devida discussão, uma nova
reforma trabalhista - na prática, é disso que se trata - em uma
medida provisória. Não é nem um projeto de lei que tenha passado
por Comissões. É o pior momento possível para votar algo tão
grave, de forma permanente, que impactará muito as trabalhadoras e
os trabalhadores do País. O
nosso destaque pretende justamente retirar o trecho que fala sobre a
redução de salários e de jornadas, que é o coração da MP.",psol sp revisão orador o_benefício_emergencial_de   manutenção_do_emprego renda__bem aprovar durante contexto pandemia calamidade medida excepcional emergencial tentar amenizar impacto crise econômico brutal sobre mundo trabalho risco real fechamento empresa comércio então saída excepcional encontrar tentar mínimo possível demissão ideia manutenção emprego acordo redução jornada trabalho redução salarial bom medida época bancada inclusive apresentar medida avançar adotar diverso país mundo onde governo verdade cobrir integralmente perda trabalhador criar programa renda robusto conseguir aprovar brasil ainda assim programa importância momento crise estabelecimento comercial fechar pessoa correr risco grande rua agora tentar tornar permanente todo momento calamidade adotese imediatamente lógico supressão direito trabalhista redução rendo flexibilização direito possibilidade manutenção emprego grave prever preciso adotar medida ataque trabalhador sequer avaliação contexto inserir ataque engatilhar independentemente estado papel manutenção emprego renda garantir funcionamento atividade econômico momento crise seguese repetir cantilena enfadonho somente flexibilizar mundo trabalho possível gerar emprego bom trabalhador crescimento país ver verdade ano justo contrário agenda neoliberal país afunde atrapalhar geração emprego renda impedir crescimento momento presença online maioria parlamentar voltar campanha eleitoral votar devir discussão novo reforma trabalhisto prático tratar medida provisório projeto lei passado comissão mau momento possível votar algo tão grave forma permanente impactar trabalhadora trabalhador país destaque pretender justamente retirar trecho sobre redução salário jornada coração mp,"['psol', 'sp', 'revisão', 'orador', 'o_benefício_emergencial_de', 'manutenção_do_emprego', 'renda__bem', 'aprovar', 'durante', 'contexto', 'pandemia', 'calamidade', 'medida', 'excepcional', 'emergencial', 'tentar', 'amenizar', 'impacto', 'crise', 'econômico', 'brutal', 'sobre', 'mundo', 'trabalho', 'risco', 'real', 'fechamento', 'empresa', 'comércio', 'então', 'saída', 'excepcional', 'encontrar', 'tentar', 'mínimo', 'possível', 'demissão', 'ideia', 'manutenção', 'emprego', 'acordo', 'redução', 'jornada', 'trabalho', 'redução', 'salarial', 'bom', 'medida', 'época', 'bancada', 'inclusive', 'apresentar', 'medida', 'avançar', 'adotar', 'diverso', 'país', 'mundo', 'onde', 'governo', 'verdade', 'cobrir', 'integralmente', 'perda', 'trabalhador', 'criar', 'programa', 'renda', 'robusto', 'conseguir', 'aprovar', 'brasil', 'ainda', 'assim', 'programa', 'importância', 'momento', 'crise', 'estabelecimento', 'comercial', 'fechar', 'pessoa', 'correr', 'risco', 'grande', 'rua', 'agora', 'tentar', 'tornar', 'permanente', 'todo', 'momento', 'calamidade', 'adotese', 'imediatamente', 'lógico', 'supressão', 'direito', 'trabalhista', 'redução', 'rendo', 'flexibilização', 'direito', 'possibilidade', 'manutenção', 'emprego', 'grave', 'prever', 'preciso', 'adotar', 'medida', 'ataque', 'trabalhador', 'sequer', 'avaliação', 'contexto', 'inserir', 'ataque', 'engatilhar', 'independentemente', 'estado', 'papel', 'manutenção', 'emprego', 'renda', 'garantir', 'funcionamento', 'atividade', 'econômico', 'momento', 'crise', 'seguese', 'repetir', 'cantilena', 'enfadonho', 'somente', 'flexibilizar', 'mundo', 'trabalho', 'possível', 'gerar', 'emprego', 'bom', 'trabalhador', 'crescimento', 'país', 'ver', 'verdade', 'ano', 'justo', 'contrário', 'agenda', 'neoliberal', 'país', 'afunde', 'atrapalhar', 'geração', 'emprego', 'renda', 'impedir', 'crescimento', 'momento', 'presença', 'online', 'maioria', 'parlamentar', 'voltar', 'campanha', 'eleitoral', 'votar', 'devir', 'discussão', 'novo', 'reforma', 'trabalhisto', 'prático', 'tratar', 'medida', 'provisório', 'projeto', 'lei', 'passado', 'comissão', 'mau', 'momento', 'possível', 'votar', 'algo', 'tão', 'grave', 'forma', 'permanente', 'impactar', 'trabalhadora', 'trabalhador', 'país', 'destaque', 'pretender', 'justamente', 'retirar', 'trecho', 'sobre', 'redução', 'salário', 'jornada', 'coração', 'mp']"
SÂMIA BOMFIM,PSOL,SP,120.2022,ORDEM DO DIA,02/08/2022,21h16,DCD03/08/2022 PAG. 243,https://www.camara.leg.br/internet/sitaqweb/TextoHTML.asp?etapa=5&nuSessao=120.2022&nuQuarto=610546&nuOrador=10&nuInsercao=10&dtHorarioQuarto=21%3A16&sgFaseSessao=OD&Data=02%2F08%2F2022&txApelido=S%C3%82MIA+BOMFIM&txFaseSessao=Ordem+do+Dia&txTipoSessao=Deliberativa+Extraordin%C3%A1ria+-+CD&dtHoraQuarto=21%3A16,"Orientação de bancada na votação do requerimento de destaque para votação em separado da Emenda de Comissão nº 94 apresentada à Medida Provisória nº 1.109, de 2022,  sobre autorização ao Poder Executivo Federal para disposição sobre a adoção, por empregados e empregadores, de medidas trabalhistas alternativas e sobre o Programa Emergencial de Manutenção do Emprego e da Renda, para enfrentamento das consequências sociais e econômicas de estado de calamidade pública em âmbito nacional ou em âmbito estadual, distrital ou municipal reconhecido pelo Poder Executivo Federal.","A
SRA. SÂMIA BOMFIM (PSOL
- SP. Pela ordem. Sem revisão da oradora.) - O PSOL acompanha a
emenda, o destaque proposto pela Deputada Lídice da Mata, do PSB,
porque ele visa avançar na regulamentação do teletrabalho, que de
fato é uma ferramenta importante, que nos ajudou muito no contexto
mais grave da pandemia, mas que não pode ser algo sem limite ao
explorar o trabalhador, porque ele tem o direito a se desligar, a se
desconectar em alguns momentos, quando está na sua casa. Senão,
significa que, dentro da sua própria residência, ele terá que
estar à disposição o tempo todo do seu trabalho? Não é assim! Eu
acho que esse é um passo importante. Daqui para frente seria
interessante que nos debruçássemos ainda mais sobre esse tema para
aprovar algum tipo de regulamentação do teletrabalho, porque hoje
existe muito abuso nessa modalidade, e isso gera hiperexploração.
Muitas vezes os trabalhadores têm despesas para poder se conectar e
não têm direitos. Por
isso o voto é ""sim"".",psol sp ordem revisão orador psol acompanhar emenda destaque proposto deputada_lídice_da_mata psb visar avançar regulamentação teletrabalho fato ferramentar importante ajudar contexto grave pandemia algo limite explorar trabalhador direito desligar desconectar algum momento casa senão significar dentro próprio residência disposiçãor tempo todo trabalho assim achar passo importante frente interessante debruçásser ainda sobre tema aprovar algum tipo regulamentação teletrabalho hoje existir abuso modalidade gerar hiperexploração muitas vez trabalhador despesa conectar direito votar sim,"['psol', 'sp', 'ordem', 'revisão', 'orador', 'psol', 'acompanhar', 'emenda', 'destaque', 'proposto', 'deputada_lídice_da_mata', 'psb', 'visar', 'avançar', 'regulamentação', 'teletrabalho', 'fato', 'ferramentar', 'importante', 'ajudar', 'contexto', 'grave', 'pandemia', 'algo', 'limite', 'explorar', 'trabalhador', 'direito', 'desligar', 'desconectar', 'algum', 'momento', 'casa', 'senão', 'significar', 'dentro', 'próprio', 'residência', 'disposiçãor', 'tempo', 'todo', 'trabalho', 'assim', 'achar', 'passo', 'importante', 'frente', 'interessante', 'debruçásser', 'ainda', 'sobre', 'tema', 'aprovar', 'algum', 'tipo', 'regulamentação', 'teletrabalho', 'hoje', 'existir', 'abuso', 'modalidade', 'gerar', 'hiperexploração', 'muitas', 'vez', 'trabalhador', 'despesa', 'conectar', 'direito', 'votar', 'sim']"
SÂMIA BOMFIM,PSOL,SP,120.2022,ORDEM DO DIA,02/08/2022,20h44,DCD03/08/2022 PAG. 231,https://www.camara.leg.br/internet/sitaqweb/TextoHTML.asp?etapa=5&nuSessao=120.2022&nuQuarto=610538&nuOrador=19&nuInsercao=19&dtHorarioQuarto=20%3A44&sgFaseSessao=OD&Data=02%2F08%2F2022&txApelido=S%C3%82MIA+BOMFIM&txFaseSessao=Ordem+do+Dia&txTipoSessao=Deliberativa+Extraordin%C3%A1ria+-+CD&dtHoraQuarto=20%3A44,"Orientação de bancada na votação do requerimento de destaque para votação em separado da Emenda de Comissão nº 85, apresentada à Medida Provisória nº 1.109, de 2022, sobre autorização ao Poder Executivo Federal para disposição sobre a adoção, por empregados e empregadores, de medidas trabalhistas alternativas e sobre o Programa Emergencial de Manutenção do Emprego e da Renda, para enfrentamento das consequências sociais e econômicas de estado de calamidade pública em âmbito nacional ou em âmbito estadual, distrital ou municipal reconhecido pelo Poder Executivo Federal.","A
SRA. SÂMIA BOMFIM (PSOL
- SP. Pela ordem. Sem revisão da oradora.) - Presidente, primeiro,
eu registro que as Deputadas Talíria e Fernanda votaram com a
bancada do PSOL na votação anterior a esta, na votação do mérito;
segundo, quero indicar ""não"" a este destaque do NOVO, que
é absurdo. A
MP já é muito ruim, e este destaque visa tornar permanente o
desmonte de direitos trabalhistas que aqui está engatilhado para
quando houver estado de calamidade. Este destaque quer tornar
permanente esse modelo de redução de jornada de trabalho e,
principalmente, este modelo de redução salarial, algo que nenhuma
família e nenhum trabalhador querem. Naquele
contexto da pandemia, acabou-se optando por fazer esta assinatura,
afinal de contas era a única saída para não se perder o emprego em
momentos de crise. Agora, no entanto, querem que isso seja
permanente?! Na verdade, trata-se de mais uma coisa engatilhada, para
que o trabalhador passe a ter o salário reduzido, achatado. Isso é
um grande absurdo! Por
isso, ""não"".",psol sp ordem revisão orador primeiro registro deputadas_talíria fernanda votar bancada psol votação anterior votação mérito segundo indicar destaque novo absurdo mp ruim destaque visar tornar permanente desmonte direito trabalhista engatilhar estado calamidade destaque tornar permanente modelo redução jornadar trabalho principalmente modelo redução salarial algo nenhum família nenhum trabalhador contexto pandemia acabouse optar assinatura afinal conta único saída perder emprego momento criser agora entanto permanente verdade tratase coisa engatilhar trabalhador passar salário reduzir achatar grande absurdo,"['psol', 'sp', 'ordem', 'revisão', 'orador', 'primeiro', 'registro', 'deputadas_talíria', 'fernanda', 'votar', 'bancada', 'psol', 'votação', 'anterior', 'votação', 'mérito', 'segundo', 'indicar', 'destaque', 'novo', 'absurdo', 'mp', 'ruim', 'destaque', 'visar', 'tornar', 'permanente', 'desmonte', 'direito', 'trabalhista', 'engatilhar', 'estado', 'calamidade', 'destaque', 'tornar', 'permanente', 'modelo', 'redução', 'jornadar', 'trabalho', 'principalmente', 'modelo', 'redução', 'salarial', 'algo', 'nenhum', 'família', 'nenhum', 'trabalhador', 'contexto', 'pandemia', 'acabouse', 'optar', 'assinatura', 'afinal', 'conta', 'único', 'saída', 'perder', 'emprego', 'momento', 'criser', 'agora', 'entanto', 'permanente', 'verdade', 'tratase', 'coisa', 'engatilhar', 'trabalhador', 'passar', 'salário', 'reduzir', 'achatar', 'grande', 'absurdo']"
SÂMIA BOMFIM,PSOL,SP,120.2022,ORDEM DO DIA,02/08/2022,20h36,DCD03/08/2022 PAG. 227,https://www.camara.leg.br/internet/sitaqweb/TextoHTML.asp?etapa=5&nuSessao=120.2022&nuQuarto=610536&nuOrador=27&nuInsercao=27&dtHorarioQuarto=20%3A36&sgFaseSessao=OD&Data=02%2F08%2F2022&txApelido=S%C3%82MIA+BOMFIM&txFaseSessao=Ordem+do+Dia&txTipoSessao=Deliberativa+Extraordin%C3%A1ria+-+CD&dtHoraQuarto=20%3A36,"Orientação de bancada na votação da Medida Provisória nº 1.109, de 2022, sobre autorização ao Poder Executivo Federal para disposição sobre a adoção, por empregados e empregadores, de medidas trabalhistas alternativas e sobre o Programa Emergencial de Manutenção do Emprego e da Renda, para enfrentamento das consequências sociais e econômicas de estado de calamidade pública em âmbito nacional ou em âmbito estadual, distrital ou municipal reconhecido pelo Poder Executivo Federal, ressalvados os destaques.","A
SRA. SÂMIA BOMFIM (PSOL
- SP. Pela ordem. Sem revisão da oradora.) - Presidente, há anos
essa política de flexibilização, que, na verdade, é uma política
de retirada de direitos trabalhistas e de fragilização do mundo do
trabalho, vem afundando nosso País e o colocando numa crise
profunda. Há anos nós temos visto a repetição do mesmo discurso,
o discurso de que estas reformas seriam necessárias; de que, sem
elas, não se gera emprego; de que, sem elas, o Brasil não volta a
crescer. Eu pergunto: quando é que isso deu certo no Brasil? Na
verdade, o que nós vemos é justamente o oposto. Esta
agenda neoliberal tem colocado nosso povo na miséria, sem emprego e
sem nenhum tipo de proteção social, especialmente neste momento de
crise, e esta medida provisória vem no mesmo sentido. O
Governo Bolsonaro não sinaliza para o povo nenhuma medida positiva,
nem mesmo às vésperas da eleição. Ele quer, preventivamente,
retirar direitos trabalhistas pensando no momento em que houver o
estado de calamidade. Nem se sabe qual será o contexto, mas o ataque
já está engatilhado. Por
isso, o PSOL orienta o voto ""não"".",psol sp ordem revisão orador ano político flexibilização verdade político retirar direito trabalhista fragilização mundo trabalho vir afundar país colocar crise profundo ano ver repetição discurso discurso reforma necessário gerar emprego brasil voltar crescer perguntar dar certo brasil verdade ver justamente oposto agenda neoliberal colocar povo miséria emprego nenhum tipo proteção social especialmente momento crise medida provisório vir sentido governo_bolsonaro sinalizar povo nenhum medida positivo véspera eleição preventivamente retirar direito trabalhista pensar momento calamidade saber contexto ataque engatilhar psol orientar voto,"['psol', 'sp', 'ordem', 'revisão', 'orador', 'ano', 'político', 'flexibilização', 'verdade', 'político', 'retirar', 'direito', 'trabalhista', 'fragilização', 'mundo', 'trabalho', 'vir', 'afundar', 'país', 'colocar', 'crise', 'profundo', 'ano', 'ver', 'repetição', 'discurso', 'discurso', 'reforma', 'necessário', 'gerar', 'emprego', 'brasil', 'voltar', 'crescer', 'perguntar', 'dar', 'certo', 'brasil', 'verdade', 'ver', 'justamente', 'oposto', 'agenda', 'neoliberal', 'colocar', 'povo', 'miséria', 'emprego', 'nenhum', 'tipo', 'proteção', 'social', 'especialmente', 'momento', 'crise', 'medida', 'provisório', 'vir', 'sentido', 'governo_bolsonaro', 'sinalizar', 'povo', 'nenhum', 'medida', 'positivo', 'véspera', 'eleição', 'preventivamente', 'retirar', 'direito', 'trabalhista', 'pensar', 'momento', 'calamidade', 'saber', 'contexto', 'ataque', 'engatilhar', 'psol', 'orientar', 'voto']"
SÂMIA BOMFIM,PSOL,SP,120.2022,ORDEM DO DIA,02/08/2022,20h28,DCD03/08/2022 PAG. 202,https://www.camara.leg.br/internet/sitaqweb/TextoHTML.asp?etapa=5&nuSessao=120.2022&nuQuarto=610534&nuOrador=13&nuInsercao=13&dtHorarioQuarto=20%3A28&sgFaseSessao=OD&Data=02%2F08%2F2022&txApelido=S%C3%82MIA+BOMFIM&txFaseSessao=Ordem+do+Dia&txTipoSessao=Deliberativa+Extraordin%C3%A1ria+-+CD&dtHoraQuarto=20%3A28,Informações obtidas por órgãos de inteligência do Brasil sobre movimentações golpistas organizadas por grupos bolsonaristas para o dia 7 de setembro. Pedido de acesso às urnas eletrônicas enviado pelo Ministro da Defesa ao Tribunal Superior Eleitoral. Carta em defesa da democracia e do processo eleitoral elaborada por entidades da sociedade brasileira. Motivação política do assassinato do militante petista Marcelo Arruda. Mobilização popular marcada para o dia 11 de agosto em defesa de eleições livres no País.,"A
SRA. SÂMIA BOMFIM (PSOL
- SP. Como Líder. Sem revisão da oradora.) - Obrigada, Presidente. Hoje
nós soubemos, por uma reportagem da revista Veja ,
que alguns órgãos de inteligência identificaram uma armação para
golpes dentro dos movimentos bolsonaristas convocados para o dia 7 de
setembro, Deputada Erika Kokay. Seriam armações para tentar até
algum tipo de sabotagem, para simular algum tipo de violência ou de
atentado entre os próprios militantes bolsonaristas. Com isso, seria
criado um factoide para tentar culpabilizar e incriminar a oposição
ao Governo. Vejam,
esse não é um fato inédito na história do País. Em 1981, houve o
caso do Riocentro, em que parte das Forças Armadas e da Polícia
Militar, utilizando-se de infiltrados, tentaram criminalizar aqueles
que resistiam e lutavam contra a ditadura militar. Agora
querem se utilizar desse método completamente desonesto para
tentarem, mais uma vez, alterar a compreensão da população sobre
que lado cada um está nesta disputa que acontece hoje no País, esta
disputa democrática e, com isso, tentarem reverter o resultado
eleitoral. O
que Bolsonaro vem tentando fazer desde o início do ano é,
principalmente, correr de todo modo para tentar modificar uma
realidade que as pesquisas eleitorais indicam, porque o povo
brasileiro diz que ele deve perder as eleições em outubro. Há uma
situação de crise econômica e de crise social profunda, um Governo
que se negou a respeitar a ciência e a medicina no momento da
pandemia, assim como uma situação de descaso e de desrespeito
completo pelas nossas liberdades democráticas. Nós
já nos cansamos de ver declarações e medidas que questionam o
processo eleitoral. Aqui mesmo, nós tivemos que votar, em pleno
contexto de pandemia, se o voto tinha que ser o voto impresso ou o
voto eletrônico - um absurdo! Com tantos problemas que a população
brasileira já tem, nós tivemos que perder tempo com isso. Hoje
o Ministro da Defesa enviou novamente requerimento ao TSE, em que diz
que quer ter acesso aos dados das urnas eletrônicas. Há poucas
semanas, Bolsonaro fez uma reunião com embaixadores em que anunciou
que não vai reconhecer o resultado das urnas. Isso mostra que ele
sabe que vai perder a eleição e que ele está disposto a ir até as
últimas consequências, para dar um golpe no Brasil. Não à toa,
hoje está circulando na sociedade brasileira uma carta em defesa da
democracia e do processo eleitoral. A carta reúne gregos e troianos,
gente que não tem nenhuma afinidade ideológica, política, gente
que tem uma diferença profunda de visão de mundo, de visão
econômica, de como se deve conduzir um governo, de como deve ser a
sociedade brasileira, mas que tem, neste momento, um ponto em comum:
essas pessoas estão contra a possibilidade de golpe nas eleições,
porque é disso que trata o projeto bolsonarista. Neste
momento, nós vivemos um processo de escalada golpista e de escalada
de violência. Marcelo Arruda, militante do PT no Paraná, apesar de
dizerem o contrário, foi assassinado - houve um crime político. Nós
vemos esse tipo de violência política acontecer todos os dias, nas
redes sociais, com Parlamentares. Bolsonaro
foi eleito por meio da urna eletrônica, e não só agora! Na última
eleição, ele e seus filhos, bandidos, foram todos eleitos pela urna
eletrônica. Agora, numa eleição em que ele pode perder, ele
questiona a urna eletrônica, como se ela não fosse válida? Só
vale quando o resultado é favorável a ele?! A
sociedade brasileira vai dar um recado a esses discursos golpistas.
Há uma mobilização marcada para o dia 11 de agosto, convocada por
estudantes, juristas, intelectuais, em todo o País, para que
estejamos em estado de mobilização até a eleição, nas urnas, em
outubro, para tirarmos esse fascista do poder.",psol sp líder revisão orador obrigar hoje souber reportagem rever ver algum órgão inteligência identificar armação golpe dentro movimento bolsonarista convocar dia 7 setembro deputada_erika_kokay armação tentar algum tipo sabotagem simular algum tipo violência atentar próprio militante bolsonarista criar factoide tentar culpabilizar incriminar oposição governo vejam fato inédito históriar país 1981 caso riocentro parte forças_armar polícia   militar utilizandose infiltrar tentar criminalizar resister lutar contra ditadura militar agora utilizar método completamente desonesto tentar vez alterar compreensão população sobre lado cada disputa acontecer hoje país disputar democrático tentar reverter resultado eleitoral bolsonaro vir tentar desde início ano principalmente correr todo modo tentar modificar realidade pesquisa eleitoral indicar povo brasileiro dever perder eleição outubro situação crise econômico crise social profundo governo negar respeitar ciência medicina momento pandemiar assim situação descaso desrespeito completo liberdade democrático cansar ver declaração medida questionar processo eleitoral votar pleno contexto pandemiar voto voto impressar voto eletrônico absurdo tanto problema população brasileiro perder tempo hoje ministro_da_defesa enviar novamente requerimento tse acesso dar urna eletrônico pouco semana bolsonaro reunião embaixador anunciar reconhecer resultado urna mostrar saber perder eleição disposto último consequência dar golpe brasil toa hoje circular sociedade brasileiro carta defesa democracia processo eleitoral carta reunir grego troiano gente nenhum afinidade ideológico político gente diferença profundo visão mundo visão econômico dever conduzir governo dever sociedade brasileiro momento ponto comum pessoa contra possibilidade golpe eleição tratar projeto bolsonarista momento viver processo escalar golpista escalar violência marcelo_arruda militante pt paraná apesar contrário assassinar crime político ver tipo violência político acontecer todo dia rede social parlamentar bolsonaro eleger meio urna eletrônico agora último eleição filho bandir todo eleitos urna eletrônico agora eleição perder questionar urna eletrônico válido valer resultado favorável sociedade brasileiro dar recado discurso golpista mobilização marcar dia 11 agosto convocar estudante jurista intelectual todo país mobilização eleição urno outubro tirar fascista,"['psol', 'sp', 'líder', 'revisão', 'orador', 'obrigar', 'hoje', 'souber', 'reportagem', 'rever', 'ver', 'algum', 'órgão', 'inteligência', 'identificar', 'armação', 'golpe', 'dentro', 'movimento', 'bolsonarista', 'convocar', 'dia', '7', 'setembro', 'deputada_erika_kokay', 'armação', 'tentar', 'algum', 'tipo', 'sabotagem', 'simular', 'algum', 'tipo', 'violência', 'atentar', 'próprio', 'militante', 'bolsonarista', 'criar', 'factoide', 'tentar', 'culpabilizar', 'incriminar', 'oposição', 'governo', 'vejam', 'fato', 'inédito', 'históriar', 'país', '1981', 'caso', 'riocentro', 'parte', 'forças_armar', 'polícia', 'militar', 'utilizandose', 'infiltrar', 'tentar', 'criminalizar', 'resister', 'lutar', 'contra', 'ditadura', 'militar', 'agora', 'utilizar', 'método', 'completamente', 'desonesto', 'tentar', 'vez', 'alterar', 'compreensão', 'população', 'sobre', 'lado', 'cada', 'disputa', 'acontecer', 'hoje', 'país', 'disputar', 'democrático', 'tentar', 'reverter', 'resultado', 'eleitoral', 'bolsonaro', 'vir', 'tentar', 'desde', 'início', 'ano', 'principalmente', 'correr', 'todo', 'modo', 'tentar', 'modificar', 'realidade', 'pesquisa', 'eleitoral', 'indicar', 'povo', 'brasileiro', 'dever', 'perder', 'eleição', 'outubro', 'situação', 'crise', 'econômico', 'crise', 'social', 'profundo', 'governo', 'negar', 'respeitar', 'ciência', 'medicina', 'momento', 'pandemiar', 'assim', 'situação', 'descaso', 'desrespeito', 'completo', 'liberdade', 'democrático', 'cansar', 'ver', 'declaração', 'medida', 'questionar', 'processo', 'eleitoral', 'votar', 'pleno', 'contexto', 'pandemiar', 'voto', 'voto', 'impressar', 'voto', 'eletrônico', 'absurdo', 'tanto', 'problema', 'população', 'brasileiro', 'perder', 'tempo', 'hoje', 'ministro_da_defesa', 'enviar', 'novamente', 'requerimento', 'tse', 'acesso', 'dar', 'urna', 'eletrônico', 'pouco', 'semana', 'bolsonaro', 'reunião', 'embaixador', 'anunciar', 'reconhecer', 'resultado', 'urna', 'mostrar', 'saber', 'perder', 'eleição', 'disposto', 'último', 'consequência', 'dar', 'golpe', 'brasil', 'toa', 'hoje', 'circular', 'sociedade', 'brasileiro', 'carta', 'defesa', 'democracia', 'processo', 'eleitoral', 'carta', 'reunir', 'grego', 'troiano', 'gente', 'nenhum', 'afinidade', 'ideológico', 'político', 'gente', 'diferença', 'profundo', 'visão', 'mundo', 'visão', 'econômico', 'dever', 'conduzir', 'governo', 'dever', 'sociedade', 'brasileiro', 'momento', 'ponto', 'comum', 'pessoa', 'contra', 'possibilidade', 'golpe', 'eleição', 'tratar', 'projeto', 'bolsonarista', 'momento', 'viver', 'processo', 'escalar', 'golpista', 'escalar', 'violência', 'marcelo_arruda', 'militante', 'pt', 'paraná', 'apesar', 'contrário', 'assassinar', 'crime', 'político', 'ver', 'tipo', 'violência', 'político', 'acontecer', 'todo', 'dia', 'rede', 'social', 'parlamentar', 'bolsonaro', 'eleger', 'meio', 'urna', 'eletrônico', 'agora', 'último', 'eleição', 'filho', 'bandir', 'todo', 'eleitos', 'urna', 'eletrônico', 'agora', 'eleição', 'perder', 'questionar', 'urna', 'eletrônico', 'válido', 'valer', 'resultado', 'favorável', 'sociedade', 'brasileiro', 'dar', 'recado', 'discurso', 'golpista', 'mobilização', 'marcar', 'dia', '11', 'agosto', 'convocar', 'estudante', 'jurista', 'intelectual', 'todo', 'país', 'mobilização', 'eleição', 'urno', 'outubro', 'tirar', 'fascista']"
SÂMIA BOMFIM,PSOL,SP,120.2022,ORDEM DO DIA,02/08/2022,20h16,DCD03/08/2022 PAG. 197,https://www.camara.leg.br/internet/sitaqweb/TextoHTML.asp?etapa=5&nuSessao=120.2022&nuQuarto=610531&nuOrador=4&nuInsercao=4&dtHorarioQuarto=20%3A16&sgFaseSessao=OD&Data=02%2F08%2F2022&txApelido=S%C3%82MIA+BOMFIM&txFaseSessao=Ordem+do+Dia&txTipoSessao=Deliberativa+Extraordin%C3%A1ria+-+CD&dtHoraQuarto=20%3A16,"Orientação de bancada na votação do parecer da Comissão Mista, quanto ao atendimento dos pressupostos constitucionais de relevância e urgência e de sua adequação financeira e orçamentária, à Medida Provisória nº 1.109, de 2022, sobre autorização ao Poder Executivo Federal para disposição sobre a adoção, por empregados e empregadores, de medidas trabalhistas alternativas e sobre o Programa Emergencial de Manutenção do Emprego e da Renda, para enfrentamento das consequências sociais e econômicas de estado de calamidade pública em âmbito nacional ou em âmbito estadual, distrital ou municipal reconhecido pelo Poder Executivo Federal. Necessidade de resposta do Congresso Nacional sobre decisão do Superior Tribunal de Justiça a respeito do caráter taxativo do rol de procedimentos e eventos estabelecido pela Agência Nacional de Saúde - ANS.","A
SRA. SÂMIA BOMFIM (PSOL
- SP. Pela ordem. Sem revisão da oradora.) - O PSOL orienta ""não""
porque a medida provisória antevê a flexibilização dos direitos
trabalhistas para quando houver um estado de calamidade, que nem
chegou, que nem se avizinha. Mas o Governo já prepara o ataque aos
direitos trabalhistas. Não tem como acompanhar um projeto como esse. Eu
quero aproveitar este tempo para me somar a todas e todos da
sociedade brasileira que querem uma resposta do Congresso Nacional a
respeito da decisão do STJ no tocante ao rol taxativo. Há muitas
famílias que estão tendo que interromper os tratamentos. Há muitas
crianças e adultos com deficiência, com doenças raras, que correm
real risco de vida em razão dessa lógica que só favorece os planos
de saúde e prejudica a maioria da população. Rol
taxativo, não! Precisamos colocar na pauta um dos projetos que
revertem esse absurdo.",psol sp ordem revisão orador psol orientar medida provisório antevê flexibilização direito trabalhista calamidade chegar avizinha governo preparar ataque direito trabalhista acompanhar projeto aproveitar tempo somar todo todo sociedade brasileiro resposta congresso_nacional respeito decisãor stj tocante rol taxativo família interromper tratamento criança adulto deficiência doença raro correr real risco vidar razão lógica favorecer plano saúde prejudicar maioria população rol taxativo colocar pauta projeto reverter absurdo,"['psol', 'sp', 'ordem', 'revisão', 'orador', 'psol', 'orientar', 'medida', 'provisório', 'antevê', 'flexibilização', 'direito', 'trabalhista', 'calamidade', 'chegar', 'avizinha', 'governo', 'preparar', 'ataque', 'direito', 'trabalhista', 'acompanhar', 'projeto', 'aproveitar', 'tempo', 'somar', 'todo', 'todo', 'sociedade', 'brasileiro', 'resposta', 'congresso_nacional', 'respeito', 'decisãor', 'stj', 'tocante', 'rol', 'taxativo', 'família', 'interromper', 'tratamento', 'criança', 'adulto', 'deficiência', 'doença', 'raro', 'correr', 'real', 'risco', 'vidar', 'razão', 'lógica', 'favorecer', 'plano', 'saúde', 'prejudicar', 'maioria', 'população', 'rol', 'taxativo', 'colocar', 'pauta', 'projeto', 'reverter', 'absurdo']"
FERNANDA MELCHIONNA,PSOL,RS,120.2022,ORDEM DO DIA,02/08/2022,19h40,DCD03/08/2022 PAG. 186,https://www.camara.leg.br/internet/sitaqweb/TextoHTML.asp?etapa=5&nuSessao=120.2022&nuQuarto=610522&nuOrador=8&nuInsercao=8&dtHorarioQuarto=19%3A40&sgFaseSessao=OD&Data=02%2F08%2F2022&txApelido=FERNANDA+MELCHIONNA&txFaseSessao=Ordem+do+Dia&txTipoSessao=Deliberativa+Extraordin%C3%A1ria+-+CD&dtHoraQuarto=19%3A40,"Orientação de bancada na votação do requerimento de adiamento, por 1 sessão, da votação da Medida Provisória nº 1.109, de 2022, sobre autorização ao Poder Executivo Federal para disposição sobre a adoção, por empregados e empregadores, de medidas trabalhistas alternativas e sobre o Programa Emergencial de Manutenção do Emprego e da Renda, para enfrentamento das consequências sociais e econômicas de estado de calamidade pública em âmbito nacional ou em âmbito estadual, distrital ou municipal reconhecido pelo Poder Executivo Federal.","A
SRA. FERNANDA MELCHIONNA (PSOL
- RS. Pela ordem. Sem revisão da oradora.) - O PSOL é absolutamente
contra este absurdo que se está processando. O
Governo Bolsonaro busca criar uma regra permanente de flexibilização
de direitos e de garantia da superexploração da mão de obra de
trabalhadores e trabalhadoras. No Brasil de hoje o que cresceu foi a
informalidade, no Brasil de hoje, a reforma trabalhista trouxe o
trabalho intermitente, no Brasil de hoje se aprofunda a crise
econômica, e esses governos com agenda econômica antipovo massacram
os trabalhadores. Aliás, a maioria é de trabalhadoras, que sofrem
com desempregos e baixos salários. Esta
medida provisória busca criar um regime diferenciado de trabalho
permanente, segundo o qual, em qualquer situação que o Governo diga
que é de calamidade, poderão dar menos direitos a trabalhadores e
trabalhadoras. O
PSOL está em obstrução e denuncia o caráter antipovo que está no
DNA do Governo Bolsonaro. Mas nós estamos convencidos de que a
derrota dele está logo ali, nas urnas, de que precisamos também... (Desligamento
automático do microfone.)",psol rs ordem revisão orador psol absolutamente contra absurdo processar governo_bolsonaro buscar criar regra permanente flexibilização direito garantir superexploração mão obra trabalhador trabalhadora brasil hoje crescer informalidade brasil hoje reforma trabalhista trazer trabalho intermitente brasil hoje aprofundar crise econômico governo agenda econômico antipovo massacrar trabalhador aliás maioria trabalhadora sofrer desemprego baixo salário medida provisório buscar criar regime diferenciar trabalho permanente segundo qualquer situação governo diga calamidade dar pouco direito trabalhador trabalhadora psol obstrução denunciar caráter antipovo dna governo bolsonaro convencir derrota logo urna desligamento automático microfone,"['psol', 'rs', 'ordem', 'revisão', 'orador', 'psol', 'absolutamente', 'contra', 'absurdo', 'processar', 'governo_bolsonaro', 'buscar', 'criar', 'regra', 'permanente', 'flexibilização', 'direito', 'garantir', 'superexploração', 'mão', 'obra', 'trabalhador', 'trabalhadora', 'brasil', 'hoje', 'crescer', 'informalidade', 'brasil', 'hoje', 'reforma', 'trabalhista', 'trazer', 'trabalho', 'intermitente', 'brasil', 'hoje', 'aprofundar', 'crise', 'econômico', 'governo', 'agenda', 'econômico', 'antipovo', 'massacrar', 'trabalhador', 'aliás', 'maioria', 'trabalhadora', 'sofrer', 'desemprego', 'baixo', 'salário', 'medida', 'provisório', 'buscar', 'criar', 'regime', 'diferenciar', 'trabalho', 'permanente', 'segundo', 'qualquer', 'situação', 'governo', 'diga', 'calamidade', 'dar', 'pouco', 'direito', 'trabalhador', 'trabalhadora', 'psol', 'obstrução', 'denunciar', 'caráter', 'antipovo', 'dna', 'governo', 'bolsonaro', 'convencir', 'derrota', 'logo', 'urna', 'desligamento', 'automático', 'microfone']"
SÂMIA BOMFIM,PSOL,SP,120.2022,ORDEM DO DIA,02/08/2022,19h08,DCD03/08/2022 PAG. 176,https://www.camara.leg.br/internet/sitaqweb/TextoHTML.asp?etapa=5&nuSessao=120.2022&nuQuarto=610514&nuOrador=16&nuInsercao=16&dtHorarioQuarto=19%3A08&sgFaseSessao=OD&Data=02%2F08%2F2022&txApelido=S%C3%82MIA+BOMFIM&txFaseSessao=Ordem+do+Dia&txTipoSessao=Deliberativa+Extraordin%C3%A1ria+-+CD&dtHoraQuarto=19%3A08,"Orientação de bancada na votação do requerimento de adiamento, por 1 sessão, da discussão da Medida Provisória nº 1.109, de 2022, sobre autorização ao Poder Executivo Federal para disposição sobre a adoção, por empregados e empregadores, de medidas trabalhistas alternativas e sobre o Programa Emergencial de Manutenção do Emprego e da Renda, para enfrentamento das consequências sociais e econômicas de estado de calamidade pública em âmbito nacional ou em âmbito estadual, distrital ou municipal reconhecido pelo Poder Executivo Federal.","A
SRA. SÂMIA BOMFIM (PSOL
- SP. Pela ordem. Sem revisão da oradora.) - O PSOL orienta ""sim"",
pelo adiamento desta discussão. Esta
medida provisória é mais um pretexto do Governo Bolsonaro para
atacar os direitos da população. Está se utilizando de eventuais
casos de calamidade para modificar a legislação trabalhista. Quando
votamos a medida provisória na época da pandemia da COVID-19, havia
um contexto, havia uma motivação muito específica, que era a de
responder às demandas daquele momento, que exigiu isolamento social
e outras medidas que de fato impactavam diretamente a situação da
manutenção dos empregos. Aquela
era uma medida para tentar salvar os trabalhadores e as empresas do
ramo produtivo, que empregavam muitas pessoas, que corriam o risco de
ser demitidas, mas isto não serve como um gatilho, independentemente
da situação de crise, se ela vai existir ou não. Isso é só um
ataque preventivo aos trabalhadores, e não uma análise preventiva
da situação.",psol sp ordem revisão orador psol orientar sim adiamento discussão medida provisório pretexto governo bolsonaro atacar direito população utilizar eventual caso calamidade modificar legislação trabalhista votar medida provisório época pandemia contexto motivação específico responder demanda momento exigir isolamento social outro medida fato impactar diretamente situação manutenção emprego medida tentar salvar trabalhador empresa ramo produtivo empregar pessoa correr risco demitir servir gatilho independentemente situação crise existir ataque preventivo trabalhador análise preventivo situação,"['psol', 'sp', 'ordem', 'revisão', 'orador', 'psol', 'orientar', 'sim', 'adiamento', 'discussão', 'medida', 'provisório', 'pretexto', 'governo', 'bolsonaro', 'atacar', 'direito', 'população', 'utilizar', 'eventual', 'caso', 'calamidade', 'modificar', 'legislação', 'trabalhista', 'votar', 'medida', 'provisório', 'época', 'pandemia', 'contexto', 'motivação', 'específico', 'responder', 'demanda', 'momento', 'exigir', 'isolamento', 'social', 'outro', 'medida', 'fato', 'impactar', 'diretamente', 'situação', 'manutenção', 'emprego', 'medida', 'tentar', 'salvar', 'trabalhador', 'empresa', 'ramo', 'produtivo', 'empregar', 'pessoa', 'correr', 'risco', 'demitir', 'servir', 'gatilho', 'independentemente', 'situação', 'crise', 'existir', 'ataque', 'preventivo', 'trabalhador', 'análise', 'preventivo', 'situação']"
SÂMIA BOMFIM,PSOL,SP,120.2022,ORDEM DO DIA,02/08/2022,17h48,DCD03/08/2022 PAG. 151,https://www.camara.leg.br/internet/sitaqweb/TextoHTML.asp?etapa=5&nuSessao=120.2022&nuQuarto=610494&nuOrador=16&nuInsercao=16&dtHorarioQuarto=17%3A48&sgFaseSessao=OD&Data=02%2F08%2F2022&txApelido=S%C3%82MIA+BOMFIM&txFaseSessao=Ordem+do+Dia&txTipoSessao=Deliberativa+Extraordin%C3%A1ria+-+CD&dtHoraQuarto=17%3A48,"Orientação de bancada na votação do requerimento de destaque para votação em separado da Emenda de Plenário nº 1, oferecida à Medida Provisória nº 1.112, de 2022, sobre a instituição do Programa de Aumento da Produtividade da Frota Rodoviária - RENOVAR.","A
SRA. SÂMIA BOMFIM (PSOL
- SP. Pela ordem. Sem revisão da oradora.) - O PSOL orienta ""sim""
ao destaque que nós apresentamos, porque qualquer tipo de auxílio
tributário precisa vir junto com algum tipo de compensação,
ambiental e social, no mínimo. A medida provisória não propõe
isso, e sim que se retirem recursos da ciência e tecnologia, mas não
se pensa na possibilidade de manutenção da jornada de trabalho, dos
postos de trabalho dos caminhoneiros e nos impactos poluentes do que
pode significar essa renovação repentina de toda a frota de
caminhões no Brasil. Este
é o nosso destaque, e orientamos ""sim"".",psol sp ordem revisão orador psol orientar sim destaque apresentar qualquer tipo auxílio tributário vir junto algum tipo compensação ambiental social pequeno medida provisório propor sim retir recurso ciêncio tecnologia pensar possibilidade manutenção jornar trabalho postos trabalho caminhoneiro impacto poluente significar renovação repentino todo frota caminhão brasil destaque orientar sim,"['psol', 'sp', 'ordem', 'revisão', 'orador', 'psol', 'orientar', 'sim', 'destaque', 'apresentar', 'qualquer', 'tipo', 'auxílio', 'tributário', 'vir', 'junto', 'algum', 'tipo', 'compensação', 'ambiental', 'social', 'pequeno', 'medida', 'provisório', 'propor', 'sim', 'retir', 'recurso', 'ciêncio', 'tecnologia', 'pensar', 'possibilidade', 'manutenção', 'jornar', 'trabalho', 'postos', 'trabalho', 'caminhoneiro', 'impacto', 'poluente', 'significar', 'renovação', 'repentino', 'todo', 'frota', 'caminhão', 'brasil', 'destaque', 'orientar', 'sim']"
SÂMIA BOMFIM,PSOL,SP,120.2022,ORDEM DO DIA,02/08/2022,17h44,DCD03/08/2022 PAG. 149,https://www.camara.leg.br/internet/sitaqweb/TextoHTML.asp?etapa=5&nuSessao=120.2022&nuQuarto=610493&nuOrador=2&nuInsercao=2&dtHorarioQuarto=17%3A44&sgFaseSessao=OD&Data=02%2F08%2F2022&txApelido=S%C3%82MIA+BOMFIM&txFaseSessao=Ordem+do+Dia&txTipoSessao=Deliberativa+Extraordin%C3%A1ria+-+CD&dtHoraQuarto=17%3A44,"Encaminhamento da votação do requerimento de destaque para votação em separado da Emenda de Plenário nº 1, oferecida à Medida Provisória nº 1.112, de 2022, sobre a instituição do Programa de Aumento da Produtividade da Frota Rodoviária - RENOVAR.","A
SRA. SÂMIA BOMFIM (PSOL
- SP. Sem revisão da oradora.) - Sr. Presidente, esta medida
provisória, feita às pressas e de caráter completamente
eleitoreiro, visa tentar agradar em especial o setor de caminhoneiros
no Brasil neste momento de crise. Eles foram traídos pelo Governo
Bolsonaro, que fez uma série de promessas, dentre elas a de que o
preço dos combustíveis não subiria, e agora sente que está
perdendo essa base social. Inclusive, importantes lideranças dos
caminhoneiros já foram à imprensa dizer que não confiam mais nesse
Governo, que sabem exatamente do caráter que tem e que só tratou de
favorecimento da elite econômica, da elite financeira, virando as
costas aos trabalhadores. Agora, às vésperas das eleições,
apresenta esta medida para tentar fazer um processo de renovação de
frota, mas retirando recursos da ciência e tecnologia. O Governo nem
disfarça que detesta essa área tão estratégica e importante para
a soberania do nosso País. Entre outras coisas, nesta mesma medida
provisória em que propõe a renovação de frota, não há nenhum
cuidado com o impacto ambiental que isso pode ter. E não podemos
mais fazer nenhum tipo de discussão no Brasil sobre transporte
rodoviário sem pensar o que isso significa para o nosso próprio
futuro, para as nossas próprias vidas, para o meio ambiente. Portanto,
este é um dos elementos do destaque que propomos, que se crie
regulamentação também sobre os impactos ambientais para que tenha
um compromisso com a redução de emissão de carbono e de outras
medidas que possam prejudicar o meio ambiente. Este
relatório também acaba flexibilizando direitos relativos à jornada
de trabalho, consequentemente dos caminhoneiros, o que está no art.
67. E visamos suprimi-lo, porque quando fazemos uma concessão como
essa, qual seja a possibilidade de abatimento de impostos com vistas
à renovação da frota de caminhões, não podemos, ao mesmo tempo,
ferir direitos trabalhistas e não haver nenhum tipo de compensação
social. O que acontece é o oposto disso. Na verdade, há prejuízos
sociais e ambientais. Aproveito
este tempo que me resta para dialogar um pouco com o Deputado da base
que estava aqui dizendo que a população brasileira apoia o Governo
e que as eleições vão indicar isso. Qual é o tipo de pesquisa que
ele está lendo? De onde ele tira esse tipo de informação? Será
que ele não está muito contaminado por essa disseminação de fake
news em grupos de WhatsApp, dessas milícias digitais, desses
Parlamentares que só falam besteira na Internet e na tribuna? A
verdade é que a realidade do povo brasileiro, infelizmente, é muito
dramática. Por isso, existe um amplo movimento democrático, acima
de tudo democrático, para eleger o Lula ainda no primeiro turno,
para que se inicie um processo, não digo nem de reconstrução
social, mas de enfrentamento aos rastros de destruição do
bolsonarismo em diversas áreas, que são muito cruéis e profundos. Por
isso, esta é a nossa luta e seguimos até outubro.",psol sp revisão orador sr_presidente medida provisório pressa caráter completamente eleitoreiro visar tentar agradar especial setor caminhoneiro brasil momento crise traír governo   bolsonaro série promessa dentre preço combustível subir agora sentir perder base social inclusive importante liderança caminhoneiro imprensa confiar governo saber exatamente caráter tratar favorecimento elite econômico elite financeiro virar costa trabalhador agora véspero eleição apresentar medida tentar processo renovação froto retirar recurso ciêncio tecnologia governo disfarçar detesto área tão estratégico importante soberania país outro coisa medida provisório propor renovação froto nenhum cuidado impacto ambiental nenhum tipo discussão brasil sobre transporte rodoviário pensar significar próprio futuro próprio vida meio ambiente portanto elemento destaque propor criar regulamentação sobre impacto ambiental compromisso redução emissão carbono outro medida prejudicar meio ambiente relatório acabar flexibilizar direito relativo jornada trabalho consequentemente caminhoneiro art 67 visar suprimilo concessão possibilidade abatimento imposto vistas renovação froto caminhão tempo ferir direito trabalhista nenhum tipo compensação social acontecer oposto verdade prejuízo social ambiental aproveito tempo restar dialogar pouco base população brasileiro apoiar governo eleição indicar tipo pesquisa ler onde tirar tipo informação contaminar disseminação fake news grupo whatsapp milícia digital parlamentar besteira internet tribuna verdade realidade povo brasileiro infelizmente dramático existir amplo movimento democrático acima tudo democrático eleger lula ainda primeiro turno iniciar processo reconstrução social enfrentamento rastro destruição bolsonarismo diverso área cruél profundo luta seguir outubro,"['psol', 'sp', 'revisão', 'orador', 'sr_presidente', 'medida', 'provisório', 'pressa', 'caráter', 'completamente', 'eleitoreiro', 'visar', 'tentar', 'agradar', 'especial', 'setor', 'caminhoneiro', 'brasil', 'momento', 'crise', 'traír', 'governo', 'bolsonaro', 'série', 'promessa', 'dentre', 'preço', 'combustível', 'subir', 'agora', 'sentir', 'perder', 'base', 'social', 'inclusive', 'importante', 'liderança', 'caminhoneiro', 'imprensa', 'confiar', 'governo', 'saber', 'exatamente', 'caráter', 'tratar', 'favorecimento', 'elite', 'econômico', 'elite', 'financeiro', 'virar', 'costa', 'trabalhador', 'agora', 'véspero', 'eleição', 'apresentar', 'medida', 'tentar', 'processo', 'renovação', 'froto', 'retirar', 'recurso', 'ciêncio', 'tecnologia', 'governo', 'disfarçar', 'detesto', 'área', 'tão', 'estratégico', 'importante', 'soberania', 'país', 'outro', 'coisa', 'medida', 'provisório', 'propor', 'renovação', 'froto', 'nenhum', 'cuidado', 'impacto', 'ambiental', 'nenhum', 'tipo', 'discussão', 'brasil', 'sobre', 'transporte', 'rodoviário', 'pensar', 'significar', 'próprio', 'futuro', 'próprio', 'vida', 'meio', 'ambiente', 'portanto', 'elemento', 'destaque', 'propor', 'criar', 'regulamentação', 'sobre', 'impacto', 'ambiental', 'compromisso', 'redução', 'emissão', 'carbono', 'outro', 'medida', 'prejudicar', 'meio', 'ambiente', 'relatório', 'acabar', 'flexibilizar', 'direito', 'relativo', 'jornada', 'trabalho', 'consequentemente', 'caminhoneiro', 'art', '67', 'visar', 'suprimilo', 'concessão', 'possibilidade', 'abatimento', 'imposto', 'vistas', 'renovação', 'froto', 'caminhão', 'tempo', 'ferir', 'direito', 'trabalhista', 'nenhum', 'tipo', 'compensação', 'social', 'acontecer', 'oposto', 'verdade', 'prejuízo', 'social', 'ambiental', 'aproveito', 'tempo', 'restar', 'dialogar', 'pouco', 'base', 'população', 'brasileiro', 'apoiar', 'governo', 'eleição', 'indicar', 'tipo', 'pesquisa', 'ler', 'onde', 'tirar', 'tipo', 'informação', 'contaminar', 'disseminação', 'fake', 'news', 'grupo', 'whatsapp', 'milícia', 'digital', 'parlamentar', 'besteira', 'internet', 'tribuna', 'verdade', 'realidade', 'povo', 'brasileiro', 'infelizmente', 'dramático', 'existir', 'amplo', 'movimento', 'democrático', 'acima', 'tudo', 'democrático', 'eleger', 'lula', 'ainda', 'primeiro', 'turno', 'iniciar', 'processo', 'reconstrução', 'social', 'enfrentamento', 'rastro', 'destruição', 'bolsonarismo', 'diverso', 'área', 'cruél', 'profundo', 'luta', 'seguir', 'outubro']"
SÂMIA BOMFIM,PSOL,SP,120.2022,ORDEM DO DIA,02/08/2022,17h40,DCD03/08/2022 PAG. 148,https://www.camara.leg.br/internet/sitaqweb/TextoHTML.asp?etapa=5&nuSessao=120.2022&nuQuarto=610492&nuOrador=48&nuInsercao=48&dtHorarioQuarto=17%3A40&sgFaseSessao=OD&Data=02%2F08%2F2022&txApelido=S%C3%82MIA+BOMFIM&txFaseSessao=Ordem+do+Dia&txTipoSessao=Deliberativa+Extraordin%C3%A1ria+-+CD&dtHoraQuarto=17%3A40,"Orientação de bancada na votação do requerimento de destaque para votação em separado da Emenda de Plenário nº 3, oferecida à Medida Provisória nº 1.112, de 2022, sobre a instituição do Programa de Aumento da Produtividade da Frota Rodoviária - RENOVAR.","A
SRA. SÂMIA BOMFIM (PSOL
- SP. Pela ordem. Sem revisão da oradora.) - O PSOL orienta ""não"",
Presidente. É uma emenda muito vaga que visa regulamentar o que
seria transporte clandestino, mas não tem a ver com o objeto da MP.
O tema deve ser discutido em outro momento e não com critérios tão
amplos e tão flexíveis assim. O
voto é ""não"".",psol sp ordem revisão orador psol orientar emenda vago visar regulamentar transporte clandestino ver objeto mp tema dever discutir outro momento critério tão amplo tão flexível assim votar,"['psol', 'sp', 'ordem', 'revisão', 'orador', 'psol', 'orientar', 'emenda', 'vago', 'visar', 'regulamentar', 'transporte', 'clandestino', 'ver', 'objeto', 'mp', 'tema', 'dever', 'discutir', 'outro', 'momento', 'critério', 'tão', 'amplo', 'tão', 'flexível', 'assim', 'votar']"
SÂMIA BOMFIM,PSOL,SP,120.2022,ORDEM DO DIA,02/08/2022,17h36,DCD03/08/2022 PAG. 144,https://www.camara.leg.br/internet/sitaqweb/TextoHTML.asp?etapa=5&nuSessao=120.2022&nuQuarto=610491&nuOrador=16&nuInsercao=16&dtHorarioQuarto=17%3A36&sgFaseSessao=OD&Data=02%2F08%2F2022&txApelido=S%C3%82MIA+BOMFIM&txFaseSessao=Ordem+do+Dia&txTipoSessao=Deliberativa+Extraordin%C3%A1ria+-+CD&dtHoraQuarto=17%3A36,"Orientação de bancada na votação do requerimento de destaque para supressão do art. 17 do Projeto de Lei de Conversão nº 19, de 2022, oferecido à Medida Provisória nº 1.112, de 2022, sobre a instituição do Programa de Aumento da Produtividade da Frota Rodoviária - RENOVAR. Rejeição do Governo Jair Bolsonaro pelo povo brasileiro, segundo resultados de pesquisas eleitorais.","A
SRA. SÂMIA BOMFIM (PSOL
- SP. Pela ordem. Sem revisão da oradora.) - O PSOL orienta ""não"",
Sr. Presidente. Eu
quero perguntar ao representante do Governo em país ele vive, se ele
já pisou nos bairros, nas periferias das grandes e pequenas cidades,
se já olhou no olho da população e perguntou qual é a opinião
que tem sobre o Governo Bolsonaro. Eu gostaria de saber se ele
perguntou se cerca de 33 milhões de pessoas gostam de passar fome,
se as pessoas gostam de ir ao mercado e não conseguir encher nem a
metade da sua sacola por conta da hiperinflação, se as pessoas
gostam de simplesmente não conseguir sequer encher o tanque de
combustível ou se elas estão felizes com o fato de terem perdido
familiares e amores de suas vidas, porque o Presidente negou-lhes a
vacina e negou a ciência. É
óbvio que a população brasileira rejeita o Governo Bolsonaro. É o
que todas as pesquisas mostram. E é por isso que nós vamos
construir um grande movimento pela derrota desse fascista nas
eleições de outubro. A
orientação é ""não"".",psol sp ordem revisão orador psol orientar sr_presidente perguntar representante governo país viver pisar bairro periferia grande pequeno cidade olhar olho população perguntar opinião sobre governo_bolsonaro gostar saber perguntar cerca 33 milhão pessoa gostar passar fome pessoa gostar mercado conseguir encher metade sacola contar hiperinflação pessoa gostar simplesmente conseguir sequer encher tanque combustível feliz fato perder familiar amor vida negoulhes vacina negar ciência óbvio população brasileiro rejeitar governo_bolsonaro todo pesquisa mostrar construir grande movimento derrota fascista eleição outubro orientação,"['psol', 'sp', 'ordem', 'revisão', 'orador', 'psol', 'orientar', 'sr_presidente', 'perguntar', 'representante', 'governo', 'país', 'viver', 'pisar', 'bairro', 'periferia', 'grande', 'pequeno', 'cidade', 'olhar', 'olho', 'população', 'perguntar', 'opinião', 'sobre', 'governo_bolsonaro', 'gostar', 'saber', 'perguntar', 'cerca', '33', 'milhão', 'pessoa', 'gostar', 'passar', 'fome', 'pessoa', 'gostar', 'mercado', 'conseguir', 'encher', 'metade', 'sacola', 'contar', 'hiperinflação', 'pessoa', 'gostar', 'simplesmente', 'conseguir', 'sequer', 'encher', 'tanque', 'combustível', 'feliz', 'fato', 'perder', 'familiar', 'amor', 'vida', 'negoulhes', 'vacina', 'negar', 'ciência', 'óbvio', 'população', 'brasileiro', 'rejeitar', 'governo_bolsonaro', 'todo', 'pesquisa', 'mostrar', 'construir', 'grande', 'movimento', 'derrota', 'fascista', 'eleição', 'outubro', 'orientação']"
SÂMIA BOMFIM,PSOL,SP,120.2022,ORDEM DO DIA,02/08/2022,17h24,DCD03/08/2022 PAG. 140,https://www.camara.leg.br/internet/sitaqweb/TextoHTML.asp?etapa=5&nuSessao=120.2022&nuQuarto=610488&nuOrador=14&nuInsercao=14&dtHorarioQuarto=17%3A24&sgFaseSessao=OD&Data=02%2F08%2F2022&txApelido=S%C3%82MIA+BOMFIM&txFaseSessao=Ordem+do+Dia&txTipoSessao=Deliberativa+Extraordin%C3%A1ria+-+CD&dtHoraQuarto=17%3A24,"Orientação de bancada na votação do requerimento de destaque para votação em separado da Emenda de Comissão nº 22, apresentada à Medida Provisória nº 1.112, de 2022, sobre a instituição do Programa de Aumento da Produtividade da Frota Rodoviária - RENOVAR.","A
SRA. SÂMIA BOMFIM (PSOL
- SP. Pela ordem. Sem revisão da oradora.) - O PSOL orienta o voto
""não"", Presidente, porque é muito importante destacar que
a categoria dos agentes de trânsito precisa de mais direitos, de
mais concurso público, para que eles possam ter as suas atribuições
asseguradas. Esse
destaque regulamentaria que as guardas municipais pudessem ter
atribuições que são dos agentes de trânsito. Acontece que essa
não é uma reivindicação, de fato, das guardas, porque isso, na
prática, também significa mais atribuições, sem que haja uma
compensação financeira para isso. Inclusive, várias cidades não
têm nem efetivo de guarda para que ela cumpra essa função. Ao
mesmo tempo, há vários Municípios que precisam de mais
contratação, de mais concurso público para esses agentes. Esse
destaque seria contraditório com o anterior, a que nós, inclusive,
fomos favoráveis, uma reivindicação legítima da categoria. É
por isso que orientamos o voto ""não"". Precisamos de, em
outro momento, discutir as atribuições das guardas civis,
metropolitanas. Acho que essa é uma discussão importante, mas não
neste momento, invadindo competências.",psol sp ordem revisão orador psol orientar voto importante destacar categoria agente trânsito direito concurso público atribuição assegurar destaque regulamentaria guarda municipal atribuição agente trânsito acontecer reivindicação fato guarda prática significar atribuição compensação financeiro inclusive várias cidade efetivo guarda cumpra função tempo vários município contratação concurso público agente destaque contraditório anterior inclusive favorável reivindicação legítimo categoria orientar voto outro momento discutir atribuição guarda civil metropolitano achar discussão importante momento invadir competência,"['psol', 'sp', 'ordem', 'revisão', 'orador', 'psol', 'orientar', 'voto', 'importante', 'destacar', 'categoria', 'agente', 'trânsito', 'direito', 'concurso', 'público', 'atribuição', 'assegurar', 'destaque', 'regulamentaria', 'guarda', 'municipal', 'atribuição', 'agente', 'trânsito', 'acontecer', 'reivindicação', 'fato', 'guarda', 'prática', 'significar', 'atribuição', 'compensação', 'financeiro', 'inclusive', 'várias', 'cidade', 'efetivo', 'guarda', 'cumpra', 'função', 'tempo', 'vários', 'município', 'contratação', 'concurso', 'público', 'agente', 'destaque', 'contraditório', 'anterior', 'inclusive', 'favorável', 'reivindicação', 'legítimo', 'categoria', 'orientar', 'voto', 'outro', 'momento', 'discutir', 'atribuição', 'guarda', 'civil', 'metropolitano', 'achar', 'discussão', 'importante', 'momento', 'invadir', 'competência']"
FERNANDA MELCHIONNA,PSOL,RS,120.2022,ORDEM DO DIA,02/08/2022,17h08,DCD03/08/2022 PAG. 133,https://www.camara.leg.br/internet/sitaqweb/TextoHTML.asp?etapa=5&nuSessao=120.2022&nuQuarto=610484&nuOrador=23&nuInsercao=23&dtHorarioQuarto=17%3A08&sgFaseSessao=OD&Data=02%2F08%2F2022&txApelido=FERNANDA+MELCHIONNA&txFaseSessao=Ordem+do+Dia&txTipoSessao=Deliberativa+Extraordin%C3%A1ria+-+CD&dtHoraQuarto=17%3A08,"Orientação de bancada na votação do requerimento de destaque para votação em separado da Emenda de Comissão nº 66, apresentada à Medida Provisória nº 1.112, de 2022, sobre a instituição do Programa de Aumento da Produtividade da Frota Rodoviária - RENOVAR.","A
SRA. FERNANDA MELCHIONNA (PSOL
- RS. Pela ordem. Sem revisão da oradora.) - Presidente, o PSOL
orienta o voto ""sim"". Quero
primeiro cumprimentar os agentes de trânsito que estão aqui
conosco. O SINTRAN do RS nos procurou. Nós precisamos garantir
direitos e carreira. Na cidade onde ainda não há o agente de
trânsito que possa haver a atribuição da Guarda Municipal - isso
está correto. Devemos lembrar, porém, que os guardas municipais
precisam ter um adicional para isso, já que trabalham com risco de
vida, em péssimas condições e também sofrem com a falta de
direitos. No
entanto, precisamos avançar para valorizar o que está na
Constituição, que separa as duas carreiras. O agente de trânsito
está em uma parte, o guarda municipal em outra. Além disso, temos
que buscar criar concurso público. Nós precisamos valorizar os
agentes de trânsito, valorizar os colegas da nossa EPTC, no caso de
Porto Alegre, e garantir direito para ambas as carreiras. Não se
trata de uma disputa entre agentes de trânsito e guardas municipais.
Trata-se de uma disputa de gestores que não querem abrir concurso
público e não querem valorizar as duas carreiras. As duas carreiras
têm o nosso respeito. O
PSOL orienta o voto ""sim"".",psol rs ordem revisão orador psol orientar voto sim primeiro cumprimentar agente trânsito conosco sintran_do_rs procurar garantir direito carreira cidade onde ainda agente trânsito atribuição guarda_municipal correto dever lembrar porém guarda municipal adicional trabalhar risco vida péssimo condição sofrer falta direito entanto avançar valorizar constituição separa dois carreira agente trânsito parte guardar municipal outro além buscar criar concurso público valorizar agente trânsito valorizar colega eptc caso porto_alegre garantir direito ambos carreira tratar disputa agente trânsito guarda municipal tratase disputar gestor abrir concurso público valorizar dois carreira dois carreira respeito psol orientar voto sim,"['psol', 'rs', 'ordem', 'revisão', 'orador', 'psol', 'orientar', 'voto', 'sim', 'primeiro', 'cumprimentar', 'agente', 'trânsito', 'conosco', 'sintran_do_rs', 'procurar', 'garantir', 'direito', 'carreira', 'cidade', 'onde', 'ainda', 'agente', 'trânsito', 'atribuição', 'guarda_municipal', 'correto', 'dever', 'lembrar', 'porém', 'guarda', 'municipal', 'adicional', 'trabalhar', 'risco', 'vida', 'péssimo', 'condição', 'sofrer', 'falta', 'direito', 'entanto', 'avançar', 'valorizar', 'constituição', 'separa', 'dois', 'carreira', 'agente', 'trânsito', 'parte', 'guardar', 'municipal', 'outro', 'além', 'buscar', 'criar', 'concurso', 'público', 'valorizar', 'agente', 'trânsito', 'valorizar', 'colega', 'eptc', 'caso', 'porto_alegre', 'garantir', 'direito', 'ambos', 'carreira', 'tratar', 'disputa', 'agente', 'trânsito', 'guarda', 'municipal', 'tratase', 'disputar', 'gestor', 'abrir', 'concurso', 'público', 'valorizar', 'dois', 'carreira', 'dois', 'carreira', 'respeito', 'psol', 'orientar', 'voto', 'sim']"
SÂMIA BOMFIM,PSOL,SP,120.2022,ORDEM DO DIA,02/08/2022,16h56,DCD03/08/2022 PAG. 128,https://www.camara.leg.br/internet/sitaqweb/TextoHTML.asp?etapa=5&nuSessao=120.2022&nuQuarto=610481&nuOrador=22&nuInsercao=22&dtHorarioQuarto=16%3A56&sgFaseSessao=OD&Data=02%2F08%2F2022&txApelido=S%C3%82MIA+BOMFIM&txFaseSessao=Ordem+do+Dia&txTipoSessao=Deliberativa+Extraordin%C3%A1ria+-+CD&dtHoraQuarto=16%3A56,"Orientação de bancada na votação do requerimento de destaque para supressão do art. 15 do Projeto de Lei de Conversão nº 19, de 2022, da Medida Provisória nº 1.112, de 2022, sobre a instituição do Programa de Aumento da Produtividade da Frota Rodoviária - RENOVAR.","A
SRA. SÂMIA BOMFIM (PSOL
- SP. Pela ordem. Sem revisão da oradora.) - O PSOL orienta o voto
""não"", Presidente. Esse
destaque do PT visa justamente suprimir o artigo que diz que os
recursos que hoje são destinados à ciência e à tecnologia devem
ser a fonte de subsídio desse programa de renovação das frotas.
Portanto, o destaque é fundamental porque retira uma grande
injustiça contra a população brasileira, que é atacar um setor
que, aliás, já vem sendo muito maltratado pelo Governo Bolsonaro.
Acho, inclusive, que é proposital. Às vésperas das eleições,
tenta-se criar um programa destinado aos caminhoneiros, que foram
traídos pelo Bolsonaro, seja pelo preço dos combustíveis, seja
pelas milhares de promessas que ele fez ao longo dos 4 anos e nunca
cumpriu. Ao mesmo tempo, tenta-se atacar ainda mais a ciência e a
tecnologia, que foram fundamentais inclusive para salvar vidas no
País num contexto de genocídio e de negacionismo. Por
isso, acompanhamos o destaque. A
orientação é o voto ""não"".",psol sp ordem revisão orador psol orientar voto destaque pt visar justamente suprimir artigo recurso hoje destinar ciência tecnologia dever fonte subsídio programa renovação froto portanto destaque fundamental retirar grande injustiça contra população brasileiro atacar setor aliás vir maltratar governo bolsonaro achar inclusive proposital véspera eleição tentase criar programa destinar caminhoneiro traír bolsonaro preço combustível milhar promessa longo 4 ano nunca cumprir tempo tentase atacar ainda ciência tecnologia fundamental inclusive salvar vida país contexto genocídio negacionismo acompanhar destaque orientação votar,"['psol', 'sp', 'ordem', 'revisão', 'orador', 'psol', 'orientar', 'voto', 'destaque', 'pt', 'visar', 'justamente', 'suprimir', 'artigo', 'recurso', 'hoje', 'destinar', 'ciência', 'tecnologia', 'dever', 'fonte', 'subsídio', 'programa', 'renovação', 'froto', 'portanto', 'destaque', 'fundamental', 'retirar', 'grande', 'injustiça', 'contra', 'população', 'brasileiro', 'atacar', 'setor', 'aliás', 'vir', 'maltratar', 'governo', 'bolsonaro', 'achar', 'inclusive', 'proposital', 'véspera', 'eleição', 'tentase', 'criar', 'programa', 'destinar', 'caminhoneiro', 'traír', 'bolsonaro', 'preço', 'combustível', 'milhar', 'promessa', 'longo', '4', 'ano', 'nunca', 'cumprir', 'tempo', 'tentase', 'atacar', 'ainda', 'ciência', 'tecnologia', 'fundamental', 'inclusive', 'salvar', 'vida', 'país', 'contexto', 'genocídio', 'negacionismo', 'acompanhar', 'destaque', 'orientação', 'votar']"
FERNANDA MELCHIONNA,PSOL,RS,120.2022,ORDEM DO DIA,02/08/2022,16h48,DCD03/08/2022 PAG. 125,https://www.camara.leg.br/internet/sitaqweb/TextoHTML.asp?etapa=5&nuSessao=120.2022&nuQuarto=610479&nuOrador=20&nuInsercao=20&dtHorarioQuarto=16%3A48&sgFaseSessao=OD&Data=02%2F08%2F2022&txApelido=FERNANDA+MELCHIONNA&txFaseSessao=Ordem+do+Dia&txTipoSessao=Deliberativa+Extraordin%C3%A1ria+-+CD&dtHoraQuarto=16%3A48,"Orientação de bancada na votação do requerimento de destaque supressivo da expressão depreciação acelerada, contida no art. 13 do Projeto de Lei de Conversão nº 19, de 2022, da Medida Provisória nº 1.112, de 2022, sobre a instituição do Programa de Aumento da Produtividade da Frota Rodoviária - RENOVAR.","A
SRA. FERNANDA MELCHIONNA (PSOL
- RS. Pela ordem. Sem revisão da oradora.) - Presidente, faço só
uma correção. Nós tínhamos entendido que se tratava apenas da
retirada da ""depreciação acelerada"" - e o correto seria
""sim"" -, mas, como se trata da supressão de toda a
redação, o PSOL orienta ""não"". Pedimos
2 minutos para que os nossos Parlamentares possam trocar o voto.",psol rs ordem revisão orador correção entender tratar apenas retirada depreciação acelerar correto sim tratar supressão todo redação psol orientar pedir 2 minuto parlamentar trocar voto,"['psol', 'rs', 'ordem', 'revisão', 'orador', 'correção', 'entender', 'tratar', 'apenas', 'retirada', 'depreciação', 'acelerar', 'correto', 'sim', 'tratar', 'supressão', 'todo', 'redação', 'psol', 'orientar', 'pedir', '2', 'minuto', 'parlamentar', 'trocar', 'voto']"
SÂMIA BOMFIM,PSOL,SP,120.2022,ORDEM DO DIA,02/08/2022,16h36,DCD03/08/2022 PAG. 119,https://www.camara.leg.br/internet/sitaqweb/TextoHTML.asp?etapa=5&nuSessao=120.2022&nuQuarto=610476&nuOrador=11&nuInsercao=11&dtHorarioQuarto=16%3A36&sgFaseSessao=OD&Data=02%2F08%2F2022&txApelido=S%C3%82MIA+BOMFIM&txFaseSessao=Ordem+do+Dia&txTipoSessao=Deliberativa+Extraordin%C3%A1ria+-+CD&dtHoraQuarto=16%3A36,"Orientação de bancada na votação do requerimento de destaque para votação em separado da Emenda de Plenário nº 4, apresentada à Medida Provisória nº 1.112, de 2022, sobre a instituição do Programa de Aumento da Produtividade da Frota Rodoviária - RENOVAR.","A
SRA. SÂMIA BOMFIM (PSOL
- SP. Pela ordem. Sem revisão da oradora.) - O PSOL orienta ""sim"",
porque este destaque visa desfazer um mal muito ruim desta medida
provisória, que é a retirada de recursos da ciência e da
tecnologia para fomentar esse programa de renovação de frotas. O
objetivo dele, na verdade, é pegar recursos das multas de trânsito.
Não há nada mais justo do que isso. Assim, não se prejudica um
setor tão importante e estratégico para o desenvolvimento do nosso
País e ainda se mantém o recurso dentro da mesma área. Afinal de
contas, nós estamos falando de uma lógica sobre o funcionamento do
trânsito no Brasil. Portanto,
é muito importante o destaque apresentado pelo PDT, que o PSOL
acompanha.",psol sp ordem revisão orador psol orientar sim destaque visar desfazer mal ruim medida provisório retirar recurso ciêncio tecnologia fomentar programa renovação froto objetivo verdade pegar recurso multa trânsito nada justo assim prejudicar setor tão importante estratégico desenvolvimento país ainda manter recurso dentro área afinal conta lógico sobre funcionamento trânsito brasil portanto importante destaque apresentar pdt psol acompanhar,"['psol', 'sp', 'ordem', 'revisão', 'orador', 'psol', 'orientar', 'sim', 'destaque', 'visar', 'desfazer', 'mal', 'ruim', 'medida', 'provisório', 'retirar', 'recurso', 'ciêncio', 'tecnologia', 'fomentar', 'programa', 'renovação', 'froto', 'objetivo', 'verdade', 'pegar', 'recurso', 'multa', 'trânsito', 'nada', 'justo', 'assim', 'prejudicar', 'setor', 'tão', 'importante', 'estratégico', 'desenvolvimento', 'país', 'ainda', 'manter', 'recurso', 'dentro', 'área', 'afinal', 'conta', 'lógico', 'sobre', 'funcionamento', 'trânsito', 'brasil', 'portanto', 'importante', 'destaque', 'apresentar', 'pdt', 'psol', 'acompanhar']"
SÂMIA BOMFIM,PSOL,SP,120.2022,ORDEM DO DIA,02/08/2022,16h24,DCD03/08/2022 PAG. 113,https://www.camara.leg.br/internet/sitaqweb/TextoHTML.asp?etapa=5&nuSessao=120.2022&nuQuarto=610473&nuOrador=3&nuInsercao=3&dtHorarioQuarto=16%3A24&sgFaseSessao=OD&Data=02%2F08%2F2022&txApelido=S%C3%82MIA+BOMFIM&txFaseSessao=Ordem+do+Dia&txTipoSessao=Deliberativa+Extraordin%C3%A1ria+-+CD&dtHoraQuarto=16%3A24,"Orientação de bancada na votação de requerimento de destaque para votação em separado da Emenda de Comissão nº 44, apresentada à Medida Provisória nº 1.112, de 2022, sobre a instituição do Programa de Aumento da Produtividade da Frota Rodoviária - RENOVAR.","A
SRA. SÂMIA BOMFIM (PSOL
- SP. Pela ordem. Sem revisão da oradora.) - O PSOL orienta ""não"",
Presidente, porque é uma matéria estranha ao objeto da medida
provisória. Esse
tema da ampliação das modalidades de transporte deveria ser fruto
de um debate de uma matéria específica, em vez de entrar como parte
da discussão desta MP, que tem a ver com renovação de frotas e não
com a criação de modalidades, o que exigiria um esforço maior. Enfim,
é importante esse debate ser feito, mas não dessa forma, sem criar
regras específicas, inclusive para que os atuais transportes possam
ampliar as suas modalidades de funcionamento comercial. Portanto,
o PSOL orienta ""não"".",psol sp ordem revisão orador psol orientar matéria estranho objeto medida provisório tema ampliação modalidade transporte dever fruto debate matéria específico vez entrar parte discussão mp ver renovação froto criação modalidade exigir esforço grande enfim importante debate forma criar regra específico inclusive atual transporte ampliar modalidade funcionamento comercial portanto psol orientar,"['psol', 'sp', 'ordem', 'revisão', 'orador', 'psol', 'orientar', 'matéria', 'estranho', 'objeto', 'medida', 'provisório', 'tema', 'ampliação', 'modalidade', 'transporte', 'dever', 'fruto', 'debate', 'matéria', 'específico', 'vez', 'entrar', 'parte', 'discussão', 'mp', 'ver', 'renovação', 'froto', 'criação', 'modalidade', 'exigir', 'esforço', 'grande', 'enfim', 'importante', 'debate', 'forma', 'criar', 'regra', 'específico', 'inclusive', 'atual', 'transporte', 'ampliar', 'modalidade', 'funcionamento', 'comercial', 'portanto', 'psol', 'orientar']"
SÂMIA BOMFIM,PSOL,SP,120.2022,ORDEM DO DIA,02/08/2022,16h08,DCD03/08/2022 PAG. 107,https://www.camara.leg.br/internet/sitaqweb/TextoHTML.asp?etapa=5&nuSessao=120.2022&nuQuarto=610469&nuOrador=16&nuInsercao=16&dtHorarioQuarto=16%3A08&sgFaseSessao=OD&Data=02%2F08%2F2022&txApelido=S%C3%82MIA+BOMFIM&txFaseSessao=Ordem+do+Dia&txTipoSessao=Deliberativa+Extraordin%C3%A1ria+-+CD&dtHoraQuarto=16%3A08,"Orientação de bancada na votação do Projeto de Lei de Conversão nº 19, de 2022, oferecido pelo Relator da Comissão Mista à Medida Provisória nº 1.112, de 2022, sobre a instituição do Programa de Aumento da Produtividade da Frota Rodoviária - RENOVAR, ressalvados os destaques.","A
SRA. SÂMIA BOMFIM (PSOL
- SP. Pela ordem. Sem revisão da oradora.) - O PSOL orienta ""não"".
Há uma nota muito importante da comunidade científica que se chama
""Brasil troca conhecimento por sucata"", alertando-nos que
esse programa de renovação de frota, na verdade, significa menos
recursos para ciência, tecnologia e inovação no nosso País. Não
se faz política pública dessa forma. Não se faz programa de
benefício para nenhum setor atingindo e prejudicando aquilo que
deveria ser um ponto central de qualquer projeto de desenvolvimento,
de soberania de qualquer país, ainda mais se tratando de uma medida
somente às vésperas das eleições para tentar reverter um pouco a
imagem do Governo perante caminhoneiros, que, afinal de contas, estão
muito indignados com o preço do combustível, com o descaso, com a
traição que tiveram por parte do Governo Bolsonaro. Sem contar que
não há nenhum tipo de preocupação com as questões ambientais, a
flexibilização de direitos sociais, direitos trabalhistas, que
depois devem ser objeto de destaques tanto do PSOL quanto de outros
partidos. Por
isso, o PSOL orienta ""não"".",psol sp ordem revisão orador psol orientar nota importante comunidade científico chamar brasil troca conhecimento sucatar alertandonos programa renovação froto verdade significar pouco recurso ciêncio tecnologia inovação país política público forma programa benefício nenhum setor atingir prejudicar dever ponto central qualquer projeto desenvolvimento soberaniar qualquer país ainda tratar medida somente véspera eleição tentar reverter pouco imagem governo perante caminhoneiro afinal conta indignar preço combustível descaso traição parte governo bolsonaro contar nenhum tipo preocupação questão ambiental flexibilização direito social direito trabalhista dever objeto destaques tanto psol quanto outro partido psol orientar,"['psol', 'sp', 'ordem', 'revisão', 'orador', 'psol', 'orientar', 'nota', 'importante', 'comunidade', 'científico', 'chamar', 'brasil', 'troca', 'conhecimento', 'sucatar', 'alertandonos', 'programa', 'renovação', 'froto', 'verdade', 'significar', 'pouco', 'recurso', 'ciêncio', 'tecnologia', 'inovação', 'país', 'política', 'público', 'forma', 'programa', 'benefício', 'nenhum', 'setor', 'atingir', 'prejudicar', 'dever', 'ponto', 'central', 'qualquer', 'projeto', 'desenvolvimento', 'soberaniar', 'qualquer', 'país', 'ainda', 'tratar', 'medida', 'somente', 'véspera', 'eleição', 'tentar', 'reverter', 'pouco', 'imagem', 'governo', 'perante', 'caminhoneiro', 'afinal', 'conta', 'indignar', 'preço', 'combustível', 'descaso', 'traição', 'parte', 'governo', 'bolsonaro', 'contar', 'nenhum', 'tipo', 'preocupação', 'questão', 'ambiental', 'flexibilização', 'direito', 'social', 'direito', 'trabalhista', 'dever', 'objeto', 'destaques', 'tanto', 'psol', 'quanto', 'outro', 'partido', 'psol', 'orientar']"
IVAN VALENTE,PSOL,SP,120.2022,BREVES COMUNICAÇÕES,02/08/2022,15h28,DCD03/08/2022 PAG. 86,https://www.camara.leg.br/internet/sitaqweb/TextoHTML.asp?etapa=5&nuSessao=120.2022&nuQuarto=610459&nuOrador=1&nuInsercao=1&dtHorarioQuarto=15%3A28&sgFaseSessao=BC&Data=02%2F08%2F2022&txApelido=IVAN+VALENTE&txFaseSessao=Breves+Comunica%C3%A7%C3%B5es&txTipoSessao=Deliberativa+Extraordin%C3%A1ria+-+CD&dtHoraQuarto=15%3A28,"Propósito do Presidente Jair Bolsonaro de transferência para o Bairro de Copacabana, no Rio de Janeiro, do desfile das Forças Armadas brasileiras ao ensejo do transcurso do Dia da Independência do Brasil. Matéria da revista Veja  sobre a possibilidade da ocorrência de atentado no Rio Centro. Matéria intitulada Câmara acelera projeto que retira poderes dos Governadores sobre PM, publicada pelo jornal O Estado de S. Paulo. Anúncio de realização no País de manifestações contra eventual golpe de Estado, no dia 11 de agosto de 2022.","O
SR. IVAN VALENTE (PSOL
- SP. Sem revisão do orador.) - Sra. Presidente, Sras. e Srs.
Deputados, eu ocupo a tribuna hoje para falar um pouco do que está
acontecendo no Brasil. Quero
começar pelo desfile de 7 de Setembro e pela manipulação que
Bolsonaro está fazendo. Todos os Presidentes fizeram desfiles aqui
em Brasília, o que, normalmente, é trivial. As Forças Armadas e o
I Exército queriam fazer o desfile na Avenida Presidente Vargas, que
é onde sempre se fez. Ele quer levar o desfile para Copacabana, ele
quer ""milicianizar"" a parada de 7 de Setembro e se
apropriar da independência do Brasil, que tem 200 anos. Agora,
vejo na revista Veja que tem circulado uma notícia por oficiais de que pode haver um
atentado no Rio Centro, de tão larga a memória, como foi feito por
terroristas apoiados por Bolsonaro à época: o Sr. Job Lorena de
Santana, mentiroso; o Capitão Wilson Machado, que até hoje não só
foi anistiado, como também promovido - um terrorista com uma bomba
no colo, para botar a culpa na Esquerda. Eu
fico sabendo também hoje, pois está na capa do Estadão : Câmara
acelera projeto que retira poder de governadores sobre PM .
A indicação seria feita por uma lista tríplice, não mais pelo
Governador do Estado, e teria, inclusive, autonomia sobre o
orçamento. É a ""milicianização"" das polícias isso que
o Bolsonaro chama de ""forças auxiliares"". Aliás, ele
disse que as forças
auxiliares também vão desfilar para ameaçar a população
brasileira. O 7 de Setembro não é do Bolsonaro, é do povo
brasileiro! As Forças Armadas não são do Bolsonaro. Se forem, são
golpistas, não representam mais o Brasil e o que está na
Constituição da República. Essa
matéria de hoje diz que a Câmara acelera o projeto, que é
conclusivo na CCJ, ou seja, não passa nem pelo Plenário da Câmara.
No meio do recesso, foi tudo votado pela Internet, virtualmente. O
que é isso daqui, esse escândalo? É isso o que eles querem. E o
Sr. Arthur Lira compactua com isso também. É isso o que está
acontecendo. Por
isso, o Brasil está de olho. O Brasil se levantou contra qualquer
tentativa de golpe de Estado neste País, por isso será feito um ato
no dia 11 de agosto. Hoje já há quase 700 mil assinaturas nos dois
documentos da sociedade civil, que pede respeito à democracia e que
Bolsonaro aceite a derrota. Ele vai ser derrotado com ou sem as
Forças Armadas, vai sair pela porta dos fundos, vai ser preso e vai
para o Tribunal Penal Internacional.",psol sp revisão orador sra_presidente ocupor tribuna hoje pouco acontecer brasil começar desfile_de_7_de_setembro manipulação bolsonaro todo desfile brasília normalmente trivial forças_armar i_exército desfile avenida_presidente_vargas onde sempre levar desfile copacabano milicianizar parada 7 setembro apropriar independência_do_brasil 200 ano agora vejor revista ver circular notícia oficial atentado rio_centro tão larga memória terrorista apoiar bolsonaro época sr_job_lorena_de   santana mentiroso capitão_wilson_machar hoje anistiar promover terrorista bomba colo botar culpa esquerdo ficor saber hoje pois capa estadão câmara acelerar projeto retirar governador sobre pm indicação lista tríplice governador_do_estar inclusive autonomia sobre orçamento milicianização polícia bolsonaro chamar força auxiliar aliás força auxiliar desfilar ameaçar população brasileiro 7_de_setembro bolsonaro povo brasileiro forças_armar bolsonaro golpista representar brasil constituição_da_repúblico matéria hoje câmara acelerar projeto conclusivo ccj passar plenário_da_câmara meio recesso tudo votar internet virtualmente escândalo sr_arthur_lira compactuar acontecer brasil olho brasil levantar contra qualquer tentativa golpe estado país ato dia 11 agosto hoje quase 700 mil assinatura dois documento sociedade civil pedir respeito democracia bolsonaro aceitar derrota derrotar forças_armar sair porta fundo prender tribunal_penal_internacional,"['psol', 'sp', 'revisão', 'orador', 'sra_presidente', 'ocupor', 'tribuna', 'hoje', 'pouco', 'acontecer', 'brasil', 'começar', 'desfile_de_7_de_setembro', 'manipulação', 'bolsonaro', 'todo', 'desfile', 'brasília', 'normalmente', 'trivial', 'forças_armar', 'i_exército', 'desfile', 'avenida_presidente_vargas', 'onde', 'sempre', 'levar', 'desfile', 'copacabano', 'milicianizar', 'parada', '7', 'setembro', 'apropriar', 'independência_do_brasil', '200', 'ano', 'agora', 'vejor', 'revista', 'ver', 'circular', 'notícia', 'oficial', 'atentado', 'rio_centro', 'tão', 'larga', 'memória', 'terrorista', 'apoiar', 'bolsonaro', 'época', 'sr_job_lorena_de', 'santana', 'mentiroso', 'capitão_wilson_machar', 'hoje', 'anistiar', 'promover', 'terrorista', 'bomba', 'colo', 'botar', 'culpa', 'esquerdo', 'ficor', 'saber', 'hoje', 'pois', 'capa', 'estadão', 'câmara', 'acelerar', 'projeto', 'retirar', 'governador', 'sobre', 'pm', 'indicação', 'lista', 'tríplice', 'governador_do_estar', 'inclusive', 'autonomia', 'sobre', 'orçamento', 'milicianização', 'polícia', 'bolsonaro', 'chamar', 'força', 'auxiliar', 'aliás', 'força', 'auxiliar', 'desfilar', 'ameaçar', 'população', 'brasileiro', '7_de_setembro', 'bolsonaro', 'povo', 'brasileiro', 'forças_armar', 'bolsonaro', 'golpista', 'representar', 'brasil', 'constituição_da_repúblico', 'matéria', 'hoje', 'câmara', 'acelerar', 'projeto', 'conclusivo', 'ccj', 'passar', 'plenário_da_câmara', 'meio', 'recesso', 'tudo', 'votar', 'internet', 'virtualmente', 'escândalo', 'sr_arthur_lira', 'compactuar', 'acontecer', 'brasil', 'olho', 'brasil', 'levantar', 'contra', 'qualquer', 'tentativa', 'golpe', 'estado', 'país', 'ato', 'dia', '11', 'agosto', 'hoje', 'quase', '700', 'mil', 'assinatura', 'dois', 'documento', 'sociedade', 'civil', 'pedir', 'respeito', 'democracia', 'bolsonaro', 'aceitar', 'derrota', 'derrotar', 'forças_armar', 'sair', 'porta', 'fundo', 'prender', 'tribunal_penal_internacional']"
FERNANDA MELCHIONNA,PSOL,RS,120.2022,BREVES COMUNICAÇÕES,02/08/2022,14h40,DCD03/08/2022 PAG. 74,https://www.camara.leg.br/internet/sitaqweb/TextoHTML.asp?etapa=5&nuSessao=120.2022&nuQuarto=610447&nuOrador=3&nuInsercao=3&dtHorarioQuarto=14%3A40&sgFaseSessao=BC&Data=02%2F08%2F2022&txApelido=FERNANDA+MELCHIONNA&txFaseSessao=Breves+Comunica%C3%A7%C3%B5es&txTipoSessao=Deliberativa+Extraordin%C3%A1ria+-+CD&dtHoraQuarto=14%3A40,Otimismo quanto à derrota do Presidente Jair Bolsonaro nas eleições de 2022. Quadro de fome reinante no País. Repúdio à agenda econômica do Presidente da República. Autoritarismo e corrupção como marcas do Governo Jair Bolsonaro.,"A
SRA. FERNANDA MELCHIONNA (PSOL
- RS. Sem revisão da oradora.) - Eu quero agradecer ao Deputado que
me cedeu a preferência e dizer que nós estamos muito otimistas,
porque, em menos de 60 dias, o Brasil colocará na lata do lixo da
história um dos piores governos da nossa história, com a derrota
eleitoral - nós lutaremos para que seja no primeiro turno -, para
que Jair criminoso Bolsonaro saia do Palácio do Planalto e vá para
a cadeia, que é o lugar dele, pelos crimes contra a humanidade que
cometeu e também pelos crimes contra o povo mais pobre. O
Brasil tem cinco bilionários que controlam a renda de metade da
Nação. Enquanto isso, no país que é o terceiro maior exportador
de grãos, 33 milhões de brasileiros não sabem o que vão comer. No
país que mais produz carne animal no mundo, a população não come
carne, graças à crise econômica do capitalismo, potencializada
pela agenda econômica antipovo do Bolsonaro. Este
é um dos governos mais corruptos e autoritários da nossa história.
Nós estamos convictos de que este Governo será derrotado nas urnas.
Nós precisamos também derrotá-lo nas ruas. Por isso, 11 de agosto
é dia de luta dos estudantes, e o PSOL estará lá!",psol rs revisão orador agradecer ceder preferência otimista pouco 60 dia brasil colocar lata lixo históriar piores governo históriar derrota eleitoral lutar primeiro turno jair criminoso bolsonaro saiar palácio_do_planalto cadeia lugar crime contra humanidade cometer crime contra povo pobre brasil cinco bilionário controlar renda metade nação enquanto país terceiro grande exportador grão 33 milhão brasileiro saber comer país produzir carne animal mundo população comer carne graças crise econômico capitalismo potencializar agenda econômico antipovo bolsonaro governo corrupto autoritário históriar convicto governo derrotar urna derrotálo rua 11 agosto dia luta estudante psol lá,"['psol', 'rs', 'revisão', 'orador', 'agradecer', 'ceder', 'preferência', 'otimista', 'pouco', '60', 'dia', 'brasil', 'colocar', 'lata', 'lixo', 'históriar', 'piores', 'governo', 'históriar', 'derrota', 'eleitoral', 'lutar', 'primeiro', 'turno', 'jair', 'criminoso', 'bolsonaro', 'saiar', 'palácio_do_planalto', 'cadeia', 'lugar', 'crime', 'contra', 'humanidade', 'cometer', 'crime', 'contra', 'povo', 'pobre', 'brasil', 'cinco', 'bilionário', 'controlar', 'renda', 'metade', 'nação', 'enquanto', 'país', 'terceiro', 'grande', 'exportador', 'grão', '33', 'milhão', 'brasileiro', 'saber', 'comer', 'país', 'produzir', 'carne', 'animal', 'mundo', 'população', 'comer', 'carne', 'graças', 'crise', 'econômico', 'capitalismo', 'potencializar', 'agenda', 'econômico', 'antipovo', 'bolsonaro', 'governo', 'corrupto', 'autoritário', 'históriar', 'convicto', 'governo', 'derrotar', 'urna', 'derrotálo', 'rua', '11', 'agosto', 'dia', 'luta', 'estudante', 'psol', 'lá']"
FERNANDA MELCHIONNA,PSOL,RS,116.2022,ORDEM DO DIA,14/07/2022,13h12,DCD15/07/2022 PAG. 119,https://www.camara.leg.br/internet/sitaqweb/TextoHTML.asp?etapa=5&nuSessao=116.2022&nuQuarto=606242&nuOrador=13&nuInsercao=13&dtHorarioQuarto=13%3A12&sgFaseSessao=OD&Data=14%2F07%2F2022&txApelido=FERNANDA+MELCHIONNA&txFaseSessao=Ordem+do+Dia&txTipoSessao=Deliberativa+Extraordin%C3%A1ria+-+CD&dtHoraQuarto=13%3A12,"Congratulações à equipe de enfermagem de centro cirúrgico, pela filmagem do estupro de parturiente por médico anestesista.","A
SRA. FERNANDA MELCHIONNA (PSOL
- RS. Pela ordem. Sem revisão da oradora.) - Obrigada, Presidente. Eu
quero também parabenizar as enfermeiras, que foram corajosas,
guerreiras e conseguiram mostrar um serial
killer do
estupro contra mulheres que estão em uma situação mais vulnerável,
anestesiadas, essas parturientes, essas mulheres, que, infelizmente,
foram violadas em um momento único da sua vida. De
novo, quero cumprimentar as enfermeiras que, além de salvar vidas na
sua profissão, também ajudaram protegendo mais mulheres de ser
violentadas por esse estuprador.",psol rs ordem revisão orador obrigar parabenizar enfermeira corajoso guerreira conseguir mostrar serial killer estupro contra mulher situação vulnerável anestesiar parturiente mulher infelizmente violar momento único vida novo cumprimentar enfermeira além salvar vida profissão ajudar proteger mulher violentar estuprador,"['psol', 'rs', 'ordem', 'revisão', 'orador', 'obrigar', 'parabenizar', 'enfermeira', 'corajoso', 'guerreira', 'conseguir', 'mostrar', 'serial', 'killer', 'estupro', 'contra', 'mulher', 'situação', 'vulnerável', 'anestesiar', 'parturiente', 'mulher', 'infelizmente', 'violar', 'momento', 'único', 'vida', 'novo', 'cumprimentar', 'enfermeira', 'além', 'salvar', 'vida', 'profissão', 'ajudar', 'proteger', 'mulher', 'violentar', 'estuprador']"
FERNANDA MELCHIONNA,PSOL,RS,116.2022,ORDEM DO DIA,14/07/2022,13h04,DCD15/07/2022 PAG. 115,https://www.camara.leg.br/internet/sitaqweb/TextoHTML.asp?etapa=5&nuSessao=116.2022&nuQuarto=606240&nuOrador=16&nuInsercao=16&dtHorarioQuarto=13%3A04&sgFaseSessao=OD&Data=14%2F07%2F2022&txApelido=FERNANDA+MELCHIONNA&txFaseSessao=Ordem+do+Dia&txTipoSessao=Deliberativa+Extraordin%C3%A1ria+-+CD&dtHoraQuarto=13%3A04,"Orientação de bancada na votação do requerimento de inclusão automática na Ordem do Dia do Projeto de Lei nº 252, de 2003, acerca das normas gerais de concursos públicos.","A
SRA. FERNANDA MELCHIONNA (PSOL
- RS. Pela ordem. Sem revisão da oradora.) - Presidente, eu queria
fazer um debate muito franco não com V.Exa., mas com o conjunto dos
partidos da base. Nós
estamos discutindo, na última sessão do ano, a entrada da Proposta
de Emenda à Constituição nº 122, de 2015, que é um ataque brutal
à possibilidade de políticas públicas do futuro. A
Oposição, que esteve empenhada apenas na votação da prorrogação
da revisão do sistema de cotas para 5 anos, não foi contemplada
pela intransigência da base do Governo. Ao mesmo tempo, pedem-nos
que votemos de forma simbólica e sem discussão projetos que, na
nossa opinião, têm graves vícios de iniciativa ou mesmo um intuito
de não favorecer a discussão com a sociedade civil, com as
entidades envolvidas, como é o caso do Projeto de Lei nº 252, de
2022, no que diz respeito aos concursos públicos. Nós
discutimos o na CCJC. Houve algumas alterações - o Deputado Eduardo
Cury deve lembrar -, mas ainda há muitos problemas nesse projeto. O
PSOL é contra a urgência dessa matéria.",psol rs ordem revisão oradora debate franco vexa conjunto partido base discutir último sessão ano entrada proposta   de_emenda_à_constituição 122 2015 ataque brutal possibilidade político público futuro oposição empenhar apenas votação prorrogação revisão sistema cota 5 ano contemplar intransigência base governo tempo pedemnos votemos forma simbólico discussão projeto opinião grave vício iniciativa intuito favorecer discussão sociedade civil entidade envolver caso projeto_de_lei 252 2022 respeito concurso público discutir ccjc algum alteração deputado_eduardo   cury dever lembrar ainda problema projeto psol contra urgência matéria,"['psol', 'rs', 'ordem', 'revisão', 'oradora', 'debate', 'franco', 'vexa', 'conjunto', 'partido', 'base', 'discutir', 'último', 'sessão', 'ano', 'entrada', 'proposta', 'de_emenda_à_constituição', '122', '2015', 'ataque', 'brutal', 'possibilidade', 'político', 'público', 'futuro', 'oposição', 'empenhar', 'apenas', 'votação', 'prorrogação', 'revisão', 'sistema', 'cota', '5', 'ano', 'contemplar', 'intransigência', 'base', 'governo', 'tempo', 'pedemnos', 'votemos', 'forma', 'simbólico', 'discussão', 'projeto', 'opinião', 'grave', 'vício', 'iniciativa', 'intuito', 'favorecer', 'discussão', 'sociedade', 'civil', 'entidade', 'envolver', 'caso', 'projeto_de_lei', '252', '2022', 'respeito', 'concurso', 'público', 'discutir', 'ccjc', 'algum', 'alteração', 'deputado_eduardo', 'cury', 'dever', 'lembrar', 'ainda', 'problema', 'projeto', 'psol', 'contra', 'urgência', 'matéria']"
FERNANDA MELCHIONNA,PSOL,RS,116.2022,ORDEM DO DIA,14/07/2022,12h56,DCD15/07/2022 PAG. 111,https://www.camara.leg.br/internet/sitaqweb/TextoHTML.asp?etapa=5&nuSessao=116.2022&nuQuarto=606238&nuOrador=17&nuInsercao=17&dtHorarioQuarto=12%3A56&sgFaseSessao=OD&Data=14%2F07%2F2022&txApelido=FERNANDA+MELCHIONNA&txFaseSessao=Ordem+do+Dia&txTipoSessao=Deliberativa+Extraordin%C3%A1ria+-+CD&dtHoraQuarto=12%3A56,"Orientação de bancada na votação do requerimento de apreciação em regime de urgência do Projeto de Lei nº 1.742, de 2022, acerca da perda automática de cargo, emprego, função pública ou mandato eletivo de condenados por crimes de violência contra a mulher. Combate à violência contra a mulher no País.","A
SRA. FERNANDA MELCHIONNA (PSOL
- RS. Pela ordem. Sem revisão da oradora.) - Obrigada, Presidente. O
PSOL orienta ""sim"". Obviamente, uma matéria como essa
merece debate, merece uma discussão aprofundada, porque o grau de
violência contra as mulheres aumentou - e muito - no Brasil. Não
é novidade que nós ainda convivemos com a violência doméstica e
familiar. A Lei Maria da Penha foi uma conquista, mas, durante a
pandemia, aumentou o grau de agressões contra as mulheres, ao mesmo
tempo em que o Governo Bolsonaro diminuiu as políticas públicas e
os recursos para a proteção à vida das mulheres. Com o seu
discurso antimulheres, antifeminismo, antiliberdade de imprensa,
infelizmente, incita o ódio, a intolerância e a violência contra
nós. Então,
debater mais medidas para proteger a vida das mulheres é
fundamental, ainda mais nesta semana. As mulheres não aguentam mais!
Uma parturiente foi estuprada na sala de parto. Uma procuradora foi
agredida no local de trabalho. Uma atriz foi julgada e condenada.
Todos esses casos mostram a profundidade da cultura do estupro e da
violência contra todas nós.",psol rs ordem revisão orador obrigar psol orientar sim obviamente matéria merecer debate merecer discussão aprofundar grau violência contra mulher aumentar brasil novidade ainda conviver violência doméstico familiar lei_maria_da_penha conquistar durante pandemia aumentar grau agressão contra mulher tempo governo_bolsonaro diminuir política público recurso proteção vida mulher discurso antimulher antifeminismo antiliberdade imprensa infelizmente incitar ódio intolerância violência contra então debater medida proteger vida mulher fundamental ainda semana mulher aguentar parturiente estuprar sala parto procurador agredir local trabalho atriz julgar condenar todo caso mostrar profundidade cultura estupro violência contra todo,"['psol', 'rs', 'ordem', 'revisão', 'orador', 'obrigar', 'psol', 'orientar', 'sim', 'obviamente', 'matéria', 'merecer', 'debate', 'merecer', 'discussão', 'aprofundar', 'grau', 'violência', 'contra', 'mulher', 'aumentar', 'brasil', 'novidade', 'ainda', 'conviver', 'violência', 'doméstico', 'familiar', 'lei_maria_da_penha', 'conquistar', 'durante', 'pandemia', 'aumentar', 'grau', 'agressão', 'contra', 'mulher', 'tempo', 'governo_bolsonaro', 'diminuir', 'política', 'público', 'recurso', 'proteção', 'vida', 'mulher', 'discurso', 'antimulher', 'antifeminismo', 'antiliberdade', 'imprensa', 'infelizmente', 'incitar', 'ódio', 'intolerância', 'violência', 'contra', 'então', 'debater', 'medida', 'proteger', 'vida', 'mulher', 'fundamental', 'ainda', 'semana', 'mulher', 'aguentar', 'parturiente', 'estuprar', 'sala', 'parto', 'procurador', 'agredir', 'local', 'trabalho', 'atriz', 'julgar', 'condenar', 'todo', 'caso', 'mostrar', 'profundidade', 'cultura', 'estupro', 'violência', 'contra', 'todo']"
FERNANDA MELCHIONNA,PSOL,RS,116.2022,ORDEM DO DIA,14/07/2022,12h04,DCD15/07/2022 PAG. 90,https://www.camara.leg.br/internet/sitaqweb/TextoHTML.asp?etapa=5&nuSessao=116.2022&nuQuarto=606225&nuOrador=30&nuInsercao=30&dtHorarioQuarto=12%3A04&sgFaseSessao=OD&Data=14%2F07%2F2022&txApelido=FERNANDA+MELCHIONNA&txFaseSessao=Ordem+do+Dia&txTipoSessao=Deliberativa+Extraordin%C3%A1ria+-+CD&dtHoraQuarto=12%3A04,"Orientação de bancada na votação, em segundo turno, da  Proposta de Emenda à Constituição nº 122, de 2015, proibitiva da imposição e transferência, por lei, de qualquer encargo financeiro decorrente da prestação de serviço público para a União, os Estados, o Distrito Federal e os Municípios.","A
SRA. FERNANDA MELCHIONNA (PSOL
- RS. Pela ordem. Sem revisão da oradora.) - Sr. Presidente, o PSOL
orienta ""não"". Nós
achamos muito grave que tenha sido assim, na última sessão do ano,
numa quinta-feira, em que os Líderes não previam, pelo menos os da
Oposição, a entrada da PEC 122. Faltou um debate mais apurado,
inclusive entre os partidos da Oposição. Esta
PEC vai inviabilizar programas sociais no futuro, vai inviabilizar a
conquista de direitos de categorias. Nós estávamos preocupados com
o piso salarial nacional da enfermagem. Com a promulgação anterior,
nós também temos a opinião de que não retroage, embora, com a PEC
122 aprovada, algum gestor possa tentar recorrer ao Judiciário. Além
disso, de inviabilizar a criação de programas sociais e avanços na
área da saúde, não se discute a raiz do problema, que é o pacto
federativo injusto, que destina menos recursos para os Estados,
sobretudo para os Municípios, ao mesmo tempo em que há um orçamento
voltado majoritariamente para atendimento do superávit primário e
dos interesses do sistema financeiro, que ganhou, e muito, na
pandemia, enquanto o nosso povo empobreceu. O
PSOL vota ""não"".",psol rs ordem revisão orador sr_presidente psol orientar achar grave assim último sessão ano quintafeira líder prev pouco oposição entrada pec 122 faltar debate apurar inclusive partido oposição pec inviabilizar programa social futuro inviabilizar conquista direito categoria preocupar piso salarial nacional enfermagem promulgação anterior opinião retroager embora pec 122 aprovar algum gestor tentar recorrer judiciário além inviabilizar criação programa social avanço área saúde discutir raiz problema pacto federativo injusto destinar pouco recurso sobretudo município tempo orçamento voltar majoritariamente atendimento superávit primário interesse sistema financeiro ganhar pandemia enquanto povo empobrecer psol votar,"['psol', 'rs', 'ordem', 'revisão', 'orador', 'sr_presidente', 'psol', 'orientar', 'achar', 'grave', 'assim', 'último', 'sessão', 'ano', 'quintafeira', 'líder', 'prev', 'pouco', 'oposição', 'entrada', 'pec', '122', 'faltar', 'debate', 'apurar', 'inclusive', 'partido', 'oposição', 'pec', 'inviabilizar', 'programa', 'social', 'futuro', 'inviabilizar', 'conquista', 'direito', 'categoria', 'preocupar', 'piso', 'salarial', 'nacional', 'enfermagem', 'promulgação', 'anterior', 'opinião', 'retroager', 'embora', 'pec', '122', 'aprovar', 'algum', 'gestor', 'tentar', 'recorrer', 'judiciário', 'além', 'inviabilizar', 'criação', 'programa', 'social', 'avanço', 'área', 'saúde', 'discutir', 'raiz', 'problema', 'pacto', 'federativo', 'injusto', 'destinar', 'pouco', 'recurso', 'sobretudo', 'município', 'tempo', 'orçamento', 'voltar', 'majoritariamente', 'atendimento', 'superávit', 'primário', 'interesse', 'sistema', 'financeiro', 'ganhar', 'pandemia', 'enquanto', 'povo', 'empobrecer', 'psol', 'votar']"
FERNANDA MELCHIONNA,PSOL,RS,116.2022,ORDEM DO DIA,14/07/2022,11h44,DCD15/07/2022 PAG. 84,https://www.camara.leg.br/internet/sitaqweb/TextoHTML.asp?etapa=5&nuSessao=116.2022&nuQuarto=606220&nuOrador=10&nuInsercao=10&dtHorarioQuarto=11%3A44&sgFaseSessao=OD&Data=14%2F07%2F2022&txApelido=FERNANDA+MELCHIONNA&txFaseSessao=Ordem+do+Dia&txTipoSessao=Deliberativa+Extraordin%C3%A1ria+-+CD&dtHoraQuarto=11%3A44,"Orientação de bancada na votação do requerimento de quebra do interstício de 5 sessões para apreciação, em segundo turno, da Proposta de Emenda à Constituição nº 122, de 2015, proibitiva da imposição e transferência, por lei, de qualquer encargo financeiro decorrente da prestação de serviço público para a União, os Estados, o Distrito Federal e os Municípios.","A
SRA. FERNANDA MELCHIONNA (PSOL
- RS. Pela ordem. Sem revisão da oradora.) - Obrigada, Presidente. Obviamente,
somos contra a quebra do interstício. Uma redução de danos não
faz com que a PEC 122/15 seja boa, ao contrário, ela é ruim. Ela
reforça a política do teto dos gastos na prática. Ela não vai à
raiz dos problemas, que é atacar não só o pacto federativo, mas
também o congelamento de políticas sociais e de uma agenda
econômica voltada aos interesses do sistema financeiro, que se
perdura e se aprofunda durante o Governo Bolsonaro. Quem
sofrerá com a PEC 122/15 é a população, com a inviabilidade de
criação de novos programas sociais, com a inviabilidade de
programas que tratem de direitos à saúde, de direitos à educação,
para além do que já é previsto na Constituição. A
promulgação da PEC 11/22 espero que sirva para que não seja usada
juridicamente a PEC 122/15 para inviabilizar a garantia do piso
nacional da enfermagem. Mas, daqui para frente, pode-se inviabilizar
a luta das categorias e os programas sociais. Por
isso, o PSOL é contra.",psol rs ordem revisão orador obrigar obviamente contra quebra interstício redução dano pec 12215 bom contrário ruim reforçar política teto gastos práticar raiz problema atacar pacto federativo congelamento político social agenda econômico voltar interesse sistema financeiro perdurar aprofundar durante governo_bolsonaro sofrer pec 12215 população inviabilidade criação novo programa social inviabilidade programa tratem direito saúde direito educação além prever constituição promulgação pec 1122 esperar sirva usar juridicamente pec 12215 inviabilizar garantia piso nacional enfermagem frente podeser inviabilizar luta categoria programa social psol contra,"['psol', 'rs', 'ordem', 'revisão', 'orador', 'obrigar', 'obviamente', 'contra', 'quebra', 'interstício', 'redução', 'dano', 'pec', '12215', 'bom', 'contrário', 'ruim', 'reforçar', 'política', 'teto', 'gastos', 'práticar', 'raiz', 'problema', 'atacar', 'pacto', 'federativo', 'congelamento', 'político', 'social', 'agenda', 'econômico', 'voltar', 'interesse', 'sistema', 'financeiro', 'perdurar', 'aprofundar', 'durante', 'governo_bolsonaro', 'sofrer', 'pec', '12215', 'população', 'inviabilidade', 'criação', 'novo', 'programa', 'social', 'inviabilidade', 'programa', 'tratem', 'direito', 'saúde', 'direito', 'educação', 'além', 'prever', 'constituição', 'promulgação', 'pec', '1122', 'esperar', 'sirva', 'usar', 'juridicamente', 'pec', '12215', 'inviabilizar', 'garantia', 'piso', 'nacional', 'enfermagem', 'frente', 'podeser', 'inviabilizar', 'luta', 'categoria', 'programa', 'social', 'psol', 'contra']"
FERNANDA MELCHIONNA,PSOL,RS,116.2022,ORDEM DO DIA,14/07/2022,11h24,DCD15/07/2022 PAG. 76,https://www.camara.leg.br/internet/sitaqweb/TextoHTML.asp?etapa=5&nuSessao=116.2022&nuQuarto=606215&nuOrador=7&nuInsercao=7&dtHorarioQuarto=11%3A24&sgFaseSessao=OD&Data=14%2F07%2F2022&txApelido=FERNANDA+MELCHIONNA&txFaseSessao=Ordem+do+Dia&txTipoSessao=Deliberativa+Extraordin%C3%A1ria+-+CD&dtHoraQuarto=11%3A24,"Orientação de bancada na votação da Proposta de Emenda à Constituição nº 122, de 2015, proibitiva da imposição e transferência, por lei, de qualquer encargo financeiro decorrente da prestação de serviço público para a União, os Estados, o Distrito Federal e os Municípios, ressalvados os destaques.","A
SRA. FERNANDA MELCHIONNA (PSOL
- RS. Pela ordem. Sem revisão da oradora.) - Presidente, a Minoria
libera a sua bancada, tendo em vista que há divergências nos
partidos da Minoria. Eu
gostaria só de lembrar que ninguém fala da irresponsabilidade
social e fiscal que é destinar 3 trilhões de reais do Orçamento da
União em 2023 para o pagamento de juros e rolagem da dívida interna
pública, que financiam os parasitas do sistema financeiro nacional e
internacional. Quase metade do Orçamento da União é para financiar
a dívida pública e o sistema financeiro. Estados e Municípios, de
fato - e, com isso, concordamos -, no pacto federativo recebem a
menor fatia do bolo. No entanto, o teto de gastos e a limitação da
possibilidade de fazer políticas públicas paralisam a possibilidade
de a Câmara dos Deputados e os movimentos sociais proporem políticas
públicas. Então, é preciso ir à raiz dos problemas, que é esse
modelo perverso e desigual. A
Minoria libera a bancada.",psol rs ordem revisão orador minoria liberar bancada ver divergência partido minoria gostar lembrar ninguém irresponsabilidade social fiscal destinar 3 trilhão real orçamento_da   união 2023 pagamento juro rolagem dívidar interno pública financiar parasita sistema financeiro nacional internacional quase metade orçamento_da_união financiar dívida público sistema financeiro município fato concordar pacto federativo receber pequeno fatia bolo entanto teto gastar limitação possibilidade político público paralisar possibilidade câmara_dos_deputar movimento social propor político público então preciso raiz problema modelo perverso desigual minoria liberar bancada,"['psol', 'rs', 'ordem', 'revisão', 'orador', 'minoria', 'liberar', 'bancada', 'ver', 'divergência', 'partido', 'minoria', 'gostar', 'lembrar', 'ninguém', 'irresponsabilidade', 'social', 'fiscal', 'destinar', '3', 'trilhão', 'real', 'orçamento_da', 'união', '2023', 'pagamento', 'juro', 'rolagem', 'dívidar', 'interno', 'pública', 'financiar', 'parasita', 'sistema', 'financeiro', 'nacional', 'internacional', 'quase', 'metade', 'orçamento_da_união', 'financiar', 'dívida', 'público', 'sistema', 'financeiro', 'município', 'fato', 'concordar', 'pacto', 'federativo', 'receber', 'pequeno', 'fatia', 'bolo', 'entanto', 'teto', 'gastar', 'limitação', 'possibilidade', 'político', 'público', 'paralisar', 'possibilidade', 'câmara_dos_deputar', 'movimento', 'social', 'propor', 'político', 'público', 'então', 'preciso', 'raiz', 'problema', 'modelo', 'perverso', 'desigual', 'minoria', 'liberar', 'bancada']"
SÂMIA BOMFIM,PSOL,SP,116.2022,ORDEM DO DIA,14/07/2022,11h16,DCD15/07/2022 PAG. 74,https://www.camara.leg.br/internet/sitaqweb/TextoHTML.asp?etapa=5&nuSessao=116.2022&nuQuarto=606213&nuOrador=15&nuInsercao=15&dtHorarioQuarto=11%3A16&sgFaseSessao=OD&Data=14%2F07%2F2022&txApelido=S%C3%82MIA+BOMFIM&txFaseSessao=Ordem+do+Dia&txTipoSessao=Deliberativa+Extraordin%C3%A1ria+-+CD&dtHoraQuarto=11%3A16,"Orientação de bancada na votação da Proposta de Emenda à Constituição nº 122, de 2015, proibitiva da imposição e transferência, por lei, de qualquer encargo financeiro decorrente da prestação de serviço público para a União, os Estados, o Distrito Federal e os Municípios, ressalvados os destaques.","A
SRA. SÂMIA BOMFIM (PSOL
- SP. Pela ordem. Sem revisão da oradora.) - Presidente, o PSOL
orienta ""não"". Foi importante o acordo para a retirada do
art. 7º, porque, na prática, ele impossibilitava que o Governo
criasse qualquer despesa, sem que ela tivesse sido aprovada na LOA.
Isso amarrava o papel do Governo, do Parlamento e de qualquer outro
ente. Agora,
o art. 6º na prática também inviabiliza a criação dessas
políticas, como teto para categorias e etc. Por quê? Porque hoje o
orçamento público é submetido ao teto de gastos. Nós temos uma
regra fiscal muito severa. Todo o orçamento público está sendo
cuidado pelas despesas obrigatórias. Hoje, da forma como está, já
não é possível criar novas despesas. O teto precisa cair para que
isso aconteça. Então,
ainda que seja legítimo reivindicar que a União compense os Estados
e os Municípios para a criação de novas despesas e novas políticas
públicas, da forma como as regras fiscais estão estabelecidas hoje
isso nunca vai acontecer. Então, essa PEC só poderia ser discutida
depois.",psol sp ordem revisão orador psol orientar importante acordo retirar art 7 prática impossibilitar governo criar qualquer despesa aprovar loa amarrar papel governo parlamento qualquer outro ente agora art 6 prática inviabilizar criação política teto categoria etc quê hoje orçamento público submeter teto gastos regra fiscal severo todo orçamento público cuidar despesa obrigatório hoje forma possível criar novo despesa teto cair acontecer então ainda legítimo reivindicar união compensar município criação novo despesa novo política público forma regra fiscal estabelecir hoje nunca acontecer então pec discutir,"['psol', 'sp', 'ordem', 'revisão', 'orador', 'psol', 'orientar', 'importante', 'acordo', 'retirar', 'art', '7', 'prática', 'impossibilitar', 'governo', 'criar', 'qualquer', 'despesa', 'aprovar', 'loa', 'amarrar', 'papel', 'governo', 'parlamento', 'qualquer', 'outro', 'ente', 'agora', 'art', '6', 'prática', 'inviabilizar', 'criação', 'política', 'teto', 'categoria', 'etc', 'quê', 'hoje', 'orçamento', 'público', 'submeter', 'teto', 'gastos', 'regra', 'fiscal', 'severo', 'todo', 'orçamento', 'público', 'cuidar', 'despesa', 'obrigatório', 'hoje', 'forma', 'possível', 'criar', 'novo', 'despesa', 'teto', 'cair', 'acontecer', 'então', 'ainda', 'legítimo', 'reivindicar', 'união', 'compensar', 'município', 'criação', 'novo', 'despesa', 'novo', 'política', 'público', 'forma', 'regra', 'fiscal', 'estabelecir', 'hoje', 'nunca', 'acontecer', 'então', 'pec', 'discutir']"
IVAN VALENTE,PSOL,SP,116.2022,BREVES COMUNICAÇÕES,14/07/2022,10h32,DCD15/07/2022 PAG. 49,https://www.camara.leg.br/internet/sitaqweb/TextoHTML.asp?etapa=5&nuSessao=116.2022&nuQuarto=606202&nuOrador=2&nuInsercao=2&dtHorarioQuarto=10%3A32&sgFaseSessao=BC&Data=14%2F07%2F2022&txApelido=IVAN+VALENTE&txFaseSessao=Breves+Comunica%C3%A7%C3%B5es&txTipoSessao=Deliberativa+Extraordin%C3%A1ria+-+CD&dtHoraQuarto=10%3A32,"Prática de fisiologismo, clientelismo, compra de votos e corrupção para a manutenção da base governista na Câmara dos Deputados. Natureza criminosa das manobras do Presidente Arthur Lira para aprovação da Proposta de Emenda à Constituição nº 15, de 2022, sobre o estabelecimento de diferencial de competitividade para o setor de biocombustíveis; o aumento do valor do Auxílio Brasil para 600 reais, dentre outros temas.","O
SR. IVAN VALENTE (PSOL
- SP. Sem revisão do orador.) - Sr. Presidente, Sras. e Srs.
Deputados, o ex-todo-poderoso Presidente da Câmara Eduardo Cunha foi
cassado, preso e condenado por corrupção nesta Casa. Ele teve
apenas dez votos a favor dele, contra a cassação. Entre eles estava
o de Arthur Lira. O
que nós estamos assistindo aqui no Congresso Nacional é um crime, é
compra de votos, é orçamento secreto. Emendas RP-9 significam
fisiologismo, clientelismo, compra de votos e corrupção. É isso
que mantém essa base fiel. Associaram
ao orçamento secreto o aproveitamento do sistema eletrônico remoto
e a mudança do Regimento Interno, também feita no meio da
legislatura por uma maioria casual. Isso é causar uma centralização
de poder ditatorial na mão do Sr. Arthur Lira. E o que ele fez ontem
na votação da PEC do desespero eleitoral é criminoso. Nós não
podemos mais aceitar isso! É crime! Não é possível que se mude a
regra a qualquer momento. Ele
tinha perdido a votação na questão da situação emergencial - ele
tinha perdido! - e suspendeu a sessão por 12 horas, o que é ilegal.
Só se pode suspender a sessão por uma hora. Ao suspender a sessão
por mais tempo do que isso, ele mudou a regra. E mais: ele mesmo
criou a regra de se colocar a digital no plenário para depois poder
votar. Ele mudou a regra. E aí os 393 votos que houve no primeiro
turno foram para mais de 500 votos. Votaram Deputados no seu Estado,
Deputados no exterior, Deputados que estavam em consultas e não sei
mais onde. E por que isso aconteceu? Porque as emendas de Relator
mantêm a coesão e a fidelidade canina. Isso é criminoso! Isso
se faz agora também. Hoje não temos mais a PEC em votação, mas
está valendo o Regimento. Então, ele coloca na pauta o que ele
quiser, a qualquer momento, sem consulta a Líderes, sem discutir com
ninguém. É a pauta do ditador. Por exemplo, está aqui na pauta a
venda de medicamentos em supermercados. Que urgência isso tem?
Nenhuma! É preciso retirar isso da pauta imediatamente. O
Sr. Arthur Lira está caminhando para o mesmo processo de degradação
institucional para o qual o Sr. Eduardo Cunha caminhou. Esse é o
mesmo caminho trilhado por Eduardo Cunha. Atrás das emendas de
Relator, está não só o fisiologismo, mas também a corrupção, a
compra de votos. Isso precisa ser denunciado. Isso é criminoso. Isso
é degradar o Parlamento brasileiro. O Sr. Arthur Lira não pode
continuar sendo centralizador e ditador nesta Casa. O
SR. PRESIDENTE (General
Peternelli. UNIÃO - SP) - Deputado Ivan Valente, peço que V.Exa.
conclua, porque vamos iniciar a Ordem do Dia. O
SR. IVAN VALENTE (PSOL
- SP) - É inaceitável que o Congresso Nacional fique degradado. O
Congresso Nacional não pode aceitar uma coisa como essa. Eu
quero uma satisfação pública dele. Ele mentiu ontem em todas as
entrevistas que eu a emissoras de televisão. Ele nunca poderia ter
mudado a regra do jogo no meio do jogo. É uma atitude criminosa que
precisa ser punida. Renuncie,
Lira!",psol sp revisão orador r_presidente extodopoderoso presidente_da_câmara_eduardo_cunha cassar preso condenar corrupção casa apenas dez voto favor contra cassação arthur_lira assistir congresso_nacional crime comprar voto orçamento secreto emenda significar fisiologismo clientelismo comprar voto corrupção manter base fiel associar orçamento secreto aproveitamento sistema eletrônico remoto mudança regimento_interno meio legislatura maioria casual causar centralização ditatorial mão sr_arthur_liro ontem votação pec desespero eleitoral criminoso aceitar crime possível mudar regra qualquer momento perder votação questão situação emergencial perder suspender sessão 12 hora ilegal suspender sessão hora suspender sessão tempo mudar regra criar regra colocar digital plenário votar mudar regra aí 393 voto primeiro turno 500 voto votar exterior consulta saber onde acontecer emenda relator manter coesão fidelidade canino criminoso agora hoje pec votação valer regimento então colocar pauta qualquer momento consultar líder discutir ninguém pautar ditador exemplo pauta venda medicamento supermercar urgência nenhum preciso retirar pauta imediatamente sr_arthur_lira caminhar processo degradação institucional sr_eduardo_cunha caminhar caminho trilhar eduardo_cunha atrás emenda relator fisiologismo corrupção comprar voto denunciar criminoso degradar parlamento_brasileiro sr_arthur_lira continuar centralizador ditador casa general   peternelli união sp deputado_ivan_valente peço vexo conclua iniciar ordem_do_dia psol sp inaceitável congresso_nacional ficar degradar congresso_nacional aceitar coisa querar satisfação público mentir ontem todo entrevista emissora televisão nunca mudar regra jogo meio jogo atitude criminoso punir renunciar lira,"['psol', 'sp', 'revisão', 'orador', 'r_presidente', 'extodopoderoso', 'presidente_da_câmara_eduardo_cunha', 'cassar', 'preso', 'condenar', 'corrupção', 'casa', 'apenas', 'dez', 'voto', 'favor', 'contra', 'cassação', 'arthur_lira', 'assistir', 'congresso_nacional', 'crime', 'comprar', 'voto', 'orçamento', 'secreto', 'emenda', 'significar', 'fisiologismo', 'clientelismo', 'comprar', 'voto', 'corrupção', 'manter', 'base', 'fiel', 'associar', 'orçamento', 'secreto', 'aproveitamento', 'sistema', 'eletrônico', 'remoto', 'mudança', 'regimento_interno', 'meio', 'legislatura', 'maioria', 'casual', 'causar', 'centralização', 'ditatorial', 'mão', 'sr_arthur_liro', 'ontem', 'votação', 'pec', 'desespero', 'eleitoral', 'criminoso', 'aceitar', 'crime', 'possível', 'mudar', 'regra', 'qualquer', 'momento', 'perder', 'votação', 'questão', 'situação', 'emergencial', 'perder', 'suspender', 'sessão', '12', 'hora', 'ilegal', 'suspender', 'sessão', 'hora', 'suspender', 'sessão', 'tempo', 'mudar', 'regra', 'criar', 'regra', 'colocar', 'digital', 'plenário', 'votar', 'mudar', 'regra', 'aí', '393', 'voto', 'primeiro', 'turno', '500', 'voto', 'votar', 'exterior', 'consulta', 'saber', 'onde', 'acontecer', 'emenda', 'relator', 'manter', 'coesão', 'fidelidade', 'canino', 'criminoso', 'agora', 'hoje', 'pec', 'votação', 'valer', 'regimento', 'então', 'colocar', 'pauta', 'qualquer', 'momento', 'consultar', 'líder', 'discutir', 'ninguém', 'pautar', 'ditador', 'exemplo', 'pauta', 'venda', 'medicamento', 'supermercar', 'urgência', 'nenhum', 'preciso', 'retirar', 'pauta', 'imediatamente', 'sr_arthur_lira', 'caminhar', 'processo', 'degradação', 'institucional', 'sr_eduardo_cunha', 'caminhar', 'caminho', 'trilhar', 'eduardo_cunha', 'atrás', 'emenda', 'relator', 'fisiologismo', 'corrupção', 'comprar', 'voto', 'denunciar', 'criminoso', 'degradar', 'parlamento_brasileiro', 'sr_arthur_lira', 'continuar', 'centralizador', 'ditador', 'casa', 'general', 'peternelli', 'união', 'sp', 'deputado_ivan_valente', 'peço', 'vexo', 'conclua', 'iniciar', 'ordem_do_dia', 'psol', 'sp', 'inaceitável', 'congresso_nacional', 'ficar', 'degradar', 'congresso_nacional', 'aceitar', 'coisa', 'querar', 'satisfação', 'público', 'mentir', 'ontem', 'todo', 'entrevista', 'emissora', 'televisão', 'nunca', 'mudar', 'regra', 'jogo', 'meio', 'jogo', 'atitude', 'criminoso', 'punir', 'renunciar', 'lira']"
VIVI REIS,PSOL,PA,114.2022,ORDEM DO DIA,13/07/2022,21h52,DCD14/07/2022 PAG. 255,https://www.camara.leg.br/internet/sitaqweb/TextoHTML.asp?etapa=5&nuSessao=114.2022&nuQuarto=605757&nuOrador=28&nuInsercao=28&dtHorarioQuarto=21%3A52&sgFaseSessao=OD&Data=13%2F07%2F2022&txApelido=VIVI+REIS&txFaseSessao=Ordem+do+Dia&txTipoSessao=Deliberativa+Extraordin%C3%A1ria+-+CD&dtHoraQuarto=21%3A52,"Orientação de bancada na votação, em segundo turno, da Proposta de Emenda à Constituição nº 39, de 2021, acerca da instituição, no recurso especial, de requisito de relevância das questões de direito federal infraconstitucional. Denúncia de invasão e saqueamento do Quilombo da República, em Belém, Estado do Pará.","A
SRA. VIVI REIS (PSOL
- PA. Pela ordem. Sem revisão da oradora.) - Presidente, o PSOL
orienta O voto ""não"". E quero falar por 1 minutinho,
enquanto não temos o quórum da votação. O
SR. PRESIDENTE (Arthur
Lira. PP - AL) - A orientação já está ""não"". Pois
não, pode falar, Deputada Vivi Reis. A
SRA. VIVI REIS (PSOL
- PA) - Está bem. Quero
aproveitar este minutinho para fazer uma denúncia muito grave de
algo que aconteceu lá em Belém do Pará. Por duas vezes, um crime
aconteceu contra um espaço de resistência política de mulheres
negras, de povo negro, na Praça da República, em Belém do Pará,
no Quilombo da República. O
Quilombo da República, além de ser um espaço de resistência, de
luta política, de defesa dos direitos da população negra,
localizado numa das principais praças em Belém do Pará, é também
um espaço de empreendedoras, de mulheres negras, de jovens negros
empreendedores. Inclusive,
hoje, estou vestida com uma peça exclusiva feita por mulheres negras
empreendedoras que trabalham no Quilombo da República. Elas tiveram
seu espaço invadido e saqueado duas vezes, perderam tudo o que
tinham, que são as vendas que realizam para sobreviver, para
trabalhar dignamente. Essa denúncia que queria fazer. Deixo
aqui todo o apoio e solidariedade ao Quilombo da República e às
mulheres negras.",psol pa ordem revisão orador psol orientar voto querar 1 minutinho enquanto quórum votação arthur   lira pp al orientação pois deputada_vivi_rel psol pa bem aproveitar minutinho denúncia grave algo acontecer lá belém_do_par dois vez crime acontecer contra espaço resistência político mulher negro povo negro praça_da_república belém_do_par quilombo_da_república quilombo_da_república além espaço resistência luta político defesa direito população negro localizar principal praça belém_do_par espaço empreendedor mulher negro jovem negro empreendedor inclusive hoje vestir peça exclusivo mulher negro empreendedora trabalhar quilombo_da_república espaço invadir saquear dois vez perder tudo venda realizar sobreviver trabalhar dignamente denúncia deixar todo apoio solidariedade quilombo_da_república mulher negro,"['psol', 'pa', 'ordem', 'revisão', 'orador', 'psol', 'orientar', 'voto', 'querar', '1', 'minutinho', 'enquanto', 'quórum', 'votação', 'arthur', 'lira', 'pp', 'al', 'orientação', 'pois', 'deputada_vivi_rel', 'psol', 'pa', 'bem', 'aproveitar', 'minutinho', 'denúncia', 'grave', 'algo', 'acontecer', 'lá', 'belém_do_par', 'dois', 'vez', 'crime', 'acontecer', 'contra', 'espaço', 'resistência', 'político', 'mulher', 'negro', 'povo', 'negro', 'praça_da_república', 'belém_do_par', 'quilombo_da_república', 'quilombo_da_república', 'além', 'espaço', 'resistência', 'luta', 'político', 'defesa', 'direito', 'população', 'negro', 'localizar', 'principal', 'praça', 'belém_do_par', 'espaço', 'empreendedor', 'mulher', 'negro', 'jovem', 'negro', 'empreendedor', 'inclusive', 'hoje', 'vestir', 'peça', 'exclusivo', 'mulher', 'negro', 'empreendedora', 'trabalhar', 'quilombo_da_república', 'espaço', 'invadir', 'saquear', 'dois', 'vez', 'perder', 'tudo', 'venda', 'realizar', 'sobreviver', 'trabalhar', 'dignamente', 'denúncia', 'deixar', 'todo', 'apoio', 'solidariedade', 'quilombo_da_república', 'mulher', 'negro']"
SÂMIA BOMFIM,PSOL,SP,114.2022,ORDEM DO DIA,13/07/2022,21h32,DCD14/07/2022 PAG. 245,https://www.camara.leg.br/internet/sitaqweb/TextoHTML.asp?etapa=5&nuSessao=114.2022&nuQuarto=605752&nuOrador=20&nuInsercao=20&dtHorarioQuarto=21%3A32&sgFaseSessao=OD&Data=13%2F07%2F2022&txApelido=S%C3%82MIA+BOMFIM&txFaseSessao=Ordem+do+Dia&txTipoSessao=Deliberativa+Extraordin%C3%A1ria+-+CD&dtHoraQuarto=21%3A32,"Orientação de bancada na votação da Proposta de Emenda à Constituição nº 39, de 2021, acerca da instituição, no recurso especial, de requisito de relevância das questões de direito federal infraconstitucional, ressalvados os destaques.","A
SRA. SÂMIA BOMFIM (PSOL
- SP. Pela ordem. Sem revisão da oradora.) - Presidente, o PSOL vai
orientar ""não"", porque compreendemos que essa PEC
dificulta o acesso do cidadão ao STJ. Até pode diminuir a carga de
trabalho dos magistrados, mas o fundamental é garantir que a
população possa acessar esse recurso. Por esse motivo, orientamos
""não"".",psol sp ordem revisão orador psol orientar compreender pec dificultar acesso cidadão stj diminuir carga trabalho magistrado fundamental garantir população acessar recurso motivo orientar,"['psol', 'sp', 'ordem', 'revisão', 'orador', 'psol', 'orientar', 'compreender', 'pec', 'dificultar', 'acesso', 'cidadão', 'stj', 'diminuir', 'carga', 'trabalho', 'magistrado', 'fundamental', 'garantir', 'população', 'acessar', 'recurso', 'motivo', 'orientar']"
SÂMIA BOMFIM,PSOL,SP,114.2022,ORDEM DO DIA,13/07/2022,21h08,DCD14/07/2022 PAG. 236,https://www.camara.leg.br/internet/sitaqweb/TextoHTML.asp?etapa=5&nuSessao=114.2022&nuQuarto=605746&nuOrador=4&nuInsercao=4&dtHorarioQuarto=21%3A08&sgFaseSessao=OD&Data=13%2F07%2F2022&txApelido=S%C3%82MIA+BOMFIM&txFaseSessao=Ordem+do+Dia&txTipoSessao=Deliberativa+Extraordin%C3%A1ria+-+CD&dtHoraQuarto=21%3A08,"Orientação de bancada na votação, em segundo turno, da Proposta de Emenda à Constituição nº 11, de 2022, sobre a instituição do piso salarial nacional dos profissionais da enfermagem e da parteira.","A
SRA. SÂMIA BOMFIM (PSOL
- SP. Pela ordem. Sem revisão da oradora.) - Presidente, o PSOL
orienta o voto ""sim"". Hoje
é um dia de vitória - uma vitória necessária e justa. Nós
estamos dando condições legais para que se estabeleça o piso
salarial da enfermagem. Essa é uma conquista de todo o povo
brasileiro, Deputada Vivi, que reconhece o papel e a importância dos
profissionais da saúde. Enquanto o Governo genocida negava a vacina,
negava a ciência, negava medidas sanitárias, esses profissionais -
em especial essas profissionais, porque é uma categoria
majoritariamente feminina - garantiram que vidas fossem salvas no
nosso País. E
a luta continua, porque há uma demanda histórica também pelo
estabelecimento das 30 horas semanais, Deputado Túlio. Esse é o
próximo passo. Uma vitória encoraja a seguir na luta e a conquistar
novas vitórias, seja a jornada semanal de 30 horas, seja ganhos para
outras categorias da saúde. Viva
a enfermagem brasileira!",psol sp ordem revisão orador psol orientar voto sim hoje dia vitória vitória necessário justo dar condição legal estabelecer piso salarial enfermagem conquistar todo povo brasileiro deputada_vivi reconhecer papel importância profissional saúde enquanto governo genocidar negar vacina negar ciência negar medida sanitário profissional especial profissional categoria majoritariamente feminino garantir vida salvo país lutar continuar demanda histórico estabelecimento 30 hora semanal deputado_túlio próximo passo vitória encorajar seguir luta conquistar novo vitória jornada semanal 30 hora ganho outro categoria saúde vivo enfermagem brasileiro,"['psol', 'sp', 'ordem', 'revisão', 'orador', 'psol', 'orientar', 'voto', 'sim', 'hoje', 'dia', 'vitória', 'vitória', 'necessário', 'justo', 'dar', 'condição', 'legal', 'estabelecer', 'piso', 'salarial', 'enfermagem', 'conquistar', 'todo', 'povo', 'brasileiro', 'deputada_vivi', 'reconhecer', 'papel', 'importância', 'profissional', 'saúde', 'enquanto', 'governo', 'genocidar', 'negar', 'vacina', 'negar', 'ciência', 'negar', 'medida', 'sanitário', 'profissional', 'especial', 'profissional', 'categoria', 'majoritariamente', 'feminino', 'garantir', 'vida', 'salvo', 'país', 'lutar', 'continuar', 'demanda', 'histórico', 'estabelecimento', '30', 'hora', 'semanal', 'deputado_túlio', 'próximo', 'passo', 'vitória', 'encorajar', 'seguir', 'luta', 'conquistar', 'novo', 'vitória', 'jornada', 'semanal', '30', 'hora', 'ganho', 'outro', 'categoria', 'saúde', 'vivo', 'enfermagem', 'brasileiro']"
VIVI REIS,PSOL,PA,114.2022,ORDEM DO DIA,13/07/2022,20h36,DCD14/07/2022 PAG. 225,https://www.camara.leg.br/internet/sitaqweb/TextoHTML.asp?etapa=5&nuSessao=114.2022&nuQuarto=605738&nuOrador=11&nuInsercao=11&dtHorarioQuarto=20%3A36&sgFaseSessao=OD&Data=13%2F07%2F2022&txApelido=VIVI+REIS&txFaseSessao=Ordem+do+Dia&txTipoSessao=Deliberativa+Extraordin%C3%A1ria+-+CD&dtHoraQuarto=20%3A36,"Orientação de bancada na votação do requerimento de destaque supressivo do § 13, art. 198, da Constituição Federal, alterado pelo art. 1º da Proposta de Emenda à Constituição nº 11, de 2022, sobre a instituição do piso salarial nacional dos profissionais da enfermagem e da parteira.","A
SRA. VIVI REIS (PSOL
- PA. Pela ordem. Sem revisão da oradora.) - O PSOL orienta ""sim""
ao texto e ""não"" ao destaque do NOVO. O
destaque do NOVO é mais uma forma que o NOVO está utilizando para
não permitir que seja garantido, de fato, o piso salarial da
enfermagem, fruto de uma luta tão importante. Aliás, esta é uma
luta que não é de hoje. Eu quero destacar que nós temos muitos
profissionais - enfermeiros, enfermeiras, técnicos, auxiliares,
parteiras - que estão nos acompanhando agora pela TV
Câmara e, com certeza, estão ansiosos pela aprovação desta PEC. Esta
é uma etapa importante, para garantir segurança jurídica ao piso
salarial da enfermagem e a valorização e a dignidade desta
categoria, enfim, para mostrar a importância da enfermagem para o
povo brasileiro, para o nosso País. O
PSOL orienta ""sim"" ao texto e ""não"" ao destaque
do NOVO, em defesa da enfermagem brasileira.",psol pa ordem revisão orador psol orientar sim texto destaque novo destaque novo forma novo utilizar permitir garantido fato piso salarial enfermagem fruto lutar tão importante aliás lutar hoje destacar profissional enfermeiro enfermeira técnico auxiliar parteira acompanhar agora tv   câmara certeza ansioso aprovação pec etapa importante garantir segurança jurídico piso salarial enfermagem valorização dignidade categoria enfim mostrar importância enfermagem povo brasileiro país psol orientar sim texto destaque novo defesa enfermagem brasileiro,"['psol', 'pa', 'ordem', 'revisão', 'orador', 'psol', 'orientar', 'sim', 'texto', 'destaque', 'novo', 'destaque', 'novo', 'forma', 'novo', 'utilizar', 'permitir', 'garantido', 'fato', 'piso', 'salarial', 'enfermagem', 'fruto', 'lutar', 'tão', 'importante', 'aliás', 'lutar', 'hoje', 'destacar', 'profissional', 'enfermeiro', 'enfermeira', 'técnico', 'auxiliar', 'parteira', 'acompanhar', 'agora', 'tv', 'câmara', 'certeza', 'ansioso', 'aprovação', 'pec', 'etapa', 'importante', 'garantir', 'segurança', 'jurídico', 'piso', 'salarial', 'enfermagem', 'valorização', 'dignidade', 'categoria', 'enfim', 'mostrar', 'importância', 'enfermagem', 'povo', 'brasileiro', 'país', 'psol', 'orientar', 'sim', 'texto', 'destaque', 'novo', 'defesa', 'enfermagem', 'brasileiro']"
SÂMIA BOMFIM,PSOL,SP,114.2022,ORDEM DO DIA,13/07/2022,19h56,DCD14/07/2022 PAG. 212,https://www.camara.leg.br/internet/sitaqweb/TextoHTML.asp?etapa=5&nuSessao=114.2022&nuQuarto=605728&nuOrador=8&nuInsercao=8&dtHorarioQuarto=19%3A56&sgFaseSessao=OD&Data=13%2F07%2F2022&txApelido=S%C3%82MIA+BOMFIM&txFaseSessao=Ordem+do+Dia&txTipoSessao=Deliberativa+Extraordin%C3%A1ria+-+CD&dtHoraQuarto=19%3A56,"Orientação de bancada na votação do requerimento de destaque supressivo da expressão durante 5 (cinco) meses, constante no inciso I, art. 5°, do substitutivo apresentado à Proposta de Emenda à Constituição nº 15, de 2022.","A
SRA. SÂMIA BOMFIM (PSOL
- SP. Pela ordem. Sem revisão da oradora.) - Presidente, o PSOL
orienta o voto ""não"", para que os auxílios e benefícios
desta PEC sejam permanentes, não somente por 5 meses. Eu
quero destacar também o aspecto ruim desta PEC: a exclusão de cerca
de 4 milhões e 800 mil beneficiários do BPC. Não se pensou nestas
pessoas. Entre elas, há muitas mães de crianças com deficiência
que também não foram contempladas por nenhum benefício ou proteção
durante o contexto da pandemia. Muitas delas, aliás, perderam seus
filhos para a COVID-19 e ficaram sem nenhum tipo de proteção.
Agora, o que o Governo lhes impõe é que escolham, muitas vezes,
entre se alimentar e pagar o aluguel. Porém, o que não é escolha
para elas é o cuidado com seus filhos, trabalho este que ainda não
é reconhecido como tal pelo Governo, e nossa luta é para que o
seja. Nós
esperamos que, nos próximos programas, também possamos beneficiar
as pessoas que dependem do BPC, em especial essas mães.",psol sp ordem revisão orador psol orientar voto auxílio benefício pec permanente somente 5 mês destacar aspecto ruim pec exclusão cerca 4 milhão 800 mil beneficiário bpc pensar pessoa mães criança deficiência contemplar nenhum benefício proteção durante contexto pandemia aliás perder filho ficar nenhum tipo proteção agora governo impor escolhar muitas vez alimentar pagar aluguel porém escolha cuidado filho trabalho ainda reconhecer tal governo lutar esperar próximo programa possamos beneficiar pessoa depender bpc especial mãe,"['psol', 'sp', 'ordem', 'revisão', 'orador', 'psol', 'orientar', 'voto', 'auxílio', 'benefício', 'pec', 'permanente', 'somente', '5', 'mês', 'destacar', 'aspecto', 'ruim', 'pec', 'exclusão', 'cerca', '4', 'milhão', '800', 'mil', 'beneficiário', 'bpc', 'pensar', 'pessoa', 'mães', 'criança', 'deficiência', 'contemplar', 'nenhum', 'benefício', 'proteção', 'durante', 'contexto', 'pandemia', 'aliás', 'perder', 'filho', 'ficar', 'nenhum', 'tipo', 'proteção', 'agora', 'governo', 'impor', 'escolhar', 'muitas', 'vez', 'alimentar', 'pagar', 'aluguel', 'porém', 'escolha', 'cuidado', 'filho', 'trabalho', 'ainda', 'reconhecer', 'tal', 'governo', 'lutar', 'esperar', 'próximo', 'programa', 'possamos', 'beneficiar', 'pessoa', 'depender', 'bpc', 'especial', 'mãe']"
LUIZA ERUNDINA,PSOL,SP,114.2022,ORDEM DO DIA,13/07/2022,19h44,DCD14/07/2022 PAG. 209,https://www.camara.leg.br/internet/sitaqweb/TextoHTML.asp?etapa=5&nuSessao=114.2022&nuQuarto=605725&nuOrador=5&nuInsercao=5&dtHorarioQuarto=19%3A44&sgFaseSessao=OD&Data=13%2F07%2F2022&txApelido=LUIZA+ERUNDINA&txFaseSessao=Ordem+do+Dia&txTipoSessao=Deliberativa+Extraordin%C3%A1ria+-+CD&dtHoraQuarto=19%3A44,"Caráter eleiçoeiro da Proposta de Emenda à Constituição nº 15, de 2022, sobre o estabelecimento de diferencial de competitividade para o setor de biocombustíveis. Repúdio à gestão do Presidente Jair Bolsonaro. Descaso do Chefe da Nação com as camadas menos favorecidas. Defesa de aprovação de requerimentos de destaques oferecidos à Proposta de Emenda à Constituição nº 15, de 2022.","A
SRA. LUIZA ERUNDINA (PSOL
- SP. Como Líder. Sem revisão da oradora.) - Obrigada, Sr.
Presidente. Continuando
a minha explanação sobre a PEC 15, eu quero dizer a V.Exas. que
esta proposta de emenda à Constituição é um vergonhoso
estelionato eleitoral, pois, a 70 dias do processo eleitoral, de
eleições gerais no País, o Presidente é tomado de repente por um
terrível amor aos pobres e resolve fazer este pacote de benefícios
na tentativa de comprar o voto do povo. Não
minimizem o nosso povo! Não humilhem o nosso povo! Não
desqualifiquem o nosso povo, como se fossem bobos! Bobo é este
Presidente, que acha que vai enganar os trabalhadores e as
trabalhadoras, o povo em geral dos setores populares que viveu outros
Governos, e Governos que tinham na política social a sua principal
prioridade, Governos nos quais os investimentos eram destinados
prioritariamente a essas políticas. Ouvi
discurso aqui de Deputado bolsonarista que disse que este Governo
nesses 3 anos e meio fez tudo o que podia fazer no interesse de nossa
população. Mentira! O
que ele fez foi acabar com a Previdência Social, com a assistência
social, observar o teto de gastos com cortes reiterados nas verbas da
saúde, da educação, da assistência social, do saneamento básico,
da habitação popular. É essa a bondade deste Governo, que, de
repente, é dominado por um profundo e terrível - como ele costuma
dizer - amor ao pobre. O
pobre não precisa de amor de Presidente. O povo precisa de respeito
aos seus direitos: os direitos sociais, os direitos humanos, o
direito à dignidade, o direito à vida. É disso que precisa o nosso
povo. Respeitem o nosso povo! Este
Presidente vai cair do cavalo no dia da eleição, porque o povo
pensa. O povo ouve rádio, pelo menos. O povo está informado. O povo
sabe quem concedeu trabalho e renda a ele, quem concedeu universidade
para seus filhos, quem criou os institutos técnicos para os setores
populares. Isso ainda está muito vivo na memória do nosso povo. Sr.
Presidente, é um absurdo que a esta altura do processo eleitoral
haja aqui uma PEC com esse caráter. Nem sequer os destaques
apresentados pelos vários partidos para atenuar as maldades e as
inconveniências desta PEC têm sido objeto de voto favorável. Sr.
Presidente, quero terminar - e agradeço a tolerância a V.Exa. -,
ressaltando que vários destaques como este do PSOL, além de outros
também do PSOL, do PT, do PSB e de outros partidos, destaques que
pretendiam fazer justiça, não mereceram a atenção, a
sensibilidade e a compreensão política da maioria dos Sr.
Parlamentares.",psol sp líder revisão orador obrigar  continuar explanação sobre pec 15 vexa proposta emenda constituição vergonhoso estelionato eleitoral pois 70 dia processo eleitoral eleição geral país tomar repente terrível amor pobre resolver pacote benefício tentativar comprar voto povo minimizem povo humilhem povo desqualifiquem povo bobo bobo achar enganar trabalhador trabalhadora povo geral setor popular viver outro governo governo política social principal prioridade governo investimento destinar prioritariamente político ouvir discurso bolsonarista governo 3 ano meio tudo interesse população mentira  acabar previdência_social assistência social observar teto gasto corte reiterar verba saúde educação assistência social saneamento básico habitação popular bondade governo repente dominar profundo terrível costumar amor pobre pobre amor povo respeito direito direito social direito humanos direito dignidade direito vida povo respeitar povo cair cavalo dia eleição povo pensar povo ouveer rádio pouco povo informar povo saber conceder trabalho renda conceder universidade filho criar instituto técnico setor popular ainda vivo memória povo  absurdo altura processo eleitoral pec caráter sequer destaque apresentar vários partido atenuar maldade inconveniência pec objeto voto favorável  terminar tolerância vexo ressaltar vários destaque psol além outro psol pt psb outro partido destaque pretender justiça mereceram atenção sensibilidade compreensão político maioria  parlamentar,"['psol', 'sp', 'líder', 'revisão', 'orador', 'obrigar', 'continuar', 'explanação', 'sobre', 'pec', '15', 'vexa', 'proposta', 'emenda', 'constituição', 'vergonhoso', 'estelionato', 'eleitoral', 'pois', '70', 'dia', 'processo', 'eleitoral', 'eleição', 'geral', 'país', 'tomar', 'repente', 'terrível', 'amor', 'pobre', 'resolver', 'pacote', 'benefício', 'tentativar', 'comprar', 'voto', 'povo', 'minimizem', 'povo', 'humilhem', 'povo', 'desqualifiquem', 'povo', 'bobo', 'bobo', 'achar', 'enganar', 'trabalhador', 'trabalhadora', 'povo', 'geral', 'setor', 'popular', 'viver', 'outro', 'governo', 'governo', 'política', 'social', 'principal', 'prioridade', 'governo', 'investimento', 'destinar', 'prioritariamente', 'político', 'ouvir', 'discurso', 'bolsonarista', 'governo', '3', 'ano', 'meio', 'tudo', 'interesse', 'população', 'mentira', 'acabar', 'previdência_social', 'assistência', 'social', 'observar', 'teto', 'gasto', 'corte', 'reiterar', 'verba', 'saúde', 'educação', 'assistência', 'social', 'saneamento', 'básico', 'habitação', 'popular', 'bondade', 'governo', 'repente', 'dominar', 'profundo', 'terrível', 'costumar', 'amor', 'pobre', 'pobre', 'amor', 'povo', 'respeito', 'direito', 'direito', 'social', 'direito', 'humanos', 'direito', 'dignidade', 'direito', 'vida', 'povo', 'respeitar', 'povo', 'cair', 'cavalo', 'dia', 'eleição', 'povo', 'pensar', 'povo', 'ouveer', 'rádio', 'pouco', 'povo', 'informar', 'povo', 'saber', 'conceder', 'trabalho', 'renda', 'conceder', 'universidade', 'filho', 'criar', 'instituto', 'técnico', 'setor', 'popular', 'ainda', 'vivo', 'memória', 'povo', 'absurdo', 'altura', 'processo', 'eleitoral', 'pec', 'caráter', 'sequer', 'destaque', 'apresentar', 'vários', 'partido', 'atenuar', 'maldade', 'inconveniência', 'pec', 'objeto', 'voto', 'favorável', 'terminar', 'tolerância', 'vexo', 'ressaltar', 'vários', 'destaque', 'psol', 'além', 'outro', 'psol', 'pt', 'psb', 'outro', 'partido', 'destaque', 'pretender', 'justiça', 'mereceram', 'atenção', 'sensibilidade', 'compreensão', 'político', 'maioria', 'parlamentar']"
LUIZA ERUNDINA,PSOL,SP,114.2022,ORDEM DO DIA,13/07/2022,19h40,DCD14/07/2022 PAG. 208,https://www.camara.leg.br/internet/sitaqweb/TextoHTML.asp?etapa=5&nuSessao=114.2022&nuQuarto=605724&nuOrador=5&nuInsercao=5&dtHorarioQuarto=19%3A40&sgFaseSessao=OD&Data=13%2F07%2F2022&txApelido=LUIZA+ERUNDINA&txFaseSessao=Ordem+do+Dia&txTipoSessao=Deliberativa+Extraordin%C3%A1ria+-+CD&dtHoraQuarto=19%3A40,"Encaminhamento da votação do requerimento de destaque supressivo da expressão durante 5 (cinco) meses, constante no inciso I, art. 5°, do substitutivo apresentado à Proposta de Emenda à Constituição nº 15, de 2022.","A
SRA. LUIZA ERUNDINA (PSOL
- SP. Sem revisão da oradora.) - Sr. Presidente, Sras. e Srs.
Parlamentares, eu venho a esta tribuna para fazer a defesa de um
destaque do meu partido, o PSOL, que desde a votação em primeiro
turno, assim como outros partidos do nosso campo, tem apresentado
destaques na tentativa de diminuir as inconveniências que o texto
desta PEC apresenta. O
presente destaque pretende mudar o texto da PEC 15 para garantir que
a transferência de renda para a população promovida pelo auxílio
de 600 reais não seja apenas por 5 meses e propõe um caráter
permanente para esse benefício. Isso
é mais do que justo, porque a Constituição Federal de 1988,
estruturalmente, estabeleceu no art. 6º os direitos sociais da
população brasileira. E entre esses direitos sociais constava o
direito à assistência social, que, lamentavelmente, foi retirado do
texto condicional ao se desmontar o sistema de seguridade social em
reforma promovida por este Governo, que só destruiu, nesses 3 anos e
meio de governo, aquilo que havia sido construído pelas mãos do
povo e por um Governo comprometido com os direitos sociais, com o
direito à cidadania, com o direito ao trabalho, com o direito à
dignidade de todos os brasileiros e brasileiras. Sr.
Presidente, esperamos que esta Casa diminua o impacto negativo desta
PEC e assegure pelo menos esse benefício de 600 reais em caráter
permanente, e não apenas por 5 meses. Sr.
Presidente, gostaria de usar o tempo de Liderança, que me foi
concedido pela minha Líder, para marcar a minha posição a respeito
desta medida emergencial instituída pelo atual Presidente. (Desligamento
automático do microfone.)",psol sp revisão orador sr_presidente parlamentar ver tribuna defesa destaque partido psol desde votação primeiro turno assim outro partido campo apresentar destaque tentativa diminuir inconveniência texto pec apresentar presente destaque pretender mudar texto pec 15 garantir transferência rendo população promover auxílio 600 real apenas 5 mês propor caráter permanente benefício justo constituição_federal_de_1988 estruturalmente estabelecer art 6 direito social população brasileiro direito social constar direito assistência social lamentavelmente retirar texto condicional desmontar sistema seguridade social reforma promover governo destruir 3 ano meio governo construir mão povo governo comprometer direito social direito cidadania direito trabalho direito dignidade todo brasileiro brasileira  esperar casa diminuaer impacto negativo pec assegurar pouco benefício 600 real caráter permanente apenas 5 mês  gostar usar tempo liderança concedir líder marcar posição respeito medida emergencial instituir atual desligamento automático microfone,"['psol', 'sp', 'revisão', 'orador', 'sr_presidente', 'parlamentar', 'ver', 'tribuna', 'defesa', 'destaque', 'partido', 'psol', 'desde', 'votação', 'primeiro', 'turno', 'assim', 'outro', 'partido', 'campo', 'apresentar', 'destaque', 'tentativa', 'diminuir', 'inconveniência', 'texto', 'pec', 'apresentar', 'presente', 'destaque', 'pretender', 'mudar', 'texto', 'pec', '15', 'garantir', 'transferência', 'rendo', 'população', 'promover', 'auxílio', '600', 'real', 'apenas', '5', 'mês', 'propor', 'caráter', 'permanente', 'benefício', 'justo', 'constituição_federal_de_1988', 'estruturalmente', 'estabelecer', 'art', '6', 'direito', 'social', 'população', 'brasileiro', 'direito', 'social', 'constar', 'direito', 'assistência', 'social', 'lamentavelmente', 'retirar', 'texto', 'condicional', 'desmontar', 'sistema', 'seguridade', 'social', 'reforma', 'promover', 'governo', 'destruir', '3', 'ano', 'meio', 'governo', 'construir', 'mão', 'povo', 'governo', 'comprometer', 'direito', 'social', 'direito', 'cidadania', 'direito', 'trabalho', 'direito', 'dignidade', 'todo', 'brasileiro', 'brasileira', 'esperar', 'casa', 'diminuaer', 'impacto', 'negativo', 'pec', 'assegurar', 'pouco', 'benefício', '600', 'real', 'caráter', 'permanente', 'apenas', '5', 'mês', 'gostar', 'usar', 'tempo', 'liderança', 'concedir', 'líder', 'marcar', 'posição', 'respeito', 'medida', 'emergencial', 'instituir', 'atual', 'desligamento', 'automático', 'microfone']"
SÂMIA BOMFIM,PSOL,SP,114.2022,ORDEM DO DIA,13/07/2022,19h16,DCD14/07/2022 PAG. 200,https://www.camara.leg.br/internet/sitaqweb/TextoHTML.asp?etapa=5&nuSessao=114.2022&nuQuarto=605718&nuOrador=7&nuInsercao=7&dtHorarioQuarto=19%3A16&sgFaseSessao=OD&Data=13%2F07%2F2022&txApelido=S%C3%82MIA+BOMFIM&txFaseSessao=Ordem+do+Dia&txTipoSessao=Deliberativa+Extraordin%C3%A1ria+-+CD&dtHoraQuarto=19%3A16,"Orientação de bancada na votação do requerimento de destaque supressivo da expressão o estado de emergência decorrente da, contida no art. 120 do Ato das Disposições Constitucionais Transitórias - ADCT, na redação dada pelo art. 3º do substitutivo apresentado à Proposta de Emenda à Constituição nº 15, de 2022, em segundo turno, e, por decorrência da expressão estado de emergência reconhecido, constante do § único do mesmo dispositivo; bem como da expressão do estado de emergência decorrente, constante no art. 1º do substitutivo; e da expressão em decorrência do estado de emergência de que trata o caput do art. 120 do Ato das Disposições Constitucionais Transitórias, constante no inciso I, § 3º, art. 5º, do substitutivo.","A
SRA. SÂMIA BOMFIM (PSOL
- SP. Pela ordem. Sem revisão da oradora.) - O PSOL orienta o voto
""não"", porque este destaque visa impedir a instituição
do estado de emergência com a PEC. Todo mundo sabe que não seria
necessário o estado de emergência para criar ou ampliar programas
sociais, como o Auxílio Brasil, o vale-gás e tantos outros.
Bastaria alterar as regras fiscais e votar uma ampliação de
valores. O que Bolsonaro quer, na verdade, é rasgar a legislação
eleitoral e, com isso, mais uma vez, tentar enganar o povo, num
contexto de desespero eleitoral, tendo em vista que todas as
pesquisas indicam que ele vai ser derrotado nas urnas. Como eu já
disse e repito, não importa a manobra regimental, constitucional,
eleitoral que faça, Bolsonaro vai seguir sendo derrotado. O
PSOL orienta o voto ""não"". Este destaque é
importantíssimo.",psol sp ordem revisão orador psol orientar voto destaque visar impedir instituição emergência pec todo mundo saber necessário emergência criar ampliar programa social auxílio_brasil valegás tanto outro bastar alterar regra fiscal votar ampliação valor bolsonaro verdade rasgar legislação eleitoral vez tentar enganar povo contexto desespero eleitoral ver todo pesquisa indicar derrotar urna repito importar manobra regimental constitucional eleitoral bolsonaro seguir derrotar psol orientar voto destaque importantíssimo,"['psol', 'sp', 'ordem', 'revisão', 'orador', 'psol', 'orientar', 'voto', 'destaque', 'visar', 'impedir', 'instituição', 'emergência', 'pec', 'todo', 'mundo', 'saber', 'necessário', 'emergência', 'criar', 'ampliar', 'programa', 'social', 'auxílio_brasil', 'valegás', 'tanto', 'outro', 'bastar', 'alterar', 'regra', 'fiscal', 'votar', 'ampliação', 'valor', 'bolsonaro', 'verdade', 'rasgar', 'legislação', 'eleitoral', 'vez', 'tentar', 'enganar', 'povo', 'contexto', 'desespero', 'eleitoral', 'ver', 'todo', 'pesquisa', 'indicar', 'derrotar', 'urna', 'repito', 'importar', 'manobra', 'regimental', 'constitucional', 'eleitoral', 'bolsonaro', 'seguir', 'derrotar', 'psol', 'orientar', 'voto', 'destaque', 'importantíssimo']"
GLAUBER BRAGA,PSOL,RJ,114.2022,ORDEM DO DIA,13/07/2022,19h04,DCD14/07/2022 PAG. 196,https://www.camara.leg.br/internet/sitaqweb/TextoHTML.asp?etapa=5&nuSessao=114.2022&nuQuarto=605715&nuOrador=1&nuInsercao=1&dtHorarioQuarto=19%3A04&sgFaseSessao=OD&Data=13%2F07%2F2022&txApelido=GLAUBER+BRAGA&txFaseSessao=Ordem+do+Dia&txTipoSessao=Deliberativa+Extraordin%C3%A1ria+-+CD&dtHoraQuarto=19%3A04,"Orientação de bancada na votação, em segundo turno, da Proposta de Emenda à Constituição nº 15, de 2022, sobre o estabelecimento de diferencial de competitividade para o setor de biocombustíveis, ressalvados os destaques.","O
SR. GLAUBER BRAGA (PSOL
- RJ. Pela ordem. Sem revisão do orador.) - O PSOL está em
obstrução desde o início dos trabalhos de hoje, exatamente
demonstrando aquilo que é a tentativa por parte desse Governo - e
por isso a obstrução -, em articulação junto com o Sr. Deputado
Arthur Lira, de impedir que o destaque do próprio partido que
garantia o auxílio permanente viesse a ser votado. Com as três
manobras que foram feitas, de ontem para hoje, o que se impediu foi
exatamente que esta matéria, que é uma matéria de natureza
eleitoral, fosse uma matéria de permanência da garantia dos
direitos da vida do povo. Agora
o PSOL vai modificar a sua orientação para voto ""sim"",
exatamente para que não reste dúvida de que nós temos uma
posição... (Desligamento
automático do microfone.)",psol rj ordem revisão orador psol obstrução desde início trabalho hoje exatamente demonstrar tentativa parte governo obstrução articulação junto sr_deputar   arthur_lira impedir destaque próprio partido garantiar auxílio permanente viesse votar três manobra ontem hoje impedir exatamente matéria matéria natureza eleitoral matéria permanência garanter direito vida povo agora psol modificar orientação voto sim exatamente restar dúvida posição desligamento automático microfone,"['psol', 'rj', 'ordem', 'revisão', 'orador', 'psol', 'obstrução', 'desde', 'início', 'trabalho', 'hoje', 'exatamente', 'demonstrar', 'tentativa', 'parte', 'governo', 'obstrução', 'articulação', 'junto', 'sr_deputar', 'arthur_lira', 'impedir', 'destaque', 'próprio', 'partido', 'garantiar', 'auxílio', 'permanente', 'viesse', 'votar', 'três', 'manobra', 'ontem', 'hoje', 'impedir', 'exatamente', 'matéria', 'matéria', 'natureza', 'eleitoral', 'matéria', 'permanência', 'garanter', 'direito', 'vida', 'povo', 'agora', 'psol', 'modificar', 'orientação', 'voto', 'sim', 'exatamente', 'restar', 'dúvida', 'posição', 'desligamento', 'automático', 'microfone']"
TALÍRIA PETRONE,PSOL,RJ,114.2022,ORDEM DO DIA,13/07/2022,18h24,DCD14/07/2022 PAG. 183,https://www.camara.leg.br/internet/sitaqweb/TextoHTML.asp?etapa=5&nuSessao=114.2022&nuQuarto=605705&nuOrador=19&nuInsercao=19&dtHorarioQuarto=18%3A24&sgFaseSessao=OD&Data=13%2F07%2F2022&txApelido=TAL%C3%8DRIA+PETRONE&txFaseSessao=Ordem+do+Dia&txTipoSessao=Deliberativa+Extraordin%C3%A1ria+-+CD&dtHoraQuarto=18%3A24,"Orientação de bancada na votação do requerimento de adiamento, por cinco sessões, da votação da Proposta de Emenda à Constituição nº 15, de 2022, sobre o estabelecimento de diferencial de competitividade para o setor de biocombustíveis.","A
SRA. TALÍRIA PETRONE (PSOL
- RJ. Pela ordem. Sem revisão da oradora.) - Presidente, o PSOL está
em obstrução, porque o que está acontecendo aqui é um escândalo.
V.Exa., sentado nessa cadeira, se acha no direito de mudar as regras
do jogo durante a partida. Não há outro nome para a prática que
V.Exa. está adotando hoje e já adotou outras vezes - não adianta
ficar contrariado -, além de autoritarismo - um autoritarismo que
vemos, inclusive, no Governo Bolsonaro. Aliás,
V.Exa. mudou as regras do jogo para conseguir ganhar no autoritarismo
aquilo que iria perder, que é termos um auxílio permanente para o
povo brasileiro. O
Governo sustentado por V.Exa. e pela base bolsonarista nesta Casa nos
levou a ser um País com 33 milhões de famintos, e agora se constrói
uma farsa de que nós estamos aprovando uma solução para o povo
brasileiro. Fazer isso, além de tudo, com autoritarismo, passando o
rodo no Regimento, é uma vergonha, um escândalo, um atentado... (Desligamento
automático do microfone.)",psol rj ordem revisão orador psol obstrução acontecer escândalo vexo sentar cadeira achar direito mudar regra jogo durante partida outro nome prática vexo adotar hoje adotar outro vez adiantar ficar contrariar além autoritarismo autoritarismo ver inclusive governo_bolsonaro aliás vexa mudar regra jogo conseguir ganhar autoritarismo perder termos auxílio permanente povo brasileiro governo sustentar vexo base bolsonarista casa levar país 33 milhão faminto agora constróir farsa aprovar solução povo brasileiro além tudo autoritarismo passar rodo regimento vergonha escândalo atentar desligamento automático microfone,"['psol', 'rj', 'ordem', 'revisão', 'orador', 'psol', 'obstrução', 'acontecer', 'escândalo', 'vexo', 'sentar', 'cadeira', 'achar', 'direito', 'mudar', 'regra', 'jogo', 'durante', 'partida', 'outro', 'nome', 'prática', 'vexo', 'adotar', 'hoje', 'adotar', 'outro', 'vez', 'adiantar', 'ficar', 'contrariar', 'além', 'autoritarismo', 'autoritarismo', 'ver', 'inclusive', 'governo_bolsonaro', 'aliás', 'vexa', 'mudar', 'regra', 'jogo', 'conseguir', 'ganhar', 'autoritarismo', 'perder', 'termos', 'auxílio', 'permanente', 'povo', 'brasileiro', 'governo', 'sustentar', 'vexo', 'base', 'bolsonarista', 'casa', 'levar', 'país', '33', 'milhão', 'faminto', 'agora', 'constróir', 'farsa', 'aprovar', 'solução', 'povo', 'brasileiro', 'além', 'tudo', 'autoritarismo', 'passar', 'rodo', 'regimento', 'vergonha', 'escândalo', 'atentar', 'desligamento', 'automático', 'microfone']"
SÂMIA BOMFIM,PSOL,SP,114.2022,ORDEM DO DIA,13/07/2022,18h12,DCD14/07/2022 PAG. 179,https://www.camara.leg.br/internet/sitaqweb/TextoHTML.asp?etapa=5&nuSessao=114.2022&nuQuarto=605702&nuOrador=4&nuInsercao=4&dtHorarioQuarto=18%3A12&sgFaseSessao=OD&Data=13%2F07%2F2022&txApelido=S%C3%82MIA+BOMFIM&txFaseSessao=Ordem+do+Dia&txTipoSessao=Deliberativa+Extraordin%C3%A1ria+-+CD&dtHoraQuarto=18%3A12,"Encaminhamento da votação do requerimento de adiamento, por cinco sessões, da votação da Proposta de Emenda à Constituição nº 15, de 2022, a respeito do estabelecimento de diferencial de competitividade para o setor de biocombustíveis.","A
SRA. SÂMIA BOMFIM (PSOL
- SP. Sem revisão da oradora.) - Nós apresentamos esse requerimento
porque é preciso marcar posição sobre o golpe e as manobras
regimentais que foram feitas desde o início da votação dessa PEC
em primeiro turno. Desde
o início, já foi alterado por três vezes o Regimento da Câmara,
sempre para beneficiar a posição do Governo do Sr. Arthur Lira.
Sempre que percebiam que iam perder a votação, faziam uma nova
modificação no Regimento. Isto não pode acontecer: mudar as regras
do jogo enquanto o jogo está acontecendo. A
primeira alteração foi feita durante a votação do mérito da PEC,
quando disseram que, de uma hora para outra, todo mundo tinha que vir
ao plenário para votar presencialmente. Isso fez com que vários
Deputados não conseguissem garantir o seu voto, o mérito e a
posição que tinham. Mais
grave do que isso foi o que aconteceu logo depois, quando se manteve
o painel, sendo que o Regimento é muito, muito, muito explícito ao
afirmar que só pode haver manutenção do painel quando a sessão
for suspensa por 1 hora. Foi de um dia para o outro que se manteve o
painel. Foram feitas várias questões de ordem, mas, mesmo assim,
não se deu bola, não se respeitou o Regimento. A
terceira vez foi quando se instituiu que, de agora em diante, os
Deputados podem registrar presença longe daqui, podem registrar
presença de qualquer lugar. O Deputado não precisa mais nem vir à
Câmara dos Deputados. Podem registrar a presença de onde quer que
eles estejam. Isso é muito grave não só no que diz respeito à
votação dessa PEC. Isso é muito grave para qualquer outro projeto
que venha a ser votado. Imagine! O Deputado nem está aqui presente e
pode registrar a presença, pode votar lá de longe. Sabe
o que garante que os Deputados vão votar a favor de qualquer matéria
que o Governo proponha? RP9, o orçamento secreto. Tem gente que está
cheia de dinheiro do orçamento secreto para se silenciar diante dos
desmandos do Sr. Bolsonaro e do Sr. Arthur Lira. Diziam não ter
dinheiro para garantir um Auxílio Brasil decente, mas mais de 16
bilhões de reais do orçamento público foram utilizados para
garantir base parlamentar comprada. É disso que se trata! Então
é isto: mudam o Regimento a seu bel-prazer, utilizam uma fatia
imensa do orçamento para comprar base parlamentar e acham que nós
vamos ficar em silêncio, que nós não vamos fazer nada. É claro
que nós iríamos fazer obstrução! O
que está acontecendo? É isso que está acontecendo, enquanto o povo
está passando fome. Trinta e três milhões de pessoas estão
passando fome neste País, faz-se esse tipo de patifaria aqui no
Congresso Nacional e espera-se que nós não reajamos, que não
façamos nada? Essa obstrução é o mínimo! É o mínimo de
resposta que nós podemos dar. Estão fazendo politicagem em cima da
miséria do povo. Apresentam uma PEC meramente eleitoreira, para
tentar enganar a população aos 45 minutos do segundo tempo, porque
não gostam das pesquisas eleitorais. Nós
votamos a favor da PEC, mas não sem denunciar os absurdos.",psol sp revisão orador apresentar requerimento preciso marcar posição sobre golpe manobra regimental desde início votação pec primeiro turno desde início alterar três vez regimento_da_câmara sempre beneficiar posição governo_do_sr_arthur_lira sempre perceber perder votação novo modificação regimento acontecer mudar regra jogo enquanto jogo acontecer primeiro alteração durante votação mérito_da_pec hora outro todo mundo vir plenário votar presencialmente vários conseguir garantir voto mérito posição grave acontecer logo manter painel regimento explícito afirmar manutenção painel sessão suspender 1 hora dia outro manter painel várias questão ordem assim dar bola respeitar regimento terceiro vez instituir agora diante registrar presença longe registrar presença qualquer lugar vir câmara_dos_deputado registrar presença onde grave respeito votação pec grave qualquer outro projeto vir votar imagine presente registrar presença votar lá longe saber garantir votar favor qualquer matéria governo propor orçamento secreto gente cheio dinheiro orçamento secreto silenciar diante desmando sr_bolsonaro sr_arthur_lira dinheiro garantir auxílio_brasil decente 16 bilhão real orçamento público utilizar garantir base parlamentar comprar tratar então mudar regimento belprazer utilizar fatia imenso orçamento comprar base parlamentar achar ficar silêncio nada claro iríamos obstrução acontecer acontecer enquanto povo passar fome trinta três milhão pessoa passar fome país fazse tipo patifar congresso_nacional esperase reajamos façamos nada obstrução pequeno pequeno resposta dar politicagem cima misério povo apresentar pec meramente eleitoreira tentar enganar população 45 minuto segundo tempo gostar pesquisa eleitoral votar favor pec denunciar absurdo,"['psol', 'sp', 'revisão', 'orador', 'apresentar', 'requerimento', 'preciso', 'marcar', 'posição', 'sobre', 'golpe', 'manobra', 'regimental', 'desde', 'início', 'votação', 'pec', 'primeiro', 'turno', 'desde', 'início', 'alterar', 'três', 'vez', 'regimento_da_câmara', 'sempre', 'beneficiar', 'posição', 'governo_do_sr_arthur_lira', 'sempre', 'perceber', 'perder', 'votação', 'novo', 'modificação', 'regimento', 'acontecer', 'mudar', 'regra', 'jogo', 'enquanto', 'jogo', 'acontecer', 'primeiro', 'alteração', 'durante', 'votação', 'mérito_da_pec', 'hora', 'outro', 'todo', 'mundo', 'vir', 'plenário', 'votar', 'presencialmente', 'vários', 'conseguir', 'garantir', 'voto', 'mérito', 'posição', 'grave', 'acontecer', 'logo', 'manter', 'painel', 'regimento', 'explícito', 'afirmar', 'manutenção', 'painel', 'sessão', 'suspender', '1', 'hora', 'dia', 'outro', 'manter', 'painel', 'várias', 'questão', 'ordem', 'assim', 'dar', 'bola', 'respeitar', 'regimento', 'terceiro', 'vez', 'instituir', 'agora', 'diante', 'registrar', 'presença', 'longe', 'registrar', 'presença', 'qualquer', 'lugar', 'vir', 'câmara_dos_deputado', 'registrar', 'presença', 'onde', 'grave', 'respeito', 'votação', 'pec', 'grave', 'qualquer', 'outro', 'projeto', 'vir', 'votar', 'imagine', 'presente', 'registrar', 'presença', 'votar', 'lá', 'longe', 'saber', 'garantir', 'votar', 'favor', 'qualquer', 'matéria', 'governo', 'propor', 'orçamento', 'secreto', 'gente', 'cheio', 'dinheiro', 'orçamento', 'secreto', 'silenciar', 'diante', 'desmando', 'sr_bolsonaro', 'sr_arthur_lira', 'dinheiro', 'garantir', 'auxílio_brasil', 'decente', '16', 'bilhão', 'real', 'orçamento', 'público', 'utilizar', 'garantir', 'base', 'parlamentar', 'comprar', 'tratar', 'então', 'mudar', 'regimento', 'belprazer', 'utilizar', 'fatia', 'imenso', 'orçamento', 'comprar', 'base', 'parlamentar', 'achar', 'ficar', 'silêncio', 'nada', 'claro', 'iríamos', 'obstrução', 'acontecer', 'acontecer', 'enquanto', 'povo', 'passar', 'fome', 'trinta', 'três', 'milhão', 'pessoa', 'passar', 'fome', 'país', 'fazse', 'tipo', 'patifar', 'congresso_nacional', 'esperase', 'reajamos', 'façamos', 'nada', 'obstrução', 'pequeno', 'pequeno', 'resposta', 'dar', 'politicagem', 'cima', 'misério', 'povo', 'apresentar', 'pec', 'meramente', 'eleitoreira', 'tentar', 'enganar', 'população', '45', 'minuto', 'segundo', 'tempo', 'gostar', 'pesquisa', 'eleitoral', 'votar', 'favor', 'pec', 'denunciar', 'absurdo']"
SÂMIA BOMFIM,PSOL,SP,114.2022,ORDEM DO DIA,13/07/2022,17h52,DCD14/07/2022 PAG. 173,https://www.camara.leg.br/internet/sitaqweb/TextoHTML.asp?etapa=5&nuSessao=114.2022&nuQuarto=605697&nuOrador=3&nuInsercao=3&dtHorarioQuarto=17%3A52&sgFaseSessao=OD&Data=13%2F07%2F2022&txApelido=S%C3%82MIA+BOMFIM&txFaseSessao=Ordem+do+Dia&txTipoSessao=Deliberativa+Extraordin%C3%A1ria+-+CD&dtHoraQuarto=17%3A52,"Discussão, em segundo turno, da Proposta de Emenda à Constituição nº 15, de 2022, a respeito do estabelecimento de diferencial de competitividade para o setor de biocombustíveis.","A
SRA. SÂMIA BOMFIM (PSOL
- SP. Sem revisão da oradora.) - O PSOL votou a favor no primeiro
turno e deve repetir o voto no segundo turno desta PEC, mas,
evidentemente, por motivos diferentes dos do Governo. Eu
explico por quê. Nós votamos a favor porque, desde o início do
Governo Bolsonaro, estamos vindo a esta tribuna exigir que se
construa um programa de transferência de renda decente, pois a
situação da crise social no nosso País é muito, muito, muito,
muito grave. Só
que o Governo vem ignorando completamente o apelo da população
famélica. Hoje, 33 milhões de pessoas estão passando fome e cerca
de 14 milhões estão oficialmente desempregadas. O número pode ser
muito maior devido à instabilidade no mercado de trabalho daqueles
que são informais. E,
infelizmente, não há uma perspectiva imediata de melhora da
situação econômica, justamente porque o Governo vem repetindo,
continuando e aprofundando a agenda neoliberal de destruição do
Estado, consequentemente construindo uma incapacidade de melhora da
situação econômica, porque, num momento de crise brutal, como o
que nós estamos vivendo, é necessário fazer investimento nas áreas
sociais, além dos programas de transferências de renda, e paralisar
essa agenda de reformas, que vem sendo feita até então, pois isso
significa, na prática, menos dinheiro no bolso da população, menor
capacidade de consumo e, em consequência, não crescimento econômico
do nosso País. Só
que nós estamos dizendo isso há 4 anos, gente! Aí, agora, a partir
das pesquisas eleitorais, o Governo vem propor um projeto restrito ao
período eleitoral. Isso é muita sacanagem! O povo só merece ter
alguma condição de renda digna entre agosto e dezembro? É só
porque a eleição está chegando e o Bolsonaro está percebendo que
está perdendo, em especial nas camadas mais pobres da população,
que ele propõe uma PEC como esta? Por que é que não reflete e não
presta atenção na realidade concreta do nosso povo, que está
pedindo socorro, que tem pressa há muitos meses? Agora, ele quer dar
uma manobra sobre a legislação, sobre a Constituição do País,
apresentando uma PEC eleitoreira, que não vai dar conta da crise
hoje no Brasil, da situação de fome do nosso povo e que também é
muito circunscrita ao período eleitoral. O que está acontecendo no
nosso País? É
por isso que o nosso voto é ""sim"", mas é um voto crítico.
Apresentamos um destaque para que esse acréscimo de 200 reais para
aqueles que recebem o Auxílio Brasil não seja restrito ao período
eleitoral, seja por mais tempo, seja um programa permanente. E
é por isso também que nós votamos favoravelmente ao destaque que
retira esse limite orçamentário que o Governo colocou, porque o
limite orçamentário significa que a abrangência também vai ter um
limite. Hoje,
no jornal Folha
de S.Paulo, saiu uma matéria muito completa e muito boa sobre a situação de
miséria do nosso povo. São 20 milhões de famílias que ficaram sem
abrangência de um programa social com o fim do Auxílio Emergencial
- que foi uma conquista nossa - e o início do Auxílio Brasil. Isso
dá cerca de 60 milhões de pessoas que deixaram de receber algum
benefício. E esta PEC está sugerindo um baixo valor orçamentário,
ou seja, essas pessoas vão seguir sendo excluídas de qualquer
programa emergencial. É uma vergonha o que o Governo vem fazendo! Mas,
como eu já disse e repito, a população brasileira não é boba.
Não é à toa que é nos setores mais vulneráveis, nas projeções
eleitorais, onde o Bolsonaro tem maior rejeição, porque a população
está sofrendo há 4 anos com este desgoverno. Sofreu muito no
contexto mais grave da pandemia com o descaso com a vacina, com o
descaso com as medidas sanitárias e, agora, com as consequências
econômicas desse descaso com as medidas sanitárias. O
engraçado é que aquele que disse que ia escolher a economia em
detrimento da saúde não escolheu nem um, nem outro, escolheu
somente o próprio bolso, escolheu defender aquela família de
bandidos. Aparelha todas as instituições - como a Polícia Federal
- para poder defender aquela família de bandidos; optou pela RP9,
que é o orçamento secreto, que possibilita que se tenha um
Congresso entregue, que se silencia diante dos pedidos de impeachment ,
que vota tudo o que o Bolsonaro pede mesmo que isso prejudique muito
o povo brasileiro; optou pelos escândalos de corrupção no MEC,
desviando dinheiro que deveria servir para atender a população mais
pobre, as crianças que estão fora da escola - há mais de 5 milhões
-, enquanto os caras ganham dinheiro com superfaturamento de kit robótica. Foi
só isso que fez o tempo todo. E agora acha que vai reverter o
resultado das eleições com uma PEC como esta? Não vai.",psol sp revisão orador psol votar favor primeiro turno dever repetir voto segundo turno pec evidentemente motivo diferente governo explicar quê votar favor desde início governo_bolsonaro vir tribuna exigir construer programa transferênciar renda decente pois situação crise social país grave governo vir ignorar completamente apelo população famélico hoje 33 milhão pessoa passar fome cerca 14 milhão oficialmente desempregar número grande devido instabilidade mercado trabalho informal infelizmente perspectiva imediato melhora situação econômico justamente governo vir repetir continuar aprofundar agenda neoliberal destruição consequentemente construir incapacidade melhora situação econômico momento crise brutal viver necessário investimento área social além programa transferência renda paralisar agenda reforma vir então pois significar prática pouco dinheiro bolso população pequeno capacidade consumo consequência crescimento econômico país 4 ano gente aí agora partir pesquisa eleitoral governo vir propor projeto restrito período eleitoral sacanagem povo merecer algum condição renda digno agosto dezembro eleição chegar bolsonaro perceber perder especial camada pobre população propor pec refletir prestar atenção realidade concreto povo pedir socorro pressar mês agora dar manobra sobre legislação sobre constituição_do_país apresentar pec eleitoreira dar conto crise hoje brasil situação fome povo circunscrita período eleitoral acontecer país voto sim voto crítico apresentar destaque acréscimo 200 real receber auxílio_brasil restrito período eleitoral tempo programa permanente votar favoravelmente destaque retirar limite orçamentário governo colocar limite orçamentário significar abrangência limite hoje jornal folha   de_spaulo sair matéria completo bom sobre situação misério povo 20 milhão família ficar abrangência programa social fim auxílio_emergencial conquistar início auxílio_brasil dar cerca 60 milhão pessoa deixar receber algum benefício pec sugerir baixo valor orçamentário pessoa seguir excluír qualquer programa emergencial vergonha governo vir repito população brasileiro bobo toa setor vulnerável projeção eleitoral onde bolsonaro grande rejeição população sofrer 4 ano desgoverno sofrer contexto grave pandemia descaso vacinar descaso medida sanitário agora consequência econômico descaso medida sanitário engraçar escolher economia detrimento saúde escolher outro escolher somente próprio bolso escolher defender família bandido aparelhar todo instituição polícia_federal defender família bandido optar orçamento secreto possibilitar congresso entregar silencia diante pedido impeachment votar tudo bolsonaro pedir prejudique povo brasileiro optar escândalo corrupção mec desviar dinheiro dever servir atender população pobre criança escola 5 milhão enquanto cara ganhar dinheiro superfaturamento kit robótico tempo todo agora achar reverter resultado eleição pec,"['psol', 'sp', 'revisão', 'orador', 'psol', 'votar', 'favor', 'primeiro', 'turno', 'dever', 'repetir', 'voto', 'segundo', 'turno', 'pec', 'evidentemente', 'motivo', 'diferente', 'governo', 'explicar', 'quê', 'votar', 'favor', 'desde', 'início', 'governo_bolsonaro', 'vir', 'tribuna', 'exigir', 'construer', 'programa', 'transferênciar', 'renda', 'decente', 'pois', 'situação', 'crise', 'social', 'país', 'grave', 'governo', 'vir', 'ignorar', 'completamente', 'apelo', 'população', 'famélico', 'hoje', '33', 'milhão', 'pessoa', 'passar', 'fome', 'cerca', '14', 'milhão', 'oficialmente', 'desempregar', 'número', 'grande', 'devido', 'instabilidade', 'mercado', 'trabalho', 'informal', 'infelizmente', 'perspectiva', 'imediato', 'melhora', 'situação', 'econômico', 'justamente', 'governo', 'vir', 'repetir', 'continuar', 'aprofundar', 'agenda', 'neoliberal', 'destruição', 'consequentemente', 'construir', 'incapacidade', 'melhora', 'situação', 'econômico', 'momento', 'crise', 'brutal', 'viver', 'necessário', 'investimento', 'área', 'social', 'além', 'programa', 'transferência', 'renda', 'paralisar', 'agenda', 'reforma', 'vir', 'então', 'pois', 'significar', 'prática', 'pouco', 'dinheiro', 'bolso', 'população', 'pequeno', 'capacidade', 'consumo', 'consequência', 'crescimento', 'econômico', 'país', '4', 'ano', 'gente', 'aí', 'agora', 'partir', 'pesquisa', 'eleitoral', 'governo', 'vir', 'propor', 'projeto', 'restrito', 'período', 'eleitoral', 'sacanagem', 'povo', 'merecer', 'algum', 'condição', 'renda', 'digno', 'agosto', 'dezembro', 'eleição', 'chegar', 'bolsonaro', 'perceber', 'perder', 'especial', 'camada', 'pobre', 'população', 'propor', 'pec', 'refletir', 'prestar', 'atenção', 'realidade', 'concreto', 'povo', 'pedir', 'socorro', 'pressar', 'mês', 'agora', 'dar', 'manobra', 'sobre', 'legislação', 'sobre', 'constituição_do_país', 'apresentar', 'pec', 'eleitoreira', 'dar', 'conto', 'crise', 'hoje', 'brasil', 'situação', 'fome', 'povo', 'circunscrita', 'período', 'eleitoral', 'acontecer', 'país', 'voto', 'sim', 'voto', 'crítico', 'apresentar', 'destaque', 'acréscimo', '200', 'real', 'receber', 'auxílio_brasil', 'restrito', 'período', 'eleitoral', 'tempo', 'programa', 'permanente', 'votar', 'favoravelmente', 'destaque', 'retirar', 'limite', 'orçamentário', 'governo', 'colocar', 'limite', 'orçamentário', 'significar', 'abrangência', 'limite', 'hoje', 'jornal', 'folha', 'de_spaulo', 'sair', 'matéria', 'completo', 'bom', 'sobre', 'situação', 'misério', 'povo', '20', 'milhão', 'família', 'ficar', 'abrangência', 'programa', 'social', 'fim', 'auxílio_emergencial', 'conquistar', 'início', 'auxílio_brasil', 'dar', 'cerca', '60', 'milhão', 'pessoa', 'deixar', 'receber', 'algum', 'benefício', 'pec', 'sugerir', 'baixo', 'valor', 'orçamentário', 'pessoa', 'seguir', 'excluír', 'qualquer', 'programa', 'emergencial', 'vergonha', 'governo', 'vir', 'repito', 'população', 'brasileiro', 'bobo', 'toa', 'setor', 'vulnerável', 'projeção', 'eleitoral', 'onde', 'bolsonaro', 'grande', 'rejeição', 'população', 'sofrer', '4', 'ano', 'desgoverno', 'sofrer', 'contexto', 'grave', 'pandemia', 'descaso', 'vacinar', 'descaso', 'medida', 'sanitário', 'agora', 'consequência', 'econômico', 'descaso', 'medida', 'sanitário', 'engraçar', 'escolher', 'economia', 'detrimento', 'saúde', 'escolher', 'outro', 'escolher', 'somente', 'próprio', 'bolso', 'escolher', 'defender', 'família', 'bandido', 'aparelhar', 'todo', 'instituição', 'polícia_federal', 'defender', 'família', 'bandido', 'optar', 'orçamento', 'secreto', 'possibilitar', 'congresso', 'entregar', 'silencia', 'diante', 'pedido', 'impeachment', 'votar', 'tudo', 'bolsonaro', 'pedir', 'prejudique', 'povo', 'brasileiro', 'optar', 'escândalo', 'corrupção', 'mec', 'desviar', 'dinheiro', 'dever', 'servir', 'atender', 'população', 'pobre', 'criança', 'escola', '5', 'milhão', 'enquanto', 'cara', 'ganhar', 'dinheiro', 'superfaturamento', 'kit', 'robótico', 'tempo', 'todo', 'agora', 'achar', 'reverter', 'resultado', 'eleição', 'pec']"
SÂMIA BOMFIM,PSOL,SP,114.2022,ORDEM DO DIA,13/07/2022,16h36,DCD14/07/2022 PAG. 152,https://www.camara.leg.br/internet/sitaqweb/TextoHTML.asp?etapa=5&nuSessao=114.2022&nuQuarto=605678&nuOrador=6&nuInsercao=6&dtHorarioQuarto=16%3A36&sgFaseSessao=OD&Data=13%2F07%2F2022&txApelido=S%C3%82MIA+BOMFIM&txFaseSessao=Ordem+do+Dia&txTipoSessao=Deliberativa+Extraordin%C3%A1ria+-+CD&dtHoraQuarto=16%3A36,"Alteração, pela Presidência, de preceitos regimentais em prol da aprovação da Proposta de Emenda à Constituição nº 15, de 2022. Orientação de bancada na votação do requerimento de retirada de pauta do Requerimento nº 1.172, de 2022, de quebra de interstício para apreciação, em segundo turno, da Proposta de Emenda à Constituição nº 15, de 2022, a respeito do estabelecimento de diferencial de competitividade para o setor de biocombustíveis.","A
SRA. SÂMIA BOMFIM (PSOL
- SP. Pela ordem. Sem revisão da oradora.) - Presidente, desde o
início desta votação, houve alteração no Regimento três vezes -
durante esta votação! A
primeira delas era o pedido para que os Deputados viessem votar
presencialmente, e o Regimento nos permite votar on-line depois de registrada a presença. A
segunda é um absurdo que passa por cima do art. 70 do nosso
Regimento, fazendo com que o painel do dia de ontem se mantivesse.
Mas o Regimento é expresso ao estabelecer que isso só pode
acontecer durante 1 hora de suspensão de sessão. Arthur Lira passou
por cima disso porque sabia que nós íamos ganhar o principal
destaque, que era retirar o estado de emergência da PEC. A
terceira é o absurdo de ser permitida a presença longe daqui. Os
Deputados não precisam nem vir para cá para conseguir marcar
presença e votar uma alteração constitucional. É isso o que está
acontecendo. Por
isso, o PSOL orienta a obstrução. O que está sendo feito é
absolutamente autoritário, é desrespeitoso e é feito para ganhar
no tapetão. É um golpe contra os Parlamentares e contra o conjunto
da população brasileira.",psol sp ordem revisão orador desde início votação alteração regimento três vez durante votação primeiro pedido viessem votar presencialmente regimento permitir votar online registrar presença segundo absurdo passar cima art 70 regimento painel dia ontem mantiver regimento expresso estabelecer acontecer durante 1 hora suspensão sessão arthur_lira passar cima saber íamos ganhar principal destaque retirar emergência pec terceiro absurdo permiter presença longe vir cá conseguir marcar presença votar alteração constitucional acontecer psol orientar obstrução absolutamente autoritário desrespeitoso ganhar tapetão golpe contra parlamentar contra conjunto população brasileiro,"['psol', 'sp', 'ordem', 'revisão', 'orador', 'desde', 'início', 'votação', 'alteração', 'regimento', 'três', 'vez', 'durante', 'votação', 'primeiro', 'pedido', 'viessem', 'votar', 'presencialmente', 'regimento', 'permitir', 'votar', 'online', 'registrar', 'presença', 'segundo', 'absurdo', 'passar', 'cima', 'art', '70', 'regimento', 'painel', 'dia', 'ontem', 'mantiver', 'regimento', 'expresso', 'estabelecer', 'acontecer', 'durante', '1', 'hora', 'suspensão', 'sessão', 'arthur_lira', 'passar', 'cima', 'saber', 'íamos', 'ganhar', 'principal', 'destaque', 'retirar', 'emergência', 'pec', 'terceiro', 'absurdo', 'permiter', 'presença', 'longe', 'vir', 'cá', 'conseguir', 'marcar', 'presença', 'votar', 'alteração', 'constitucional', 'acontecer', 'psol', 'orientar', 'obstrução', 'absolutamente', 'autoritário', 'desrespeitoso', 'ganhar', 'tapetão', 'golpe', 'contra', 'parlamentar', 'contra', 'conjunto', 'população', 'brasileiro']"
SÂMIA BOMFIM,PSOL,SP,114.2022,ORDEM DO DIA,13/07/2022,16h08,DCD14/07/2022 PAG. 143,https://www.camara.leg.br/internet/sitaqweb/TextoHTML.asp?etapa=5&nuSessao=114.2022&nuQuarto=605671&nuOrador=15&nuInsercao=15&dtHorarioQuarto=16%3A08&sgFaseSessao=OD&Data=13%2F07%2F2022&txApelido=S%C3%82MIA+BOMFIM&txFaseSessao=Ordem+do+Dia&txTipoSessao=Deliberativa+Extraordin%C3%A1ria+-+CD&dtHoraQuarto=16%3A08,"Orientação de bancada na votação do requerimento de destaque supressivo da expressão até o limite de R$ 26.000.000.000,00 (vinte e seis bilhões de reais), incluídos os valores essencialmente necessários para a implementação do benefício, contida no inciso I, art. 5º, do substitutivo apresentado à Proposta de Emenda à Constituição nº 15, de 2022.","A
SRA. SÂMIA BOMFIM (PSOL
- SP. Pela ordem. Sem revisão da oradora.) - A mudança do programa
auxílio emergencial para Auxílio Brasil fez cerca de 20 milhões de
famílias perderem a abrangência, as quais deixaram de receber 600
reais e passaram a receber 400 reais. Esse
destaque é muito importante, porque retira o teto de gastos de 26
bilhões de reais desse programa, ou seja, possibilita que ele seja
ampliado, que sua abrangência seja para mais pessoas. Isso é o que
deveria ser, porque são 20 milhões de famílias que não estão
mais sendo contempladas por um programa social de transferência de
renda. Sem esse limite de gastos, significa que elas poderão ser
contempladas. Mas isso não está contido no texto da PEC. É
por isso que esse destaque do PCdoB é tão importante. Nós
o acompanhamos, orientando ""não"", para que se faça de
fato justiça, e o povo que está com fome possa ser contemplado,
finalmente, com um auxílio de, no mínimo, 600 reais.",psol sp ordem revisão orador mudança programa auxílio emergencial auxílio_brasil cerca 20 milhão família perder abrangência deixar receber 600 real passar receber 400 real destaque importante retirar teto gasto 26 bilhão real programa possibilitar ampliar abrangência pessoa dever 20 milhão família contemplar programa social transferência renda limite gasto significar contempladas contir texto pec destaque pcdob tão importante acompanhar orientar fato justiça povo fome contemplar finalmente auxílio mínimo 600 real,"['psol', 'sp', 'ordem', 'revisão', 'orador', 'mudança', 'programa', 'auxílio', 'emergencial', 'auxílio_brasil', 'cerca', '20', 'milhão', 'família', 'perder', 'abrangência', 'deixar', 'receber', '600', 'real', 'passar', 'receber', '400', 'real', 'destaque', 'importante', 'retirar', 'teto', 'gasto', '26', 'bilhão', 'real', 'programa', 'possibilitar', 'ampliar', 'abrangência', 'pessoa', 'dever', '20', 'milhão', 'família', 'contemplar', 'programa', 'social', 'transferência', 'renda', 'limite', 'gasto', 'significar', 'contempladas', 'contir', 'texto', 'pec', 'destaque', 'pcdob', 'tão', 'importante', 'acompanhar', 'orientar', 'fato', 'justiça', 'povo', 'fome', 'contemplar', 'finalmente', 'auxílio', 'mínimo', '600', 'real']"
SÂMIA BOMFIM,PSOL,SP,114.2022,ORDEM DO DIA,13/07/2022,15h36,DCD14/07/2022 PAG. 133,https://www.camara.leg.br/internet/sitaqweb/TextoHTML.asp?etapa=5&nuSessao=114.2022&nuQuarto=605663&nuOrador=11&nuInsercao=11&dtHorarioQuarto=15%3A36&sgFaseSessao=OD&Data=13%2F07%2F2022&txApelido=S%C3%82MIA+BOMFIM&txFaseSessao=Ordem+do+Dia&txTipoSessao=Deliberativa+Extraordin%C3%A1ria+-+CD&dtHoraQuarto=15%3A36,"Orientação de bancada na votação do requerimento de destaque supressivo da expressão no período de 1º de agosto a 31 de dezembro de 2022, constante no inciso I, art. 5º, do substitutivo apresentado à Proposta de Emenda à Constituição nº 15, de 2022.","A
SRA. SÂMIA BOMFIM (PSOL
- SP. Pela ordem. Sem revisão da oradora.) - Nós orientamos ""não"",
portanto, a favor do destaque, porque ele é uma oportunidade de
corrigir uma das grandes injustiças desta PEC, que é a de
restringir o tempo de acesso ao benefício aos meses entre agosto e
dezembro. Ele possibilita inclusive que haja concessão do benefício
imediatamente. Hoje é apenas dia 13 de julho, e não é justo que
até agosto as pessoas não possam ter acesso a esses 200 reais. Qual
é o problema? O Governo não estava dizendo que está preocupado com
a pressa da fome do povo? Mas vai lá e orienta contra o nosso
destaque? O
destaque também possibilita que o pagamento do benefício vá além
de dezembro, que seja uma política permanente, e não somente
temporária e eleitoreira. Eu disse na Comissão Especial e repito:
se o Governo pudesse, colocaria a vigência do benefício somente até
outubro, mas, para não ficar chato, botou até dezembro, na
esperança de conseguir reverter o resultado eleitoral. Mas não
conseguirão, não conseguirão!",psol sp ordem revisão orador orientar portanto favor destaque oportunidade corrigir grande injustiça pec restringir tempo acesso benefício mês agosto dezembro possibilitar inclusive concessão benefício imediatamente hoje apenas dia 13 julho justo agosto pessoa posser acesso 200 real problema governo preocupado pressa fome povo lá orientar contra destaque destaque possibilitar pagamento benefício além dezembro político permanente somente temporário eleitoreira comissão_especial repito governo colocar vigência benefício somente outubro ficar chato botar dezembro esperança conseguir reverter resultado eleitoral conseguir conseguir,"['psol', 'sp', 'ordem', 'revisão', 'orador', 'orientar', 'portanto', 'favor', 'destaque', 'oportunidade', 'corrigir', 'grande', 'injustiça', 'pec', 'restringir', 'tempo', 'acesso', 'benefício', 'mês', 'agosto', 'dezembro', 'possibilitar', 'inclusive', 'concessão', 'benefício', 'imediatamente', 'hoje', 'apenas', 'dia', '13', 'julho', 'justo', 'agosto', 'pessoa', 'posser', 'acesso', '200', 'real', 'problema', 'governo', 'preocupado', 'pressa', 'fome', 'povo', 'lá', 'orientar', 'contra', 'destaque', 'destaque', 'possibilitar', 'pagamento', 'benefício', 'além', 'dezembro', 'político', 'permanente', 'somente', 'temporário', 'eleitoreira', 'comissão_especial', 'repito', 'governo', 'colocar', 'vigência', 'benefício', 'somente', 'outubro', 'ficar', 'chato', 'botar', 'dezembro', 'esperança', 'conseguir', 'reverter', 'resultado', 'eleitoral', 'conseguir', 'conseguir']"
SÂMIA BOMFIM,PSOL,SP,114.2022,ORDEM DO DIA,13/07/2022,15h16,DCD14/07/2022 PAG. 128,https://www.camara.leg.br/internet/sitaqweb/TextoHTML.asp?etapa=5&nuSessao=114.2022&nuQuarto=605658&nuOrador=3&nuInsercao=3&dtHorarioQuarto=15%3A16&sgFaseSessao=OD&Data=13%2F07%2F2022&txApelido=S%C3%82MIA+BOMFIM&txFaseSessao=Ordem+do+Dia&txTipoSessao=Deliberativa+Extraordin%C3%A1ria+-+CD&dtHoraQuarto=15%3A16,"Encaminhamento da votação do requerimento de destaque supressivo da expressão no período de 1º de agosto a 31 de dezembro de 2022, constante no inciso I, art. 5º, do substitutivo apresentado à Proposta de Emenda à Constituição nº 15, de 2022.","A
SRA. SÂMIA BOMFIM (PSOL
- SP. Sem revisão da oradora.) - Vinte mil famílias deixaram de ser
abrangidas e perderam cobertura a partir do fim do auxílio
emergencial, que nós aprovamos no Congresso Nacional e que
Bolsonaro, mesmo com o nosso protesto, encerrou, simplesmente. São
20 mil famílias... Mil, não, milhões de famílias! Perdão. São
20 milhões de famílias. Ou seja, podem ser 60 milhões de pessoas,
mais ou menos, que deixaram de ser abrangidas por esse benefício. E
o tempo todo o que a base do Governo disse? Simplesmente que não
havia dinheiro, que não havia como garantir benefício para essas
pessoas, que não se podia fazer absolutamente nada. Nós
do PSOL apresentamos um projeto de lei de renda justa, justamente
para que todas essas pessoas pudessem ser abrangidas e para que o
valor do benefício pudesse ser maior. O que Governo ia para a
tribuna dizer? ""Não
há dinheiro, não há como, não há condições"" .
Agora, depois do resultado das pesquisas eleitorais, quando o
Datafolha indica que há possibilidade de o Lula ganhar, inclusive em
primeiro turno, do Bolsonaro, de uma hora para a outra há dinheiro.
Vejam só V.Exas.: há dinheiro, dá para pagar benefício para a
população. Esses
20 milhões de famílias seguirão não contempladas. É importante
que seja dito. Era
preciso ampliar o benefício. De uma hora para a outra, descobrem
que, sim, dá para ampliar o valor para 600 reais. Que coisa! Aí o
Deputado vem à tribuna para dizer que o povo tem pressa, que quem
tem fome tem pressa. Mas a pressa de V.Exas. começa no dia 1º de
agosto e termina no dia 31 de dezembro, e a pressa do povo dura
muitos meses e muitos anos, não só no período eleitoral, não,
Deputado. O
nosso destaque é para que o pagamento do benefício não fique
compreendido somente entre os meses de agosto e dezembro, é para que
caia esse trecho, é para que o benefício seja permanente, na
verdade. Não vão suspender as regras fiscais? Elas precisam, sim,
ser suspensas. É importante que isso seja dito. Nós fizemos várias
críticas a esta PEC, mas nenhuma delas diz respeito ao fato de
furar-se o teto de gastos, porque o teto não precisa ser só furado,
ele precisa ser derrubado. Inclusive, essa vai ser uma exigência
nossa no próximo Governo, depois que o Bolsonaro for derrotado. É
preciso rever essa lógica fiscal que faz com que o Brasil não
invista em áreas sociais e, consequentemente, não cresça, porque
está repetindo o ciclo econômico da austeridade. O
problema desta PEC é que ela é simplesmente eleitoreira, porque só
apareceu agora, apesar de o povo estar com pressa e com fome há
muitos meses. Ela não é uma política permanente de enfrentamento à
pobreza, de enfrentamento à fome e também não enfrenta o PPI, que
é o principal problema do preço dos combustíveis no Brasil. Este
é o nosso destaque. Quem for contrário a ele está dizendo que não
se importa com a fome e a pressa do povo, porque quer que o benefício
se restrinja somente ao período entre agosto e dezembro e que não
seja pago de forma permanente.",psol sp revisão orador vinte mil família deixar abranger perder cobertura partir fim auxílio emergencial aprovar congresso_nacional bolsonaro protesto encerrar simplesmente 20 mil família mil milhão família perdão 20 milhão família 60 milhão pessoa menos deixar abranger benefício tempo todo base governo simplesmente dinheiro garantir benefício pessoa absolutamente nada psol apresentar projeto lei renda justo justamente todo pessoa puder abranger valor benefício puder grande governo tribuna dinheiro condição agora resultar pesquisa eleitoral datafolha indicar possibilidade lula ganhar inclusive primeiro turno bolsonaro hora outro dinheiro vejam vexas dinheiro dar pagar benefício população 20 milhão família seguir contemplar importante preciso ampliar benefício hora outro descobrer sim dar ampliar valor 600 real coisa aí vir tribuna povo pressa fome pressa pressa vexas começar dia 1 agosto terminar dia 31 dezembro pressa povo durar mês ano período eleitoral destaque pagamento benefício ficar compreender somente mês agosto dezembro caia trecho benefício permanente verdade suspender regra fiscal sim suspenso importante fizemos várias crítica pec nenhum respeito fato furarse teto gasto teto furar derrubar inclusive exigência próximo governo bolsonaro derrotar preciso rever lógico fiscal brasil invistir área social consequentemente cresça repetir ciclo econômico austeridade problema pec simplesmente eleitoreira aparecer agora apesar povo pressa fome mês política permanente enfrentamento pobreza enfrentamento fome enfrentar ppi principal problema preço combustível brasil destaque contrário importar fome pressa povo benefício restrinja somente período agosto dezembro pagar forma permanente,"['psol', 'sp', 'revisão', 'orador', 'vinte', 'mil', 'família', 'deixar', 'abranger', 'perder', 'cobertura', 'partir', 'fim', 'auxílio', 'emergencial', 'aprovar', 'congresso_nacional', 'bolsonaro', 'protesto', 'encerrar', 'simplesmente', '20', 'mil', 'família', 'mil', 'milhão', 'família', 'perdão', '20', 'milhão', 'família', '60', 'milhão', 'pessoa', 'menos', 'deixar', 'abranger', 'benefício', 'tempo', 'todo', 'base', 'governo', 'simplesmente', 'dinheiro', 'garantir', 'benefício', 'pessoa', 'absolutamente', 'nada', 'psol', 'apresentar', 'projeto', 'lei', 'renda', 'justo', 'justamente', 'todo', 'pessoa', 'puder', 'abranger', 'valor', 'benefício', 'puder', 'grande', 'governo', 'tribuna', 'dinheiro', 'condição', 'agora', 'resultar', 'pesquisa', 'eleitoral', 'datafolha', 'indicar', 'possibilidade', 'lula', 'ganhar', 'inclusive', 'primeiro', 'turno', 'bolsonaro', 'hora', 'outro', 'dinheiro', 'vejam', 'vexas', 'dinheiro', 'dar', 'pagar', 'benefício', 'população', '20', 'milhão', 'família', 'seguir', 'contemplar', 'importante', 'preciso', 'ampliar', 'benefício', 'hora', 'outro', 'descobrer', 'sim', 'dar', 'ampliar', 'valor', '600', 'real', 'coisa', 'aí', 'vir', 'tribuna', 'povo', 'pressa', 'fome', 'pressa', 'pressa', 'vexas', 'começar', 'dia', '1', 'agosto', 'terminar', 'dia', '31', 'dezembro', 'pressa', 'povo', 'durar', 'mês', 'ano', 'período', 'eleitoral', 'destaque', 'pagamento', 'benefício', 'ficar', 'compreender', 'somente', 'mês', 'agosto', 'dezembro', 'caia', 'trecho', 'benefício', 'permanente', 'verdade', 'suspender', 'regra', 'fiscal', 'sim', 'suspenso', 'importante', 'fizemos', 'várias', 'crítica', 'pec', 'nenhum', 'respeito', 'fato', 'furarse', 'teto', 'gasto', 'teto', 'furar', 'derrubar', 'inclusive', 'exigência', 'próximo', 'governo', 'bolsonaro', 'derrotar', 'preciso', 'rever', 'lógico', 'fiscal', 'brasil', 'invistir', 'área', 'social', 'consequentemente', 'cresça', 'repetir', 'ciclo', 'econômico', 'austeridade', 'problema', 'pec', 'simplesmente', 'eleitoreira', 'aparecer', 'agora', 'apesar', 'povo', 'pressa', 'fome', 'mês', 'política', 'permanente', 'enfrentamento', 'pobreza', 'enfrentamento', 'fome', 'enfrentar', 'ppi', 'principal', 'problema', 'preço', 'combustível', 'brasil', 'destaque', 'contrário', 'importar', 'fome', 'pressa', 'povo', 'benefício', 'restrinja', 'somente', 'período', 'agosto', 'dezembro', 'pagar', 'forma', 'permanente']"
GLAUBER BRAGA,PSOL,RJ,114.2022,ORDEM DO DIA,13/07/2022,14h48,DCD14/07/2022 PAG. 121,https://www.camara.leg.br/internet/sitaqweb/TextoHTML.asp?etapa=5&nuSessao=114.2022&nuQuarto=605651&nuOrador=20&nuInsercao=20&dtHorarioQuarto=14%3A48&sgFaseSessao=OD&Data=13%2F07%2F2022&txApelido=GLAUBER+BRAGA&txFaseSessao=Ordem+do+Dia&txTipoSessao=Deliberativa+Extraordin%C3%A1ria+-+CD&dtHoraQuarto=14%3A48,"Orientação de bancada na votação do requerimento de destaque supressivo da expressão durante 5 (cinco) meses, contida no inciso I, art. 5º, do substitutivo apresentado à Proposta de Emenda à Constituição nº 15, de 2022.","O
SR. GLAUBER BRAGA (PSOL
- RJ. Pela ordem. Sem revisão do orador.) - É isto mesmo: o fato é
que até se conseguiria o quórum de 308 votos, quanto a isso não
haveria dificuldade, mas não se conseguiriam 308 votos ontem para
derrotar o destaque do PSB e o destaque do PSOL, que garantem uma
política de natureza permanente, e não só uma política eleitoral. Eles
tão mentindo para vocês, população brasileira! Aprovaram
aqui uma MP que pega parte significativa do auxílio e remete para os
bancos, através da ampliação do crédito consignado. Esse
é o jogo poderoso que se movimenta nos bastidores do Parlamento. O
PSOL orienta o voto ""não"", a favor do destaque do PSB,
para que a política seja permanente, de apoio às famílias, e não
só eleitoral.",psol rj ordem revisão orador fato conseguir quórum 308 voto quanto dificuldade conseguir 308 voto ontem derrotar destaque psb destaque psol garantir político natureza permanente política eleitoral tão mentir população brasileiro aprovar mp pegar parte significativo auxílio remetir banco através ampliação crédito consignar jogo poderoso movimentar bastidor parlamento psol orientar voto favor destaque psb política permanente apoio família eleitoral,"['psol', 'rj', 'ordem', 'revisão', 'orador', 'fato', 'conseguir', 'quórum', '308', 'voto', 'quanto', 'dificuldade', 'conseguir', '308', 'voto', 'ontem', 'derrotar', 'destaque', 'psb', 'destaque', 'psol', 'garantir', 'político', 'natureza', 'permanente', 'política', 'eleitoral', 'tão', 'mentir', 'população', 'brasileiro', 'aprovar', 'mp', 'pegar', 'parte', 'significativo', 'auxílio', 'remetir', 'banco', 'através', 'ampliação', 'crédito', 'consignar', 'jogo', 'poderoso', 'movimentar', 'bastidor', 'parlamento', 'psol', 'orientar', 'voto', 'favor', 'destaque', 'psb', 'política', 'permanente', 'apoio', 'família', 'eleitoral']"
GLAUBER BRAGA,PSOL,RJ,114.2022,ORDEM DO DIA,13/07/2022,14h12,DCD14/07/2022 PAG. 110,https://www.camara.leg.br/internet/sitaqweb/TextoHTML.asp?etapa=5&nuSessao=114.2022&nuQuarto=605642&nuOrador=13&nuInsercao=13&dtHorarioQuarto=14%3A12&sgFaseSessao=OD&Data=13%2F07%2F2022&txApelido=GLAUBER+BRAGA&txFaseSessao=Ordem+do+Dia&txTipoSessao=Deliberativa+Extraordin%C3%A1ria+-+CD&dtHoraQuarto=14%3A12,"Alteração pela Presidência do sistema de votação da Casa em prol da aprovação da Proposta de Emenda à Constituição nº 15, de 2022, sobre o estabelecimento de diferencial de competitividade para o setor de biocombustíveis.","O
SR. GLAUBER BRAGA (PSOL
- RJ. Pela ordem. Sem revisão do orador.) - Não espero aplausos do
lado de lá. Sei que não os receberei. Aliás, do lado de lá, não
espero absolutamente nada. O fato é que mudou a regra do jogo três
vezes. A primeira vez, numa votação que era híbrida, dizendo que
seria presencial. A segunda, numa suspensão, que seria de 1 hora,
pôde ser realizada no dia seguinte. Agora, para garantir voto de
Deputados que não vieram a Brasília e que são aliados do
Presidente da Câmara dos Deputados, alteraram para ser completamente
virtual, novamente, a possibilidade de voto nesta sessão. Isso
é uma vergonha! Nem Eduardo Cunha teve coragem de fazer isso. Nem
Eduardo Cunha! E vai querer constranger Deputado para que não se
posicione, utilizando Conselho de Ética para dizer que vai cassar? É
uma vergonha! A Mesa está descumprindo a lei.",psol rj ordem revisão orador esperar aplauso lado lá saber receber aliás lado lá esperar absolutamente nada fato mudar regra jogo três vez primeira vez votação híbrer presencial segundo suspensão 1 hora realizar dia seguinte agora garantir voto vier brasília aliado presidente_da_câmara_dos_deputar alterar completamente virtual novamente possibilidade voto sessão vergonho eduardo_cunha coragem eduardo_cunha constranger posicionar utilizar conselho_de_ético cassar vergonha mesa descumprir lei,"['psol', 'rj', 'ordem', 'revisão', 'orador', 'esperar', 'aplauso', 'lado', 'lá', 'saber', 'receber', 'aliás', 'lado', 'lá', 'esperar', 'absolutamente', 'nada', 'fato', 'mudar', 'regra', 'jogo', 'três', 'vez', 'primeira', 'vez', 'votação', 'híbrer', 'presencial', 'segundo', 'suspensão', '1', 'hora', 'realizar', 'dia', 'seguinte', 'agora', 'garantir', 'voto', 'vier', 'brasília', 'aliado', 'presidente_da_câmara_dos_deputar', 'alterar', 'completamente', 'virtual', 'novamente', 'possibilidade', 'voto', 'sessão', 'vergonho', 'eduardo_cunha', 'coragem', 'eduardo_cunha', 'constranger', 'posicionar', 'utilizar', 'conselho_de_ético', 'cassar', 'vergonha', 'mesa', 'descumprir', 'lei']"
GLAUBER BRAGA,PSOL,RJ,114.2022,ORDEM DO DIA,13/07/2022,13h44,DCD14/07/2022 PAG. 100,https://www.camara.leg.br/internet/sitaqweb/TextoHTML.asp?etapa=5&nuSessao=114.2022&nuQuarto=605635&nuOrador=12&nuInsercao=12&dtHorarioQuarto=13%3A44&sgFaseSessao=OD&Data=13%2F07%2F2022&txApelido=GLAUBER+BRAGA&txFaseSessao=Ordem+do+Dia&txTipoSessao=Deliberativa+Extraordin%C3%A1ria+-+CD&dtHoraQuarto=13%3A44,"Orientação de bancada na votação do requerimento de destaque supressivo do termo imprevisível, contido no art. 120 do Ato das Disposições Constitucionais Transitórias - ADCT, na redação dada pelo art. 3º do substitutivo apresentado à Proposta de Emenda à Constituição nº 15, de 2022, e, por decorrência, do mesmo termo constante no art. 1º do substitutivo.","O
SR. GLAUBER BRAGA (PSOL
- RJ. Pela ordem. Sem revisão do orador.) - Esta situação é muito
grave. O destaque do PSOL apresentado no dia de ontem muito
provavelmente seria aprovado, porque a obrigação de colocar 308
votos era do Governo e do Presidente da Câmara, que atua como Líder
do Governo aqui. Hoje nós não vamos conseguir fazê-lo, por conta
desta alteração na regra do jogo. Deputados que nem vieram a
Brasília estão podendo votar de tudo quanto é lugar. O
destaque do PSOL dizia que o benefício tinha que ser permanente para
as pessoas e para as famílias, e não simplesmente eleitoral. Nós
temos que acabar com essa salinha do orçamento secreto que existe
por aqui. Temos que garantir políticas para que as pessoas
sobrevivam, sem que o Centrão tenha o poder de barganha, que faz com
que ele tente operar tudo a partir dos seus próprios interesses. É
preciso que a Polícia Federal investigue mesmo, porque quem teve
mais interesse em que esta votação fosse feita desta forma não foi
a Oposição. O
PSOL está em obstrução.",psol rj ordem revisão orador situação grave destaque psol apresentar dia ontem provavelmente aprovar obrigação colocar 308 voto governo presidente_da_câmara atuar líder   do_governo hoje conseguir fazêlo contar alteração regrar jogo vier brasília votar tudo quanto lugar destaque psol benefício permanente pessoa família simplesmente eleitoral acabar salinha orçamento secreto existir garantir político pessoa sobrevivar centrão barganha tente operar tudo partir próprio interesse preciso polícia_federal investiguar interesse votação forma oposição psol obstrução,"['psol', 'rj', 'ordem', 'revisão', 'orador', 'situação', 'grave', 'destaque', 'psol', 'apresentar', 'dia', 'ontem', 'provavelmente', 'aprovar', 'obrigação', 'colocar', '308', 'voto', 'governo', 'presidente_da_câmara', 'atuar', 'líder', 'do_governo', 'hoje', 'conseguir', 'fazêlo', 'contar', 'alteração', 'regrar', 'jogo', 'vier', 'brasília', 'votar', 'tudo', 'quanto', 'lugar', 'destaque', 'psol', 'benefício', 'permanente', 'pessoa', 'família', 'simplesmente', 'eleitoral', 'acabar', 'salinha', 'orçamento', 'secreto', 'existir', 'garantir', 'político', 'pessoa', 'sobrevivar', 'centrão', 'barganha', 'tente', 'operar', 'tudo', 'partir', 'próprio', 'interesse', 'preciso', 'polícia_federal', 'investiguar', 'interesse', 'votação', 'forma', 'oposição', 'psol', 'obstrução']"
GLAUBER BRAGA,PSOL,RJ,114.2022,ORDEM DO DIA,13/07/2022,12h56,DCD14/07/2022 PAG. 84,https://www.camara.leg.br/internet/sitaqweb/TextoHTML.asp?etapa=5&nuSessao=114.2022&nuQuarto=605623&nuOrador=10&nuInsercao=10&dtHorarioQuarto=12%3A56&sgFaseSessao=OD&Data=13%2F07%2F2022&txApelido=GLAUBER+BRAGA&txFaseSessao=Ordem+do+Dia&txTipoSessao=Deliberativa+Extraordin%C3%A1ria+-+CD&dtHoraQuarto=12%3A56,"Orientação de bancada na votação do requerimento de destaque supressivo da expressão o estado de emergência decorrente da, contida no art. 120 do Ato das Disposições Constitucionais Transitórias - ADCT, na redação dada pelo art. 3º do substitutivo apresentado à Proposta de Emenda à Constituição nº 15, de 2022, e, por decorrência, da expressão estado de emergência reconhecido, constante do § único do mesmo dispositivo; bem como da expressão do estado de emergência decorrente, constante no art. 1º do substitutivo; e da expressão em decorrência do estado de emergência de que trata o caput do art. 120 do Ato das Disposições Constitucionais Transitórias, constante no inciso I, § 3º, do art. 5º do substitutivo.","O
SR. GLAUBER BRAGA (PSOL
- RJ. Pela ordem. Sem revisão do orador.) - Olha, eu acho
interessante que, numa matéria como esta, partidos que normalmente
querem se identificar como se fossem da terceira via fazem o jogo do
Governo. A Direita liberal se fantasia de centro. MDB, PSDB... Fazem
o jogo do Governo Bolsonaro e do Presidente da Câmara. Que centro é
esse? Que alternativa é essa? Nada. Dão sustentação à política
de Bolsonaro. O
PSOL está em obstrução, denunciando o que está acontecendo aqui.
Nós tínhamos um destaque que garantiria que esses benefícios
tivessem natureza permanente e era exatamente esse o medo do
Presidente da Câmara, porque eles teriam que colocar 308 votos para
que o nosso destaque não prevalecesse. Aí, Deputado que nem veio
para Brasília está autorizado a votar, nessa mudança de regra do
jogo que aconteceu hoje aqui. O
PSOL está em obstrução.",psol rj ordem revisão orador olhar achar interessante matéria partido normalmente identificar terceiro via jogo governo direita liberal fantasia centro mdb psdb jogo governo_bolsonaro presidente_da_câmara centro alternativo nada dar sustentação político bolsonaro psol obstrução denunciar acontecer destaque garantir benefício natureza permanente exatamente medo câmara colocar 308 voto destaque prevalecer aí vir brasília autorizar votar mudança regra jogo acontecer hoje psol obstrução,"['psol', 'rj', 'ordem', 'revisão', 'orador', 'olhar', 'achar', 'interessante', 'matéria', 'partido', 'normalmente', 'identificar', 'terceiro', 'via', 'jogo', 'governo', 'direita', 'liberal', 'fantasia', 'centro', 'mdb', 'psdb', 'jogo', 'governo_bolsonaro', 'presidente_da_câmara', 'centro', 'alternativo', 'nada', 'dar', 'sustentação', 'político', 'bolsonaro', 'psol', 'obstrução', 'denunciar', 'acontecer', 'destaque', 'garantir', 'benefício', 'natureza', 'permanente', 'exatamente', 'medo', 'câmara', 'colocar', '308', 'voto', 'destaque', 'prevalecer', 'aí', 'vir', 'brasília', 'autorizar', 'votar', 'mudança', 'regra', 'jogo', 'acontecer', 'hoje', 'psol', 'obstrução']"
GLAUBER BRAGA,PSOL,RJ,114.2022,ORDEM DO DIA,13/07/2022,12h20,DCD14/07/2022 PAG. 73,https://www.camara.leg.br/internet/sitaqweb/TextoHTML.asp?etapa=5&nuSessao=114.2022&nuQuarto=605614&nuOrador=13&nuInsercao=13&dtHorarioQuarto=12%3A20&sgFaseSessao=OD&Data=13%2F07%2F2022&txApelido=GLAUBER+BRAGA&txFaseSessao=Ordem+do+Dia&txTipoSessao=Deliberativa+Extraordin%C3%A1ria+-+CD&dtHoraQuarto=12%3A20,"Orientação de bancada na votação do requerimento de retirada de pauta da Proposta de Emenda à Constituição nº 15, de 2022, sobre o estabelecimento de diferencial de competitividade para o setor de biocombustíveis. Ilegalidade da decisão do Presidente Artur Lira a favor do registro de voto virtual em prol da aprovação da propositura.","O
SR. GLAUBER BRAGA (PSOL
- RJ. Pela ordem. Sem revisão do orador.) - O PSOL evidentemente
está em obstrução. O
que está acontecendo aqui é uma ilegalidade flagrante. O que temos
agora é o regimento do Lira. Ontem
a regra era uma, mas, para se garantir a quantidade de votos,
mudou-se a regra. Aí se mudou a regra de novo, suspendendo-se a
sessão, que não seria mais por 1 hora, poderia ser no dia seguinte.
Hoje, para garantir o voto dos seus aliados que estão não sei onde,
muda-se a regra novamente, e tudo pode ser feito de maneira virtual. Isso
é uma brincadeira! Isso é um absurdo total! Está com medo de não
ter o número de votos suficientes, porque há desacordo, na base do
Governo e no próprio Centrão, nessa distribuição dos 16 bilhões
do orçamento secreto. É exatamente isso. Nós
estamos em obstrução e denunciando para o Brasil que o que está
acontecendo aqui é um descalabro, um absurdo, com o Presidente da
Câmara, autoritário, fazendo um regimento dele, e não o da Câmara.",psol rj ordem revisão orador psol evidentemente obstrução acontecer ilegalidade flagrante agora regimento lira ontem regra garantir quantidade voto mudouse regra aí mudar regra novo suspendendose sessão 1 hora dia seguinte hoje garantir voto aliar saber onde mudase regra novamente tudo maneira virtual brincadeira absurdo total medo número voto suficiente desacordo base governo próprio centrão distribuição 16 bilhão orçamento secreto exatamente obstrução denunciar brasil acontecer descalabro absurdo presidente_da   câmara autoritário regimento câmara,"['psol', 'rj', 'ordem', 'revisão', 'orador', 'psol', 'evidentemente', 'obstrução', 'acontecer', 'ilegalidade', 'flagrante', 'agora', 'regimento', 'lira', 'ontem', 'regra', 'garantir', 'quantidade', 'voto', 'mudouse', 'regra', 'aí', 'mudar', 'regra', 'novo', 'suspendendose', 'sessão', '1', 'hora', 'dia', 'seguinte', 'hoje', 'garantir', 'voto', 'aliar', 'saber', 'onde', 'mudase', 'regra', 'novamente', 'tudo', 'maneira', 'virtual', 'brincadeira', 'absurdo', 'total', 'medo', 'número', 'voto', 'suficiente', 'desacordo', 'base', 'governo', 'próprio', 'centrão', 'distribuição', '16', 'bilhão', 'orçamento', 'secreto', 'exatamente', 'obstrução', 'denunciar', 'brasil', 'acontecer', 'descalabro', 'absurdo', 'presidente_da', 'câmara', 'autoritário', 'regimento', 'câmara']"
GLAUBER BRAGA,PSOL,RJ,113.2022,ORDEM DO DIA,12/07/2022,11h20,DCD13/07/2022 PAG. 144,https://www.camara.leg.br/internet/sitaqweb/TextoHTML.asp?etapa=5&nuSessao=113.2022&nuQuarto=605025&nuOrador=4&nuInsercao=4&dtHorarioQuarto=11%3A20&sgFaseSessao=OD&Data=12%2F07%2F2022&txApelido=GLAUBER+BRAGA&txFaseSessao=Ordem+do+Dia&txTipoSessao=Deliberativa+Extraordin%C3%A1ria+-+CD&dtHoraQuarto=11%3A20,"Razões do não encerramento, pela Presidência, da sessão de votação da Proposta de Emenda à Constituição nº 1, de 2022, a respeito do estabelecimento de estado de emergência, com vista à ampliação do pagamento de benefícios sociais. Ajuizamento de mandado de segurança contra o cerceamento do direito de voto do orador na referida sessão.","O
SR. GLAUBER BRAGA (PSOL
- RJ. Como Líder. Sem revisão do orador.) - Senhoras, senhores e
principalmente quem assiste a sessão neste momento, o que o
Presidente da Câmara não está dizendo é o motivo que o levou a
não encerrar a sessão e abrir um novo painel. A explicação foi
longa, mas essa resposta não veio. E nós precisamos dizer ao
conjunto da população brasileira o que está ocorrendo aqui nos
bastidores. Dois
motivos prioritários levam o Presidente da Câmara a não ter
encerrado a sessão e reaberto o painel. O primeiro motivo é que
Parlamentares aliados dele e da base do Governo já não mais estão
em Brasília, e ele tem medo de não conseguir ter votos suficientes
para uma proposta de emenda à Constituição, que exige 308 votos.
Ponto um. O
ponto dois é o desarranjo dentro da própria base do Governo para a
aprovação, com chantagens ocorrendo de parte a parte, nos
bastidores, para dividir os 16 bilhões de reais do orçamento
secreto. Com
medo, então... (Manifestação
no plenário.) Cale
a boca! Cale a boca! Com
medo, então, de não conseguir os 308 votos necessários, ele não
aceita fazer a reabertura do quórum da sessão. Ele disse que não
pode dizer, não pode afirmar se foi algum Deputado que possa ter
trabalhado por fazer o sistema cair. Ele não afirmou isso. Eu
também não posso afirmar que foi o Presidente da Câmara que usou
este mesmo expediente para garantir o maior controle sobre o processo
de votação. Foi ele que fez isso? Não posso garantir. Então,
quero dizer que estou pessoalmente entrando com mandado de segurança,
porque tive o meu direito de voto, na sessão de ontem, não
autorizado, a partir daquilo que foram os elementos autoritários do
Presidente da Câmara, que quer fazer do Regimento o seu Regimento,
que quer fazer com que as votações ocorram de acordo com o que é
mais adequado para o atendimento dos seus interesses e do Governo
Bolsonaro. Isso
é uma vergonha! Nós não aceitamos!",psol rj líder revisão orador principalmente assistir sessão momento presidente_da_câmara motivo levar encerrar sessão abrir novo painel explicação longo resposta vir conjunto população brasileiro ocorrer bastidor dois motivo prioritário levar presidente_da_câmara encerrar sessão reabrir painel primeiro motivo parlamentar aliar base governo brasília medo conseguir voto suficiente proposta emenda constituição exigir 308 voto ponto ponto dois desarranjo dentro próprio base governo aprovação chantagem ocorrer parte parte bastidor dividir 16 bilhão real orçamento secreto medo então manifestação plenário calar boca calar boca medo então conseguir 308 voto necessário aceitar reabertura quórum sessão afirmar algum possa trabalhar sistema cair afirmar afirmar presidente_da_câmara usar expediente garantir grande controle sobre processo votação garantir então pessoalmente entrar mandar segurança direito votar sessão ontem autorizar partir elemento autoritário presidente_da_câmara regimento regimento votação ocorram acordo adequado atendimento interesse governo   bolsonaro vergonha aceitar,"['psol', 'rj', 'líder', 'revisão', 'orador', 'principalmente', 'assistir', 'sessão', 'momento', 'presidente_da_câmara', 'motivo', 'levar', 'encerrar', 'sessão', 'abrir', 'novo', 'painel', 'explicação', 'longo', 'resposta', 'vir', 'conjunto', 'população', 'brasileiro', 'ocorrer', 'bastidor', 'dois', 'motivo', 'prioritário', 'levar', 'presidente_da_câmara', 'encerrar', 'sessão', 'reabrir', 'painel', 'primeiro', 'motivo', 'parlamentar', 'aliar', 'base', 'governo', 'brasília', 'medo', 'conseguir', 'voto', 'suficiente', 'proposta', 'emenda', 'constituição', 'exigir', '308', 'voto', 'ponto', 'ponto', 'dois', 'desarranjo', 'dentro', 'próprio', 'base', 'governo', 'aprovação', 'chantagem', 'ocorrer', 'parte', 'parte', 'bastidor', 'dividir', '16', 'bilhão', 'real', 'orçamento', 'secreto', 'medo', 'então', 'manifestação', 'plenário', 'calar', 'boca', 'calar', 'boca', 'medo', 'então', 'conseguir', '308', 'voto', 'necessário', 'aceitar', 'reabertura', 'quórum', 'sessão', 'afirmar', 'algum', 'possa', 'trabalhar', 'sistema', 'cair', 'afirmar', 'afirmar', 'presidente_da_câmara', 'usar', 'expediente', 'garantir', 'grande', 'controle', 'sobre', 'processo', 'votação', 'garantir', 'então', 'pessoalmente', 'entrar', 'mandar', 'segurança', 'direito', 'votar', 'sessão', 'ontem', 'autorizar', 'partir', 'elemento', 'autoritário', 'presidente_da_câmara', 'regimento', 'regimento', 'votação', 'ocorram', 'acordo', 'adequado', 'atendimento', 'interesse', 'governo', 'bolsonaro', 'vergonha', 'aceitar']"
GLAUBER BRAGA,PSOL,RJ,113.2022,ORDEM DO DIA,12/07/2022,10h56,DCD13/07/2022 PAG. 136,https://www.camara.leg.br/internet/sitaqweb/TextoHTML.asp?etapa=5&nuSessao=113.2022&nuQuarto=605019&nuOrador=4&nuInsercao=4&dtHorarioQuarto=10%3A56&sgFaseSessao=OD&Data=12%2F07%2F2022&txApelido=GLAUBER+BRAGA&txFaseSessao=Ordem+do+Dia&txTipoSessao=Deliberativa+Extraordin%C3%A1ria+-+CD&dtHoraQuarto=10%3A56,Questão de ordem sobre a abertura de novo painel de votação.,"O
SR. GLAUBER BRAGA (PSOL
- RJ. Para uma questão de ordem. Sem revisão do orador.) - Arts.
184, 185 e seguintes. No
dia de ontem, houve uma deliberação por parte da Presidência da
Casa, de que os Parlamentares votariam presencialmente, colocando por
terra aquilo que era até então a combinação legal, de que
bastaria a presença no plenário para que os Deputados pudessem
fazer uso do seu direito legítimo de votação. Parlamentares que
não puderam se dirigir ao plenário naquele momento, como foi o meu
caso, tiveram o seu direito de voto desrespeitado, e nós não
podemos aceitar de maneira alguma o desrespeito a esse direito de
voto, para que uma matéria venha a ser aprovada ou desaprovada. Combinado
com isso, o senhor tem feito alterações e modificações
regimentais a partir dos seus próprios interesses de votação.
Quando facilita uma aprovação na qual o senhor tem interesse, na
qual a base do Governo tem interesse, a votação é remota, quando
facilita a votação para a base do Governo ou para os interesses do
senhor, a votação é presencial, quando facilita, a votação é
híbrida. Desculpem-me.
Aqui na minha mão estão o Regimento Interno da Câmara dos
Deputados e a Constituição da República. Não
está aqui o Regimento Interno do Deputado Arthur Lira, Presidente da
Câmara dos Deputados. Nós
não podemos aceitar que, a partir de uma decisão autoritária,
unilateral, seja mantido o painel de votação de um dia para o
outro, porque, se isso vira regra, acabou por completo o direito de
obstrução por parte da Oposição. Nós não aceitamos e exigimos
que se abra novo painel de votação. Se assim não for, eu vou ter
que me submeter como Deputado Federal aos desmandos e vontades de um
Presidente autoritário, que depois fica chateado se eu pergunto se
não tem vergonha. Isso
é uma vergonha.",psol rj questão ordem revisão orador arts 184 185 seguinte dia ontem deliberação parte presidência_da   casa parlamentar votar presencialmente colocar terra então combinação legal bastar presença plenário uso direito legítimo votação parlamentar puder dirigir plenário momento caso direito voto desrespeitar aceitar maneira algum desrespeito direito votar matéria vir aprovar desaprovar combinar alteração modificação regimental partir próprio interesse votação facilitar aprovação interessar base governo interessar votação remoto facilitar votação base governo interesse votação presencial facilitar votação híbrer desculpemme mão regimento_interno_da_câmara_dos   constituição_da_repúblico regimento_interno_do_deputado_arthur_lira presidente_da   câmara_dos_deputado aceitar partir decisão autoritário unilateral manter painel votação dia outro virar regra acabar completo direito obstrução parte oposição aceitar exigir abra novo painel votação assim submeter deputado_federal desmando vontade autoritário ficar chateado perguntar vergonha vergonha,"['psol', 'rj', 'questão', 'ordem', 'revisão', 'orador', 'arts', '184', '185', 'seguinte', 'dia', 'ontem', 'deliberação', 'parte', 'presidência_da', 'casa', 'parlamentar', 'votar', 'presencialmente', 'colocar', 'terra', 'então', 'combinação', 'legal', 'bastar', 'presença', 'plenário', 'uso', 'direito', 'legítimo', 'votação', 'parlamentar', 'puder', 'dirigir', 'plenário', 'momento', 'caso', 'direito', 'voto', 'desrespeitar', 'aceitar', 'maneira', 'algum', 'desrespeito', 'direito', 'votar', 'matéria', 'vir', 'aprovar', 'desaprovar', 'combinar', 'alteração', 'modificação', 'regimental', 'partir', 'próprio', 'interesse', 'votação', 'facilitar', 'aprovação', 'interessar', 'base', 'governo', 'interessar', 'votação', 'remoto', 'facilitar', 'votação', 'base', 'governo', 'interesse', 'votação', 'presencial', 'facilitar', 'votação', 'híbrer', 'desculpemme', 'mão', 'regimento_interno_da_câmara_dos', 'constituição_da_repúblico', 'regimento_interno_do_deputado_arthur_lira', 'presidente_da', 'câmara_dos_deputado', 'aceitar', 'partir', 'decisão', 'autoritário', 'unilateral', 'manter', 'painel', 'votação', 'dia', 'outro', 'virar', 'regra', 'acabar', 'completo', 'direito', 'obstrução', 'parte', 'oposição', 'aceitar', 'exigir', 'abra', 'novo', 'painel', 'votação', 'assim', 'submeter', 'deputado_federal', 'desmando', 'vontade', 'autoritário', 'ficar', 'chateado', 'perguntar', 'vergonha', 'vergonha']"
SÂMIA BOMFIM,PSOL,SP,113.2022,ORDEM DO DIA,12/07/2022,19h52,DCD13/07/2022 PAG. 120,https://www.camara.leg.br/internet/sitaqweb/TextoHTML.asp?etapa=5&nuSessao=113.2022&nuQuarto=604793&nuOrador=3&nuInsercao=3&dtHorarioQuarto=19%3A52&sgFaseSessao=OD&Data=12%2F07%2F2022&txApelido=S%C3%82MIA+BOMFIM&txFaseSessao=Ordem+do+Dia&txTipoSessao=Deliberativa+Extraordin%C3%A1ria+-+CD&dtHoraQuarto=19%3A52,"Orientação de bancada na votação do substitutivo da Comissão Especial à Proposta de Emenda à Constituição nº 15, de 2022, acerca da concessão de regime fiscal diferenciado ao setor de biocombustível, ressalvados os destaques.","A
SRA. SÂMIA BOMFIM (PSOL
- SP. Pela ordem. Sem revisão da oradora.) - Presidente, é evidente
que esta é uma PEC eleitoreira. O Governo é capaz de rever a sua
própria defesa do regime fiscal simplesmente para tentar correr
atrás dos fatos que as pesquisas eleitorais apresentam: que o
Bolsonaro vai perder as eleições em outubro. Agora,
portanto, ele tenta fazer o que já deveria ter feito há muito tempo
- há muito tempo! -, que é garantir dinheiro no bolso da população
para que nós possamos enfrentar essa situação de miséria, de
fome, para que a população possa encher o tanque de combustível. O
povo tem fome, e quem tem fome tem pressa. Mas a pressa não começa
em agosto e tampouco acaba em dezembro. É por isso que nós vamos
apresentar um destaque para que os benefícios sejam permanentes,
porque deveriam ter sido implementados há muito tempo, e não só a
partir dos resultados das pesquisas eleitorais. O
PSOL orienta o voto ""sim"".",psol sp ordem revisão orador evidente pec eleitoreira governo capaz rever próprio defesa regime fiscal simplesmente tentar correr atrás fato pesquisa eleitoral apresentar bolsonaro perder eleição outubro agora portanto tentar dever tempo tempo garantir dinheiro bolso população possamos enfrentar situação misério fome população encher tanque combustível povo fome fome pressa pressa começar agosto tampouco acabar dezembro apresentar destaque benefício permanente dever implementar tempo partir resultado pesquisa eleitoral psol orientar voto sim,"['psol', 'sp', 'ordem', 'revisão', 'orador', 'evidente', 'pec', 'eleitoreira', 'governo', 'capaz', 'rever', 'próprio', 'defesa', 'regime', 'fiscal', 'simplesmente', 'tentar', 'correr', 'atrás', 'fato', 'pesquisa', 'eleitoral', 'apresentar', 'bolsonaro', 'perder', 'eleição', 'outubro', 'agora', 'portanto', 'tentar', 'dever', 'tempo', 'tempo', 'garantir', 'dinheiro', 'bolso', 'população', 'possamos', 'enfrentar', 'situação', 'misério', 'fome', 'população', 'encher', 'tanque', 'combustível', 'povo', 'fome', 'fome', 'pressa', 'pressa', 'começar', 'agosto', 'tampouco', 'acabar', 'dezembro', 'apresentar', 'destaque', 'benefício', 'permanente', 'dever', 'implementar', 'tempo', 'partir', 'resultado', 'pesquisa', 'eleitoral', 'psol', 'orientar', 'voto', 'sim']"
TALÍRIA PETRONE,PSOL,RJ,113.2022,ORDEM DO DIA,12/07/2022,19h08,DCD13/07/2022 PAG. 106,https://www.camara.leg.br/internet/sitaqweb/TextoHTML.asp?etapa=5&nuSessao=113.2022&nuQuarto=604782&nuOrador=6&nuInsercao=6&dtHorarioQuarto=19%3A08&sgFaseSessao=OD&Data=12%2F07%2F2022&txApelido=TAL%C3%8DRIA+PETRONE&txFaseSessao=Ordem+do+Dia&txTipoSessao=Deliberativa+Extraordin%C3%A1ria+-+CD&dtHoraQuarto=19%3A08,"Orientação de bancada na votação do requerimento de retirada de pauta da Proposta de Emenda à Constituição nº 15, de 2022, acerca da concessão de regime fiscal diferenciado ao setor de biocombustível. Caráter eleiçoeiro da proposição.","A
SRA. TALÍRIA PETRONE (PSOL
- RJ. Pela ordem. Sem revisão da oradora.) - O PSOL orienta ""não"",
Sr. Presidente, porque nós somos coerentes. Esta PEC é dinheiro na
mesa do povo, um povo que está vivendo um drama que é culpa do
Governo Bolsonaro. Há
33 milhões de famintos, metade da população está convivendo com
algum grau de insegurança alimentar, o preço da cenoura cresce, o
leite está a 9 reais o litro. Está insuportável para o povo
brasileiro. Então, é óbvio, se estamos votando uma matéria que
vai aumentar a renda do povo humilhado por Bolsonaro, nós vamos ser
coerentes. Mas
é preciso denunciar duas coisas. Uma é o caráter eleitoreiro desta
matéria. Lá atrás, Bolsonaro e sua base não quiseram o valor que
estamos votando agora. Querem esse aumento agora para conseguir
diminuir a rejeição que vai tirá-los do poder em outubro. A
segunda denúncia é que a culpa desse horror é de Bolsonaro e sua
base. Então,
em outubro faremos a... (Desligamento
automático do microfone.)",psol rj ordem revisão orador psol orientar sr_presidente coerente pec dinheiro mesa povo povo viver drama culpa governo_bolsonaro 33 milhão faminto metade população conviver algum grau inseguranço alimentar preço cenoura crescer leite 9 real litro insuportável povo brasileiro então óbvio votar matéria aumentar renda povo humilhar bolsonaro coerente preciso denunciar dois coisa caráter eleitoreiro matéria lá atrás bolsonaro base quiseram valor votar agora aumento agora conseguir diminuir rejeição tirálo outubro segundo denúncia culpa horror bolsonaro baser então outubro faremos desligamento automático microfone,"['psol', 'rj', 'ordem', 'revisão', 'orador', 'psol', 'orientar', 'sr_presidente', 'coerente', 'pec', 'dinheiro', 'mesa', 'povo', 'povo', 'viver', 'drama', 'culpa', 'governo_bolsonaro', '33', 'milhão', 'faminto', 'metade', 'população', 'conviver', 'algum', 'grau', 'inseguranço', 'alimentar', 'preço', 'cenoura', 'crescer', 'leite', '9', 'real', 'litro', 'insuportável', 'povo', 'brasileiro', 'então', 'óbvio', 'votar', 'matéria', 'aumentar', 'renda', 'povo', 'humilhar', 'bolsonaro', 'coerente', 'preciso', 'denunciar', 'dois', 'coisa', 'caráter', 'eleitoreiro', 'matéria', 'lá', 'atrás', 'bolsonaro', 'base', 'quiseram', 'valor', 'votar', 'agora', 'aumento', 'agora', 'conseguir', 'diminuir', 'rejeição', 'tirálo', 'outubro', 'segundo', 'denúncia', 'culpa', 'horror', 'bolsonaro', 'baser', 'então', 'outubro', 'faremos', 'desligamento', 'automático', 'microfone']"
SÂMIA BOMFIM,PSOL,SP,113.2022,ORDEM DO DIA,12/07/2022,18h08,DCD13/07/2022 PAG. 89,https://www.camara.leg.br/internet/sitaqweb/TextoHTML.asp?etapa=5&nuSessao=113.2022&nuQuarto=604767&nuOrador=3&nuInsercao=3&dtHorarioQuarto=18%3A08&sgFaseSessao=OD&Data=12%2F07%2F2022&txApelido=S%C3%82MIA+BOMFIM&txFaseSessao=Ordem+do+Dia&txTipoSessao=Deliberativa+Extraordin%C3%A1ria+-+CD&dtHoraQuarto=18%3A08,"Orientação de bancada na votação da Proposta de Emenda à Constituição nº 11, de 2022, acerca da instituição do piso salarial nacional dos profissionais da enfermagem e da parteira, ressalvados os destaques. 
Reconhecimento da ação realizada por enfermeiras culminante na prisão de médico estuprador de parturientes, no Rio de Janeiro, Estado do Rio de Janeiro. Defesa de aprovação do Projeto de Lei nº 2.295, de 2000, sobre o fixação da jornada de trabalho dos profissionais da enfermagem em 30 horas semanais.","A
SRA. SÂMIA BOMFIM (PSOL
- SP. Pela ordem. Sem revisão da oradora.) - Enquanto o Governo
negava a ciência e negava a vacina, eram as trabalhadoras da
enfermagem que salvavam vidas no momento mais difícil do nosso País.
E, nesse final de semana, Deputada Talíria, o trabalho de
enfermeiras e a sensibilidade delas possibilitaram que o Brasil
conhecesse um estuprador no Rio de Janeiro. Foi graças ao trabalho
delas que hoje podemos saber que, infelizmente, as mulheres não
estão seguras nem mesmo no momento do trabalho de parto, o momento
mais sensível e que deveria ser o mais bonito da vida das mulheres
brasileiras. O
que fazemos hoje é um gesto de justiça. São 30 anos de luta pelo
piso salarial. E a luta continua para o estabelecimento de 30 horas
semanais como jornada de trabalho. A enfermagem é uma categoria
majoritariamente feminina que trabalha muito, que ganha pouco e que
merece mais do que aplausos, merece direito, merece dignidade. O
PSOL orienta o voto ""sim"".",psol sp ordem revisão orador enquanto governo negar ciência negar vacina trabalhadora enfermagem salvar vida momento difícil país final semana deputada_talíria trabalho enfermeira sensibilidade possibilitar brasil conhecer estuprador rio_de_janeiro graças trabalho hoje saber infelizmente mulher seguro momento trabalho parto momento sensível dever bonito vida mulher brasileiro hoje gesto justiça 30 ano lutar piso salarial lutar continuar estabelecimento 30 hora semanal jornada trabalho enfermagem categoria majoritariamente feminino trabalhar ganhar pouco merecer aplauso merecer direito merecer dignidade psol orientar voto sim,"['psol', 'sp', 'ordem', 'revisão', 'orador', 'enquanto', 'governo', 'negar', 'ciência', 'negar', 'vacina', 'trabalhadora', 'enfermagem', 'salvar', 'vida', 'momento', 'difícil', 'país', 'final', 'semana', 'deputada_talíria', 'trabalho', 'enfermeira', 'sensibilidade', 'possibilitar', 'brasil', 'conhecer', 'estuprador', 'rio_de_janeiro', 'graças', 'trabalho', 'hoje', 'saber', 'infelizmente', 'mulher', 'seguro', 'momento', 'trabalho', 'parto', 'momento', 'sensível', 'dever', 'bonito', 'vida', 'mulher', 'brasileiro', 'hoje', 'gesto', 'justiça', '30', 'ano', 'lutar', 'piso', 'salarial', 'lutar', 'continuar', 'estabelecimento', '30', 'hora', 'semanal', 'jornada', 'trabalho', 'enfermagem', 'categoria', 'majoritariamente', 'feminino', 'trabalhar', 'ganhar', 'pouco', 'merecer', 'aplauso', 'merecer', 'direito', 'merecer', 'dignidade', 'psol', 'orientar', 'voto', 'sim']"
IVAN VALENTE,PSOL,SP,113.2022,BREVES COMUNICAÇÕES,12/07/2022,16h36,DCD13/07/2022 PAG. 54,https://www.camara.leg.br/internet/sitaqweb/TextoHTML.asp?etapa=5&nuSessao=113.2022&nuQuarto=604744&nuOrador=3&nuInsercao=3&dtHorarioQuarto=16%3A36&sgFaseSessao=BC&Data=12%2F07%2F2022&txApelido=IVAN+VALENTE&txFaseSessao=Breves+Comunica%C3%A7%C3%B5es&txTipoSessao=Deliberativa+Extraordin%C3%A1ria+-+CD&dtHoraQuarto=16%3A36,"Solidariedade aos familiares do militante petista, Marcelo Aloizio de Arruda, assassinado por seguidor do Presidente Jair Bolsonaro, no Município de Foz do Iguaçu, Estado do Paraná. Disseminação do ódio, intolerância e preconceito pelo Presidente da República. Excrescência do chamado orçamento secreto. Crimes de nepotismo, fisiologismo, clientelismo e compra de votos configurados nas emendas de Relator.","O
SR. IVAN VALENTE (PSOL
- SP. Sem revisão do orador.) - Sr. Presidente, Sras. e Srs.
Deputados, assomo à tribuna hoje para tratar de duas questões
rapidamente. Primeiro,
quero expressar a minha solidariedade à família de Marcelo Arruda,
vítima de um bolsonarista assassino, um miliciano que invadiu uma
festa de aniversário, gritando: ""É
Bolsonaro! Morte ao PT!"" Havia
dezenas de familiares lá, e ele cometeu um assassinato. Pelo que
esse cidadão foi movido? Ele foi movido pelo ódio, pela
intolerância, pelo preconceito, sentimentos que são espalhados pelo
Presidente da República, o mesmo que disse: ""Vamos
metralhar a petralhada!"" ,
fazendo um gesto como se estivesse empunhando uma metralhadora. Todo
dia, ele estimula a milícia, o militarismo, as armas, o ódio, a
intolerância. Por isso, nós estamos vendo uma campanha perigosa. Eu
quero dizer desta tribuna que ou nós brecamos o Bolsonaro, esse
fascista delinquente, e a sua gangue, que estimulam o ódio e a
intolerância, ou haverá mais casos fatais. Nós
temos o direito ao diálogo, à democracia, ao embate de ideias. E o
problema não é a polarização, não. A polarização de ideias é
normal. O que não é normal é a arma na mão, a violência causada
por Bolsonaro. Eu quero registrar o nosso repúdio a ele. A sociedade
o está repudiando neste momento. Deixo minha solidariedade à
família. Em
segundo lugar, quero falar da votação, hoje, da LDO e do orçamento
secreto. Quero
dizer ao Presidente do Congresso Nacional e ao Presidente da Câmara
dos Deputados que é uma excrecência existir um orçamento secreto,
existirem Deputados e Senadores que são melhores que outros e
existir uma forma de se capturar o orçamento público! Não
se trata de criminalização da política, Deputado Afonso Florence.
O crime que existe aí é o de corrupção. Com a emenda de Relator,
há crime de nepotismo, crime de fisiologismo, crime de clientelismo
e crime de compra de votos pelo Centrão, para ganhar a eleição e
para proteger Bolsonaro aqui! Quero
perguntar aos Presidentes das Casas do Congresso Nacional: onde estão
a igualdade, a equidade e a isonomia entre os Parlamentares? Não se
trata de fazer... (Desligamento
automático do microfone.) O
SR. PRESIDENTE (Alexandre
Leite. UNIÃO - SP) - Eu peço a V.Exa. que conclua, Deputado Ivan
Valente. O
SR. IVAN VALENTE (PSOL
- SP) - Não se trata de fazer chegarem as verbas aos Municípios.
Trata-se de reeleger Parlamentares. O
orçamento é público, tem que ter planejamento público e tem que
garantir a igualdade, como ocorre com as emendas individuais e de
Comissão. O resto é roubo, é malandragem, é ilegal, é
inconstitucional, é imoral. Emenda
de Relator é corrupção!",psol sp revisão orador sr_presidente assomo tribuna hoje tratar dois questão rapidamente primeiro expressar solidariedade família marcelo_arruda vítima bolsonarista assassino miliciano invadir festa aniversário gritar bolsonaro morter pt dezena familiar lá cometer assassinato cidadão mover movir ódio intolerância preconceito sentimento espalhar presidente_da_república metralhar petralhar gesto empunhar metralhadora todo dia estimular milícia militarismo arma ódio intolerância ver campanha perigoso querar tribuna brecamos bolsonaro fascista delinquente gangue estimular ódio intolerância caso fatal direito diálogo democracia embate ideia problema polarização polarização ideia normal normal arma mão violência causar bolsonaro registrar repúdio sociedade repudiar momento deixar solidariedade família segundo lugar querar votação hoje ldo orçamento secreto presidente_do_congresso_nacional presidente_da_câmara   dos_deputados excrecência existir orçamento secreto existir senador bom outro existir forma capturar orçamento público tratar criminalização político deputado_afonso_florence crime existir aí corrupção emenda relator crime nepotismo crime fisiologismo crime clientelismo crime comprar voto centrão ganhar eleição proteger bolsonaro perguntar presidentes_das_casas_do_congresso_nacional onde igualdade equidade isonomia parlamentar tratar desligamento automático microfone alexandre   leite uniãor sp peçar vexo conclua deputado_ivan   valente psol sp tratar chegar verba município tratase reeleger parlamentar orçamento público planejamento público garantir igualdade ocorrer emenda individual comissão resto roubo malandragem ilegal inconstitucional imoral emenda relator corrupção,"['psol', 'sp', 'revisão', 'orador', 'sr_presidente', 'assomo', 'tribuna', 'hoje', 'tratar', 'dois', 'questão', 'rapidamente', 'primeiro', 'expressar', 'solidariedade', 'família', 'marcelo_arruda', 'vítima', 'bolsonarista', 'assassino', 'miliciano', 'invadir', 'festa', 'aniversário', 'gritar', 'bolsonaro', 'morter', 'pt', 'dezena', 'familiar', 'lá', 'cometer', 'assassinato', 'cidadão', 'mover', 'movir', 'ódio', 'intolerância', 'preconceito', 'sentimento', 'espalhar', 'presidente_da_república', 'metralhar', 'petralhar', 'gesto', 'empunhar', 'metralhadora', 'todo', 'dia', 'estimular', 'milícia', 'militarismo', 'arma', 'ódio', 'intolerância', 'ver', 'campanha', 'perigoso', 'querar', 'tribuna', 'brecamos', 'bolsonaro', 'fascista', 'delinquente', 'gangue', 'estimular', 'ódio', 'intolerância', 'caso', 'fatal', 'direito', 'diálogo', 'democracia', 'embate', 'ideia', 'problema', 'polarização', 'polarização', 'ideia', 'normal', 'normal', 'arma', 'mão', 'violência', 'causar', 'bolsonaro', 'registrar', 'repúdio', 'sociedade', 'repudiar', 'momento', 'deixar', 'solidariedade', 'família', 'segundo', 'lugar', 'querar', 'votação', 'hoje', 'ldo', 'orçamento', 'secreto', 'presidente_do_congresso_nacional', 'presidente_da_câmara', 'dos_deputados', 'excrecência', 'existir', 'orçamento', 'secreto', 'existir', 'senador', 'bom', 'outro', 'existir', 'forma', 'capturar', 'orçamento', 'público', 'tratar', 'criminalização', 'político', 'deputado_afonso_florence', 'crime', 'existir', 'aí', 'corrupção', 'emenda', 'relator', 'crime', 'nepotismo', 'crime', 'fisiologismo', 'crime', 'clientelismo', 'crime', 'comprar', 'voto', 'centrão', 'ganhar', 'eleição', 'proteger', 'bolsonaro', 'perguntar', 'presidentes_das_casas_do_congresso_nacional', 'onde', 'igualdade', 'equidade', 'isonomia', 'parlamentar', 'tratar', 'desligamento', 'automático', 'microfone', 'alexandre', 'leite', 'uniãor', 'sp', 'peçar', 'vexo', 'conclua', 'deputado_ivan', 'valente', 'psol', 'sp', 'tratar', 'chegar', 'verba', 'município', 'tratase', 'reeleger', 'parlamentar', 'orçamento', 'público', 'planejamento', 'público', 'garantir', 'igualdade', 'ocorrer', 'emenda', 'individual', 'comissão', 'resto', 'roubo', 'malandragem', 'ilegal', 'inconstitucional', 'imoral', 'emenda', 'relator', 'corrupção']"
IVAN VALENTE,PSOL,SP,110.2022,ORDEM DO DIA,07/07/2022,19h24,DCD08/07/2022 PAG. 95,https://www.camara.leg.br/internet/sitaqweb/TextoHTML.asp?etapa=5&nuSessao=110.2022&nuQuarto=601902&nuOrador=7&nuInsercao=7&dtHorarioQuarto=19%3A24&sgFaseSessao=OD&Data=07%2F07%2F2022&txApelido=IVAN+VALENTE&txFaseSessao=Ordem+do+Dia&txTipoSessao=Deliberativa+Extraordin%C3%A1ria+-+CD&dtHoraQuarto=19%3A24,"Orientação de bancada na votação do requerimento de encerramento da discussão da Proposta de Emenda à Constituição nº 15, de 2022, sobre alteração do art. 225 da Constituição Federal para estabelecimento de diferencial de competitividade para os biocombustíveis; inclusão do art. 120 no Ato das Disposições Constitucionais Transitórias para reconhecimento do estado de emergência decorrente da elevação extraordinária e imprevisível dos preços do petróleo, combustíveis e seus derivados e dos impactos sociais dela decorrentes; autorização à União de entrega de auxílio financeiro aos Estados e ao Distrito Federal, optantes pela outorga de créditos tributários do Imposto sobre Operações relativas à Circulação de Mercadorias e sobre Prestações de Serviços de Transporte Interestadual e Intermunicipal e de Comunicação (ICMS) aos produtores e distribuidores de etanol hidratado; expansão do auxílio Gás dos Brasileiros, constante na Lei nº 14.237, de 2021; instituição do auxílio para caminhoneiros autônomos; expansão do Programa Auxílio Brasil, constante na Lei nº 14.284, de 2021; e instituição de auxílio para o financiamento, por entes da Federação, da gratuidade do transporte público.","O
SR. IVAN VALENTE (PSOL
- SP. Pela ordem. Sem revisão do orador.) - Sr. Presidente, o PSOL
vota ""não"". Queria
responder a um Parlamentar que disse que todos os outros governos
pagavam dívida e que este dá benesses ao povo. Ele não sabe,
possivelmente, como marinheiro de primeira viagem, que o Paulo
Guedes, o Governo Bolsonaro paga mais de 500 bilhões de reais por
ano de juros, inclusive. Esta é a base do Governo: trabalhar para o
capital financeiro. O Bolsonaro negava o Bolsa Família, falava que o
programa era farelo, falava que era eleitoreiro. Então,
é muito cinismo o que vemos aqui, é muita desfaçatez. Quando sair
todo o imbróglio que é esse ""orçamento secreto"" e quem
está se beneficiando disso, com a corrupção e a compra de votos, a
situação vai piorar muito. Por
isso, nós temos que debater mais o assunto.",psol sp ordem revisão orador sr_presidente psol votar responder parlamentar todo outro governo pagar dívida dar benesse povo saber possivelmente marinheiro primeiro viagem paulo   guedes governo_bolsonaro pagar 500 bilhão real ano juro inclusive base governo trabalhar capital financeiro bolsonaro negar bolsa_família programa farelo eleitoreiro então cinismo ver muita desfaçatez sair todo imbróglio orçamento secreto beneficiar corrupção comprar voto situação piorar debater assunto,"['psol', 'sp', 'ordem', 'revisão', 'orador', 'sr_presidente', 'psol', 'votar', 'responder', 'parlamentar', 'todo', 'outro', 'governo', 'pagar', 'dívida', 'dar', 'benesse', 'povo', 'saber', 'possivelmente', 'marinheiro', 'primeiro', 'viagem', 'paulo', 'guedes', 'governo_bolsonaro', 'pagar', '500', 'bilhão', 'real', 'ano', 'juro', 'inclusive', 'base', 'governo', 'trabalhar', 'capital', 'financeiro', 'bolsonaro', 'negar', 'bolsa_família', 'programa', 'farelo', 'eleitoreiro', 'então', 'cinismo', 'ver', 'muita', 'desfaçatez', 'sair', 'todo', 'imbróglio', 'orçamento', 'secreto', 'beneficiar', 'corrupção', 'comprar', 'voto', 'situação', 'piorar', 'debater', 'assunto']"
IVAN VALENTE,PSOL,SP,110.2022,ORDEM DO DIA,07/07/2022,18h28,DCD08/07/2022 PAG. 80,https://www.camara.leg.br/internet/sitaqweb/TextoHTML.asp?etapa=5&nuSessao=110.2022&nuQuarto=601888&nuOrador=1&nuInsercao=1&dtHorarioQuarto=18%3A28&sgFaseSessao=OD&Data=07%2F07%2F2022&txApelido=IVAN+VALENTE&txFaseSessao=Ordem+do+Dia&txTipoSessao=Deliberativa+Extraordin%C3%A1ria+-+CD&dtHoraQuarto=18%3A28,"Discussão, em primeiro turno, da Proposta de Emenda à Constituição nº 15, de 2022, sobre alteração do art. 225 da Constituição Federal para estabelecimento de diferencial de competitividade para os biocombustíveis; inclusão do art. 120 no Ato das Disposições Constitucionais Transitórias para reconhecimento do estado de emergência decorrente da elevação extraordinária e imprevisível dos preços do petróleo, combustíveis e seus derivados e dos impactos sociais dela decorrentes; autorização à União de entrega de auxílio financeiro aos Estados e ao Distrito Federal, optantes pela outorga de créditos tributários do Imposto sobre Operações relativas à Circulação de Mercadorias e sobre Prestações de Serviços de Transporte Interestadual e Intermunicipal e de Comunicação (ICMS) aos produtores e distribuidores de etanol hidratado; expansão do auxílio Gás dos Brasileiros, constante na Lei nº 14.237, de 2021; instituição do auxílio para caminhoneiros autônomos; expansão do Programa Auxílio Brasil, constante na Lei nº 14.284, de 2021; e instituição de auxílio para o financiamento, por entes da Federação, da gratuidade do transporte público.","O
SR. IVAN VALENTE (PSOL
- SP. Sem revisão do orador.) - Sr. Presidente, Sras. e Srs.
Deputados, nós só podemos classificar essa proposta de emenda à
Constituição de ""PEC do desespero eleitoral"". Há o
desespero eleitoral do Bolsonaro, que sabe que já perdeu a eleição,
e isso aqui também não vai reverter, e há também o desespero do
Centrão, que, mesmo com todo rolo das emendas de Relator do
orçamento secreto, sabe não vai conseguir empurrar Bolsonaro. Hoje
mesmo há mais denúncia de corrupção relacionada à emenda de
Relator. Acabou de sair na revista Piauí que
todas as emendas que vão para o Maranhão, via SUS, estão
superfaturadas, e o Ministério da Saúde sabe disso também. E
há outra questão: não há emergência. Isso é uma farsa, não é
verdade. Não há emergência. Criou-se uma situação. Eu quero
lembrar aqui desta tribuna que o Paulo Guedes, em janeiro de 2021,
acabou com o estado de emergência. Ele suspendeu o estado de
emergência, porque não havia mais emergência de COVID. Nós
queríamos que continuasse, e ele parou de pagar o auxílio
emergencial naquele momento. Em
terceiro lugar, quero falar de coerência e por que nós vamos votar
favoravelmente. Quanto a teto de gastos, regra de ouro, Lei de
Responsabilidade Fiscal, o PSOL sempre se colocou a favor de uma lei
de responsabilidade social. Essa é a verdade. Teto de gastos até
2036 é para massacrar trabalhadores e para não ter dinheiro para a
saúde, para a educação, para o serviço público, etc. Isso é uma
grande mentira. É óbvio que é preciso socorrer os trabalhadores.
Por isso, nós éramos favoráveis a colocar para o auxílio
emergencial - naquela época o PSOL apresentou um projeto nesse
sentido - um valor superior a 800 reais, com caráter permanente.
Isso vai ser o teor da emenda que vamos apresentar a esta PEC neste
momento. Por
isso, quero dizer a vocês que há coerência. Nós votamos a favor
da criação do vale-gás, de todos os auxílios que são necessários
para combater a miséria, a fome, o desemprego, tudo isso que
Bolsonaro impôs ao País. Agora
eu quero dizer das incoerências de Bolsonaro e de uma outra figura
chamada Paulo Guedes. Há inclusive um álbum com uma figura de um
rosto perdido no meio da multidão, e as crianças e os jovens têm
que procurá-lo, Onde
está o Wally? O
Wally está escondido aí no meio. Ele não dá entrevistas. Ele
sumiu. É o rei do ajuste fiscal. Paulo Guedes é um impostor,
salafrário, e o Bolsonaro é mentiroso. Estou pegando aqui o que ele
disse sobre o Bolsa Família. Deputado Bira do Pindaré, na época em
que era Deputado, ele dizia: ""Isso
aí se chama 'bolsa farelo'"". Então,
isso é compra de votos mesmo. Há declarações dele no Congresso
em Foco ,
resumidas. E
há mais do que isso: ele defendeu colocar um ponto final no Bolsa
Família. Ele disse que, se tiver que fazer demagogia com o Bolsa
Família, é porque não quer ganhar a eleição. Isso Bolsonaro
disse. E ele atacou as mulheres. Ele disse o seguinte: ""As
mulheres solteiras querem engravidar para receber mais 70 reais"" .
Isso é Bolsonaro na veia! Isso é demagogia. Ele
não quer aumentar nada, ele quer ganhar a eleição, é disso que se
trata. Mas a inflação já vai comer o aumento de 400 reais para 600
reais. Por isso, nós queremos um auxílio emergencial que seja
permanente, para que as pessoas passem por esse momento, essa crise,
etc. Em
relação ao preço dos combustíveis, eles mantêm a paridade de
preços internacionais. Eu quero denunciar desta tribuna a falsidade
de Bolsonaro. Falou em vender a PETROBRAS, para quê? Para explodir
os preços. Falaram em fazer CPI da PETROBRAS. Querem mais vergonha
do que isso? Que CPI? É CPI da corrupção no MEC, é CPI da
corrupção no Ministério da Saúde, é CPI em todo o Governo, que é
encoberto. Por
isso, nós entendemos que essa PEC eleitoral não levantará
Bolsonaro nas eleições.",psol sp revisão orador r_presidente classificar proposta emenda constituição pec desespero eleitoral desespero eleitoral bolsonaro saber perder eleição reverter desespero centrão todo rolo emenda relator orçamento secreto saber conseguir empurrar bolsonaro hoje denúncia corrupção relacionar emenda relator acabar sair revista piauí todo emenda maranhão via sus superfaturar ministério_da_saúde saber disso outro questão emergêncio farsa verdade emergência criouse situação lembrar tribuna paulo_guedes janeiro 2021 acabar emergência suspender emergência emergência covid queríamos continuar parar pagar auxílio emergencial momento terceiro lugar querar coerência votar favoravelmente quanto teto gasto regra ouro lei_de   responsabilidade_fiscal psol sempre colocar favor lei responsabilidade social verdade teto gasto 2036 massacrar trabalhador dinheiro saúde educação serviço público etc grande mentira óbvio preciso socorrer trabalhador favorável colocar auxílio emergencial época psol apresentar projeto sentido valor superior 800 real caráter permanente teor emenda apresentar pec momento querar coerência votar favor criação valegás todo auxílio necessário combater misério fome desemprego tudo bolsonaro impor país agora quero incoerência bolsonaro outro figura chamar paulo_guedes inclusive álbum figurar rosto perder meio multidão criança jovem procurálo onde wally wally esconder aí meio dar entrevista sumir rei ajuste fiscal paulo_guedes impostor salafrário bolsonaro mentiroso pegar sobre bolsa_família deputado_bira_do_pindaré época aí chamar bolsa farelo então comprar voto declaração congresso   em_foco resumir defender colocar ponto final bolsa   família demagogia bolsa   família ganhar eleição bolsonaro atacar mulher seguinte mulher solteiro engravidar receber 70 real bolsonaro veia demagogia aumentar nada ganhar eleição tratar inflação comer aumento 400 real 600 real auxílio emergencial permanente pessoa passar momento crise etc relação preço combustível manter paridade preço internacional denunciar tribuna falsidade bolsonaro vender petrobra quê explodir preço cpi petrobra vergonha cpi cpi corrupção mec cpi corrupção ministério_da_saúde cpi todo governo encoberto entender pec eleitoral levantar bolsonaro eleição,"['psol', 'sp', 'revisão', 'orador', 'r_presidente', 'classificar', 'proposta', 'emenda', 'constituição', 'pec', 'desespero', 'eleitoral', 'desespero', 'eleitoral', 'bolsonaro', 'saber', 'perder', 'eleição', 'reverter', 'desespero', 'centrão', 'todo', 'rolo', 'emenda', 'relator', 'orçamento', 'secreto', 'saber', 'conseguir', 'empurrar', 'bolsonaro', 'hoje', 'denúncia', 'corrupção', 'relacionar', 'emenda', 'relator', 'acabar', 'sair', 'revista', 'piauí', 'todo', 'emenda', 'maranhão', 'via', 'sus', 'superfaturar', 'ministério_da_saúde', 'saber', 'disso', 'outro', 'questão', 'emergêncio', 'farsa', 'verdade', 'emergência', 'criouse', 'situação', 'lembrar', 'tribuna', 'paulo_guedes', 'janeiro', '2021', 'acabar', 'emergência', 'suspender', 'emergência', 'emergência', 'covid', 'queríamos', 'continuar', 'parar', 'pagar', 'auxílio', 'emergencial', 'momento', 'terceiro', 'lugar', 'querar', 'coerência', 'votar', 'favoravelmente', 'quanto', 'teto', 'gasto', 'regra', 'ouro', 'lei_de', 'responsabilidade_fiscal', 'psol', 'sempre', 'colocar', 'favor', 'lei', 'responsabilidade', 'social', 'verdade', 'teto', 'gasto', '2036', 'massacrar', 'trabalhador', 'dinheiro', 'saúde', 'educação', 'serviço', 'público', 'etc', 'grande', 'mentira', 'óbvio', 'preciso', 'socorrer', 'trabalhador', 'favorável', 'colocar', 'auxílio', 'emergencial', 'época', 'psol', 'apresentar', 'projeto', 'sentido', 'valor', 'superior', '800', 'real', 'caráter', 'permanente', 'teor', 'emenda', 'apresentar', 'pec', 'momento', 'querar', 'coerência', 'votar', 'favor', 'criação', 'valegás', 'todo', 'auxílio', 'necessário', 'combater', 'misério', 'fome', 'desemprego', 'tudo', 'bolsonaro', 'impor', 'país', 'agora', 'quero', 'incoerência', 'bolsonaro', 'outro', 'figura', 'chamar', 'paulo_guedes', 'inclusive', 'álbum', 'figurar', 'rosto', 'perder', 'meio', 'multidão', 'criança', 'jovem', 'procurálo', 'onde', 'wally', 'wally', 'esconder', 'aí', 'meio', 'dar', 'entrevista', 'sumir', 'rei', 'ajuste', 'fiscal', 'paulo_guedes', 'impostor', 'salafrário', 'bolsonaro', 'mentiroso', 'pegar', 'sobre', 'bolsa_família', 'deputado_bira_do_pindaré', 'época', 'aí', 'chamar', 'bolsa', 'farelo', 'então', 'comprar', 'voto', 'declaração', 'congresso', 'em_foco', 'resumir', 'defender', 'colocar', 'ponto', 'final', 'bolsa', 'família', 'demagogia', 'bolsa', 'família', 'ganhar', 'eleição', 'bolsonaro', 'atacar', 'mulher', 'seguinte', 'mulher', 'solteiro', 'engravidar', 'receber', '70', 'real', 'bolsonaro', 'veia', 'demagogia', 'aumentar', 'nada', 'ganhar', 'eleição', 'tratar', 'inflação', 'comer', 'aumento', '400', 'real', '600', 'real', 'auxílio', 'emergencial', 'permanente', 'pessoa', 'passar', 'momento', 'crise', 'etc', 'relação', 'preço', 'combustível', 'manter', 'paridade', 'preço', 'internacional', 'denunciar', 'tribuna', 'falsidade', 'bolsonaro', 'vender', 'petrobra', 'quê', 'explodir', 'preço', 'cpi', 'petrobra', 'vergonha', 'cpi', 'cpi', 'corrupção', 'mec', 'cpi', 'corrupção', 'ministério_da_saúde', 'cpi', 'todo', 'governo', 'encoberto', 'entender', 'pec', 'eleitoral', 'levantar', 'bolsonaro', 'eleição']"
SÂMIA BOMFIM,PSOL,SP,110.2022,ORDEM DO DIA,07/07/2022,17h44,DCD08/07/2022 PAG. 69,https://www.camara.leg.br/internet/sitaqweb/TextoHTML.asp?etapa=5&nuSessao=110.2022&nuQuarto=601877&nuOrador=4&nuInsercao=4&dtHorarioQuarto=17%3A44&sgFaseSessao=OD&Data=07%2F07%2F2022&txApelido=S%C3%82MIA+BOMFIM&txFaseSessao=Ordem+do+Dia&txTipoSessao=Deliberativa+Extraordin%C3%A1ria+-+CD&dtHoraQuarto=17%3A44,"Posicionamento sobre a votação do requerimento de dispensa do interstício de 2 sessões, previsto no § 5º do artigo 202 do Regimento Interno, para apreciação do primeiro turno da Proposta de Emenda à Constituição nº 15, de 2022, sobre alteração do art. 225 da Constituição Federal para estabelecimento de diferencial de competitividade para os biocombustíveis; inclusão do art. 120 no Ato das Disposições Constitucionais Transitórias para reconhecimento do estado de emergência decorrente da elevação extraordinária e imprevisível dos preços do petróleo, combustíveis e seus derivados e dos impactos sociais dela decorrentes; autorização à União de entrega de auxílio financeiro aos Estados e ao Distrito Federal, optantes pela outorga de créditos tributários do Imposto sobre Operações relativas à Circulação de Mercadorias e sobre Prestações de Serviços de Transporte Interestadual e Intermunicipal e de Comunicação (ICMS) aos produtores e distribuidores de etanol hidratado; expansão do auxílio Gás dos Brasileiros, constante na Lei nº 14.237, de 2021; instituição do auxílio para caminhoneiros autônomos; expansão do Programa Auxílio Brasil, constante na Lei nº 14.284, de 2021; e instituição de auxílio para o financiamento, por entes da Federação, da gratuidade do transporte público.","A
SRA. SÂMIA BOMFIM (PSOL
- SP. Pela ordem. Sem revisão da oradora.) - O Presidente Bolsonaro
e sua base descobriram hoje que quem tem fome tem pressa. Quem tem
fome tem pressa há muitos meses, há muitos anos. A pressa não
começa em 1º de agosto e não termina em 31 de dezembro, porque é
isso o que vocês estão propondo com essa PEC. E
não é pela pressa do povo que está sendo votada a quebra de
interstício. Na verdade, ela está sendo votada pela pressa de se
entrar em recesso, para todo mundo voltar às bases e fazer campanha
eleitoral. Sejamos francos, Presidente, todo mundo sabe que é disso
que se trata. Uma
alteração constitucional precisa ser tratada com todo o cuidado,
com detalhamento, com discussão, e não de forma açodada. Nós
vamos votar duas quebras de interstício no dia de hoje. Houve a
reunião na Comissão Especial, o primeiro e o segundo turnos no
mesmo dia, para, na segunda-feira, o povo poder fazer campanha. Pelo
amor de Deus, o que está acontecendo aqui? Estão querendo fazer (expressão
retirada por determinação da Presidência), porque
essa é a palavra, em cima da miséria do povo. O
SR. PRESIDENTE (Arthur
Lira. PP - AL) - Só para deixar claro, eu peço que se retire das
notas taquigráficas a expressão ""palhaçada com o Regimento"". E,
para deixar esclarecido, Deputada Sâmia, na semana que vem, haverá
sessão normal na Câmara dos Deputados. A
SRA. SÂMIA BOMFIM (PSOL
- SP) - Eu espero que haja quórum, Presidente. Eu quero ver todo
mundo aqui, dando presença. O
SR. PRESIDENTE (Arthur
Lira. PP - AL) - Semana que vem, inclusive, haverá ainda a votação
da LDO e de matérias importantes. O recesso é só a partir do dia
15.",psol sp ordem revisão oradora presidente_bolsonaro base descobrir hoje fome presso fome pressa mês ano pressa começar 1 agosto terminar 31 dezembro propor pec pressa povo votar quebra interstício verdade votar pressa entrar recesso todo mundo voltar base campanha eleitoral franco todo mundo saber tratar alteração constitucional tratar todo cuidado detalhamento discussãor forma açodar votar dois quebra interstício dia hoje reunião comissão_especial primeiro segundo turno dia segundafeira povo campanha amor deus acontecer expressão retirar determinação presidência palavra cima misério povo arthur   lira pp al deixar claro peço retirar nota taquigráfico expressão palhaçar regimento deixar esclarecer deputada_sâmia semana vir sessão normal câmara_dos_deputado psol sp esperar quórum ver todo mundo dar presença arthur   lira pp al semana vir inclusive ainda votação ldo matéria importante recesso partir dia 15,"['psol', 'sp', 'ordem', 'revisão', 'oradora', 'presidente_bolsonaro', 'base', 'descobrir', 'hoje', 'fome', 'presso', 'fome', 'pressa', 'mês', 'ano', 'pressa', 'começar', '1', 'agosto', 'terminar', '31', 'dezembro', 'propor', 'pec', 'pressa', 'povo', 'votar', 'quebra', 'interstício', 'verdade', 'votar', 'pressa', 'entrar', 'recesso', 'todo', 'mundo', 'voltar', 'base', 'campanha', 'eleitoral', 'franco', 'todo', 'mundo', 'saber', 'tratar', 'alteração', 'constitucional', 'tratar', 'todo', 'cuidado', 'detalhamento', 'discussãor', 'forma', 'açodar', 'votar', 'dois', 'quebra', 'interstício', 'dia', 'hoje', 'reunião', 'comissão_especial', 'primeiro', 'segundo', 'turno', 'dia', 'segundafeira', 'povo', 'campanha', 'amor', 'deus', 'acontecer', 'expressão', 'retirar', 'determinação', 'presidência', 'palavra', 'cima', 'misério', 'povo', 'arthur', 'lira', 'pp', 'al', 'deixar', 'claro', 'peço', 'retirar', 'nota', 'taquigráfico', 'expressão', 'palhaçar', 'regimento', 'deixar', 'esclarecer', 'deputada_sâmia', 'semana', 'vir', 'sessão', 'normal', 'câmara_dos_deputado', 'psol', 'sp', 'esperar', 'quórum', 'ver', 'todo', 'mundo', 'dar', 'presença', 'arthur', 'lira', 'pp', 'al', 'semana', 'vir', 'inclusive', 'ainda', 'votação', 'ldo', 'matéria', 'importante', 'recesso', 'partir', 'dia', '15']"
SÂMIA BOMFIM,PSOL,SP,110.2022,ORDEM DO DIA,07/07/2022,17h16,DCD08/07/2022 PAG. 58,https://www.camara.leg.br/internet/sitaqweb/TextoHTML.asp?etapa=5&nuSessao=110.2022&nuQuarto=601870&nuOrador=11&nuInsercao=11&dtHorarioQuarto=17%3A16&sgFaseSessao=OD&Data=07%2F07%2F2022&txApelido=S%C3%82MIA+BOMFIM&txFaseSessao=Ordem+do+Dia&txTipoSessao=Deliberativa+Extraordin%C3%A1ria+-+CD&dtHoraQuarto=17%3A16,"Questão de ordem sobre prioridade de votação, na presente sessão, da Proposta de Emenda à Constituição nº 11, de 2022, em relação à Proposta de Emenda à Constituição nº 15, de 2022.","A
SRA. SÂMIA BOMFIM (PSOL
- SP. Para uma questão de ordem. Sem revisão da oradora.) -
Maravilha, Presidente! Questão
de ordem com base no art. 88, inciso Ve parágrafo único, combinado
com o art. 86 do Regimento Interno da Câmara dos Deputados. A
questão de ordem é basicamente para entendermos por qual critério
se deu a ordem da votação no dia de hoje. A Proposta de Emenda à
Constituição nº 11, de 2022, deveria ter sido votada antes da
Proposta de Emenda à Constituição nº 15, de 2022, também por um
critério de razoabilidade política, Presidente. Sabemos
que a PEC da Enfermagem - é claro que existem Parlamentares
contrários, inclusive a bancada do NOVO, que devem apresentar a sua
obstrução, devem apresentar os seus destaques - é uma PEC, salvo
essas exceções, consensual, é uma PEC tranquila, sem grandes
polêmicas. Na Comissão Especial, houve amplo debate. Os
trabalhadores da enfermagem estão muito ansiosos para que finalmente
ela seja aprovada. Então, além da ordem regimental, segundo a qual
a PEC 11 deveria vir antes da PEC 15, também por um critério
político de razoabilidade, seria importante que ela fosse votada
antes. Sabemos
que a PEC 15 terá vários destaques. Há muita discussão, há muita
controvérsia sobre se seria necessário estado de calamidade nesse
contexto ou não, sobre a quebra das regras fiscais, à qual nós
particularmente somos favoráveis - e sabemos que isso também é
polêmico. Portanto,
o objetivo é tirar a PEC da Enfermagem das eventuais polêmicas em
torno da PEC 15; é não utilizar a PEC da Enfermagem também como
uma chantagem, como se nós, de alguma forma, não quiséssemos
votá-la. Pelo contrário, queremos votá-la imediatamente,
quereremos votá-la já. Então,
é importante que comecemos a votação pela PEC da Enfermagem.
Depois, iremos para a PEC 15, com o tempo que for necessário, com os
destaques que forem necessários, com a polêmica que for necessária. Além
de ser uma questão regimental, é um apelo político de uma
razoabilidade, considerando que sabemos o que vai acontecer no dia de
hoje. Obrigada. O
SR. PRESIDENTE (Arthur
Lira. PP - AL) - Deputada Sâmia Bomfim, com todo o respeito à
questão de ordem de V.Exa., as PECs, independentemente do número,
se encontram e chegaram ao Plenário no mesmo estágio. Então,
por discricionariedade desta Presidência, nós vamos votar as duas
PECs hoje no Plenário. Eu acredito inclusive que haverá unanimidade
nas duas PECs. Não tenho nem dúvida disso. Nas discussões, talvez,
um e outro vão discordar, mas com uma larga vantagem, o que não
reflete - é lógico! - a dificuldade de chegada ao Plenário da PEC
15, após passar pela Comissão, na qual foi garantido um amplo
debate. E aqui também será debatida. Então,
não há outra possibilidade. A proposição já foi lida, já está
em votação, em processo de discussão de requerimento de quebra de
interstício. Já foi lido aqui inclusive o requerimento da PEC 15. Eu
peço compreensão às Deputadas Alice Portugal, Carmen Zanotto,
Sâmia Bomfim e a todos os Deputados que votarão com muita
efusividade e, com certeza, muita alegria a PEC 11. Nós
sabemos que é só metade do caminho do PL da Enfermagem. Que isso
sirva de recado para a Casa, que tem deixado poucas Deputadas com a
obrigação de encontrar lastro orçamentário para se cumprir o piso
do PL da Enfermagem. Tem
a palavra o Deputado Kim Kataguiri.",psol sp questão ordem revisão orador maravilho  questão ordem base art 88 inciso ver parágrafo único combinar art 86 regimento_interno_da_câmara_dos_deputar questão ordem basicamente entender critério dar ordem votação dia hoje proposta_de_emenda_à   constituição 11 2022 dever votar antes proposta_de_emenda_à_constituição 15 2022 critério razoabilidade político saber pec_da_enfermagem claro existir parlamentar   contrário inclusive bancada novo dever apresentar obstrução dever apresentar destaque pec salvo exceção consensual pec tranquilo grande polêmica comissão_especial amplo debate trabalhador enfermagem ansioso finalmente aprovar então além ordem regimental segundo pec 11 dever vir antes pec 15 critério político razoabilidade importante votar antes saber pec 15 vários destaque discussão controvérsia sobre necessário estado calamidade contexto sobre quebra regra fiscal particularmente favorável saber polêmico portanto objetivo tirar pec_da_enfermagem eventual polêmica torno pec 15 utilizar pec_da_enfermagem chantagem algum forma quiséssemos votála contrário votála imediatamente quererer votála então importante comecer votação pec_da_enfermagem pec 15 tempo necessário destaque necessário polêmica necessário além questão regimental apelo político razoabilidade considerar saber acontecer dia hoje obrigar arthur   lira pp al deputada_sâmia_bomfim todo respeito questão ordem vexo pecs independentemente número encontrar chegar plenário estágio então discricionariedade presidência votar dois pecs hoje plenário acreditar inclusive unanimidade dois pecs dúvida discussão talvez outro discordar largo vantagem refletir lógico dificuldade chegar plenário_da_pec 15 após passar comissão garanter amplo debate debatir então outro possibilidade proposição ler votação processo discussãor requerimento quebra interstício ler inclusive requerimento pec 15 peçar compreensão deputadas_alice_portugal carmen_zanotto sâmia_bomfim todo votar efusividade certeza alegria pec 11 saber metade caminho pl_da_enfermagem sirva recar casa deixar pouco obrigação encontrar lastro orçamentário cumprir piso pl_da_enfermagem palavra deputado_kim_kataguiri,"['psol', 'sp', 'questão', 'ordem', 'revisão', 'orador', 'maravilho', 'questão', 'ordem', 'base', 'art', '88', 'inciso', 'ver', 'parágrafo', 'único', 'combinar', 'art', '86', 'regimento_interno_da_câmara_dos_deputar', 'questão', 'ordem', 'basicamente', 'entender', 'critério', 'dar', 'ordem', 'votação', 'dia', 'hoje', 'proposta_de_emenda_à', 'constituição', '11', '2022', 'dever', 'votar', 'antes', 'proposta_de_emenda_à_constituição', '15', '2022', 'critério', 'razoabilidade', 'político', 'saber', 'pec_da_enfermagem', 'claro', 'existir', 'parlamentar', 'contrário', 'inclusive', 'bancada', 'novo', 'dever', 'apresentar', 'obstrução', 'dever', 'apresentar', 'destaque', 'pec', 'salvo', 'exceção', 'consensual', 'pec', 'tranquilo', 'grande', 'polêmica', 'comissão_especial', 'amplo', 'debate', 'trabalhador', 'enfermagem', 'ansioso', 'finalmente', 'aprovar', 'então', 'além', 'ordem', 'regimental', 'segundo', 'pec', '11', 'dever', 'vir', 'antes', 'pec', '15', 'critério', 'político', 'razoabilidade', 'importante', 'votar', 'antes', 'saber', 'pec', '15', 'vários', 'destaque', 'discussão', 'controvérsia', 'sobre', 'necessário', 'estado', 'calamidade', 'contexto', 'sobre', 'quebra', 'regra', 'fiscal', 'particularmente', 'favorável', 'saber', 'polêmico', 'portanto', 'objetivo', 'tirar', 'pec_da_enfermagem', 'eventual', 'polêmica', 'torno', 'pec', '15', 'utilizar', 'pec_da_enfermagem', 'chantagem', 'algum', 'forma', 'quiséssemos', 'votála', 'contrário', 'votála', 'imediatamente', 'quererer', 'votála', 'então', 'importante', 'comecer', 'votação', 'pec_da_enfermagem', 'pec', '15', 'tempo', 'necessário', 'destaque', 'necessário', 'polêmica', 'necessário', 'além', 'questão', 'regimental', 'apelo', 'político', 'razoabilidade', 'considerar', 'saber', 'acontecer', 'dia', 'hoje', 'obrigar', 'arthur', 'lira', 'pp', 'al', 'deputada_sâmia_bomfim', 'todo', 'respeito', 'questão', 'ordem', 'vexo', 'pecs', 'independentemente', 'número', 'encontrar', 'chegar', 'plenário', 'estágio', 'então', 'discricionariedade', 'presidência', 'votar', 'dois', 'pecs', 'hoje', 'plenário', 'acreditar', 'inclusive', 'unanimidade', 'dois', 'pecs', 'dúvida', 'discussão', 'talvez', 'outro', 'discordar', 'largo', 'vantagem', 'refletir', 'lógico', 'dificuldade', 'chegar', 'plenário_da_pec', '15', 'após', 'passar', 'comissão', 'garanter', 'amplo', 'debate', 'debatir', 'então', 'outro', 'possibilidade', 'proposição', 'ler', 'votação', 'processo', 'discussãor', 'requerimento', 'quebra', 'interstício', 'ler', 'inclusive', 'requerimento', 'pec', '15', 'peçar', 'compreensão', 'deputadas_alice_portugal', 'carmen_zanotto', 'sâmia_bomfim', 'todo', 'votar', 'efusividade', 'certeza', 'alegria', 'pec', '11', 'saber', 'metade', 'caminho', 'pl_da_enfermagem', 'sirva', 'recar', 'casa', 'deixar', 'pouco', 'obrigação', 'encontrar', 'lastro', 'orçamentário', 'cumprir', 'piso', 'pl_da_enfermagem', 'palavra', 'deputado_kim_kataguiri']"
VIVI REIS,PSOL,PA,108.2022,ORDEM DO DIA,06/07/2022,21h20,DCD07/07/2022 PAG. 192,https://www.camara.leg.br/internet/sitaqweb/TextoHTML.asp?etapa=5&nuSessao=108.2022&nuQuarto=601067&nuOrador=7&nuInsercao=7&dtHorarioQuarto=21%3A20&sgFaseSessao=OD&Data=06%2F07%2F2022&txApelido=VIVI+REIS&txFaseSessao=Ordem+do+Dia&txTipoSessao=Deliberativa+Extraordin%C3%A1ria+-+CD&dtHoraQuarto=21%3A20,"Desmonte das políticas de Estado em relação à defesa dos territórios e dos direitos dos povos indígenas, segundo relatos obtidos pela Comissão Externa destinada ao acompanhamento das investigações sobre o assassinato do indigenista Bruno Pereira e do jornalista britânico Dom Philips. Aprovação, pela referida Comissão, de indicação ao Poder Executivo de afastamento imediato do Presidente da FUNAI, Marcelo Xavier.","A
SRA. VIVI REIS (PSOL
- PA. Como Líder. Sem revisão da oradora.) - Muito obrigada. Desde
já, solicito que minha fala seja divulgada no programa A
Voz do Brasil e em todos os veículos de comunicação da Câmara dos Deputados. Eu
sou Relatora da Comissão Externa que está acompanhando as
investigações sobre o brutal assassinato de Bruno e de Dom. Por
meio dessa Comissão Externa, na semana passada, realizamos
diligência em que escutamos lideranças indígenas, autoridades e
servidores da FUNAI. O que percebemos a partir dessas falas? O
desmonte das políticas, um Estado brasileiro ausente, que não
responde à altura das demandas hoje postas em relação à defesa
dos territórios e dos direitos dos povos indígenas, e à garantia
da vida tanto dos povos indígenas como de servidores da FUNAI. Ao
contrário, a FUNAI segue prestando um desserviço, com uma política
contra os povos indígenas, e não garante o mínimo de condição de
trabalho para seus servidores. Ela não garante nem ao menos o
básico, que seria segurança, no sentido de que os servidores
realizem o trabalho sem estarem com um alvo nas costas. Esta foi uma
fala muito forte, que nós escutamos por parte tanto dos indígenas
quanto dos servidores da FUNAI: ""Estamos
com um alvo nas costas!"" E
nada foi feito após a morte de Bruno e de Dom. Antes
mesmo do assassinato deles, houve o caso Maxciel, em 2019, também
assassinado na região. Diversas pessoas estão sendo ameaçadas de
morte. Precisamos fazer com que essas pessoas tenham garantia de
vida, por meio de políticas, para que elas não sejam mais
ameaçadas, para que possam de fato ter condição de seguir com seu
trabalho e sua vida, sem a insegurança de não poderem nem ao menos
ir à esquina comprar pão ou realizar qualquer outra atividade
diária! Por
fim, quero já registrar que hoje aprovamos, na Comissão Externa, a
indicação ao Poder Executivo de afastamento imediato do Sr. Marcelo
Xavier, Presidente da FUNAI. Hoje a FUNAI não representa, de fato,
uma política de defesa dos povos indígenas e não garante aos seus
servidores condições de trabalho dignas. Nós exigimos o
afastamento do Presidente da FUNAI, o Sr. Marcelo Xavier. Aprovamos
esse requerimento e vamos seguir fazendo pressão, exigindo a saída
do Presidente, porque não é de hoje que há o anseio, a necessidade
de se retirá-lo do cargo. ""Fora,
Marcelo Xavier!"" Esse é o desejo dos povos indígenas do País,
esse é o desejo dos servidores, que são comprometidos e estão
cansados de perseguição, que estão cansados de serem alvos da
política de morte de Jair Bolsonaro. ""Fora,
Bolsonaro!"" ""Fora, Marcelo Xavier!' Vamos seguir defendendo
a luta, a vida e o direito dos povos indígenas e dos trabalhadores e
servidores públicos deste País.",psol pa líder revisão orador obrigar desde solicito divulgar programa   voz_do_brasil todo veículo comunicação câmara_dos_deputado relatora_da_comissão_externo acompanhar investigação sobre brutal assassinato bruno dom meio comissão_externa semana passado realizar diligência escutar liderança indígena autoridade servidor funai perceber partir fala desmonte político estado_brasileiro ausente responder altura demanda hoje posto relação defesa território direito povo indígena garanter vida tanto povo indígena servidor funai contrário funai seguir prestar desserviço política contra povo indígena garantir pequeno condição trabalho servidor garantir menos básico segurança sentido servidor realizem trabalho alvo costa forte escutar parte tanto indígena quanto servidor funai alvo costa nada após morte bruno dom antes assassinato caso maxciel 2019 assassinar região diversos pessoa ameaçar morte pessoa garanter vida meio político ameaçar fato condição seguir trabalho vida inseguranço pouco esquina comprar pão realizar qualquer outro atividade diário fim registrar hoje aprovar comissão_externa indicação poder_executivo afastamento imediato sr_marcelo   xavier funai hoje funai representar fato político defesa povo indígena garantir servidor condição trabalho digna exigir afastamento funai sr_marcelo_xavier aprovar requerimento seguir pressão exigir saída hoje anseio necessidade retirálo cargo marcelo_xavier desejo povo indígena país desejo servidor comprometir cansar perseguição cansado alvo político morte jair_bolsonaro bolsonaro marcelo_xavier seguir defender luta vida direito povo indígena trabalhador servidor público país,"['psol', 'pa', 'líder', 'revisão', 'orador', 'obrigar', 'desde', 'solicito', 'divulgar', 'programa', 'voz_do_brasil', 'todo', 'veículo', 'comunicação', 'câmara_dos_deputado', 'relatora_da_comissão_externo', 'acompanhar', 'investigação', 'sobre', 'brutal', 'assassinato', 'bruno', 'dom', 'meio', 'comissão_externa', 'semana', 'passado', 'realizar', 'diligência', 'escutar', 'liderança', 'indígena', 'autoridade', 'servidor', 'funai', 'perceber', 'partir', 'fala', 'desmonte', 'político', 'estado_brasileiro', 'ausente', 'responder', 'altura', 'demanda', 'hoje', 'posto', 'relação', 'defesa', 'território', 'direito', 'povo', 'indígena', 'garanter', 'vida', 'tanto', 'povo', 'indígena', 'servidor', 'funai', 'contrário', 'funai', 'seguir', 'prestar', 'desserviço', 'política', 'contra', 'povo', 'indígena', 'garantir', 'pequeno', 'condição', 'trabalho', 'servidor', 'garantir', 'menos', 'básico', 'segurança', 'sentido', 'servidor', 'realizem', 'trabalho', 'alvo', 'costa', 'forte', 'escutar', 'parte', 'tanto', 'indígena', 'quanto', 'servidor', 'funai', 'alvo', 'costa', 'nada', 'após', 'morte', 'bruno', 'dom', 'antes', 'assassinato', 'caso', 'maxciel', '2019', 'assassinar', 'região', 'diversos', 'pessoa', 'ameaçar', 'morte', 'pessoa', 'garanter', 'vida', 'meio', 'político', 'ameaçar', 'fato', 'condição', 'seguir', 'trabalho', 'vida', 'inseguranço', 'pouco', 'esquina', 'comprar', 'pão', 'realizar', 'qualquer', 'outro', 'atividade', 'diário', 'fim', 'registrar', 'hoje', 'aprovar', 'comissão_externa', 'indicação', 'poder_executivo', 'afastamento', 'imediato', 'sr_marcelo', 'xavier', 'funai', 'hoje', 'funai', 'representar', 'fato', 'político', 'defesa', 'povo', 'indígena', 'garantir', 'servidor', 'condição', 'trabalho', 'digna', 'exigir', 'afastamento', 'funai', 'sr_marcelo_xavier', 'aprovar', 'requerimento', 'seguir', 'pressão', 'exigir', 'saída', 'hoje', 'anseio', 'necessidade', 'retirálo', 'cargo', 'marcelo_xavier', 'desejo', 'povo', 'indígena', 'país', 'desejo', 'servidor', 'comprometir', 'cansar', 'perseguição', 'cansado', 'alvo', 'político', 'morte', 'jair_bolsonaro', 'bolsonaro', 'marcelo_xavier', 'seguir', 'defender', 'luta', 'vida', 'direito', 'povo', 'indígena', 'trabalhador', 'servidor', 'público', 'país']"
VIVI REIS,PSOL,PA,108.2022,ORDEM DO DIA,06/07/2022,20h44,DCD07/07/2022 PAG. 180,https://www.camara.leg.br/internet/sitaqweb/TextoHTML.asp?etapa=5&nuSessao=108.2022&nuQuarto=601058&nuOrador=4&nuInsercao=4&dtHorarioQuarto=20%3A44&sgFaseSessao=OD&Data=06%2F07%2F2022&txApelido=VIVI+REIS&txFaseSessao=Ordem+do+Dia&txTipoSessao=Deliberativa+Extraordin%C3%A1ria+-+CD&dtHoraQuarto=20%3A44,"Orientação de bancada na votação do requerimento para supressão do art. 213 do substitutivo apresentado ao Projeto de Lei nº 1.153, de 2019, sobre alteração da Lei nº 9.615, de 1998, acerca da instituição de normas gerais sobre desporto (Lei Pelé), para divisão em seções do Capítulo V - DA PRÁTICA DESPORTIVA PROFISSIONAL e para acréscimo de dispositivo relativo aos atletas de base.","A
SRA. VIVI REIS (PSOL
- PA. Pela ordem. Sem revisão da oradora.) - O PSOL orienta ""não"". Orientamos
""não"", tendo em vista que, com a supressão desse item,
vai ser mantido o que já vem sendo preconizado pela LDB. Então,
buscamos fazer um encaminhamento em defesa do conjunto desses
trabalhadores da educação básica, para que possamos de fato seguir
as diretrizes que já são preconizadas, que já estão garantidas
por lei. Portanto, não é necessário esse item. Ele pode ser, sim,
suprimido. A
nossa orientação é de voto ""não"" ao texto.",psol pa ordem revisão orador psol orientar orientar ver supressão item manter vir preconizar ldb então buscar encaminhamento defesa conjunto trabalhador educação básico possamos fato seguir diretriz preconizar garantir lei portanto necessário item sim suprimer orientação voto texto,"['psol', 'pa', 'ordem', 'revisão', 'orador', 'psol', 'orientar', 'orientar', 'ver', 'supressão', 'item', 'manter', 'vir', 'preconizar', 'ldb', 'então', 'buscar', 'encaminhamento', 'defesa', 'conjunto', 'trabalhador', 'educação', 'básico', 'possamos', 'fato', 'seguir', 'diretriz', 'preconizar', 'garantir', 'lei', 'portanto', 'necessário', 'item', 'sim', 'suprimer', 'orientação', 'voto', 'texto']"
FERNANDA MELCHIONNA,PSOL,RS,108.2022,ORDEM DO DIA,06/07/2022,20h00,DCD07/07/2022 PAG. 167,https://www.camara.leg.br/internet/sitaqweb/TextoHTML.asp?etapa=5&nuSessao=108.2022&nuQuarto=601047&nuOrador=22&nuInsercao=22&dtHorarioQuarto=20%3A00&sgFaseSessao=OD&Data=06%2F07%2F2022&txApelido=FERNANDA+MELCHIONNA&txFaseSessao=Ordem+do+Dia&txTipoSessao=Deliberativa+Extraordin%C3%A1ria+-+CD&dtHoraQuarto=20%3A00,"Pedido aos Líderes partidários de realização de acordo com vistas à apresentação de requerimento de destaque para supressão do art. 110 do substitutivo apresentado ao Projeto de Lei nº 1.153, de 2019, sobre alteração da Lei nº 9.615, de 1998, acerca da instituição de normas gerais sobre desporto (Lei Pelé), para divisão em seções do Capítulo V - DA PRÁTICA DESPORTIVA PROFISSIONAL e para acréscimo de dispositivo relativo aos atletas de base.","A
SRA. FERNANDA MELCHIONNA (PSOL
- RS. Pela ordem. Sem revisão da oradora.) - Presidente, eu estava
fazendo um pedido aos partidos da Minoria e da Oposição. Também
quero pedir a atenção de V.Exa. e de todos os partidos aqui do
plenário. Este
projeto tem dois artigos que tratam de isenção de todos os
impostos. O art. 109, que está sendo derrubado agora por todos os
partidos da Câmara, é para associações que tenham relação com
as agências de promoção de eventos. O outro é para as agências
de produção de eventos, também sem critérios, sem contrapartidas
- é o art. 110. Como
sabemos, só havia como fazer um destaque e o fizemos sobre o que nós
achávamos pior, que eram as associações ainda vinculadas. Mas o
art. 110 tem o mesmo intuito. Sabemos que não temos como fazer uma
destaque agora. Mas, se houver acordo entre todos os partidos - pelo
que estou vendo ali, será unânime -, poderia se suprimir o art. 110
também, uma vez que trata da mesma matéria, a isenção tributária
de todos os tributos, sem nenhum critério de contrapartida ou de
benefício social. Deixo
essa questão pela ordem, não a V.Exa., porque sei que não poderia
encaminhá-la, mas aos partidos.",psol rs ordem revisão orador pedir partido minorio oposição pedir atenção vexo todo partido plenário projeto dois artigo tratar isenção todo imposto art 109 derrubar agora todo partido câmara associação relação agência promoçãor evento outro agência produção evento critério contrapartida art 110 saber destaque fizemos sobre achar pior associação ainda vincular art 110 intuito saber destaque agora acordo todo partido ver unânime suprimir art 110 vez tratar matéria isenção tributário todo tributo nenhum critério contrapartida benefício social deixar questão ordem vexo saber encaminhála partido,"['psol', 'rs', 'ordem', 'revisão', 'orador', 'pedir', 'partido', 'minorio', 'oposição', 'pedir', 'atenção', 'vexo', 'todo', 'partido', 'plenário', 'projeto', 'dois', 'artigo', 'tratar', 'isenção', 'todo', 'imposto', 'art', '109', 'derrubar', 'agora', 'todo', 'partido', 'câmara', 'associação', 'relação', 'agência', 'promoçãor', 'evento', 'outro', 'agência', 'produção', 'evento', 'critério', 'contrapartida', 'art', '110', 'saber', 'destaque', 'fizemos', 'sobre', 'achar', 'pior', 'associação', 'ainda', 'vincular', 'art', '110', 'intuito', 'saber', 'destaque', 'agora', 'acordo', 'todo', 'partido', 'ver', 'unânime', 'suprimir', 'art', '110', 'vez', 'tratar', 'matéria', 'isenção', 'tributário', 'todo', 'tributo', 'nenhum', 'critério', 'contrapartida', 'benefício', 'social', 'deixar', 'questão', 'ordem', 'vexo', 'saber', 'encaminhála', 'partido']"
VIVI REIS,PSOL,PA,108.2022,ORDEM DO DIA,06/07/2022,19h56,DCD07/07/2022 PAG. 165,https://www.camara.leg.br/internet/sitaqweb/TextoHTML.asp?etapa=5&nuSessao=108.2022&nuQuarto=601046&nuOrador=11&nuInsercao=11&dtHorarioQuarto=19%3A56&sgFaseSessao=OD&Data=06%2F07%2F2022&txApelido=VIVI+REIS&txFaseSessao=Ordem+do+Dia&txTipoSessao=Deliberativa+Extraordin%C3%A1ria+-+CD&dtHoraQuarto=19%3A56,"Orientação de bancada na votação do requerimento de destaque para votação em separado do art. 109 do substitutivo apresentado ao Projeto de Lei nº 1.153, de 2019, sobre alteração da Lei nº 9.615, de 1998, acerca da instituição de normas gerais sobre desporto (Lei Pelé), para divisão em seções do Capítulo V - DA PRÁTICA DESPORTIVA PROFISSIONAL e para acréscimo de dispositivo relativo aos atletas de base.","A
SRA. VIVI REIS (PSOL
- PA. Pela ordem. Sem revisão da oradora.) - O PSOL orienta o voto
""não"", Presidente. Inclusive
quero destacar aqui que o item que nós buscamos suprimir não fala
nada nem a respeito do tamanho das empresas nem quais seriam as
contrapartidas. Então, é um item que realmente tem que ser excluído
desta matéria. Também
quero falar da importância do que nós estamos falando aqui, do
incentivo ao esporte, do incentivo aos atletas. E não podermos
incluir nessa proposta incentivo a empresas vinculadas às que vão
fazer os eventos esportivos, ou seja, é o descontrole total de uma
arrecadação necessária. Precisamos de impostos que sejam
destinados às áreas sociais, às áreas básicas que vão ser
benéficas para a população. Então,
por óbvio, o PSOL orienta o voto ""não"". Estamos aqui
defendendo a supressão deste item na matéria.",psol pa ordem revisão orador psol orientar voto inclusive destacar item buscar suprimir nada respeito tamanho empresa contrapartida então item realmente excluir matéria querar importância incentivo esporte incentivo atleta podermos incluir proposta incentivo empresa vincular evento esportivo descontrole total arrecadação necessário imposto destinar área social área básico benéfico população então óbvio psol orientar voto defender supressão item matéria,"['psol', 'pa', 'ordem', 'revisão', 'orador', 'psol', 'orientar', 'voto', 'inclusive', 'destacar', 'item', 'buscar', 'suprimir', 'nada', 'respeito', 'tamanho', 'empresa', 'contrapartida', 'então', 'item', 'realmente', 'excluir', 'matéria', 'querar', 'importância', 'incentivo', 'esporte', 'incentivo', 'atleta', 'podermos', 'incluir', 'proposta', 'incentivo', 'empresa', 'vincular', 'evento', 'esportivo', 'descontrole', 'total', 'arrecadação', 'necessário', 'imposto', 'destinar', 'área', 'social', 'área', 'básico', 'benéfico', 'população', 'então', 'óbvio', 'psol', 'orientar', 'voto', 'defender', 'supressão', 'item', 'matéria']"
VIVI REIS,PSOL,PA,108.2022,ORDEM DO DIA,06/07/2022,19h48,DCD07/07/2022 PAG. 160,https://www.camara.leg.br/internet/sitaqweb/TextoHTML.asp?etapa=5&nuSessao=108.2022&nuQuarto=601044&nuOrador=4&nuInsercao=4&dtHorarioQuarto=19%3A48&sgFaseSessao=OD&Data=06%2F07%2F2022&txApelido=VIVI+REIS&txFaseSessao=Ordem+do+Dia&txTipoSessao=Deliberativa+Extraordin%C3%A1ria+-+CD&dtHoraQuarto=19%3A48,"Encaminhamento da votação do requerimento de destaque para votação em separado do art. 109 do substitutivo apresentado ao Projeto de Lei nº 1.153, de 2019, sobre alteração da Lei nº 9.615, de 1998, acerca da instituição de normas gerais sobre desporto (Lei Pelé), para divisão em seções do Capítulo V - DA PRÁTICA DESPORTIVA PROFISSIONAL e para acréscimo de dispositivo relativo aos atletas de base.","A
SRA. VIVI REIS (PSOL
- PA. Sem revisão da oradora.) - Presidente, o destaque do PSOL visa
suprimir o item que fala a respeito da concessão de isenção de
impostos para empresas de eventos esportivos e empresas vinculadas. É
muito importante, caros Deputados e Deputadas, refletirmos o quanto
isso vai interferir diretamente no recolhimento dos impostos que vão
beneficiar os Municípios e os Estados, os quais serão voltados para
as políticas de seguridade. Então, precisamos aqui suprimir o item
que visa essa isenção de impostos. Nós
também precisamos refletir aqui sobre a questão das empresas
vinculadas. Esse é um conceito muito amplo. Então, na prática, vai
haver um descontrole a respeito dessa isenção de impostos. Não vai
ser pago um imposto que pode beneficiar diretamente os Estados e os
Municípios e vai para o Fundo de Participação dos Estados e dos
Municípios. E essa arrecadação pode fazer falta em outras
políticas. Então,
é importante que tenhamos a consciência de que não dá para fazer
essa liberação, não dá para fazer essa concessão de isenção de
impostos para essas empresas, tanto de eventos esportivos como as
vinculadas. E não sabemos quais são essas empresas vinculadas. Num
projeto como este, em que estamos caminhando aqui com um debate muito
produtivo para conseguir fazer um acúmulo e ter um resultado final
de fato importante para o conjunto dessa categoria - a categoria
daqueles que defendem o esporte no nosso País -, não dá para
colocar essas renúncias fiscais fazendo com que se prejudiquem
diretamente outras políticas públicas que também são muito
importantes para o Estado brasileiro. Então,
peço aqui para que o conjunto dos partidos, seus Líderes, orientem
""não"" ao texto, e assim possamos aprovar este destaque do
PSOL.",psol pa revisão orador destaque psol visar suprimir item respeito concessão isenção imposto empresa evento esportivo empresa vincular importante caro refletir quanto interferir diretamente recolhimento imposto beneficiar município voltar político seguridade então suprimir item visar isenção imposto refletir sobre questão empresa vincular conceito amplo então prática descontrole respeito isenção imposto pagar imposto beneficiar diretamente estado município fundo_de_participação_dos_estar município arrecadação falta outro político então importante consciência dar liberação dar concessão isenção imposto empresa tanto evento esportivo vincular saber empresa vincular projeto caminhar debate produtivo conseguir acúmulo resultado final fato importante conjunto categoria categoria defender esporte país dar colocar renúncia fiscal prejudiquar diretamente outro político público importante estado_brasileiro então peçar conjunto partido líder orientar texto assim possa aprovar destaque psol,"['psol', 'pa', 'revisão', 'orador', 'destaque', 'psol', 'visar', 'suprimir', 'item', 'respeito', 'concessão', 'isenção', 'imposto', 'empresa', 'evento', 'esportivo', 'empresa', 'vincular', 'importante', 'caro', 'refletir', 'quanto', 'interferir', 'diretamente', 'recolhimento', 'imposto', 'beneficiar', 'município', 'voltar', 'político', 'seguridade', 'então', 'suprimir', 'item', 'visar', 'isenção', 'imposto', 'refletir', 'sobre', 'questão', 'empresa', 'vincular', 'conceito', 'amplo', 'então', 'prática', 'descontrole', 'respeito', 'isenção', 'imposto', 'pagar', 'imposto', 'beneficiar', 'diretamente', 'estado', 'município', 'fundo_de_participação_dos_estar', 'município', 'arrecadação', 'falta', 'outro', 'político', 'então', 'importante', 'consciência', 'dar', 'liberação', 'dar', 'concessão', 'isenção', 'imposto', 'empresa', 'tanto', 'evento', 'esportivo', 'vincular', 'saber', 'empresa', 'vincular', 'projeto', 'caminhar', 'debate', 'produtivo', 'conseguir', 'acúmulo', 'resultado', 'final', 'fato', 'importante', 'conjunto', 'categoria', 'categoria', 'defender', 'esporte', 'país', 'dar', 'colocar', 'renúncia', 'fiscal', 'prejudiquar', 'diretamente', 'outro', 'político', 'público', 'importante', 'estado_brasileiro', 'então', 'peçar', 'conjunto', 'partido', 'líder', 'orientar', 'texto', 'assim', 'possa', 'aprovar', 'destaque', 'psol']"
VIVI REIS,PSOL,PA,108.2022,ORDEM DO DIA,06/07/2022,19h32,DCD07/07/2022 PAG. 155,https://www.camara.leg.br/internet/sitaqweb/TextoHTML.asp?etapa=5&nuSessao=108.2022&nuQuarto=601040&nuOrador=17&nuInsercao=17&dtHorarioQuarto=19%3A32&sgFaseSessao=OD&Data=06%2F07%2F2022&txApelido=VIVI+REIS&txFaseSessao=Ordem+do+Dia&txTipoSessao=Deliberativa+Extraordin%C3%A1ria+-+CD&dtHoraQuarto=19%3A32,"Orientação de bancada na votação do requerimento de destaque para votação em separado da Emenda de Plenário nº 1 apresentada ao do Projeto de Lei nº 1.153, de 2019, sobre alteração da Lei Pelé, para divisão em seções do Capítulo V - DA PRÁTICA DESPORTIVA PROFISSIONAL e para acréscimo de dispositivo relativo aos atletas de base.","A
SRA. VIVI REIS (PSOL
- PA. Pela ordem. Sem revisão da oradora.) - O PSOL orienta ""sim""
também. Este destaque visa ampliar recursos para a Federação das
Associações de Atletas Profissionais. Inclusive, nós entramos em
contato com sindicatos de profissionais do Rio Grande do Sul, que
mostraram grande simpatia e apoio a este destaque. Como
um partido que defende sempre a classe trabalhadora e que está
alinhado com o que é pautado pelos sindicatos, vamos seguir essa
orientação, visando a ampliação desses recursos para a Federação
das Associações de Atletas Profissionais. O
PSOL orienta ""sim"".",psol pa ordem revisão orador psol orientar sim destaque visar ampliar recurso federação_das   associações_de_atletas_profissional inclusive entrar contato sindicato profissional rio_grande_do_sul mostrar grande simpatia apoio destaque partido defender sempre classe trabalhadora alinhar pautar sindicato seguir orientação visar ampliação recurso federação   das_associações_de_atletas_profissional psol orientar sim,"['psol', 'pa', 'ordem', 'revisão', 'orador', 'psol', 'orientar', 'sim', 'destaque', 'visar', 'ampliar', 'recurso', 'federação_das', 'associações_de_atletas_profissional', 'inclusive', 'entrar', 'contato', 'sindicato', 'profissional', 'rio_grande_do_sul', 'mostrar', 'grande', 'simpatia', 'apoio', 'destaque', 'partido', 'defender', 'sempre', 'classe', 'trabalhadora', 'alinhar', 'pautar', 'sindicato', 'seguir', 'orientação', 'visar', 'ampliação', 'recurso', 'federação', 'das_associações_de_atletas_profissional', 'psol', 'orientar', 'sim']"
VIVI REIS,PSOL,PA,108.2022,ORDEM DO DIA,06/07/2022,18h48,DCD07/07/2022 PAG. 137,https://www.camara.leg.br/internet/sitaqweb/TextoHTML.asp?etapa=5&nuSessao=108.2022&nuQuarto=601029&nuOrador=13&nuInsercao=13&dtHorarioQuarto=18%3A48&sgFaseSessao=OD&Data=06%2F07%2F2022&txApelido=VIVI+REIS&txFaseSessao=Ordem+do+Dia&txTipoSessao=Deliberativa+Extraordin%C3%A1ria+-+CD&dtHoraQuarto=18%3A48,"Presença no plenário da pesquisadora Jaqueline Goes de Jesus, laureada pela Casa com o Prêmio Mulheres na Ciência Amélia Império Hamburger 2022. Solicitação aos Deputados de saudação à pesquisadora com uma salva de palmas.","A
SRA. VIVI REIS (PSOL
- PA. Pela ordem. Sem revisão da oradora.) - Muito obrigada,
Presidente. Eu
queria anunciar que está presente aqui a Dra. Jaqueline Goes de
Jesus, uma das pesquisadoras responsáveis pelo sequenciamento do DNA
do vírus da COVID-19. Para nós, é muito importante uma mulher
negra na ciência. Ela também recebeu desta Casa o prêmio Mulheres
na Ciência Amélia Império Hamburger 2022. Em
nome da Secretaria da Mulher e da Procuradoria da Mulher, eu quero
parabenizar a Dra. Jaqueline pela premiação recebida e,
principalmente, pelo trabalho importantíssimo que ela vem realizando
como mulher na ciência. Quero
pedir aos Deputados e às Deputadas palmas para a Dra. Jaqueline. (O
Plenário presta a homenagem solicitada.)",psol pa ordem revisão orador obrigar anunciar presente dra jaqueline_goes_de   jesus pesquisadora responsável sequenciamento dna vírus importante mulher negro ciência receber casa prêmio mulher   na_ciência amélia império hamburger 2022 nome secretaria_da_mulher procuradoria_da_mulher parabenizar dra jaqueline premiação recebir principalmente trabalho importantíssimo vir realizar mulher ciência pedir palma dra jaqueline plenário prestar homenagem solicitar,"['psol', 'pa', 'ordem', 'revisão', 'orador', 'obrigar', 'anunciar', 'presente', 'dra', 'jaqueline_goes_de', 'jesus', 'pesquisadora', 'responsável', 'sequenciamento', 'dna', 'vírus', 'importante', 'mulher', 'negro', 'ciência', 'receber', 'casa', 'prêmio', 'mulher', 'na_ciência', 'amélia', 'império', 'hamburger', '2022', 'nome', 'secretaria_da_mulher', 'procuradoria_da_mulher', 'parabenizar', 'dra', 'jaqueline', 'premiação', 'recebir', 'principalmente', 'trabalho', 'importantíssimo', 'vir', 'realizar', 'mulher', 'ciência', 'pedir', 'palma', 'dra', 'jaqueline', 'plenário', 'prestar', 'homenagem', 'solicitar']"
SÂMIA BOMFIM,PSOL,SP,108.2022,ORDEM DO DIA,06/07/2022,18h48,DCD07/07/2022 PAG. 137,https://www.camara.leg.br/internet/sitaqweb/TextoHTML.asp?etapa=5&nuSessao=108.2022&nuQuarto=601029&nuOrador=11&nuInsercao=11&dtHorarioQuarto=18%3A48&sgFaseSessao=OD&Data=06%2F07%2F2022&txApelido=S%C3%82MIA+BOMFIM&txFaseSessao=Ordem+do+Dia&txTipoSessao=Deliberativa+Extraordin%C3%A1ria+-+CD&dtHoraQuarto=18%3A48,"Orientação de bancada na votação do requerimento de destaque para votação em separado, com vistas à rejeição, da expressão  a partir de 2028 , constante do inciso IX do art. 35 do substitutivo ao Projeto de Lei nº 1.153, de 2019, sobre alteração da Lei Pelé, para divisão em seções do Capítulo V - DA PRÁTICA DESPORTIVA PROFISSIONAL e para acréscimo de dispositivo relativo aos atletas de base.","A
SRA. SÂMIA BOMFIM (PSOL
- SP. Pela ordem. Sem revisão da oradora.) - O PSOL orienta ""não"",
Presidente. Aguardar
até 2028 é esperar muito tempo para que as mulheres possam ser
contempladas nos conselhos dos clubes esportivos. Inclusive, eu sou
Relatora de um projeto que foi proposto pelo Deputado Aliel Machado e
versa justamente sobre isto: mais presença das mulheres nas
diretorias e nos conselhos dos clubes. É fundamental fortalecer o
espaço político das mulheres. Por
isso, orientamos ""não"". Vou
deixar a Deputada Vivi Reis se pronunciar.",psol sp ordem revisão orador psol orientar aguardar 2028 esperar tempo mulher contemplar conselho clube esportivo inclusive relatorar projeto propor deputado_aliel_machar verso justamente sobre presença mulheres diretoria conselho clube fundamental fortalecer espaço político mulher orientar deixar deputada_vivi_rel pronunciar,"['psol', 'sp', 'ordem', 'revisão', 'orador', 'psol', 'orientar', 'aguardar', '2028', 'esperar', 'tempo', 'mulher', 'contemplar', 'conselho', 'clube', 'esportivo', 'inclusive', 'relatorar', 'projeto', 'propor', 'deputado_aliel_machar', 'verso', 'justamente', 'sobre', 'presença', 'mulheres', 'diretoria', 'conselho', 'clube', 'fundamental', 'fortalecer', 'espaço', 'político', 'mulher', 'orientar', 'deixar', 'deputada_vivi_rel', 'pronunciar']"
FERNANDA MELCHIONNA,PSOL,RS,108.2022,ORDEM DO DIA,06/07/2022,18h24,DCD07/07/2022 PAG. 129,https://www.camara.leg.br/internet/sitaqweb/TextoHTML.asp?etapa=5&nuSessao=108.2022&nuQuarto=601023&nuOrador=9&nuInsercao=9&dtHorarioQuarto=18%3A24&sgFaseSessao=OD&Data=06%2F07%2F2022&txApelido=FERNANDA+MELCHIONNA&txFaseSessao=Ordem+do+Dia&txTipoSessao=Deliberativa+Extraordin%C3%A1ria+-+CD&dtHoraQuarto=18%3A24,"Orientação de bancada na votação do requerimento de destaque para votação em separado da Emenda de Plenário nº 5 apresentado ao Projeto de Lei nº 1.153, de 2019, sobre alteração da Lei Pelé, para divisão em seções do Capítulo V - DA PRÁTICA DESPORTIVA PROFISSIONAL e para acréscimo de dispositivo relativo aos atletas de base.","A
SRA. FERNANDA MELCHIONNA (PSOL
- RS. Pela ordem. Sem revisão da oradora.) - O PSOL orienta ""sim"",
Presidente. Nós
não temos nenhuma dúvida de que proteger as crianças e os
adolescentes é fundamental. É evidente que as crianças e os
adolescentes podem e devem participar das competições esportivas,
até porque muitos atletas começam ainda adolescentes, mas também é
verdade que nós temos que proteger estas crianças e estes
adolescentes dos exploradores, como bem lembrou o Deputado Bira do
Pindaré. Lembro
sempre os encaminhamentos e o debate que o ex-árbitro de futebol e
companheiro do PSOL Márcio Chagas sempre levantava sobre a
necessidade de aliar o esporte ao estudo. Aqui se trata de uma
preservação para que esses jovens morem em seus domicílios, tenham
garantias, possam, sim, participar de competições esportivas,
desenvolver suas aptidões para os esportes, mas, ao mesmo tempo, que
estejam protegidos. O
PSOL vota ""sim"".",psol rs ordem revisão orador psol orientar sim nenhum dúvida proteger criança adolescente fundamental evidente criança adolescente dever participar competição esportivo atleta começar ainda adolescente verdade proteger criança adolescente explorador bem lembrar deputado_bira pindaré lembrar sempre encaminhamento debate exárbitro futebol companheiro psol_márcio_chagas sempre levantar sobre necessidade aliar esporte estudo tratar preservação jovem morar domicílio garantia sim participar competição esportiva desenvolver aptidão esporte tempo protegir psol votar sim,"['psol', 'rs', 'ordem', 'revisão', 'orador', 'psol', 'orientar', 'sim', 'nenhum', 'dúvida', 'proteger', 'criança', 'adolescente', 'fundamental', 'evidente', 'criança', 'adolescente', 'dever', 'participar', 'competição', 'esportivo', 'atleta', 'começar', 'ainda', 'adolescente', 'verdade', 'proteger', 'criança', 'adolescente', 'explorador', 'bem', 'lembrar', 'deputado_bira', 'pindaré', 'lembrar', 'sempre', 'encaminhamento', 'debate', 'exárbitro', 'futebol', 'companheiro', 'psol_márcio_chagas', 'sempre', 'levantar', 'sobre', 'necessidade', 'aliar', 'esporte', 'estudo', 'tratar', 'preservação', 'jovem', 'morar', 'domicílio', 'garantia', 'sim', 'participar', 'competição', 'esportiva', 'desenvolver', 'aptidão', 'esporte', 'tempo', 'protegir', 'psol', 'votar', 'sim']"
FERNANDA MELCHIONNA,PSOL,RS,108.2022,ORDEM DO DIA,06/07/2022,18h00,DCD07/07/2022 PAG. 121,https://www.camara.leg.br/internet/sitaqweb/TextoHTML.asp?etapa=5&nuSessao=108.2022&nuQuarto=601017&nuOrador=5&nuInsercao=5&dtHorarioQuarto=18%3A00&sgFaseSessao=OD&Data=06%2F07%2F2022&txApelido=FERNANDA+MELCHIONNA&txFaseSessao=Ordem+do+Dia&txTipoSessao=Deliberativa+Extraordin%C3%A1ria+-+CD&dtHoraQuarto=18%3A00,"Solicitação ao Relator, Deputado Felipe Carreras, de ampliação do debate sobre itens constantes do Projeto de Lei nº 1.153, de 2019, acerca da alteração da Lei Pelé, para divisão em seções do Capítulo V - DA PRÁTICA DESPORTIVA PROFISSIONAL e para acréscimo de dispositivo relativo aos atletas de base.","A
SRA. FERNANDA MELCHIONNA (PSOL
- RS. Pela ordem. Sem revisão da oradora.) - Presidente, é óbvio
que nós achamos que esta Lei Geral do Esporte tem pontos muito
positivos para o esporte em relação a algumas questões mais
gerais, como alojamentos, condições de trabalho, etc., mas ela tem
pontos que são muito nefastos aos atletas, sobretudo aos jogadores
de futebol. Acho
que o Deputado José Rocha abordou alguns temas. A questão das
férias o Relator melhorou de fato, mas, quanto ao recebimento dos
valores pela veiculação em emissoras de televisão, o correto seria
que isso fosse direto para os sindicatos. Nós
queremos também discutir o tema da rescisão. Quando há um contrato
há mais de 1 ano, diminuir a rescisão só para 50% é equivocado, é
errado, mexe em direitos trabalhistas. Nós sabemos que os pequenos
estão protegidos pela emenda que foi construída, que permitiu os
mesmos valores pela relação de 1 ano. Eu espero que os destaques do
projeto corrijam esses problemas. Portanto,
nós estamos pedindo uma conversa com o Relator para tentar resolver
essas questões.",psol rs ordem revisão orador óbvio achar lei_geral_do_esporte ponto positivo esporte relação algum questão geral alojamento condição trabalho etc ponto nefasto atleta sobretudo jogador futebol achar deputado_josé_rocho abordar algum tema questão férias relator melhorar fato quanto recebimento valor veiculação emissora televisão correto direto sindicato discutir tema rescisãor contrato 1 ano diminuir rescisão 50 equivocar errar mexer direito trabalhista saber pequeno proteger emenda construir permitir valor relação 1 ano esperar destaque projeto corrijam problema portanto pedir conversa relator tentar resolver questão,"['psol', 'rs', 'ordem', 'revisão', 'orador', 'óbvio', 'achar', 'lei_geral_do_esporte', 'ponto', 'positivo', 'esporte', 'relação', 'algum', 'questão', 'geral', 'alojamento', 'condição', 'trabalho', 'etc', 'ponto', 'nefasto', 'atleta', 'sobretudo', 'jogador', 'futebol', 'achar', 'deputado_josé_rocho', 'abordar', 'algum', 'tema', 'questão', 'férias', 'relator', 'melhorar', 'fato', 'quanto', 'recebimento', 'valor', 'veiculação', 'emissora', 'televisão', 'correto', 'direto', 'sindicato', 'discutir', 'tema', 'rescisãor', 'contrato', '1', 'ano', 'diminuir', 'rescisão', '50', 'equivocar', 'errar', 'mexer', 'direito', 'trabalhista', 'saber', 'pequeno', 'proteger', 'emenda', 'construir', 'permitir', 'valor', 'relação', '1', 'ano', 'esperar', 'destaque', 'projeto', 'corrijam', 'problema', 'portanto', 'pedir', 'conversa', 'relator', 'tentar', 'resolver', 'questão']"
FERNANDA MELCHIONNA,PSOL,RS,108.2022,ORDEM DO DIA,06/07/2022,17h28,DCD07/07/2022 PAG. 112,https://www.camara.leg.br/internet/sitaqweb/TextoHTML.asp?etapa=5&nuSessao=108.2022&nuQuarto=601009&nuOrador=2&nuInsercao=2&dtHorarioQuarto=17%3A28&sgFaseSessao=OD&Data=06%2F07%2F2022&txApelido=FERNANDA+MELCHIONNA&txFaseSessao=Ordem+do+Dia&txTipoSessao=Deliberativa+Extraordin%C3%A1ria+-+CD&dtHoraQuarto=17%3A28,"Discussão do Projeto de Lei nº 1.153, de 2019, sobre alteração da Lei Pelé, para divisão em seções do Capítulo V - DA PRÁTICA DESPORTIVA PROFISSIONAL e para acréscimo de dispositivo relativo aos atletas de base.","A
SRA. FERNANDA MELCHIONNA (PSOL
- RS. Sem revisão da oradora.) - Presidente, eu quero dialogar com o
Relator. Em primeiro lugar, quero cumprimentá-lo, porque acho que
uma Lei Geral do Esporte é necessária no País, é um avanço em
relação a condições dos jovens atletas, a condições de
alojamento, a condições gerais para o desenvolvimento do esporte.
Apoiar os atletas é fundamental. O
que acontece é que esse parecer foi apresentado ontem à noite. Nós
estamos falando de uma centena de artigos. Algumas novidades foram
incluídas - positivas, na minha opinião - com relação às férias
dos trabalhadores, a não serem férias fracionadas, porque férias
fracionadas de 5 dias não me parece que sirvam como um descanso. É
óbvio que, preferencialmente, tem que ser coincidente com as
competições. O fato de retornar àquilo que está na CLT, os 30
dias de férias, de descanso, é importante. Mas
a minha principal dúvida neste momento, Deputado Felipe, diz
respeito ao art. 109 do projeto da Lei Geral do Esporte, que prevê
uma isenção de todos os tributos que nós conseguimos listar. Por
uma denominação genérica, eu vou pedir para o Davi que possa me
entregar a lista dos tributos de agentes promotores, no art. 110. Então,
fica isenta de pagamento de Imposto de Renda, Imposto de Renda sobre
Pessoa Jurídica, IOF, IPI, Contribuição Social sobre o Lucro
Líquido, Contribuição para o PIS/PASEP, COFINS, COFINS-Importação,
várias contribuições para a Secretaria da Fazenda, etc., uma forma
geral, mas numa modalidade que diz: ""a
empresa promotora de evento."" De que empresa nós estamos falando aqui? Acho que para nós é
importante, para o conjunto da Câmara dos Deputados e para o
conjunto do povo brasileiro, inclusive para o setor dos esportes,
porque, quando nós estamos falando de isenção de PIS, COFINS e
impostos, Contribuição Social sobre o Lucro Líquido, quando nós
estamos falando de tributos que também incidem sobre a arrecadação
para a política de previdência, há um tema que envolve a
Previdência Social. Em
segundo lugar, nós temos que analisar o mérito, não é? Bom, que
empresas? São pequenos clubes, são grandes empresas promotoras de
evento? Se forem, muda tudo. Uma política de isenção tributária
para pequenos, médios, para ajudar a gerar emprego, desenvolver o
esporte é uma coisa. Outra coisa é, na carona da Lei Geral do
Esporte, haver uma isenção ampla, geral e irrestrita para todo
mundo. Então
a minha pergunta para o Relator... (Desligamento
automático do microfone.)",psol rs revisão orador dialogar relator primeiro lugar querar cumprimentálo achar lei_geral_do_esporte necessário país avanço relação condição jovem atleta condição alojamento condição geral desenvolvimento esporte apoiar atleta fundamental acontecer parecer apresentar ontem noite centena artigo algum novidade incluír positivo opinião relação férias trabalhador fério fracionar férias fracionar 5 dia parecer sirvam descanso óbvio preferencialmente coincidente competição fato retornar àquilo clt 30 dia férias descanso importante principal dúvida momento deputado_felipe respeito art 109 projeto lei_geral_do_esporte prever isenção todo tributo conseguir listar denominação genérico pedir davi entregar lista tributo agente promotor art 110 então ficar isento pagamento imposto_de_renda imposto_de_renda_sobre   pessoa_jurídica iof ipi contribuição_social sobre lucro   líquido contribuição_para_o_pis__pasep cofins__cofinsimportação várias contribuição secretaria_da_fazenda etc forma geral modalidade empresa promotora evento empresa achar importante conjunto câmara_dos_deputado conjunto povo brasileiro inclusive setor esporte isenção pis cofim imposto contribuição_social sobre lucro_líquido tributo incidir sobre arrecadação político previdência tema envolver previdência_social segundo lugar analisar mérito bom empresa pequeno clube grande empresa promotor evento mudar tudo político isenção tributário pequeno médio ajudar gerar emprego desenvolver esporte coisa outro coisa carona lei_geral_do   esporte isenção amplo geral irrestrita todo mundo então perguntar relator desligamento automático microfone,"['psol', 'rs', 'revisão', 'orador', 'dialogar', 'relator', 'primeiro', 'lugar', 'querar', 'cumprimentálo', 'achar', 'lei_geral_do_esporte', 'necessário', 'país', 'avanço', 'relação', 'condição', 'jovem', 'atleta', 'condição', 'alojamento', 'condição', 'geral', 'desenvolvimento', 'esporte', 'apoiar', 'atleta', 'fundamental', 'acontecer', 'parecer', 'apresentar', 'ontem', 'noite', 'centena', 'artigo', 'algum', 'novidade', 'incluír', 'positivo', 'opinião', 'relação', 'férias', 'trabalhador', 'fério', 'fracionar', 'férias', 'fracionar', '5', 'dia', 'parecer', 'sirvam', 'descanso', 'óbvio', 'preferencialmente', 'coincidente', 'competição', 'fato', 'retornar', 'àquilo', 'clt', '30', 'dia', 'férias', 'descanso', 'importante', 'principal', 'dúvida', 'momento', 'deputado_felipe', 'respeito', 'art', '109', 'projeto', 'lei_geral_do_esporte', 'prever', 'isenção', 'todo', 'tributo', 'conseguir', 'listar', 'denominação', 'genérico', 'pedir', 'davi', 'entregar', 'lista', 'tributo', 'agente', 'promotor', 'art', '110', 'então', 'ficar', 'isento', 'pagamento', 'imposto_de_renda', 'imposto_de_renda_sobre', 'pessoa_jurídica', 'iof', 'ipi', 'contribuição_social', 'sobre', 'lucro', 'líquido', 'contribuição_para_o_pis__pasep', 'cofins__cofinsimportação', 'várias', 'contribuição', 'secretaria_da_fazenda', 'etc', 'forma', 'geral', 'modalidade', 'empresa', 'promotora', 'evento', 'empresa', 'achar', 'importante', 'conjunto', 'câmara_dos_deputado', 'conjunto', 'povo', 'brasileiro', 'inclusive', 'setor', 'esporte', 'isenção', 'pis', 'cofim', 'imposto', 'contribuição_social', 'sobre', 'lucro_líquido', 'tributo', 'incidir', 'sobre', 'arrecadação', 'político', 'previdência', 'tema', 'envolver', 'previdência_social', 'segundo', 'lugar', 'analisar', 'mérito', 'bom', 'empresa', 'pequeno', 'clube', 'grande', 'empresa', 'promotor', 'evento', 'mudar', 'tudo', 'político', 'isenção', 'tributário', 'pequeno', 'médio', 'ajudar', 'gerar', 'emprego', 'desenvolver', 'esporte', 'coisa', 'outro', 'coisa', 'carona', 'lei_geral_do', 'esporte', 'isenção', 'amplo', 'geral', 'irrestrita', 'todo', 'mundo', 'então', 'perguntar', 'relator', 'desligamento', 'automático', 'microfone']"
IVAN VALENTE,PSOL,SP,108.2022,BREVES COMUNICAÇÕES,06/07/2022,15h24,DCD07/07/2022 PAG. 71,https://www.camara.leg.br/internet/sitaqweb/TextoHTML.asp?etapa=5&nuSessao=108.2022&nuQuarto=600978&nuOrador=3&nuInsercao=3&dtHorarioQuarto=15%3A24&sgFaseSessao=BC&Data=06%2F07%2F2022&txApelido=IVAN+VALENTE&txFaseSessao=Breves+Comunica%C3%A7%C3%B5es&txTipoSessao=Deliberativa+Extraordin%C3%A1ria+-+CD&dtHoraQuarto=15%3A24,Inconstitucionalidade das chamadas emendas do orçamento secreto.,"O
SR. IVAN VALENTE (PSOL
- SP. Sem revisão do orador.) - Sr. Presidente, Sras. e Srs.
Deputados, eu volto a esta tribuna hoje para falar do orçamento
secreto, das emendas de Relator e do significado disso em matéria de
barganha, de corrupção, de cinismo e de desfaçatez. Isso é
comandado pelo Presidente da Câmara dos Deputados, o Sr. Arthur
Lira. Nós não podemos mais nos coadunar com isso! Orçamento
secreto é ilegal, é inconstitucional, não é isonômico. Agora,
nós ficamos sabendo que houve até uma sala secreta, a sala 135, com
filas de Deputados e de assessores, Deputado Célio, para receberem
emendas de Relator. O fato é que eles queimaram 6 bilhões de reais
em uma semana para os Deputados apaniguados do Centrão, que blindam
Bolsonaro, nesta Casa, da corrupção e do impeachment .
É disso que se trata. Trata-se, sim, de reeleger Parlamentares! O
jornal O
Globo traz matéria
que trata do orçamento. Não se trata apenas de ""emenda Pix"",
de emenda de Relator. Existem
outros nomes agora, outros nomes no orçamento secreto, ou seja,
significa a existência de usuário externo, uma figura externa, não
é só Deputado e Senador. E pode ser qualquer coisa, um funcionário
da Prefeitura, um Governador. Tudo isso, para ganhar recursos do
Orçamento, que, em 2023, já está capturado para qualquer outro
governo que ganhe a eleição do ano que vem. Isso aqui se chama
corrupção, corrupção da República! Isso
não pode continuar! Do total das emendas RP9, eles já gastaram 40
bilhões de reais em 3 anos. Foram gastos 16,5 bilhões de reais
neste ano em que o Brasil tem 61 milhões de pessoas com insegurança
alimentar e 33 milhões passando fome, ou seja, em insegurança
severa. É disso que se trata! E
eu quero dar um exemplo aqui, Presidente. O próprio Relator do
Orçamento, o Deputado Hugo Leal, diz que a maioria dessas emendas de
assinante - assinante, é assim que se chama, não é identificável
- está para cidades, como Caxias, no Maranhão. São emendas de 10
milhões de reais, de 9 milhões de reais. E existe uma, em
particular, que eu quero citar, que é a seguinte: na cidade de São
Gonçalo, no Rio de Janeiro, há indicações como usuário externo
em nome de Carlos Guilherme Pereira Junior. Ele aparece como
funcionário da Prefeitura de São Gonçalo e beneficiário de 120
milhões de reais! É da Prefeitura de São Gonçalo, que não
respondeu à reportagem. O
que é isso, gente?! Não há mais isonomia entre os Parlamentares.
Existe Parlamentar de primeira, segunda e terceira categoria aqui! Eu
quero dizer que nós não podemos continuar assistindo à passagem da
captura do Orçamento, da dedicação de emendas de Relator, essa
excrescência que o Supremo Tribunal Federal já mandou acabar e
publicizar. Mas insistem nisso, para reeleger Bolsonaro e Deputados
cupinchas desta Casa. Abaixo
as emendas de Relator!",psol sp revisão orador sr_presidente voltar tribuna hoje orçamento secreto emenda relator significado matéria barganho corrupção cinismo desfaçatez comandar presidente_da_câmara_dos_deputar sr_arthur   lira coadunar orçamento secreto ilegal inconstitucional isonômico agora ficar saber sala secreto sala 135 fila assessor deputado_célio receber emenda relator fato queimar 6 bilhão real semana apaniguar centrão blindar bolsonaro casa corrupção impeachment tratar tratase sim reeleger parlamentar  jornal   globo trazer matéria tratar orçamento tratar apenas emenda pix emenda relator existir outro nome agora outro nome orçamento secreto significar existência usuário externo figura externo senador qualquer coisa funcionário prefeiturar governador tudo ganhar recurso orçamento 2023 capturar qualquer outro governo ganhar eleição ano vir chamar corrupção corrupção repúblico continuar total emenda gastar 40 bilhão real 3 ano gasto 165 bilhão real ano brasil 61 milhão pessoa insegurança alimentar 33 milhão passar fome insegurança severo tratar dar exemplo próprio relator orçamento deputado_hugo_leal maioria emenda assinante assinante assim chamar identificável cidade caxias maranhão emenda 10 milhão real 9 milhão real existir particular citar seguinte cidade   gonçalo rio_de_janeiro indicação usuário externo nome carlos_guilherme_pereira_junior aparecer funcionário prefeitura_de_são_gonçalo beneficiário 120 milhão real prefeitura_de_são_gonçalo responder reportagem gente isonomia parlamentar existir parlamentar primeiro segundo terceiro categoria continuar assistir passagem captura orçamento dedicação emenda relator excrescência supremo_tribunal_federal mandar acabar publicizar insistir nisso reeleger bolsonaro cupincha casa abaixo emenda relator,"['psol', 'sp', 'revisão', 'orador', 'sr_presidente', 'voltar', 'tribuna', 'hoje', 'orçamento', 'secreto', 'emenda', 'relator', 'significado', 'matéria', 'barganho', 'corrupção', 'cinismo', 'desfaçatez', 'comandar', 'presidente_da_câmara_dos_deputar', 'sr_arthur', 'lira', 'coadunar', 'orçamento', 'secreto', 'ilegal', 'inconstitucional', 'isonômico', 'agora', 'ficar', 'saber', 'sala', 'secreto', 'sala', '135', 'fila', 'assessor', 'deputado_célio', 'receber', 'emenda', 'relator', 'fato', 'queimar', '6', 'bilhão', 'real', 'semana', 'apaniguar', 'centrão', 'blindar', 'bolsonaro', 'casa', 'corrupção', 'impeachment', 'tratar', 'tratase', 'sim', 'reeleger', 'parlamentar', 'jornal', 'globo', 'trazer', 'matéria', 'tratar', 'orçamento', 'tratar', 'apenas', 'emenda', 'pix', 'emenda', 'relator', 'existir', 'outro', 'nome', 'agora', 'outro', 'nome', 'orçamento', 'secreto', 'significar', 'existência', 'usuário', 'externo', 'figura', 'externo', 'senador', 'qualquer', 'coisa', 'funcionário', 'prefeiturar', 'governador', 'tudo', 'ganhar', 'recurso', 'orçamento', '2023', 'capturar', 'qualquer', 'outro', 'governo', 'ganhar', 'eleição', 'ano', 'vir', 'chamar', 'corrupção', 'corrupção', 'repúblico', 'continuar', 'total', 'emenda', 'gastar', '40', 'bilhão', 'real', '3', 'ano', 'gasto', '165', 'bilhão', 'real', 'ano', 'brasil', '61', 'milhão', 'pessoa', 'insegurança', 'alimentar', '33', 'milhão', 'passar', 'fome', 'insegurança', 'severo', 'tratar', 'dar', 'exemplo', 'próprio', 'relator', 'orçamento', 'deputado_hugo_leal', 'maioria', 'emenda', 'assinante', 'assinante', 'assim', 'chamar', 'identificável', 'cidade', 'caxias', 'maranhão', 'emenda', '10', 'milhão', 'real', '9', 'milhão', 'real', 'existir', 'particular', 'citar', 'seguinte', 'cidade', 'gonçalo', 'rio_de_janeiro', 'indicação', 'usuário', 'externo', 'nome', 'carlos_guilherme_pereira_junior', 'aparecer', 'funcionário', 'prefeitura_de_são_gonçalo', 'beneficiário', '120', 'milhão', 'real', 'prefeitura_de_são_gonçalo', 'responder', 'reportagem', 'gente', 'isonomia', 'parlamentar', 'existir', 'parlamentar', 'primeiro', 'segundo', 'terceiro', 'categoria', 'continuar', 'assistir', 'passagem', 'captura', 'orçamento', 'dedicação', 'emenda', 'relator', 'excrescência', 'supremo_tribunal_federal', 'mandar', 'acabar', 'publicizar', 'insistir', 'nisso', 'reeleger', 'bolsonaro', 'cupincha', 'casa', 'abaixo', 'emenda', 'relator']"
LUIZA ERUNDINA,PSOL,SP,105.2022,BREVES COMUNICAÇÕES,05/07/2022,12h40,DCD06/07/2022 PAG. 49,https://www.camara.leg.br/internet/sitaqweb/TextoHTML.asp?etapa=5&nuSessao=105.2022&nuQuarto=599630&nuOrador=3&nuInsercao=3&dtHorarioQuarto=12%3A40&sgFaseSessao=BC&Data=05%2F07%2F2022&txApelido=LUIZA+ERUNDINA&txFaseSessao=Breves+Comunica%C3%A7%C3%B5es&txTipoSessao=Deliberativa+Extraordin%C3%A1ria+-+CD&dtHoraQuarto=12%3A40,"Participação da oradora no lançamento da Campanha Sou Biblioteca Escolar, em São Paulo, Estado de São Paulo. Urgente cumprimento da Lei nº 12.244, de 2010, sobre a universalização das bibliotecas nas instituições de ensino do País.","A
SRA. LUIZA ERUNDINA (PSOL
- SP. Sem revisão da oradora.) - Sr. Presidente, Sras. e Srs.
Parlamentares e todos aqueles e aquelas que nos acompanham nesta
sessão, eu participei, no último sábado, 2 de julho, de importante
evento em São Paulo: o lançamento da Campanha Sou Biblioteca
Escolar, uma iniciativa nacional do Conselho Federal de
Biblioteconomia e dos conselhos regionais da categoria. A
campanha foi lançada no âmbito da Feira do Livro de São Paulo, que
havia 2 anos não se realizava, em razão da pandemia. A campanha
busca fazer cumprir a Lei nº 12.244, de 2010, que tornou
obrigatórias a criação e a manutenção de biblioteca escolar nas
instituições de ensino públicas e privadas como instrumento
indispensável à aprendizagem e à formação da cidadania das
crianças e dos adolescentes do nosso País. Trata-se
de uma iniciativa de grande importância para uma categoria anônima,
os bibliotecários e as bibliotecárias, que são mais de 45 mil no
País, profissionais que agora se dedicam a esta campanha que
abraçamos com muito carinho. Faço
um apelo aos Srs. Parlamentares para que, nas suas cidades, nos seus
Estados, abracem esta campanha, porque o livro é parte essencial da
aprendizagem, da formação cidadã da juventude e das novas
gerações. Sr.
Presidente, o evento tem um destaque importantíssimo, porque ele se
dá exatamente quando uma multidão de jovens e pessoas de todos os
setores da sociedade paulista acorreram ao centro norte de São Paulo
para visitar a 26ª Bienal Internacional do Livro. Isso significa que
nossa juventude quer ler, quer cultura e quer, de fato, uma formação
cidadã plena. Portanto,
Sr. Presidente, nós temos a tarefa de fazer a sociedade inteira ter
acesso ao conhecimento. Pressionem
os governos! Pressionem todos aqueles que têm condições de fazer
cumprir uma lei que já existe há 10 anos, uma lei que prevê a
criação e a manutenção de bibliotecas, seja nas escolas públicas,
seja nas escolas privadas. Eu reitero que não há programa mais
importante que este. Vamos
à luta! Espero que nossas crianças e nossos adolescentes possam
acessar o que há de melhor na literatura e na cultura. Sem isso, é
impossível termos cidadãos plenos em nosso País. Muito
obrigada, Sr. Presidente.",psol sp revisão orador sr_presidente parlamentar todo acompanhar sessão participar último sábado 2 julho importante evento são_paulo lançamento campanha_sou_biblioteca   escolar iniciativa nacional conselho_federal_de   biblioteconomia conselho regional categoria campanha lançar âmbito feira_do_livro_de_são_paulo 2 ano realizar razão pandemio campanha buscar cumprir lei 12244 2010 tornar obrigatório criação manutenção biblioteca escolar instituição ensino público privar instrumento indispensável aprendizagem formação cidadanio criança adolescente país tratase iniciativa grande importância categoria anônimo bibliotecário bibliotecária 45 mil país profissional agora dedicar campanha abraçar carinho apelo parlamentar cidade estado abracem campanha livro parte essencial aprendizagem formação cidadã juventude novo geração  evento destaque importantíssimo dar exatamente multidão jovem pessoa todo setor sociedade paulista acorrer centro norte são_paulo visitar 26 bienal_internacional_do_livro significar juventude ler cultura fato formação cidadã pleno portanto sr_presidente tarefa sociedade inteiro acesso conhecimento pressionar governo pressionem todo condição cumprir lei existir 10 ano lei prever criação manutenção biblioteco escola público escola privar reitero programa importante luta esperar criança adolescente acessar bom literatura cultura impossível termo cidadão pleno país obrigar sr_presidente,"['psol', 'sp', 'revisão', 'orador', 'sr_presidente', 'parlamentar', 'todo', 'acompanhar', 'sessão', 'participar', 'último', 'sábado', '2', 'julho', 'importante', 'evento', 'são_paulo', 'lançamento', 'campanha_sou_biblioteca', 'escolar', 'iniciativa', 'nacional', 'conselho_federal_de', 'biblioteconomia', 'conselho', 'regional', 'categoria', 'campanha', 'lançar', 'âmbito', 'feira_do_livro_de_são_paulo', '2', 'ano', 'realizar', 'razão', 'pandemio', 'campanha', 'buscar', 'cumprir', 'lei', '12244', '2010', 'tornar', 'obrigatório', 'criação', 'manutenção', 'biblioteca', 'escolar', 'instituição', 'ensino', 'público', 'privar', 'instrumento', 'indispensável', 'aprendizagem', 'formação', 'cidadanio', 'criança', 'adolescente', 'país', 'tratase', 'iniciativa', 'grande', 'importância', 'categoria', 'anônimo', 'bibliotecário', 'bibliotecária', '45', 'mil', 'país', 'profissional', 'agora', 'dedicar', 'campanha', 'abraçar', 'carinho', 'apelo', 'parlamentar', 'cidade', 'estado', 'abracem', 'campanha', 'livro', 'parte', 'essencial', 'aprendizagem', 'formação', 'cidadã', 'juventude', 'novo', 'geração', 'evento', 'destaque', 'importantíssimo', 'dar', 'exatamente', 'multidão', 'jovem', 'pessoa', 'todo', 'setor', 'sociedade', 'paulista', 'acorrer', 'centro', 'norte', 'são_paulo', 'visitar', '26', 'bienal_internacional_do_livro', 'significar', 'juventude', 'ler', 'cultura', 'fato', 'formação', 'cidadã', 'pleno', 'portanto', 'sr_presidente', 'tarefa', 'sociedade', 'inteiro', 'acesso', 'conhecimento', 'pressionar', 'governo', 'pressionem', 'todo', 'condição', 'cumprir', 'lei', 'existir', '10', 'ano', 'lei', 'prever', 'criação', 'manutenção', 'biblioteco', 'escola', 'público', 'escola', 'privar', 'reitero', 'programa', 'importante', 'luta', 'esperar', 'criança', 'adolescente', 'acessar', 'bom', 'literatura', 'cultura', 'impossível', 'termo', 'cidadão', 'pleno', 'país', 'obrigar', 'sr_presidente']"
VIVI REIS,PSOL,PA,023.4.56.N,ORDEM DO DIA,11/07/2022,17h00,DCN 14/07/2022 PAG. 118,https://www.camara.leg.br/internet/sitaqweb/TextoHTML.asp?etapa=5&nuSessao=023.4.56.N&nuQuarto=0&nuOrador=0&nuInsercao=70&dtHorarioQuarto=17%3A00&sgFaseSessao=OD&Data=11%2F07%2F2022&txApelido=VIVI+REIS&txFaseSessao=Ordem+do+Dia&txTipoSessao=Extraordin%C3%A1ria+-+CN&dtHoraQuarto=17%3A00,"Orientação de bancada na votação do requerimento de destaque para votação em separado do § 10, art. 4º, da Lei nº 14.303, de 2022, incluído pelo art. 1º do Projeto de Lei do Congresso Nacional nº 14, de 2022, sobre a estimativa da receita e a fixação da despesa da União para o exercício financeiro de 2022.","A
SRA. VIVI REIS (PSOL
- PA. Pela ordem. Sem revisão da oradora.) - Muito obrigada. Primeiro,
quero aqui destacar que o PSOL se posiciona ""não"" ao
texto. Tivemos diversas iniciativas contra o orçamento secreto:
fizemos já representação na Procuradoria-Geral da República,
representação na 1ª Câmara de Coordenação e Revisão do
Ministério Público Federal, fizemos proposição de CPI do
tratoraço, representações da Procuradoria-Geral da República e
Procuradoria da República do Distrito Federal, entramos com autoria
também na ADPF 854... ( Soa
a campainha. ) A
SRA. VIVI REIS (PSOL
- PA) - ... e fizemos denúncia ao Tribunal de Contas da União. Todas
essas são algumas das ações que nós realizamos para ficar muito
bem negritado e demarcado que nós somos contra o orçamento secreto,
que isso inclusive é um grande problema hoje, um problema que faz
com que este Congresso tenha grandes esquemas que proporcionam
votações favoráveis ao Governo e contra o povo brasileiro. Obrigada.",psol pa ordem revisão orador obrigar primeiro destacar psol posicionar texto diversos iniciativa contra orçamento secreto fizemos representação procuradoriageral república representação 1_câmara_de_coordenação_e_revisão_do   ministério_público_federal fizemos proposição cpi tratoraço representação procuradoriageral_da_repúblico procuradoria república_do_distrito_federal entrar autoria adpf 854 soar campainha psol pa fizemos denúncia tribunal_de_contas_da união todo algum ação realizar ficar bem negritar demarcar contra orçamento secreto inclusive grande problema hoje problema congresso grande esquema proporcionar votação favorável governo contra povo brasileiro obrigar,"['psol', 'pa', 'ordem', 'revisão', 'orador', 'obrigar', 'primeiro', 'destacar', 'psol', 'posicionar', 'texto', 'diversos', 'iniciativa', 'contra', 'orçamento', 'secreto', 'fizemos', 'representação', 'procuradoriageral', 'república', 'representação', '1_câmara_de_coordenação_e_revisão_do', 'ministério_público_federal', 'fizemos', 'proposição', 'cpi', 'tratoraço', 'representação', 'procuradoriageral_da_repúblico', 'procuradoria', 'república_do_distrito_federal', 'entrar', 'autoria', 'adpf', '854', 'soar', 'campainha', 'psol', 'pa', 'fizemos', 'denúncia', 'tribunal_de_contas_da', 'união', 'todo', 'algum', 'ação', 'realizar', 'ficar', 'bem', 'negritar', 'demarcar', 'contra', 'orçamento', 'secreto', 'inclusive', 'grande', 'problema', 'hoje', 'problema', 'congresso', 'grande', 'esquema', 'proporcionar', 'votação', 'favorável', 'governo', 'contra', 'povo', 'brasileiro', 'obrigar']"
VIVI REIS,PSOL,PA,023.4.56.N,ORDEM DO DIA,11/07/2022,17h00,DCN 14/07/2022 PAG. 130,https://www.camara.leg.br/internet/sitaqweb/TextoHTML.asp?etapa=5&nuSessao=023.4.56.N&nuQuarto=0&nuOrador=0&nuInsercao=83&dtHorarioQuarto=17%3A00&sgFaseSessao=OD&Data=11%2F07%2F2022&txApelido=VIVI+REIS&txFaseSessao=Ordem+do+Dia&txTipoSessao=Extraordin%C3%A1ria+-+CN&dtHoraQuarto=17%3A00,"Orientação de bancada na votação do requerimento de destaque para votação em separado do art. 59-A, alínea a, da Lei 14.194, de 2021, incluído pelo art. 1º do substitutivo apresentado ao Projeto de Lei do Congresso Nacional nº 17, de 2022, sobre as diretrizes de elaboração e execução da Lei Orçamentária de 2022.","A
SRA. VIVI REIS (PSOL
- PA. Para orientar a bancada. Sem revisão da oradora.) - O PSOL
orienta ""não"", Presidente. O
PSOL é a favor da ciência, contra o negacionismo. Não é à toa
que a gente está vendo os partidos se posicionando ""sim"".
São os partidos que hoje estão na base do Governo. Este Governo é
negacionista, um governo que, durante toda essa pandemia, em vez de
valorizar, por exemplo, os estudos científicos, as universidades
públicas, a ciência, apostou numa política de fake
news ,
numa política negacionista, numa política contra a vacina. ( Soa
a campainha. ) A
SRA. VIVI REIS (PSOL
- PA) - Isso se reflete diretamente na vida do povo, porque é
através da ciência e da tecnologia que nós conseguimos inovações
que são benéficas para o povo brasileiro. Então,
por isso, nós do PSOL orientamos ""não"".",psol pa orientar bancada revisão orador psol orientar psol favor ciência contra negacionismo toa gente ver partido posicionar sim partido hoje base governo governo negacionista governo durante todo pandemia vez valorizar exemplo estudo científico universidade público ciência apostar política fake news político negacionista político contra vacina soar campainha psol pa refleter diretamente vida povo através ciência tecnologia conseguir inovação benéfico povo brasileiro então psol orientar,"['psol', 'pa', 'orientar', 'bancada', 'revisão', 'orador', 'psol', 'orientar', 'psol', 'favor', 'ciência', 'contra', 'negacionismo', 'toa', 'gente', 'ver', 'partido', 'posicionar', 'sim', 'partido', 'hoje', 'base', 'governo', 'governo', 'negacionista', 'governo', 'durante', 'todo', 'pandemia', 'vez', 'valorizar', 'exemplo', 'estudo', 'científico', 'universidade', 'público', 'ciência', 'apostar', 'política', 'fake', 'news', 'político', 'negacionista', 'político', 'contra', 'vacina', 'soar', 'campainha', 'psol', 'pa', 'refleter', 'diretamente', 'vida', 'povo', 'através', 'ciência', 'tecnologia', 'conseguir', 'inovação', 'benéfico', 'povo', 'brasileiro', 'então', 'psol', 'orientar']"
GLAUBER BRAGA,PSOL,RJ,023.4.56.N,ORDEM DO DIA,11/07/2022,17h00,DCN 14/07/2022 PAG. 34,https://www.camara.leg.br/internet/sitaqweb/TextoHTML.asp?etapa=5&nuSessao=023.4.56.N&nuQuarto=0&nuOrador=0&nuInsercao=3&dtHorarioQuarto=17%3A00&sgFaseSessao=OD&Data=11%2F07%2F2022&txApelido=GLAUBER+BRAGA&txFaseSessao=Ordem+do+Dia&txTipoSessao=Extraordin%C3%A1ria+-+CN&dtHoraQuarto=17%3A00,"Questão de ordem sobre a votação da Lei de Diretrizes Orçamentárias - LDO, após a apreciação dos vetos presidenciais constantes na pauta. Caráter vexaminoso do chamado orçamento secreto.","O
SR. GLAUBER BRAGA (PSOL
- RJ. Para questão de ordem. Sem revisão do orador. Por
videoconferência .)
- Presidente, senhoras e senhores, primeiro, Presidente, na sala de
quem vai usar a palavra pela Liderança, eu peço que sejam liberados
os microfones, inclusive para que a gente possa solicitar a V. Exa.
para fazer a questão de ordem ou participar dos debates não
dependendo de uma digitação no chat para que isso aconteça. Mas
começo. Com base nos arts. 66, §§4º e 6º, da Constituição
Federal, e 106, §3º, do Regimento Comum do Congresso Nacional, é
que faço a seguinte questão de ordem. O
§6º do art. 66 da Constituição Federal determina que - abrem-se
aspas - ""esgotado sem deliberação o prazo estabelecido no §4º
[trinta dias], o veto será colocado na ordem do dia da sessão
imediata, sobrestadas as demais proposições, até sua votação
final"". No
mesmo sentido o §3º do art. 106 do Regimento Comum do Congresso
Nacional determina que - abrem-se aspas - ""após o esgotamento
do prazo constitucional [também 30 dias], fica sobrestada a pauta
das sessões conjuntas do Congresso Nacional para qualquer outra
deliberação, até a votação final do veto"". Há,
neste momento, quatro vetos pendentes de deliberação que já
extrapolaram o prazo constitucional de 30 dias. Nos termos dos
dispositivos acima elencados, está trancada a pauta do Congresso
para qualquer outra deliberação até que haja a votação final
desses vetos. Ante
o exposto, requer-se que não se delibere qualquer projeto de lei do
Congresso Nacional antes que se o ultime a votação de todos os
vetos que estão neste momento trancando a pauta do Congresso
Nacional, sobrestando as demais proposições e impedindo qualquer
outra deliberação. Essa
questão de ordem, Presidente, vem no bojo da obstrução que o
pessoal procura fazer a essa tentativa de ampliação do poder da
chamada emenda de Relator, RP 9, do orçamento secreto. O Presidente
da Câmara dos Deputados, Arthur Lira, chegou ao cúmulo de montar
uma salinha na Câmara Federal para receber as solicitações e
articular o chamado orçamento secreto. E
antes, Presidente, que V. Exa. diga que há acordo de Líderes, vale
a pena invocar o art. 412, inciso III, do Regimento Interno do Senado
Federal, que é subsidiário ao Regimento Comum, que fala da
""impossibilidade de prevalência sobre norma regimental de
acordo de Lideranças ou decisão de Plenário exceto quando tomada
por unanimidade [...]"", o que não é o caso na presente sessão. Não
tem o menor cabimento a gente ter cortes na educação pública
brasileira de R$3 bilhões, inicialmente anunciados, que fazem com
que instituições como o Cefet, no Rio de Janeiro, e institutos
federais só possam manter suas atividades até agosto, setembro,
outubro, e você ter R$16 bilhões de orçamento secreto. Inclusive,
Presidente, V. Exa. também, há pouquíssimos dias, foi indicado por
jornais de grande circulação como tendo sido o indicador de recurso
para o orçamento secreto, em que apoiadores do senhor receberam R$23
bilhões do orçamento secreto, articulando isso com votações como
a da Presidência do Senado Federal, ou seja, como uma ""contribuição""
- muito entre aspas - que veio a partir da realização da eleição
para a Presidência do Senado e de votações na Câmara dos
Deputados de projetos que são da base do Governo altamente
impopulares. Esse
orçamento secreto é uma vergonha, e manter a votação da LDO antes
de avaliados os vetos é inconstitucional e fere tanto o Regimento
Comum como o Regimento do Senado e o Regimento da Câmara. Por
esse motivo, a gente pede, solicita, exige que V. Exa. não dê
prosseguimento a uma votação de natureza ilegal e inconstitucional,
como solicitado pelo Líder do Governo.",psol rj questão ordem revisão orador videoconferência primeiro sala usar palavra liderança peçar liberar microfone inclusive gente solicitar v_exa questão ordem participar debate depender digitação chat acontecer começar base arts 66 4 6 constituição   federal 106 3 regimento_comum_do_congresso_nacional seguinte questão ordem 6 art 66 constituição_federal determinar abremse aspa esgotar deliberação prazo estabelecer 4 trinta dia veto colocar ordem dia sessão imediato sobrestar demais proposição votação final sentido 3 art 106 regimento_comum_do_congresso   nacional determinar abremse aspa após esgotamento prazo constitucional 30 dia ficar sobrestar pauta sessão conjunto congresso_nacional qualquer outro deliberação votação final veto momento quatro veto pendente deliberação extrapolar prazo constitucional 30 dia termos dispositivo acima elencar trancar pauta congresso qualquer outro deliberação votação final veto ante exposto requerse delibere qualquer projeto lei congresso_nacional antes ultime votação todo veto momento trancar pauta congresso   nacional sobrestar demais proposição impedir qualquer outro deliberação questão ordem vir bojo obstrução pessoal procurar tentativo ampliação chamar emenda relator rp_9 orçamento secreto   da_câmara_dos_deputados arthur_lira chegar cúmulo montar salinha câmara_federal receber solicitação articular chamar orçamento secreto antes v_exa diga acordo_de_líderes valer pena invocar art 412 inciso iii regimento_interno_do_senar   federal subsidiário regimento_comum impossibilidade prevalência sobre norma regimental acordo liderança decisão plenário exceto tomar unanimidade caso presente sessão pequeno cabimento gente corte educação público brasileiro r 3 bilhão inicialmente anunciar instituição cefet rio_de_janeiro instituto federal manter atividade agosto setembro outubro r 16 bilhão orçamento secreto inclusive v_exa pouquíssimo dia indicar jornal grande circulação indicador recurso orçamento secreto apoiador receber r 23 bilhão orçamento secreto articular votação presidência_do_senado_federal contribuição aspa vir partir realização eleição presidência_do_senar votação câmara_do   projeto base governo altamente impopular orçamento secreto vergonha manter votação ldo antes avaliar veto inconstitucional ferir tanto regimento   comum regimento_do_senar regimento_da_câmara motivo gente pedir solicitar exigir v_exa dê prosseguimento votação natureza ilegal inconstitucional solicitar líder_do_governo,"['psol', 'rj', 'questão', 'ordem', 'revisão', 'orador', 'videoconferência', 'primeiro', 'sala', 'usar', 'palavra', 'liderança', 'peçar', 'liberar', 'microfone', 'inclusive', 'gente', 'solicitar', 'v_exa', 'questão', 'ordem', 'participar', 'debate', 'depender', 'digitação', 'chat', 'acontecer', 'começar', 'base', 'arts', '66', '4', '6', 'constituição', 'federal', '106', '3', 'regimento_comum_do_congresso_nacional', 'seguinte', 'questão', 'ordem', '6', 'art', '66', 'constituição_federal', 'determinar', 'abremse', 'aspa', 'esgotar', 'deliberação', 'prazo', 'estabelecer', '4', 'trinta', 'dia', 'veto', 'colocar', 'ordem', 'dia', 'sessão', 'imediato', 'sobrestar', 'demais', 'proposição', 'votação', 'final', 'sentido', '3', 'art', '106', 'regimento_comum_do_congresso', 'nacional', 'determinar', 'abremse', 'aspa', 'após', 'esgotamento', 'prazo', 'constitucional', '30', 'dia', 'ficar', 'sobrestar', 'pauta', 'sessão', 'conjunto', 'congresso_nacional', 'qualquer', 'outro', 'deliberação', 'votação', 'final', 'veto', 'momento', 'quatro', 'veto', 'pendente', 'deliberação', 'extrapolar', 'prazo', 'constitucional', '30', 'dia', 'termos', 'dispositivo', 'acima', 'elencar', 'trancar', 'pauta', 'congresso', 'qualquer', 'outro', 'deliberação', 'votação', 'final', 'veto', 'ante', 'exposto', 'requerse', 'delibere', 'qualquer', 'projeto', 'lei', 'congresso_nacional', 'antes', 'ultime', 'votação', 'todo', 'veto', 'momento', 'trancar', 'pauta', 'congresso', 'nacional', 'sobrestar', 'demais', 'proposição', 'impedir', 'qualquer', 'outro', 'deliberação', 'questão', 'ordem', 'vir', 'bojo', 'obstrução', 'pessoal', 'procurar', 'tentativo', 'ampliação', 'chamar', 'emenda', 'relator', 'rp_9', 'orçamento', 'secreto', 'da_câmara_dos_deputados', 'arthur_lira', 'chegar', 'cúmulo', 'montar', 'salinha', 'câmara_federal', 'receber', 'solicitação', 'articular', 'chamar', 'orçamento', 'secreto', 'antes', 'v_exa', 'diga', 'acordo_de_líderes', 'valer', 'pena', 'invocar', 'art', '412', 'inciso', 'iii', 'regimento_interno_do_senar', 'federal', 'subsidiário', 'regimento_comum', 'impossibilidade', 'prevalência', 'sobre', 'norma', 'regimental', 'acordo', 'liderança', 'decisão', 'plenário', 'exceto', 'tomar', 'unanimidade', 'caso', 'presente', 'sessão', 'pequeno', 'cabimento', 'gente', 'corte', 'educação', 'público', 'brasileiro', 'r', '3', 'bilhão', 'inicialmente', 'anunciar', 'instituição', 'cefet', 'rio_de_janeiro', 'instituto', 'federal', 'manter', 'atividade', 'agosto', 'setembro', 'outubro', 'r', '16', 'bilhão', 'orçamento', 'secreto', 'inclusive', 'v_exa', 'pouquíssimo', 'dia', 'indicar', 'jornal', 'grande', 'circulação', 'indicador', 'recurso', 'orçamento', 'secreto', 'apoiador', 'receber', 'r', '23', 'bilhão', 'orçamento', 'secreto', 'articular', 'votação', 'presidência_do_senado_federal', 'contribuição', 'aspa', 'vir', 'partir', 'realização', 'eleição', 'presidência_do_senar', 'votação', 'câmara_do', 'projeto', 'base', 'governo', 'altamente', 'impopular', 'orçamento', 'secreto', 'vergonha', 'manter', 'votação', 'ldo', 'antes', 'avaliar', 'veto', 'inconstitucional', 'ferir', 'tanto', 'regimento', 'comum', 'regimento_do_senar', 'regimento_da_câmara', 'motivo', 'gente', 'pedir', 'solicitar', 'exigir', 'v_exa', 'dê', 'prosseguimento', 'votação', 'natureza', 'ilegal', 'inconstitucional', 'solicitar', 'líder_do_governo']"
FERNANDA MELCHIONNA,PSOL,RS,023.4.56.N,ORDEM DO DIA,11/07/2022,17h00,DCN 14/07/2022 PAG. 81,https://www.camara.leg.br/internet/sitaqweb/TextoHTML.asp?etapa=5&nuSessao=023.4.56.N&nuQuarto=0&nuOrador=0&nuInsercao=44&dtHorarioQuarto=17%3A00&sgFaseSessao=OD&Data=11%2F07%2F2022&txApelido=FERNANDA+MELCHIONNA&txFaseSessao=Ordem+do+Dia&txTipoSessao=Extraordin%C3%A1ria+-+CN&dtHoraQuarto=17%3A00,"Necessidade de manifestação da Câmara dos Deputados sobre a escalada da violência política no País. Assassinato do militante petista Marcelo Aloizio de Arruda por policial bolsonarista, no Município de Foz do Iguaçu, Estado do Paraná. Conveniência de suspensão dos trabalhos do Congresso Nacional e decretação de luto oficial de três dias.  Repúdio ao discurso de ódio e violência do Presidente Jair Bolsonaro. Repúdio à agenda adotada por Paulo Guedes/Jair Bolsonaro. Orientação de bancada na votação do substitutivo com adendo de Plenário ao Projeto de Lei do Congresso Nacional nº 5, de 2022, sobre as diretrizes de elaboração e execução da Lei Orçamentária - LDO de 2023, ressalvados os destaques.","A
SRA. FERNANDA MELCHIONNA (PSOL
- RS. Pela Liderança. Sem revisão da oradora.) - Obrigada,
Presidente. É orientação com o tempo de Líder. Quero
lhe agradecer e ao mesmo tempo, antes de entrar no tema do Orçamento,
dizer que nós não aceitamos a lógica de tratar esta semana com uma
normalidade absurda. A Câmara dos Deputados deveria estar se
pronunciando e se posicionando sobre a gravidade da escalada de
violência. Não é normal - não é normal! - uma pessoa ser
abordada no seu aniversário, um dirigente partidário, e ser
assassinada por um bolsonarista armado que invadiu a festa de
aniversário do Marcelo, dirigente do PT na cidade de Foz do Iguaçu.
Não é normal que se aceite com naturalidade um Presidente que
estimula o ódio e que na prática dá o recado de violência para os
seus; que disse lá em 2018 que tinha que metralhar a ""petralhada"";
que fala sistematicamente que tem que se armar para enfrentar a
oposição; um filho do Presidente que, na semana em que um cidadão,
um pai de família, é assassinado, repito, num espaço privado, faça
um bolo com apologia às armas e à violência. Não é normal a
escalada de violência que vem acontecendo no Brasil! O
Marcelo Arruda foi o primeiro assassinato político de 2022, mas não
foi o primeiro assassinato político do país. Quando nós falávamos
que era fundamental justiça para Marielle Franco e investigar quem
mandou matar nossa companheira assassinada no Rio de Janeiro em 2018,
isso era para dar um recado de que não se pode ter salvo-conduto e
impunidade para crimes políticos. Não é que uma vida valha mais
que a outra, mas é a defesa das liberdades democráticas de
ativistas políticos, de ativistas sociais, de defensores de direitos
humanos, de líderes indígenas. E nós tivemos o assassinato de Dom
Phillips e de Bruno Pereira pelos ilegais, pelas milícias ilegais
das florestas. O
problema é que o discurso bolsonarista mata e faz apologia à
violência para os seus embaixo. Hoje podem ser lobos solitários -
mas lobos solitários violentos e assassinos, como no caso que
aconteceu em Foz do Iguaçu -, mas no futuro podem ser - ou mesmo
agora, porque é preciso investigar - uma organização criminosa da
extrema direita para atacar a todos, para atacar jornalistas, para
atacar defensores de direitos humanos. Não é só contra o PT - e eu
quero aqui deixar a minha solidariedade aos companheiros do PT, que
enterraram um dos seus pelo seu posicionamento ideológico,
Presidente Rodrigo Pacheco! Não
é uma semana normal! O Congresso deveria suspender os seus
trabalhos, dando luto oficial de três dias, porque não se pode
assassinar o outro pela sua posição política. E aqui nós não
estamos falando de dois extremismos. Nós estamos falando de uma
invasão numa festa privada por um bolsonarista que matou um líder
petista assim. E nós não queremos que isso aconteça com os
militantes do PSOL; nós não queremos que aconteça com os
militantes do PCdoB, do PSB; e não queremos que aconteça com os
Deputados do MDB, com os Deputados de outras siglas partidárias ou
líderes de sindicatos ou líderes juvenis. É
preciso dar um basta, mas, para dar um basta, tem que identificar que
tem alguém que estimula o ódio. E esse alguém está no Palácio do
Planalto. É preciso um pronunciamento veemente. É preciso ações
que organizem e ajudem a auto-organização dos trabalhadores e
também a defesa dos militantes. É preciso preservar as liberdades
democráticas, alertando, no mundo inteiro, que tem gente que, desde
agora, estimula um ""capitólio"" brasileiro - porque o que o
Bolsonaro faz é isso ao insinuar contra as urnas eletrônicas que o
elegeram lamentavelmente. E o elegeram infelizmente. Eu nunca vi: o
cara que é eleito na urna eletrônica diz que a eleição foi
fraudada. Mas ele prepara terreno para deslegitimar a eleição que
ele perderá, porque o povo brasileiro não vai se vender por um
auxílio eleitoreiro - embora precise do auxílio de R$600. E nós
estamos defendendo, desde 2020, o auxílio de R$600. Mas o Bolsonaro
dá agora para tentar recuperar três, quatro pontos na pesquisa e
tirar depois de dezembro. Mas o povo é esperto, o povo não é bobo:
vai usar os seus direitos e vai votar contra o Bolsonaro, porque
ninguém aguenta mais a agenda do Paulo Guedes e do Bolsonaro. E
nós, que fomos os primeiros a denunciar o orçamento secreto, lá na
CMO de 2020, reconhecemos que de fato caiu o orçamento secreto
impositivo, que era escandaloso, mas se mantém uma LDO regressiva;
mantém-se uma LDO que retira direitos e dinheiro das áreas sociais;
mantém-se uma LDO que dá 3 trilhões para os banqueiros com o
sistema da dívida pública; mantém-se uma LDO que não prevê
direitos para o funcionalismo público; e mantém-se o orçamento
secreto no valor de 19 bilhões. É a legalização do toma lá dá
cá comandada pelo Bolsonaro, porque o chefe é o Bolsonaro. ( Soa
a campainha. ) A
SRA. FERNANDA MELCHIONNA (PSOL
- RS) - E, por isso, o PSOL orienta ""não"" a esse
Orçamento, reconhecendo que teve avanços no relatório perto dos
retrocessos que queriam aprovar, mas a essência de uma agenda
econômica antipovo segue no Orçamento e, ao mesmo tempo, a
possibilidade de utilização desse orçamento secreto, que é uma
ilegalidade, uma imoralidade, uma indecência, uma
institucionalização da corrupção promovida... ( Interrupção
do som. )",psol rs liderança revisão orador obrigar orientação tempo líder agradecer tempo antes entrar tema orçamento aceitar lógico tratar semana normalidade absurdo câmara_dos_deputado dever pronunciar posicionar sobre gravidade escalar violência normal normal pessoa abordar aniversário dirigente partidário assassinar bolsonarista armar invadir festa aniversário marcelo dirigente pt cidade foz_do_iguaçu normal aceitar naturalidade estimular ódio prática dar recado violência lá 2018 metralhar petralhar sistematicamente armar enfrentar oposição filho semana cidadão pai família assassinar repito espaço privado bolo apolog arma violência normal escalada violência vir acontecer brasil marcelo_arruda primeiro assassinato político 2022 primeiro assassinato político país falávamos fundamental justiça marielle_franco investigar mandar matar companheiro assassinar rio_de_janeiro 2018 dar recado salvoconduto impunidade crime político vida valha outro defesa liberdade democrático ativista político ativista social defensor direito humano líder indígena assassinato dom   phillips bruno_pereira ilegal milícia ilegal floresta problema discurso bolsonarista matar apologia violência embaixo hoje lobo solitário lobo solitário violento assassino caso acontecer foz_do_iguaçu futuro agora preciso investigar organização criminoso extremo direita atacar todo atacar jornalista atacar defensor direito humano contra pt deixar solidariedade companheiro pt enterrar posicionamento ideológico rodrigo_pacheco semana normal congresso dever suspender trabalho dar luto oficial três dia assassinar outro posição político dois extremismo invasão festa privado bolsonarista matar líder petista assim acontecer militante psol acontecer militante pcdob psb acontecer mdb outro sigla partidário líder sindicato líder juvenis preciso dar bastar dar basta identificar alguém estimular ódio alguém palácio_do   planalto preciso pronunciamento veemente preciso ação organizem ajudem autoorganização trabalhador defesa militante preciso preservar liberdade democrático alertar mundo inteiro gente desde agora estimular capitólio brasileiro bolsonaro insinuar contra urna eletrônico eleger lamentavelmente eleger infelizmente nunca ver cara eleger urna eletrônico eleição fraudar preparar terreno deslegitimar eleição perder povo brasileiro vender auxílio eleitoreiro embora precise auxílio r 600 defender desde 2020 auxílio r 600 bolsonaro dar agora tentar recuperar três quatro ponto pesquisa tirar dezembro povo esperto povo bobo usar direito votar contra bolsonaro ninguém aguentar agenda paulo_guedes bolsonaro primeiro denunciar orçamento secreto lá cmo 2020 reconhecer fato cair orçamento secreto impositivo escandaloso manter ldo regressivo mantémse ldo retirar direito dinheiro área social mantémse ldo dar 3 trilhão banqueiro sistema dívida público mantémse ldo prever direito funcionalismo público mantémse orçamento secreto valor 19 bilhão legalização tomar lá dar cá comandar bolsonaro chefe bolsonaro soar campainha psol rs psol orientar orçamento reconhecer avanço relatório perto retrocesso aprovar essência agenda econômico antipovo seguir orçamento tempo possibilidader utilização orçamento secreto ilegalidade imoralidade indecência institucionalização corrupção promover interrupção   do_som,"['psol', 'rs', 'liderança', 'revisão', 'orador', 'obrigar', 'orientação', 'tempo', 'líder', 'agradecer', 'tempo', 'antes', 'entrar', 'tema', 'orçamento', 'aceitar', 'lógico', 'tratar', 'semana', 'normalidade', 'absurdo', 'câmara_dos_deputado', 'dever', 'pronunciar', 'posicionar', 'sobre', 'gravidade', 'escalar', 'violência', 'normal', 'normal', 'pessoa', 'abordar', 'aniversário', 'dirigente', 'partidário', 'assassinar', 'bolsonarista', 'armar', 'invadir', 'festa', 'aniversário', 'marcelo', 'dirigente', 'pt', 'cidade', 'foz_do_iguaçu', 'normal', 'aceitar', 'naturalidade', 'estimular', 'ódio', 'prática', 'dar', 'recado', 'violência', 'lá', '2018', 'metralhar', 'petralhar', 'sistematicamente', 'armar', 'enfrentar', 'oposição', 'filho', 'semana', 'cidadão', 'pai', 'família', 'assassinar', 'repito', 'espaço', 'privado', 'bolo', 'apolog', 'arma', 'violência', 'normal', 'escalada', 'violência', 'vir', 'acontecer', 'brasil', 'marcelo_arruda', 'primeiro', 'assassinato', 'político', '2022', 'primeiro', 'assassinato', 'político', 'país', 'falávamos', 'fundamental', 'justiça', 'marielle_franco', 'investigar', 'mandar', 'matar', 'companheiro', 'assassinar', 'rio_de_janeiro', '2018', 'dar', 'recado', 'salvoconduto', 'impunidade', 'crime', 'político', 'vida', 'valha', 'outro', 'defesa', 'liberdade', 'democrático', 'ativista', 'político', 'ativista', 'social', 'defensor', 'direito', 'humano', 'líder', 'indígena', 'assassinato', 'dom', 'phillips', 'bruno_pereira', 'ilegal', 'milícia', 'ilegal', 'floresta', 'problema', 'discurso', 'bolsonarista', 'matar', 'apologia', 'violência', 'embaixo', 'hoje', 'lobo', 'solitário', 'lobo', 'solitário', 'violento', 'assassino', 'caso', 'acontecer', 'foz_do_iguaçu', 'futuro', 'agora', 'preciso', 'investigar', 'organização', 'criminoso', 'extremo', 'direita', 'atacar', 'todo', 'atacar', 'jornalista', 'atacar', 'defensor', 'direito', 'humano', 'contra', 'pt', 'deixar', 'solidariedade', 'companheiro', 'pt', 'enterrar', 'posicionamento', 'ideológico', 'rodrigo_pacheco', 'semana', 'normal', 'congresso', 'dever', 'suspender', 'trabalho', 'dar', 'luto', 'oficial', 'três', 'dia', 'assassinar', 'outro', 'posição', 'político', 'dois', 'extremismo', 'invasão', 'festa', 'privado', 'bolsonarista', 'matar', 'líder', 'petista', 'assim', 'acontecer', 'militante', 'psol', 'acontecer', 'militante', 'pcdob', 'psb', 'acontecer', 'mdb', 'outro', 'sigla', 'partidário', 'líder', 'sindicato', 'líder', 'juvenis', 'preciso', 'dar', 'bastar', 'dar', 'basta', 'identificar', 'alguém', 'estimular', 'ódio', 'alguém', 'palácio_do', 'planalto', 'preciso', 'pronunciamento', 'veemente', 'preciso', 'ação', 'organizem', 'ajudem', 'autoorganização', 'trabalhador', 'defesa', 'militante', 'preciso', 'preservar', 'liberdade', 'democrático', 'alertar', 'mundo', 'inteiro', 'gente', 'desde', 'agora', 'estimular', 'capitólio', 'brasileiro', 'bolsonaro', 'insinuar', 'contra', 'urna', 'eletrônico', 'eleger', 'lamentavelmente', 'eleger', 'infelizmente', 'nunca', 'ver', 'cara', 'eleger', 'urna', 'eletrônico', 'eleição', 'fraudar', 'preparar', 'terreno', 'deslegitimar', 'eleição', 'perder', 'povo', 'brasileiro', 'vender', 'auxílio', 'eleitoreiro', 'embora', 'precise', 'auxílio', 'r', '600', 'defender', 'desde', '2020', 'auxílio', 'r', '600', 'bolsonaro', 'dar', 'agora', 'tentar', 'recuperar', 'três', 'quatro', 'ponto', 'pesquisa', 'tirar', 'dezembro', 'povo', 'esperto', 'povo', 'bobo', 'usar', 'direito', 'votar', 'contra', 'bolsonaro', 'ninguém', 'aguentar', 'agenda', 'paulo_guedes', 'bolsonaro', 'primeiro', 'denunciar', 'orçamento', 'secreto', 'lá', 'cmo', '2020', 'reconhecer', 'fato', 'cair', 'orçamento', 'secreto', 'impositivo', 'escandaloso', 'manter', 'ldo', 'regressivo', 'mantémse', 'ldo', 'retirar', 'direito', 'dinheiro', 'área', 'social', 'mantémse', 'ldo', 'dar', '3', 'trilhão', 'banqueiro', 'sistema', 'dívida', 'público', 'mantémse', 'ldo', 'prever', 'direito', 'funcionalismo', 'público', 'mantémse', 'orçamento', 'secreto', 'valor', '19', 'bilhão', 'legalização', 'tomar', 'lá', 'dar', 'cá', 'comandar', 'bolsonaro', 'chefe', 'bolsonaro', 'soar', 'campainha', 'psol', 'rs', 'psol', 'orientar', 'orçamento', 'reconhecer', 'avanço', 'relatório', 'perto', 'retrocesso', 'aprovar', 'essência', 'agenda', 'econômico', 'antipovo', 'seguir', 'orçamento', 'tempo', 'possibilidader', 'utilização', 'orçamento', 'secreto', 'ilegalidade', 'imoralidade', 'indecência', 'institucionalização', 'corrupção', 'promover', 'interrupção', 'do_som']"
SÂMIA BOMFIM,PSOL,SP,021.4.56.N,ORDEM DO DIA,05/07/2022,15h26,DCN 07/07/2022 PAG. 41,https://www.camara.leg.br/internet/sitaqweb/TextoHTML.asp?etapa=5&nuSessao=021.4.56.N&nuQuarto=0&nuOrador=0&nuInsercao=31&dtHorarioQuarto=15%3A26&sgFaseSessao=OD&Data=05%2F07%2F2022&txApelido=S%C3%82MIA+BOMFIM&txFaseSessao=Ordem+do+Dia&txTipoSessao=Extraordin%C3%A1ria+-+CN&dtHoraQuarto=15%3A26,"Discussão do Veto Total nº 18, de 2022, aposto ao Projeto de Lei Complementar nº 73, de 2021, sobre o apoio financeiro da União aos Esados, ao Distrito Federal e aos Municípios para garantia de ações emergenciais direcionadas ao setor cultural (Projeto Paulo Gustavo); e do Veto Total nº 20, de 2022, aposto ao Projeto de Lei nº 1.518, de 2021, sobre a instituição da Política Nacional Aldir Blanc de Fomento à Cultura.","A
SRA. SÂMIA BOMFIM (PSOL
- SP. Para discutir. Sem revisão da oradora.) - Infelizmente, não
foi surpresa quando o Bolsonaro vetou as Leis Paulo Gustavo e Aldir
Blanc 2, tendo em vista que, mesmo quando era Deputado, ele sempre se
utilizou do ataque às diferentes expressões e manifestações
culturais como uma forma de mobilizar sua base e como uma forma de
construir o seu legado político. Vejam só, um legado que não é
favorável às diferentes expressões artísticas, humanas à
promoção da cidadania, à promoção e ao acesso a direitos. Desde
o início foram expedidos vários decretos e promovidas ações,
inclusive judiciais, perseguindo trabalhadores da cultura. Houve uma
tentativa de apropriação, de desmonte da própria Lei Rouanet, que
é um mecanismo importante de financiamento de parte da cultura no
nosso país. Quando nós conseguimos aprovar por quase unanimidade
essas duas leis aqui no Congresso Nacional e veio o veto, isso
significou uma insensibilidade com a vida de milhões de
trabalhadores da cultura que precisam de socorro, de socorro
emergencial neste momento em primeiro lugar. A
Lei Aldir Blanc 1 foi fundamental para que recursos pudessem chegar a
estados e municípios. Ela também ajudou a organizar secretarias e
conselhos de cultura, foi o momento em que foi possível inclusive
reduzir drasticamente o índice de desemprego, que foi uma das
principais características econômicas de impacto durante o contexto
da pandemia. Se em 2020 a cultura perdeu cerca de um milhão de
postos de trabalho, a partir da aprovação da Lei Aldir Blanc 1, foi
possível recuperar cerca de 400 mil desses postos de trabalho. Agora
nós temos uma boa perspectiva em relação à Lei Paulo Gustavo, que
homenageia um grande humorista, alguém que levava alegria para os
lares brasileiros e que infelizmente foi um dos milhares de
brasileiros que faleceram em decorrência da covid 19 num contexto em
que já havia vacina e já havia o avanço do enfrentamento da
pandemia em diversos países do mundo. Por
conta da irresponsabilidade da política negacionista e genocida, a
covid levou o nosso companheiro Paulo Gustavo, assim como no início
da pandemia levou Aldir Blanc e, por isso também, ele nomeia a outra
lei cujo veto nós precisamos derrubar no dia de hoje, porque a Lei
Aldir Blanc 2 é uma política de fomento permanente à cultura. São
cerca de R$3 bilhões por ano previstos, algo que é muito maior,
inclusive, que o orçamento rebaixado que o Bolsonaro impõe para
este Congresso votar desde o início, quando assumiu a Presidência
da República. Na LOA de 2022 foi previsto cerca de R$1 bilhão,
então a gente está falando praticamente de triplicar o orçamento
da cultura para os próximos anos. Paralelamente
a isso, há necessidade de aprovação imediata da derrubada do veto
da Lei Paulo Gustavo. São milhões de trabalhadores que pedem
socorro. A cultura foi o primeiro setor a parar e foi o último setor
a voltar, porque depende necessariamente da comunidade, da
aglomeração, das pessoas em conjunto e também porque é um setor
que tem um nível de informalidade no mercado de trabalho muito
grande. Calcula-se que sejam cerca de 5 milhões de trabalhadores na
cultura, mas esse índice pode ser muito maior, porque a maioria
deles não está registrada, não tem nenhum tipo de formalização,
tampouco são MEI, são pessoas que vivem de maneira muitas vezes
precária ou mesmo sem nenhuma contratação, nenhuma garantia de que
vão de fato conseguir receber os seus recursos. Então, num momento
como este, é o mínimo que a gente faz, primeiro em homenagem a
esses dois grandes lutadores que foram fundamentais para a cultura do
país, mas, segundo, na compreensão de que, além de ser o acesso à
cultura um direito da população, é também um setor econômico
importante: são cerca de 4% do nosso PIB. Isso não pode ser
irrelevante, só mesmo na mente de um governo negacionista, que se
incomoda com as pessoas manifestando o que há de melhor da expressão
da cultura humana, da vida em sociedade... ( Soa
a campainha. ) A
SRA. SÂMIA BOMFIM (PSOL
- SP) - ... o que há de melhor no Brasil. Só mesmo um Governo como
esse para ser contrário a duas leis tão importantes. Mas
eu quero saudar a mobilização dos artistas de todo o país que
estão aqui há semanas, a população que está nas redes sociais, o
conjunto dos Parlamentares que está comprometido com a derrubada
desses vetos. E hoje pode e deve ser um dia histórico. Por
isso, nós defendemos a derrubada dos vetos da Lei Aldir Blanc 2 e da
Lei Paulo Gustavo. Viva
a cultura brasileira!",psol sp discutir revisão orador infelizmente surpresa bolsonaro vetar leis_paulo_gustavo aldir   blanc 2 ver sempre utilizar ataque diferente expressão manifestação cultural forma mobilizar base forma construir legado político vejam legado favorável diferente expressão artístico humano promoção cidadanio promoção acesso direito desde início expedir vários decreto promovir ação inclusive judicial perseguir trabalhador cultura tentativo apropriação desmonte próprio lei_rouanet mecanismo importante financiamento parte cultura país conseguir aprovar quase unanimidade dois lei congresso_nacional vir veto significar insensibilidade vida milhão trabalhador cultura socorro socorro emergencial momento primeiro lugar lei aldir_blanc 1 fundamental recurso chegar estado município ajudar organizar secretaria conselho cultura momento possível inclusive reduzir drasticamente índice desemprego principal característica econômico impacto durante contexto pandemer 2020 cultura perder cerca milhão posto trabalho partir aprovação lei_aldir_blanc 1 possível recuperar cerca 400 mil posto trabalho agora bom perspectiva relação lei_paulo_gustavo homenagear grande humorista alguém levar alegria lar brasileiro infelizmente milhar brasileiro falecer decorrência covid 19 contexto vacina avanço enfrentamento pandemia diverso país mundo contar irresponsabilidade político negacionista genocidar covid levar companheiro paulo_gustavo assim início pandemiar levar aldir_blanc nomeiar outro lei cujo veto derrubar dia hoje lei aldir_blanc 2 política fomento permanente cultura cerca r 3 bilhão ano prever algo grande inclusive orçamento rebaixar bolsonaro impor congresso votar desde início assumir presidência   da_república loa 2022 previsto cerca r 1 bilhão então gente praticamente triplicar orçamento cultura próximo ano paralelamente necessidade aprovação imediato derrubar veto lei_paulo_gustavo milhão trabalhador pedir socorro cultura primeiro setor parar último setor voltar depender necessariamente comunidade aglomeração pessoa conjunto setor nível informalidade mercado trabalho grande calculase cerca 5 milhão trabalhador cultura índice grande maioria registrar nenhum tipo formalização tampouco mei pessoa viver maneira vez precário nenhum contratação nenhum garantia fato conseguir receber recurso então momento pequeno gente primeiro homenagem dois grande lutador fundamental cultura país segundo compreensão além acesso cultura direito população setor econômico importante cerca 4 pib irrelevante mente governo negacionista incomodar pessoa manifestar bom expressão cultura humano vida sociedade soar campainha psol sp bom brasil governo contrário dois lei tão importante saudar mobilização artista todo país semana população rede social conjunto parlamentar comprometer derrubada veto hoje dever dia histórico defender derrubar veto lei_aldir_blanc 2 lei paulo gustavo vivo cultura brasileiro,"['psol', 'sp', 'discutir', 'revisão', 'orador', 'infelizmente', 'surpresa', 'bolsonaro', 'vetar', 'leis_paulo_gustavo', 'aldir', 'blanc', '2', 'ver', 'sempre', 'utilizar', 'ataque', 'diferente', 'expressão', 'manifestação', 'cultural', 'forma', 'mobilizar', 'base', 'forma', 'construir', 'legado', 'político', 'vejam', 'legado', 'favorável', 'diferente', 'expressão', 'artístico', 'humano', 'promoção', 'cidadanio', 'promoção', 'acesso', 'direito', 'desde', 'início', 'expedir', 'vários', 'decreto', 'promovir', 'ação', 'inclusive', 'judicial', 'perseguir', 'trabalhador', 'cultura', 'tentativo', 'apropriação', 'desmonte', 'próprio', 'lei_rouanet', 'mecanismo', 'importante', 'financiamento', 'parte', 'cultura', 'país', 'conseguir', 'aprovar', 'quase', 'unanimidade', 'dois', 'lei', 'congresso_nacional', 'vir', 'veto', 'significar', 'insensibilidade', 'vida', 'milhão', 'trabalhador', 'cultura', 'socorro', 'socorro', 'emergencial', 'momento', 'primeiro', 'lugar', 'lei', 'aldir_blanc', '1', 'fundamental', 'recurso', 'chegar', 'estado', 'município', 'ajudar', 'organizar', 'secretaria', 'conselho', 'cultura', 'momento', 'possível', 'inclusive', 'reduzir', 'drasticamente', 'índice', 'desemprego', 'principal', 'característica', 'econômico', 'impacto', 'durante', 'contexto', 'pandemer', '2020', 'cultura', 'perder', 'cerca', 'milhão', 'posto', 'trabalho', 'partir', 'aprovação', 'lei_aldir_blanc', '1', 'possível', 'recuperar', 'cerca', '400', 'mil', 'posto', 'trabalho', 'agora', 'bom', 'perspectiva', 'relação', 'lei_paulo_gustavo', 'homenagear', 'grande', 'humorista', 'alguém', 'levar', 'alegria', 'lar', 'brasileiro', 'infelizmente', 'milhar', 'brasileiro', 'falecer', 'decorrência', 'covid', '19', 'contexto', 'vacina', 'avanço', 'enfrentamento', 'pandemia', 'diverso', 'país', 'mundo', 'contar', 'irresponsabilidade', 'político', 'negacionista', 'genocidar', 'covid', 'levar', 'companheiro', 'paulo_gustavo', 'assim', 'início', 'pandemiar', 'levar', 'aldir_blanc', 'nomeiar', 'outro', 'lei', 'cujo', 'veto', 'derrubar', 'dia', 'hoje', 'lei', 'aldir_blanc', '2', 'política', 'fomento', 'permanente', 'cultura', 'cerca', 'r', '3', 'bilhão', 'ano', 'prever', 'algo', 'grande', 'inclusive', 'orçamento', 'rebaixar', 'bolsonaro', 'impor', 'congresso', 'votar', 'desde', 'início', 'assumir', 'presidência', 'da_república', 'loa', '2022', 'previsto', 'cerca', 'r', '1', 'bilhão', 'então', 'gente', 'praticamente', 'triplicar', 'orçamento', 'cultura', 'próximo', 'ano', 'paralelamente', 'necessidade', 'aprovação', 'imediato', 'derrubar', 'veto', 'lei_paulo_gustavo', 'milhão', 'trabalhador', 'pedir', 'socorro', 'cultura', 'primeiro', 'setor', 'parar', 'último', 'setor', 'voltar', 'depender', 'necessariamente', 'comunidade', 'aglomeração', 'pessoa', 'conjunto', 'setor', 'nível', 'informalidade', 'mercado', 'trabalho', 'grande', 'calculase', 'cerca', '5', 'milhão', 'trabalhador', 'cultura', 'índice', 'grande', 'maioria', 'registrar', 'nenhum', 'tipo', 'formalização', 'tampouco', 'mei', 'pessoa', 'viver', 'maneira', 'vez', 'precário', 'nenhum', 'contratação', 'nenhum', 'garantia', 'fato', 'conseguir', 'receber', 'recurso', 'então', 'momento', 'pequeno', 'gente', 'primeiro', 'homenagem', 'dois', 'grande', 'lutador', 'fundamental', 'cultura', 'país', 'segundo', 'compreensão', 'além', 'acesso', 'cultura', 'direito', 'população', 'setor', 'econômico', 'importante', 'cerca', '4', 'pib', 'irrelevante', 'mente', 'governo', 'negacionista', 'incomodar', 'pessoa', 'manifestar', 'bom', 'expressão', 'cultura', 'humano', 'vida', 'sociedade', 'soar', 'campainha', 'psol', 'sp', 'bom', 'brasil', 'governo', 'contrário', 'dois', 'lei', 'tão', 'importante', 'saudar', 'mobilização', 'artista', 'todo', 'país', 'semana', 'população', 'rede', 'social', 'conjunto', 'parlamentar', 'comprometer', 'derrubada', 'veto', 'hoje', 'dever', 'dia', 'histórico', 'defender', 'derrubar', 'veto', 'lei_aldir_blanc', '2', 'lei', 'paulo', 'gustavo', 'vivo', 'cultura', 'brasileiro']"
SÂMIA BOMFIM,PSOL,SP,021.4.56.N,ORDEM DO DIA,05/07/2022,15h26,DCN 07/07/2022 PAG. 57,https://www.camara.leg.br/internet/sitaqweb/TextoHTML.asp?etapa=5&nuSessao=021.4.56.N&nuQuarto=0&nuOrador=0&nuInsercao=46&dtHorarioQuarto=15%3A26&sgFaseSessao=OD&Data=05%2F07%2F2022&txApelido=S%C3%82MIA+BOMFIM&txFaseSessao=Ordem+do+Dia&txTipoSessao=Extraordin%C3%A1ria+-+CN&dtHoraQuarto=15%3A26,"Manutenção pelo PSOL do requerimento de destaque para apreciação em separado do Veto Parcial nº 36, de 2021, aposto ao Projeto de Lei de Conversão nº 7, de 2021 (oriundo da Medida Provisória nº 1.031, de 2021), sobre a desestatização da empresa Centrais Elétricas Brasileiras S/A - ELETROBRAS.","A
SRA. SÂMIA BOMFIM (PSOL
- SP. Pela ordem. Sem revisão da oradora.) - É importante que se
tenha cedido a esse apelo do PSD como parte das negociações. Quero
dizer que nós do PSOL, ao contrário do que foi anunciado, nós não
retiramos o Veto 36. Nós inclusive fizemos um apelo ao Líder do
Governo para que, caso não seja possível entrar como parte dos
destaques, que se retire da pauta e que entre numa nova. Mas a gente
não pode abrir mão desse destaque, porque inclusive foi algo
pleiteado por mais de uma bancada, e a gente não retirou aqui. O
Presidente fez a leitura como se ele tivesse sido retirado, mas a
gente o mantém. Estava aqui, inclusive, debatendo com o conjunto da
Minoria... ( Soa
a campainha. ) A
SRA. SÂMIA BOMFIM (PSOL
- SP) - ... para que isso seja reivindicado como um destaque da
Minoria como parte da negociação e do acordo que pode ser feito com
o Líder do Governo.",psol sp ordem revisão orador importante ceder apelo psd parte negociação psol contrário anunciar retirar veto_36 inclusive fizemos apelo líder_do   governo caso possível entrar parte destaque retirar pauta novo gente abrir mão destaque inclusive algo pleitear bancada gente retirar leitura retirar gente manter inclusive debater conjunto minoria soar campainha psol sp reivindicar destaque minorio parte negociação acordo líder_do_governo,"['psol', 'sp', 'ordem', 'revisão', 'orador', 'importante', 'ceder', 'apelo', 'psd', 'parte', 'negociação', 'psol', 'contrário', 'anunciar', 'retirar', 'veto_36', 'inclusive', 'fizemos', 'apelo', 'líder_do', 'governo', 'caso', 'possível', 'entrar', 'parte', 'destaque', 'retirar', 'pauta', 'novo', 'gente', 'abrir', 'mão', 'destaque', 'inclusive', 'algo', 'pleitear', 'bancada', 'gente', 'retirar', 'leitura', 'retirar', 'gente', 'manter', 'inclusive', 'debater', 'conjunto', 'minoria', 'soar', 'campainha', 'psol', 'sp', 'reivindicar', 'destaque', 'minorio', 'parte', 'negociação', 'acordo', 'líder_do_governo']"
SÂMIA BOMFIM,PSOL,SP,021.4.56.N,ORDEM DO DIA,05/07/2022,15h26,DCN 07/07/2022 PAG. 69,https://www.camara.leg.br/internet/sitaqweb/TextoHTML.asp?etapa=5&nuSessao=021.4.56.N&nuQuarto=0&nuOrador=0&nuInsercao=61&dtHorarioQuarto=15%3A26&sgFaseSessao=OD&Data=05%2F07%2F2022&txApelido=S%C3%82MIA+BOMFIM&txFaseSessao=Ordem+do+Dia&txTipoSessao=Extraordin%C3%A1ria+-+CN&dtHoraQuarto=15%3A26,"Orientação de bancada na votação dos Vetos nº 36 e 66, Dispositivos 1, 2, 4 e 15 a 17, de 2021; Vetos nº 17 e 19, Dispositivos 2 a 8; Vetos nºs  21, 27 e 29, Dispositivos 1 e 2, de 2022. Protesto pela não votação destacada do Veto Parcial nº 36, de 2021, aposto ao Projeto de Lei de Conversão nº 7, de 2021 (oriundo da Medida Provisória nº 1.031, de 2021), sobre a desestatização da empresa Centrais Elétricas Brasileiras S.A - ELETROBRAS. Expectativa de rejeição do Veto Total nº 18, de 2022, aposto ao Projeto de Lei Complementar nº 73, de 2021, relativo ao apoio financeiro da União aos Estados, ao Distrito Federal e aos Municípios para garantia de ações emergenciais direcionadas ao setor cultural (projeto de Lei Paulo Gustavo); e do Veto Total nº 20, de 2022, aposto ao Projeto de Lei nº 1.518, de 2021, sobre a instituição da Política Nacional Aldir Blanc de Fomento à Cultura (projeto de Lei Aldir Blanc 2).","A
SRA. SÂMIA BOMFIM (PSOL
- SP. Para orientar a bancada. Sem revisão da oradora.) - Obrigada,
Presidente. É
só para a gente poder fazer uma correção no painel. O
PSOL vai orientar ""não"", e eu justifico a nossa posição. Nós
reconhecemos o esforço de negociação que aconteceu para que a Lei
de Segurança Nacional pudesse sair da votação de hoje, para que
aconteça num outro momento, para que a gente tenha o direito de
destacá-la, mas, para nós, seria fundamental que também pudesse
ser destacado o veto relativo à Eletrobras, que é uma demanda, em
especial, do movimento de trabalhadores, daqueles que lutaram contra
a sua privatização, pela possibilidade de manutenção dos postos
de trabalho. Nós
insistimos, nós registramos com o Líder do Governo, mas,
infelizmente, não se aceitou que nós pudéssemos fazer esse
destaque. Isso é muito ruim. Nós não podemos e não vamos sucumbir
a esse tipo de chantagem. Nós
celebramos no dia de hoje e, por isso, vamos votar pela derrubada dos
vetos da Lei Aldir Blanc e da Lei Paulo Gustavo, mas, para nós, uma
coisa não está em detrimento da outra. Pela
defesa e manutenção dos postos de trabalho da Eletrobras, nós
vamos orientar ""não"" nesse conjunto de vetos. Afinal de
contas, isso é um item fundamental e não é justo que ele não
possa ser destacado. Obrigada.",psol sp orientar bancada revisão orador obrigar gente correção painel psol orientar justifico posição reconhecer esforço negociação acontecer lei   de_segurança_nacional sair votação hoje acontecer outro momento gente direito destacála fundamental destacar veto relativo eletrobras demanda especial movimento trabalhador lutar contra privatização possibilidade manutenção postos trabalho insistir registrar líder_do_governo infelizmente aceitar pudéssemos destaque ruim sucumbir tipo chantagem celebramosr dia hoje votar derrubar veto lei_aldir_blanc lei_paulo_gustavo coisa detrimento outro defesa manutenção postos trabalho eletrobra orientar conjunto veto afinal conta item fundamental justo destacar obrigar,"['psol', 'sp', 'orientar', 'bancada', 'revisão', 'orador', 'obrigar', 'gente', 'correção', 'painel', 'psol', 'orientar', 'justifico', 'posição', 'reconhecer', 'esforço', 'negociação', 'acontecer', 'lei', 'de_segurança_nacional', 'sair', 'votação', 'hoje', 'acontecer', 'outro', 'momento', 'gente', 'direito', 'destacála', 'fundamental', 'destacar', 'veto', 'relativo', 'eletrobras', 'demanda', 'especial', 'movimento', 'trabalhador', 'lutar', 'contra', 'privatização', 'possibilidade', 'manutenção', 'postos', 'trabalho', 'insistir', 'registrar', 'líder_do_governo', 'infelizmente', 'aceitar', 'pudéssemos', 'destaque', 'ruim', 'sucumbir', 'tipo', 'chantagem', 'celebramosr', 'dia', 'hoje', 'votar', 'derrubar', 'veto', 'lei_aldir_blanc', 'lei_paulo_gustavo', 'coisa', 'detrimento', 'outro', 'defesa', 'manutenção', 'postos', 'trabalho', 'eletrobra', 'orientar', 'conjunto', 'veto', 'afinal', 'conta', 'item', 'fundamental', 'justo', 'destacar', 'obrigar']"
IVAN VALENTE,PSOL,SP,021.4.56.N,ORDEM DO DIA,05/07/2022,15h26,DCN 07/07/2022 PAG. 32,https://www.camara.leg.br/internet/sitaqweb/TextoHTML.asp?etapa=5&nuSessao=021.4.56.N&nuQuarto=0&nuOrador=0&nuInsercao=23&dtHorarioQuarto=15%3A26&sgFaseSessao=OD&Data=05%2F07%2F2022&txApelido=IVAN+VALENTE&txFaseSessao=Ordem+do+Dia&txTipoSessao=Extraordin%C3%A1ria+-+CN&dtHoraQuarto=15%3A26,"Destruição do País pelo Governo Jair Bolsonaro. Discussão do Veto Total nº 18, de 2022, aposto ao Projeto de Lei Complementar nº 73, de 2021, sobre o apoio financeiro da União aos Esados, ao Distrito Federal e aos Municípios para garantia de ações emergenciais direcionadas ao setor cultural (Projeto Paulo Gustavo); e do Veto Total nº 20, de 2022, aposto ao Projeto de Lei nº 1.518, de 2021, sobre a instituição da Política Nacional Aldir Blanc de Fomento à Cultura.","O
SR. IVAN VALENTE (PSOL
- SP. Para discutir. Sem revisão do orador.) - Obrigado, Presidente. Sr.
Presidente, Srs. e Sras. Parlamentares, neste momento eu queria
cumprimentar, em primeiro lugar, todos aqueles que, de alguma forma
no nosso país, contribuem para a elevação da cultura, da alegria,
do preparo do povo brasileiro: os trabalhadores e trabalhadoras da
cultura, que estão aqui há muito tempo pressionando por algo
legítimo, que é deles, durante período tão tenso como foi o da
pandemia. Mas,
antes de falar disso, eu quero falar um pouco do Governo Bolsonaro.
Este é o Gov555erno da destruição nacional em todos os sentidos
que se possa imaginar. Ele destrói a educação, ele destrói a
saúde pública, ele destrói o meio ambiente, os biomas nacionais, a
vida e a cultura dos povos indígenas, ele destrói a democracia
brasileira, ele solapa a democracia brasileira, ele concentra renda,
terra, riqueza e poder na mão de poucos e faz o jogo do capital
financeiro e do grande agronegócio exportador. Essa é a realidade
deste Governo, que retira direitos permanentemente dos trabalhadores. E
a segunda questão que eu queria colocar é exatamente isto: hoje nós
estamos aqui para discutir a derrubada de alguns vetos a que eu quero
me referir. E por que a ideia de que não há espaço fiscal é
cínica? Por uma única razão: este país gasta mais de R$550
bilhões com juros por ano; este país gasta 400 bilhões em
desonerações fiscais para monopólios no nosso país. E, no meio de
uma pandemia, quando o Congresso Nacional, por maioria esmagadora,
aprova a Lei Paulo Gustavo, que é injeção direta de recursos para
o trabalho, todo tipo de trabalho e construção da cultura no nosso
país, e se também Bolsonaro veta a Lei Aldir Blanc 2, quer dizer
que não há planejamento para o futuro da cultura brasileira
simplesmente por uma razão: Bolsonaro é o cara das trevas.   
Ele é contra a cultura e particularmente contra os trabalhadores e
trabalhadoras da cultura. Ele não quer saber disso. Ele só fala em
armamento. É o emissário da morte. Então,
quando a gente fala que não tem espaço fiscal, como eu conversava
agora aqui com o Deputado Afonso Florence. Ora, qualquer governo,
qualquer maioria parlamentar, quando tem vontade política, aprova.
Aqui você pode fazer. Se não tem espaço fiscal, aprova um PLN
ainda esta semana. Põe na LDO também para o futuro. Não.
O que está se discutindo aqui é que, na verdade, os trabalhadores e
trabalhadoras da cultura, alegria do povo brasileiro, a produção
cultural, que engrandece a formação social do país, do povo
brasileiro, da nossa juventude e em todas as áreas das artes e da
cultura enriquecem a todos como... ( Soa
a campainha. ) O
SR. IVAN VALENTE (PSOL
- SP) - ... seres humanos no nosso país, não podem ter guarida
nesse Governo genocida de Bolsonaro. Ele
não quer saber de cultura. Ele é da incultura. Ele é o Governo da
morte. Ele é o Governo para esmagar os explorados e oprimidos. Por
isso, derrubar os vetos aqui vai ser uma das maiores alegrias... ( Interrupção
do som. )",psol sp discutir revisão orador  parlamentar momento cumprimentar primeiro lugar todo algum forma país contribuir elevação cultura alegria preparo povo brasileiro trabalhador trabalhadora cultura tempo pressionar algo legítimo durante período tão tenso pandemia antes pouco governo bolsonaro destruição nacional todo sentido imaginar destrói educação destrói saúde público destrói meio ambiente bioma nacional vida cultura povo indígena destróir democracia brasileiro solapar democracia brasileiro concentrar renda terro riqueza mão pouco jogo capital financeiro grande agronegócio exportador realidade governo retirar direito permanentemente trabalhador segundo questão colocar exatamente hoje discutir derrubada algum veto referir ideia espaço fiscal cínico único razão país gastar r 550 bilhão juro ano país gastar 400 bilhão desoneração fiscal monopólio país meio pandemia congresso_nacional maioria esmagador aprovar lei_paulo_gustavo injeção direto recurso trabalho todo tipo trabalho construção cultura país bolsonaro vetar lei_aldir_blanc 2 planejamento futuro cultura brasileiro simplesmente razão bolsonaro cara treva contra cultura particularmente contra trabalhador trabalhadora cultura saber armamento emissário morter então gente espaço fiscal conversar agora deputado_afonso_florence ora qualquer governo qualquer maioria parlamentar vontade político aprovar espaço fiscal aprovar pln ainda semana pôr ldo futuro discutir verdade trabalhador trabalhadora cultura alegria povo brasileiro produção cultural engrandecer formação social país povo brasileiro juventude todo área arte cultura enriquecer todo soar campainha psol sp humanos país guarido governo genocidar bolsonaro saber cultura inculturar governo_da   morte governo esmagar explorar oprimido derrubar veto grande alegria interrupção   do_som,"['psol', 'sp', 'discutir', 'revisão', 'orador', 'parlamentar', 'momento', 'cumprimentar', 'primeiro', 'lugar', 'todo', 'algum', 'forma', 'país', 'contribuir', 'elevação', 'cultura', 'alegria', 'preparo', 'povo', 'brasileiro', 'trabalhador', 'trabalhadora', 'cultura', 'tempo', 'pressionar', 'algo', 'legítimo', 'durante', 'período', 'tão', 'tenso', 'pandemia', 'antes', 'pouco', 'governo', 'bolsonaro', 'destruição', 'nacional', 'todo', 'sentido', 'imaginar', 'destrói', 'educação', 'destrói', 'saúde', 'público', 'destrói', 'meio', 'ambiente', 'bioma', 'nacional', 'vida', 'cultura', 'povo', 'indígena', 'destróir', 'democracia', 'brasileiro', 'solapar', 'democracia', 'brasileiro', 'concentrar', 'renda', 'terro', 'riqueza', 'mão', 'pouco', 'jogo', 'capital', 'financeiro', 'grande', 'agronegócio', 'exportador', 'realidade', 'governo', 'retirar', 'direito', 'permanentemente', 'trabalhador', 'segundo', 'questão', 'colocar', 'exatamente', 'hoje', 'discutir', 'derrubada', 'algum', 'veto', 'referir', 'ideia', 'espaço', 'fiscal', 'cínico', 'único', 'razão', 'país', 'gastar', 'r', '550', 'bilhão', 'juro', 'ano', 'país', 'gastar', '400', 'bilhão', 'desoneração', 'fiscal', 'monopólio', 'país', 'meio', 'pandemia', 'congresso_nacional', 'maioria', 'esmagador', 'aprovar', 'lei_paulo_gustavo', 'injeção', 'direto', 'recurso', 'trabalho', 'todo', 'tipo', 'trabalho', 'construção', 'cultura', 'país', 'bolsonaro', 'vetar', 'lei_aldir_blanc', '2', 'planejamento', 'futuro', 'cultura', 'brasileiro', 'simplesmente', 'razão', 'bolsonaro', 'cara', 'treva', 'contra', 'cultura', 'particularmente', 'contra', 'trabalhador', 'trabalhadora', 'cultura', 'saber', 'armamento', 'emissário', 'morter', 'então', 'gente', 'espaço', 'fiscal', 'conversar', 'agora', 'deputado_afonso_florence', 'ora', 'qualquer', 'governo', 'qualquer', 'maioria', 'parlamentar', 'vontade', 'político', 'aprovar', 'espaço', 'fiscal', 'aprovar', 'pln', 'ainda', 'semana', 'pôr', 'ldo', 'futuro', 'discutir', 'verdade', 'trabalhador', 'trabalhadora', 'cultura', 'alegria', 'povo', 'brasileiro', 'produção', 'cultural', 'engrandecer', 'formação', 'social', 'país', 'povo', 'brasileiro', 'juventude', 'todo', 'área', 'arte', 'cultura', 'enriquecer', 'todo', 'soar', 'campainha', 'psol', 'sp', 'humanos', 'país', 'guarido', 'governo', 'genocidar', 'bolsonaro', 'saber', 'cultura', 'inculturar', 'governo_da', 'morte', 'governo', 'esmagar', 'explorar', 'oprimido', 'derrubar', 'veto', 'grande', 'alegria', 'interrupção', 'do_som']"
FERNANDA MELCHIONNA,PSOL,RS,021.4.56.N,ORDEM DO DIA,05/07/2022,15h26,DCN 07/07/2022 PAG. 92,https://www.camara.leg.br/internet/sitaqweb/TextoHTML.asp?etapa=5&nuSessao=021.4.56.N&nuQuarto=0&nuOrador=0&nuInsercao=93&dtHorarioQuarto=15%3A26&sgFaseSessao=OD&Data=05%2F07%2F2022&txApelido=FERNANDA+MELCHIONNA&txFaseSessao=Ordem+do+Dia&txTipoSessao=Extraordin%C3%A1ria+-+CN&dtHoraQuarto=15%3A26,"Regozijo com a rejeição do Veto Total nº 18, de 2022, aposto ao Projeto de Lei Complementar nº 73, de 2021, sobre o apoio financeiro da União aos Estados, ao Distrito Federal e aos Municípios para garantia de ações emergenciais direcionadas ao setor cultural (Projeto Paulo Gustavo); e do Veto Total nº 20, de 2022, aposto ao Projeto de Lei nº 1.518, de 2021, sobre a instituição da Política Nacional Aldir Blanc de Fomento à Cultura. Saudações aos artistas brasileiros.","A
SRA. FERNANDA MELCHIONNA (PSOL
- RS. Pela ordem. Sem revisão da oradora.) - Obrigada, Presidente
Rodrigo Pacheco. Eu
quero cumprimentar o conjunto dos artistas brasileiros. Foi uma luta
de mais de 5 meses dos trabalhadores da cultura, porque esses vetos
que nós derrubamos hoje, os dois, à Lei Paulo Gustavo, que injeta
mais de 3 bilhões no setor neste ano ainda, e à Lei Aldir Blanc 2,
encabeçada pela Jandira Feghali, Deputada Jandira, da qual eu tenho
orgulho de ser coautora e que cria uma política para a cultura para
o ano que vem... São leis fundamentais para garantir, primeiro, um
reconhecimento aos trabalhadores da cultura, que foram os que que
mais sofreram com a pandemia. ( Soa
a campainha. ) A
SRA. FERNANDA MELCHIONNA (PSOL
- RS) - Segundo, buscar ter uma política capilarizada, reconhecendo
a diversidade e ao mesmo tempo valorizando as culturas regionais.
Terceiro, garantir recursos para que a gente possa ter uma política
pública para a cultura. E
a luta de mais de cinco meses contra esses vetos absurdos do
Bolsonaro foi uma luta vitoriosa na noite de hoje. Não foi de mão
beijada. O negacionista Bolsonaro é contra a cultura porque, como
toda extrema direita, detesta o pensamento crítico, mas hoje mais
uma vez... ( Interrupção
do som. )",psol rs ordem revisão orador obrigar rodrigo_pacheco cumprimentar conjunto artista brasileiro lutar 5 mês trabalhador cultura veto derrubar hoje dois lei_paulo_gustavo injetar 3 bilhão setor ano ainda lei_aldir_blanc 2 encabeçar jandira_feghali deputada_jandira orgulho coautora criar político cultura ano vir lei fundamental garantir primeiro reconhecimento trabalhador cultura sofrer pandemia soar campainha psol rs segundo buscar política capilarizar reconhecer diversidade tempo valorizar cultura regional terceiro garantir recurso gente política público cultura lutar cinco mês contra veto absurdo bolsonaro lutar vitorioso noite hoje mão beijar negacionista bolsonaro contra cultura todo extremo direita detestar pensamento crítico hoje vez interrupção   do_som,"['psol', 'rs', 'ordem', 'revisão', 'orador', 'obrigar', 'rodrigo_pacheco', 'cumprimentar', 'conjunto', 'artista', 'brasileiro', 'lutar', '5', 'mês', 'trabalhador', 'cultura', 'veto', 'derrubar', 'hoje', 'dois', 'lei_paulo_gustavo', 'injetar', '3', 'bilhão', 'setor', 'ano', 'ainda', 'lei_aldir_blanc', '2', 'encabeçar', 'jandira_feghali', 'deputada_jandira', 'orgulho', 'coautora', 'criar', 'político', 'cultura', 'ano', 'vir', 'lei', 'fundamental', 'garantir', 'primeiro', 'reconhecimento', 'trabalhador', 'cultura', 'sofrer', 'pandemia', 'soar', 'campainha', 'psol', 'rs', 'segundo', 'buscar', 'política', 'capilarizar', 'reconhecer', 'diversidade', 'tempo', 'valorizar', 'cultura', 'regional', 'terceiro', 'garantir', 'recurso', 'gente', 'política', 'público', 'cultura', 'lutar', 'cinco', 'mês', 'contra', 'veto', 'absurdo', 'bolsonaro', 'lutar', 'vitorioso', 'noite', 'hoje', 'mão', 'beijar', 'negacionista', 'bolsonaro', 'contra', 'cultura', 'todo', 'extremo', 'direita', 'detestar', 'pensamento', 'crítico', 'hoje', 'vez', 'interrupção', 'do_som']"
FERNANDA MELCHIONNA,PSOL,RS,021.4.56.N,ORDEM DO DIA,05/07/2022,15h26,DCN 07/07/2022 PAG. 101,https://www.camara.leg.br/internet/sitaqweb/TextoHTML.asp?etapa=5&nuSessao=021.4.56.N&nuQuarto=0&nuOrador=0&nuInsercao=104&dtHorarioQuarto=15%3A26&sgFaseSessao=OD&Data=05%2F07%2F2022&txApelido=FERNANDA+MELCHIONNA&txFaseSessao=Ordem+do+Dia&txTipoSessao=Extraordin%C3%A1ria+-+CN&dtHoraQuarto=15%3A26,"Atuação da Deputada Sâmia Bonfim em defesa dos trabalhadores da área da cultura. Resultados positivos das mobilizações de artistas e Parlamentares pela rejeição do Veto Total nº 18, de 2022, aposto ao Projeto de Lei Complementar nº 73, de 2021, sobre o apoio financeiro da União aos Estados, ao Distrito Federal e aos Municípios para garantia de ações emergenciais direcionadas ao setor cultural (Projeto Paulo Gustavo); e do Veto Total nº 20, de 2022, aposto ao Projeto de Lei nº 1.518, de 2021, sobre a instituição da Política Nacional Aldir Blanc de Fomento à Cultura. Autoritarismo e genocídio como marcas do Governo Jair Bolsonaro.","A
SRA. FERNANDA MELCHIONNA (PSOL
- RS. Pela Liderança. Sem revisão da oradora.) - Presidente, eu,
primeiro, quero cumprimentar nossa Líder Sâmia Bomfim, que, em nome
do PSOL, junto com vários Líderes Parlamentares, tocou essa
discussão e essa luta, nas reuniões de bancada, nas reuniões de
Líderes, para expressar o anseio de mais de 5 milhões de
trabalhadores da cultura. Nós estamos falando de um dos setores que
mais emprega. É
evidente que cultura, por si, merece e deve ser valorizada como
expressão cultural do nosso povo, com a sua diversidade, com a sua
riqueza, com a sua pluralidade, mas também cultura é economia e é
trabalho, em um dos setores mais impactados pela pandemia e que,
graças à mobilização, conquistou a Aldir Blanc 1, uma saída que
abriu caminhos para valorizar equipamentos culturais, que abriu
caminhos para descentralizar a cultura, que abriu caminhos para
chegar em todos os rincões do nosso país, mas que também foi fruto
de uma mobilização árdua, de meses, para que a conquistássemos. Quem
chega aqui e ouve, desavisadamente, alguns Deputados da base ou até
Senadores pode achar que chegou ao país das maravilhas, não no país
comandado por um delinquente que foi um verdadeiro criminoso, durante
a pandemia, no trato com a saúde pública, mas que também foi um
dos mais atrozes com a cultura do nosso país, que colocou - não é
nem gente incompetente, não é nem gente desqualificada - gente que
faz ode à ignorância, que faz apologia ao ódio, gente que diz que
a Rouanet tem que financiar a indústria armamentista - eles
disseram! -, gente que queria impor a censura na Fundação Palmares
- eles tentaram! -, gente que defende as crueldades da ditadura civil
e militar - eles tentaram! -, gente que destruiu o Ministério da
Cultura e suas políticas públicas, gente que desmontou as políticas
para o livro e para a leitura, que desrespeitou o teatro, a dança, o
circo, gente que tem no seu DNA um viés autoritário, que tentou
taxar livros, já que não está na moda, Senador Randolfe, queimar,
porque eles adorariam queimar livros, como o nazifascismo fez. Essa
nova extrema-direita, que é encabeçada pelo Bolsonaro, não
conseguiu, e não conseguiu, porque teve resistência democrática,
porque teve homens e mulheres das artes que se jogaram para
conquistar a Aldir Blanc, é verdade, e salvar o setor, mas que se
jogaram para derrotar a sanha autoritária do Bolsonaro. Foram os
artistas pelo ""Fora Bolsonaro!"", foram os artistas pela
Aldir Blanc, foram os artistas pela derrubada do veto na Paulo
Gustavo e, agora, na Aldir Blanc 2. Foram os jovens do Tsunami da
Educação que, em 2019, quando o negacionista do Weintraub cortou
30% dos recursos da educação, com milhões de estudantes, saíram
às ruas e buscaram e garantiram cada centavo cortado por aquele
delinquente e que, ao mesmo tempo, não só garantiram recursos da
educação, mas botaram a bola no meio do campo e preservaram as
liberdades democráticas para que hoje nós estivéssemos aqui. Foram
também as mulheres do ""Ele não!"", porque a latência das
mulheres do ""Ele não!"" segue viva. Foi a luta de milhões
de brasileiros, trabalhadores, negros e negras, na luta antirracista,
que garantiu que esse plano negacionista não fosse totalmente
efetivado, embora a gente ainda esteja na defensiva. E foi também a
luta dos artistas que garantiu a derrubada do veto. Afinal, ambos os
projetos foram vetados pelo Bolsonaro, e nós estamos há seis meses
esperando esta sessão. Sabem por quê? Porque, se tivesse sido
derrubado no início do ano, R$3 bilhões estariam na cultura agora,
e, por causa da demora... ( Soa
a campainha. ) A
SRA. FERNANDA MELCHIONNA (PSOL
- RS) - ... só chegarão depois do processo eleitoral. Mas
é um dia de vitória, é um dia de comemoração. Esse veto tem nome
e sobrenome: Jair genocida Bolsonaro, que hoje foi derrotado pelos
artistas brasileiros, pelo conjunto dos Parlamentares sensíveis,
pela cultura, e nós seguiremos na luta para derrotar de vez o
Bolsonaro nas urnas e também nas ruas para colocá-lo na lata do
lixo da história, que é o lugar dele.",psol rs liderança revisão orador primeiro cumprimentar líder_sâmia_bomfim nome psol junto vários líderes_parlamentares tocar discussão luta reunião bancada reunião líder expressar anseio 5 milhão trabalhador cultura setor empregar evidente cultura si merecer dever valorizar expressão cultural povo diversidade riqueza pluralidade cultura economia trabalho setor impactar pandemia graças mobilização conquistar aldir_blanc 1 saída abrir caminho valorizar equipamento cultural abrir caminho descentralizar cultura abrir caminho chegar todo rincão país fruto mobilização árduo mês conquistássemos chegar ouver desavisadamente algum base senador achar chegar país maravilhas país comandar delinquente verdadeiro criminoso durante pandemia trato saúde público atrozes cultura país colocar gente incompetente gente desqualificar gente ode ignorância apologia ódio gente rouanet financiar indústria armamentista gente impor censura fundação_palmares tentar gente defender crueldade ditadura civil militar tentar gente destruir ministério_da   cultura político público gente desmontar político livro leitura desrespeitar teatro dançar circo gente dna viés autoritário tentar taxar livro moda senador_randolfe queimar adorar queimar livro nazifascismo novo extremadireita encabeçar bolsonaro conseguir conseguir resistência democrático homem mulher arte jogar conquistar aldir_blanc verdade salvar setor jogar derrotar sanha autoritário bolsonaro artista fora_bolsonaro artista aldir_blanc artista derrubar veto paulo   gustavo agora aldir_blanc 2 jovem tsunami_da   educação 2019 negacionista weintraub cortar 30 recurso educação milhão estudante sair rua buscar garantir cada centavo cortar delinquente tempo garantir recurso educação botar bola meio campo preservar liberdade democrático hoje mulher latência mulher seguir vivo luta milhão brasileiro trabalhador negro negro luta antirracisto garantir plano negacionista totalmente efetivar embora gente ainda defensivo luta artista garantir derrubada veto afinal ambos projeto vetar bolsonaro seis mês esperar sessão saber quê derrubar início ano r 3 bilhão cultura agora causa demorar soar campainha psol rs chegar processo eleitoral dia vitória dia comemoração veto nome sobrenome jair_genocida bolsonaro hoje derrotar artista brasileiro conjunto parlamentar sensível cultura seguir luta derrotar vez bolsonaro urno rua colocálo lata lixo históriar lugar,"['psol', 'rs', 'liderança', 'revisão', 'orador', 'primeiro', 'cumprimentar', 'líder_sâmia_bomfim', 'nome', 'psol', 'junto', 'vários', 'líderes_parlamentares', 'tocar', 'discussão', 'luta', 'reunião', 'bancada', 'reunião', 'líder', 'expressar', 'anseio', '5', 'milhão', 'trabalhador', 'cultura', 'setor', 'empregar', 'evidente', 'cultura', 'si', 'merecer', 'dever', 'valorizar', 'expressão', 'cultural', 'povo', 'diversidade', 'riqueza', 'pluralidade', 'cultura', 'economia', 'trabalho', 'setor', 'impactar', 'pandemia', 'graças', 'mobilização', 'conquistar', 'aldir_blanc', '1', 'saída', 'abrir', 'caminho', 'valorizar', 'equipamento', 'cultural', 'abrir', 'caminho', 'descentralizar', 'cultura', 'abrir', 'caminho', 'chegar', 'todo', 'rincão', 'país', 'fruto', 'mobilização', 'árduo', 'mês', 'conquistássemos', 'chegar', 'ouver', 'desavisadamente', 'algum', 'base', 'senador', 'achar', 'chegar', 'país', 'maravilhas', 'país', 'comandar', 'delinquente', 'verdadeiro', 'criminoso', 'durante', 'pandemia', 'trato', 'saúde', 'público', 'atrozes', 'cultura', 'país', 'colocar', 'gente', 'incompetente', 'gente', 'desqualificar', 'gente', 'ode', 'ignorância', 'apologia', 'ódio', 'gente', 'rouanet', 'financiar', 'indústria', 'armamentista', 'gente', 'impor', 'censura', 'fundação_palmares', 'tentar', 'gente', 'defender', 'crueldade', 'ditadura', 'civil', 'militar', 'tentar', 'gente', 'destruir', 'ministério_da', 'cultura', 'político', 'público', 'gente', 'desmontar', 'político', 'livro', 'leitura', 'desrespeitar', 'teatro', 'dançar', 'circo', 'gente', 'dna', 'viés', 'autoritário', 'tentar', 'taxar', 'livro', 'moda', 'senador_randolfe', 'queimar', 'adorar', 'queimar', 'livro', 'nazifascismo', 'novo', 'extremadireita', 'encabeçar', 'bolsonaro', 'conseguir', 'conseguir', 'resistência', 'democrático', 'homem', 'mulher', 'arte', 'jogar', 'conquistar', 'aldir_blanc', 'verdade', 'salvar', 'setor', 'jogar', 'derrotar', 'sanha', 'autoritário', 'bolsonaro', 'artista', 'fora_bolsonaro', 'artista', 'aldir_blanc', 'artista', 'derrubar', 'veto', 'paulo', 'gustavo', 'agora', 'aldir_blanc', '2', 'jovem', 'tsunami_da', 'educação', '2019', 'negacionista', 'weintraub', 'cortar', '30', 'recurso', 'educação', 'milhão', 'estudante', 'sair', 'rua', 'buscar', 'garantir', 'cada', 'centavo', 'cortar', 'delinquente', 'tempo', 'garantir', 'recurso', 'educação', 'botar', 'bola', 'meio', 'campo', 'preservar', 'liberdade', 'democrático', 'hoje', 'mulher', 'latência', 'mulher', 'seguir', 'vivo', 'luta', 'milhão', 'brasileiro', 'trabalhador', 'negro', 'negro', 'luta', 'antirracisto', 'garantir', 'plano', 'negacionista', 'totalmente', 'efetivar', 'embora', 'gente', 'ainda', 'defensivo', 'luta', 'artista', 'garantir', 'derrubada', 'veto', 'afinal', 'ambos', 'projeto', 'vetar', 'bolsonaro', 'seis', 'mês', 'esperar', 'sessão', 'saber', 'quê', 'derrubar', 'início', 'ano', 'r', '3', 'bilhão', 'cultura', 'agora', 'causa', 'demorar', 'soar', 'campainha', 'psol', 'rs', 'chegar', 'processo', 'eleitoral', 'dia', 'vitória', 'dia', 'comemoração', 'veto', 'nome', 'sobrenome', 'jair_genocida', 'bolsonaro', 'hoje', 'derrotar', 'artista', 'brasileiro', 'conjunto', 'parlamentar', 'sensível', 'cultura', 'seguir', 'luta', 'derrotar', 'vez', 'bolsonaro', 'urno', 'rua', 'colocálo', 'lata', 'lixo', 'históriar', 'lugar']"
DAVID MIRANDA,PSOL,RJ,021.4.56.N,ORDEM DO DIA,05/07/2022,15h26,DCN 07/07/2022 PAG. 39,https://www.camara.leg.br/internet/sitaqweb/TextoHTML.asp?etapa=5&nuSessao=021.4.56.N&nuQuarto=0&nuOrador=0&nuInsercao=29&dtHorarioQuarto=15%3A26&sgFaseSessao=OD&Data=05%2F07%2F2022&txApelido=DAVID+MIRANDA&txFaseSessao=Ordem+do+Dia&txTipoSessao=Extraordin%C3%A1ria+-+CN&dtHoraQuarto=15%3A26,"Defesa da rejeição do Veto Total nº 18, de 2022, aposto ao Projeto de Lei Complementar nº 73, de 2021, sobre o apoio financeiro da União aos Esados, ao Distrito Federal e aos Municípios para garantia de ações emergenciais direcionadas ao setor cultural (Projeto Paulo Gustavo); e do Veto Total nº 20, de 2022, aposto ao Projeto de Lei nº 1.518, de 2021, sobre a instituição da Política Nacional Aldir Blanc de Fomento à Cultura.","O
SR. DAVID MIRANDA (Bloco/PDT
- RJ. Pela ordem. Sem revisão do orador.) - Presidente, muito
obrigado. A
gente está aqui hoje nesta sessão para poder quebrar esse veto do
Presidente, porque a cultura no nosso país, principalmente depois da
pandemia, está agonizando. Eu coloquei um projeto aqui, inclusive,
para poder falar com a população e taxar as grandes empresas de streaming que a gente tem no país. Ano que vem está caindo uma parte da lei
que taxa as empresas de televisão. Então, é muito importante que a
gente esteja fazendo esse movimento para quebrar o veto que o
Bolsonaro fez sobre a Lei Aldir Blanc e a Lei Paulo Gustavo para que
a gente possa estar continuando com a cultura em nosso país. Obrigado,
Presidente.",bloco__pdt rj ordem revisão orador gente hoje sessão quebrar veto cultura país principalmente pandemia agonizar coloquei projeto inclusive população taxar grande empresa streaming gente país ano vir cair parte lei taxa empresa televisão então importante gente movimento quebrar veto bolsonaro sobre lei_aldir_blanc lei_paulo_gustavo gente continuar cultura país,"['bloco__pdt', 'rj', 'ordem', 'revisão', 'orador', 'gente', 'hoje', 'sessão', 'quebrar', 'veto', 'cultura', 'país', 'principalmente', 'pandemia', 'agonizar', 'coloquei', 'projeto', 'inclusive', 'população', 'taxar', 'grande', 'empresa', 'streaming', 'gente', 'país', 'ano', 'vir', 'cair', 'parte', 'lei', 'taxa', 'empresa', 'televisão', 'então', 'importante', 'gente', 'movimento', 'quebrar', 'veto', 'bolsonaro', 'sobre', 'lei_aldir_blanc', 'lei_paulo_gustavo', 'gente', 'continuar', 'cultura', 'país']"
