num_topics,coherence_c_v
2,0.4841825646184118
3,0.391042138481628
4,0.42254143355441587
5,0.4425586421523883
6,0.42601251021687553
7,0.4270079211961219
8,0.3960335622581106
9,0.411628717804492
10,0.38625051754685236
11,0.3809294478942315
12,0.3728590091752355
13,0.41498268309320874
14,0.4603197041958976
15,0.44604747016834984
