num_topics,coherence_c_v
2,0.4841825646184118
3,0.391042138481628
4,0.42254143355441587
5,0.4425586421523883
6,0.42601251021687553
7,0.4270079211961219
