parlamentar,partido,uf_partido,sessao,fase,data,hora,publicacao,link_discurso,sumario,raw_disc
Dulce Miranda,MDB,TO,182.2022,ORDEM DO DIA,21/12/2022,19h20,DCD22/12/2022 PAG. 221,https://www.camara.leg.br/internet/sitaqweb/TextoHTML.asp?etapa=5&nuSessao=182.2022&nuQuarto=2760663&nuOrador=1&nuInsercao=1&dtHorarioQuarto=19%3A20&sgFaseSessao=OD&Data=21%2F12%2F2022&txApelido=Dulce+Miranda&txFaseSessao=Ordem+do+Dia&txTipoSessao=Ordin%C3%A1ria+-+CD&dtHoraQuarto=19%3A20,"Balanço da atuação parlamentar da oradora. Agradecimento aos eleitores do Estado de Tocantins, ao Presidente Nacional do MDB, Deputado Baleia Rossi, ao Líder Isnaldo Bulhões Jr., aos Deputados e familiares, ao ensejo de sua despedida da Câmara dos Deputados.","A SRA. DULCE MIRANDA (MDB - TO. Como Líder. Sem revisão da oradora.) - Sr. Presidente, senhoras e senhores, boa noite! Nesta semana, nós assistimos, vimos, participamos desta plenária onde vários companheiros se despediram do seu povo e do Brasil. E aqui estamos nós também, Sr. Presidente, mais uma vez agradecendo ao nosso Brasil e ao nosso querido Estado do Tocantins por me terem dado dois mandatos de Deputada Federal, os quais, penso, desempenhei com muita responsabilidade. Caros colegas, quero aqui, deste espaço, agradecer aos colegas e à população do Tocantins que concedeu a mim dois mandatos como Deputada Federal. Durante quase 8 anos, eu pude, por meio do meu trabalho, contribuir com muito esforço e retidão no desenvolvimento de políticas públicas e alavancar o crescimento do Tocantins, dando aos meus queridos irmãos e irmãs mais dignidade em seus Municípios. Com o mandato de Deputada Federal, debrucei-me por anos sobre os projetos das Comissões de Seguridade Social e Família, de Defesa dos Direitos da Mulher, de Defesa dos Direitos da Pessoa Idosa, de Combate ao Câncer e de Agricultura, Pecuária, Abastecimento e Desenvolvimento Rural. Ser representante de uma nação e de um Estado foi uma experiência excepcional. Tenho a clareza da responsabilidade que recai sobre os meus ombros, sobre os nossos ombros como Parlamentares. Fiz muito pelo Brasil, pelo Tocantins. Votei matérias de interesse público, com seriedade e compromisso. Mesmo que algumas tenham desagradado a algumas pessoas, nunca tive medo de enfrentar os obstáculos e sempre lutei de cabeça erguida. Na condição de Deputada, posso afirmar que a minha passagem pela Câmara Federal foi de muito aprendizado e troca de experiências. Entendi o tamanho da minha responsabilidade e o quão séria é essa missão. As mulheres, os idosos, os menos favorecidos, crianças, jovens e adultos receberam a minha atenção com a votação de leis, de pautas de audiências públicas que dessem dignidade a cada um desses grupos. A pandemia é um exemplo de como atuei com firmeza e empatia. Eu fui favorável a todos os atos que respaldassem a população brasileira num momento crucial para a humanidade. No pós-pandemia, não foi diferente: votei para que o Governo Federal desse assistência à população que mais sofreu com os reflexos da COVID-19. Agora, dirijo-me ao povo do meu Estado do Tocantins. Agradeço a cada voto que recebi nas urnas nas minhas três candidaturas. Nas eleições de 2022, obtive quase 40 mil votos, mas, em função do quociente eleitoral, não fui reconduzida. O tocantinense sabe que eu não decepcionei nem envergonhei o nosso Estado. Esses anos foram de trabalho árduo. Só de emendas, destinei mais de 100 milhões de reais em todas as áreas. Sem exceção, foram todas contempladas. Agradeço e despeço-me desse ciclo com o sentimento de dever cumprido. Eu gostaria de continuar contribuindo com o mandato eletivo, mas, para ajudar o próximo, não é necessário mandato, e sim a boa vontade, e esta eu tenho. Continuarei lutando como sempre fiz, por cada cidadão tocantinense, porque, antes mesmo de ser Deputada, sou uma tocantinense de alma e coração. É essa gente acolhedora que fará com que eu continue lutando. A você, homem e mulher do meu Estado, que votou em mim, tenha a gratidão pela confiança. Se errei, foi tentando acertar. Agradeço ao meu marido, Marcelo Miranda, aos meus filhos, Guilherme e Marcela, e à minha mãe, Rita, pela paciência e compreensão da minha ausência. E é verdade que estive mais na cidade e na Câmara do que em minha casa, mas por motivo nobre: trabalhar pelo Tocantins como servidora pública. Quero fazer um agradecimento especial ao Presidente Nacional do meu partido, Baleia Rossi; ao Líder Isnaldo Bulhões Jr., bem como aos demais colegas Parlamentares pela convivência nesta Casa; assim como agradeço aos servidores da Câmara e aos meus colaboradores de gabinete, que em Brasília e Tocantins contribuíram de forma ímpar e significativa para o bom desempenho dos meus mandatos. A todos vocês, o meu carinho eterno. De algo eu tenho certeza: estou saindo maior do que entrei. E agora, entendendo o tamanho do desafio, sei que não devo parar de lutar. Fiquem todos com Deus e obrigada por tudo! Sr. Presidente, gostaria que este meu pronunciamento fosse divulgado no programa A Voz do Brasil. Muito obrigada e até breve, meus amigos! (Palmas.)"
Hildo Rocha,MDB,MA,182.2022,ORDEM DO DIA,21/12/2022,17h12,DCD22/12/2022 PAG. 183,https://www.camara.leg.br/internet/sitaqweb/TextoHTML.asp?etapa=5&nuSessao=182.2022&nuQuarto=2760489&nuOrador=1&nuInsercao=1&dtHorarioQuarto=17%3A12&sgFaseSessao=OD&Data=21%2F12%2F2022&txApelido=Hildo+Rocha&txFaseSessao=Ordem+do+Dia&txTipoSessao=Ordin%C3%A1ria+-+CD&dtHoraQuarto=17%3A12,"Orientação de bancada na votação, em segundo turno, da Proposta de Emenda à Constituição nº 32, de 2022, sobre a alteração do Ato das Disposições Constitucionais Transitórias, com vista à implementação do Programa Bolsa Família e à definição das regras de transição da Presidência da República aplicáveis à Lei Orçamentária de 2023, ressalvados os destaques.","O SR. HILDO ROCHA (MDB - MA. Pela ordem. Sem revisão do orador.) - Sr. Presidente Arthur Lira, o MDB orienta ""sim"". Já foi bastante debatida esta PEC, que veio do Senado e foi apensada à PEC da Deputada Luisa Canziani. Nós sabemos da sua importância, para que possamos continuar a pagar o Bolsa Família de 600 reais, mais 150 por criança na família, para abrir crédito para construir casas populares principalmente na área rural, por meio do PNHR, para recompor os recursos de diversos Ministérios que estão em defasagem, entre os quais o Ministério da Educação, para concluir a construção de várias creches que estão inacabadas, enfim, para ajudar a diminuir as desigualdades sociais. O MDB orienta ""sim"" porque é a favor do povo brasileiro."
Hildo Rocha,MDB,MA,182.2022,ORDEM DO DIA,21/12/2022,17h00,DCD22/12/2022 PAG. 180,https://www.camara.leg.br/internet/sitaqweb/TextoHTML.asp?etapa=5&nuSessao=182.2022&nuQuarto=2760470&nuOrador=1&nuInsercao=1&dtHorarioQuarto=17%3A00&sgFaseSessao=OD&Data=21%2F12%2F2022&txApelido=Hildo+Rocha&txFaseSessao=Ordem+do+Dia&txTipoSessao=Ordin%C3%A1ria+-+CD&dtHoraQuarto=17%3A00,"Encaminhamento da votação, em segundo turno, da Proposta de Emenda à Constituição nº 32, de 2022, sobre a alteração do Ato das Disposições Constitucionais Transitórias, com vista à implementação do Programa Bolsa Família e à definição das regras de transição da Presidência da República aplicáveis à Lei Orçamentária de 2023.","O SR. HILDO ROCHA (MDB - MA. Sem revisão do orador.) - Sr. Presidente Arthur Lira, eu acho que já se esgotaram todos os argumentos quanto à importância da aprovação desta PEC. Tudo o que eu disser agora será repetitivo. Eu mesmo já falei várias vezes. Para acelerarmos o processo de votação, para que esta proposta vá logo ao Senado, eu encaminho favoravelmente a esta PEC porque ela, sem dúvida nenhuma, favorece o povo brasileiro."
Osmar Terra,MDB,RS,182.2022,ORDEM DO DIA,21/12/2022,15h32,DCD22/12/2022 PAG. 155,https://www.camara.leg.br/internet/sitaqweb/TextoHTML.asp?etapa=5&nuSessao=182.2022&nuQuarto=2761267&nuOrador=1&nuInsercao=1&dtHorarioQuarto=15%3A32&sgFaseSessao=OD&Data=21%2F12%2F2022&txApelido=Osmar+Terra&txFaseSessao=Ordem+do+Dia&txTipoSessao=Ordin%C3%A1ria+-+CD&dtHoraQuarto=15%3A32,Defesa de cumprimento do teto de gastos públicos preconizado no texto constitucional.,"O SR. OSMAR TERRA (MDB - RS. Pela ordem. Sem revisão do orador.) - Sr. Presidente, eu só queria fazer uma observação. Quando se considera o teto de gastos matéria constitucional, dá-se um tratamento adequado para uma das coisas mais importantes que um país pode ter: o controle de gastos, estabelecido na Constituição Federal. Isso não é uma coisa simples, pois mexe com toda a economia: com a inflação, com a credibilidade do País, com tudo. Quando se coloca na Constituição Federal o teto de gastos, ele tem que ser respeitado. Nós temos que ressaltar isso como uma questão fundamental para o futuros dos nossos filhos. Nós não queremos só resolver um problema imediato, mas garantir um futuro melhor para o povo brasileiro. Essa prosperidade que hoje há no agronegócio, em que praticamente não há mais desemprego, que ajuda a iniciativa privada a investir, tem base na credibilidade do teto de gastos. Eu queria destacar isso como essencial a toda a política econômica deste País. É uma questão de responsabilidade com o futuro dos pobres, dos que mais precisam. É a mesma lógica que segue uma família: a de não gastar mais do que ganha todo mês. É isso que se está pedindo a um país sério. O Brasil tem que continuar sendo um país sério."
Hildo Rocha,MDB,MA,182.2022,ORDEM DO DIA,21/12/2022,15h00,DCD22/12/2022 PAG. 147,https://www.camara.leg.br/internet/sitaqweb/TextoHTML.asp?etapa=5&nuSessao=182.2022&nuQuarto=2760374&nuOrador=1&nuInsercao=1&dtHorarioQuarto=15%3A00&sgFaseSessao=OD&Data=21%2F12%2F2022&txApelido=Hildo+Rocha&txFaseSessao=Ordem+do+Dia&txTipoSessao=Ordin%C3%A1ria+-+CD&dtHoraQuarto=15%3A00,"Orientação de bancada na votação do requerimento de destaque supressivo do art. 6º da Proposta de Emenda à Constituição nº 32, de 2022, sobre a alteração do Ato das Disposições Constitucionais Transitórias, com vista à implementação do Programa Bolsa Família e à definição das regras de transição da Presidência da República aplicáveis à Lei Orçamentária de 2023. (Requerimento de destaque apresentado à PEC nº 24, de 2019).","O SR. HILDO ROCHA (MDB - MA. Pela ordem. Sem revisão do orador.) - Deputado Arthur Lira, entendemos que a Emenda Constitucional nº 95, que criou o novo regime fiscal e estabeleceu o teto de gastos, foi muito importante para aquela época, uma vez que houve recessão em 2 anos seguidos: 2015 e 2016. O novo regime fiscal fez com que estancássemos o que estávamos passando na economia: uma grave recessão. Na PEC 95 está estabelecido que o Governo irá mandar uma nova proposta de ancoragem fiscal, diferente das regras estabelecidas na Emenda Constitucional nº 95, e vai mandar por lei complementar, e não tem problema nenhum em relação a isso. Eu acho até que facilita a tramitação, é a melhor forma de estabelecer uma ancoragem fiscal. O MDB orienta ""sim""."
Hildo Rocha,MDB,MA,182.2022,ORDEM DO DIA,21/12/2022,14h24,DCD22/12/2022 PAG. 136,https://www.camara.leg.br/internet/sitaqweb/TextoHTML.asp?etapa=5&nuSessao=182.2022&nuQuarto=2760145&nuOrador=1&nuInsercao=1&dtHorarioQuarto=14%3A24&sgFaseSessao=OD&Data=21%2F12%2F2022&txApelido=Hildo+Rocha&txFaseSessao=Ordem+do+Dia&txTipoSessao=Ordin%C3%A1ria+-+CD&dtHoraQuarto=14%3A24,"Encaminhamento da votação do requerimento de retirada de pauta da Proposta de Emenda à Constituição nº 24, de 2019, sobre a inserção do inciso V ao § 6º do art. 107 do Ato das Disposições Constitucionais Transitórias, com vista à exclusão de gastos de instituições federais de ensino, nos termos especificados, da base de cálculo e dos limites individualizados para as despesas primárias.","O SR. HILDO ROCHA (MDB - MA. Sem revisão do orador.) - Sr. Presidente da Câmara, Deputado Arthur Lira, Sras. e Srs. Deputados, nós temos que votar hoje ainda, possivelmente na tarde de hoje, a continuação da Emenda Constitucional nº 24, de autoria da Deputada Luisa Canziani, à qual está apensada a PEC 32, de autoria do Senador Marcelo Castro, que veio lá do Senado. Essa PEC permite abrir, dentro do Orçamento da União, a possibilidade de poder pagar os 600 reais do Bolsa Família e 150 reais por criança com menos de 6 anos de idade. Isso é valorizar a primeira infância, dar condições iguais a todos os brasileiros, para que, no futuro, nós possamos ter uma sociedade melhor. Dizer que é um cheque em branco eu acredito até que é um equívoco, porque essa PEC está autorizando que se gastem, acima do teto, 145 bilhões mais vinte e poucos bilhões de reais, mas quem vai aprovar onde serão alocados esses recursos somos nós aqui em reuniões do Congresso Nacional. Vai ter que ter a aprovação na Comissão Mista de Orçamento e, depois, a aprovação na sessão conjunta da Câmara e do Senado. Portanto, não vai ser de desconhecimento de ninguém. O que vai ser aprovado desse limite que nós estamos excepcionalizando, em função ainda das consequências da COVID, será de conhecimento público, até porque o Orçamento é público e passa por etapas, primeiro pela Comissão Mista de Orçamento e, depois, pela sessão do Plenário do Congresso Nacional. Então, nós temos que analisar e ver se realmente vai ser utilizado naquilo que nós queremos. Pelo que eu já pude conversar com o Relator, ele vai utilizar esses recursos para que nós possamos ter manutenção das nossas rodovias federais. Não existe recurso para que o DNIT possa sequer tapar buracos nas nossas rodovias. Não há recurso suficiente para comprar os medicamentos e subsidiar o Farmácia Popular. Portanto, são recursos para políticas públicas em que nós já estamos alocando recurso ao longo dos últimos anos. Nós estamos apenas fazendo com que esses recursos não diminuam em 2023 em relação a 2022. Nós estamos possibilitando até mesmo fazer uma recomposição e nós teremos este ano uma arrecadação maior do que a projetada em mais de 300 bilhões de reais. Portanto, eu sou contra o requerimento de retirada de pauta desta matéria."
Isnaldo Bulhões Jr.,MDB,AL,181.2022,ORDEM DO DIA,20/12/2022,22h32,DCD21/12/2022 PAG. 301,https://www.camara.leg.br/internet/sitaqweb/TextoHTML.asp?etapa=5&nuSessao=181.2022&nuQuarto=2755040&nuOrador=1&nuInsercao=1&dtHorarioQuarto=22%3A32&sgFaseSessao=OD&Data=20%2F12%2F2022&txApelido=Isnaldo+Bulh%C3%B5es+Jr.&txFaseSessao=Ordem+do+Dia&txTipoSessao=Ordin%C3%A1ria+-+CD&dtHoraQuarto=22%3A32,"Orientação de bancada na votação, em primeiro turno, do substitutivo oferecido pelo Relator da Comissão Especial à Proposta de Emenda à Constituição nº 32, de 2022, sobre a alteração do Ato das Disposições Constitucionais Transitórias, com vista à implementação do Programa Bolsa Família e à definição das regras de transição da Presidência da República aplicáveis à Lei Orçamentária de 2023, ressalvados os destaques.","O SR. ISNALDO BULHÕES JR. (MDB - AL. Pela ordem. Sem revisão do orador.) - Sr. Presidente, o MDB orienta sim. E eu quero registrar que é muito duro na política assistirmos à incoerência. Alguns meses atrás, este Plenário discutia a garantia do auxílio de 600 reais no mesmo método que agora estamos discutindo. O MDB, naquele momento, votou ""sim"" ao auxílio de 600 reais.  Nós retornamos a essa discussão lamentando que, num país que tem 30 milhões de pessoas abaixo da linha da pobreza, aqueles que defenderam essa garantia votem, hoje, contra o pobre brasileiro. Quem vota contra esta PEC vota contra o auxílio de 600 reais e os 150 reais das crianças da primeira infância. É lamentável que assistamos a isso aqui."
Hildo Rocha,MDB,MA,181.2022,ORDEM DO DIA,20/12/2022,22h00,DCD21/12/2022 PAG. 290,https://www.camara.leg.br/internet/sitaqweb/TextoHTML.asp?etapa=5&nuSessao=181.2022&nuQuarto=2756445&nuOrador=1&nuInsercao=1&dtHorarioQuarto=22%3A00&sgFaseSessao=OD&Data=20%2F12%2F2022&txApelido=Hildo+Rocha&txFaseSessao=Ordem+do+Dia&txTipoSessao=Ordin%C3%A1ria+-+CD&dtHoraQuarto=22%3A00,"Encaminhamento da votação da Proposta de Emenda à Constituição nº 24, de 2019, sobre a inserção do inciso V ao § 6º do art. 107 do Ato das Disposições Constitucionais Transitórias, com vista à exclusão de gastos de instituições federais de ensino, nos termos especificados, da base de cálculo e dos limites individualizados para as despesas primárias.","O SR. HILDO ROCHA (MDB - MA. Sem revisão do orador.) - Sr. Presidente, falarei rapidamente, em virtude do horário, Nós encaminhamos favoravelmente à aprovação dessa proposta de emenda à Constituição porque ela vem socorrer as pessoas mais pobres, as famílias mais pobres do Brasil com o Bolsa Família de 600 reais, que não está garantido no Orçamento, além de abrir espaço orçamentário para a construção de habitação popular na área rural e também na área urbana em virtude do déficit habitacional. Além disso, ainda libera recursos para que o DNIT possa fazer a manutenção das nossas rodovias, tendo em vista a diminuição dos recursos destinados ao DNIT para o ano de 2023. Então, é importante que votemos logo. Portanto, eu fico com este argumento: que nós temos que votar a favor da PEC no dia de hoje, nos dois turnos. Muito obrigado, Sr. Presidente."
Hildo Rocha,MDB,MA,181.2022,ORDEM DO DIA,20/12/2022,20h48,DCD21/12/2022 PAG. 270,https://www.camara.leg.br/internet/sitaqweb/TextoHTML.asp?etapa=5&nuSessao=181.2022&nuQuarto=2755977&nuOrador=1&nuInsercao=1&dtHorarioQuarto=20%3A48&sgFaseSessao=OD&Data=20%2F12%2F2022&txApelido=Hildo+Rocha&txFaseSessao=Ordem+do+Dia&txTipoSessao=Ordin%C3%A1ria+-+CD&dtHoraQuarto=20%3A48,"Discussão da Proposta de Emenda à Constituição nº 24, de 2019, sobre a inserção do inciso V ao § 6º do art. 107 do Ato das Disposições Constitucionais Transitórias, com vista à exclusão de gastos de instituições federais de ensino, nos termos especificados, da base de cálculo e dos limites individualizados para as despesas primárias.","O SR. HILDO ROCHA (MDB - MA. Sem revisão do orador.) - Sr. Presidente, Deputado Arthur Lira, Srs. Deputados, Sras. Deputadas, nós, neste momento, estamos deliberando sobre a PEC 24, de autoria da Deputada Luisa Canziani, e está apensada a ela a PEC 32, que teve uma belíssima relatoria do nosso querido Relator. Esta PEC faz várias alterações na nossa Constituição — entre elas, a alteração no teto de gastos. Eu aqui, como muitos dos Srs. Deputados e Deputadas, votei a favor da PEC do Teto de Gastos, que é a Emenda Constitucional nº 95. Ela foi importante naquele momento, porque nós vínhamos, em 2016, de 2 anos seguidos de recessão. Em 2015, tivemos uma recessão de 3,02% do PIB e, em 2016, tivemos uma recessão também. Essa Emenda Constitucional, esse teto de gastos estancou essa recessão, e o Brasil voltou a crescer. O que nós estamos fazendo aqui, hoje, é alterando essa regra do teto de gastos. Nós não estamos acabando com ela. Possivelmente ano que vem virá uma nova ancoragem fiscal, mais atualizada, um pouco diferente do que foi essa usada lá em 2016 e que trouxe bons resultados. Havia necessidade de aperfeiçoamento. Vejam os senhores. Este ano a arrecadação do Governo Federal terá um excesso de 300 milhões de reais. Vamos ter um excesso de arrecadação de 300 milhões de reais. Nós teremos um superávit fiscal primário em torno de 40 bilhões de reais. Então, as contas todas favorecem, os números favorecem essa mudança. Alguns chamam isto aqui de ""PEC da gastança"". Eu prefiro chamar de PEC da poupança futura. Por quê? Porque parte dos recursos que nós estamos possibilitando abrir no Orçamento de 2023 com esta proposta de emenda à Constituição vai ser utilizada no social, principalmente na defesa da primeira infância. E aqui eu sei que há uma Frente Parlamentar em defesa da primeira infância. Eu quero saber a posição desses Deputados que defendem a primeira infância, porque aqui, agora, na PEC, cada criança menor de 6 anos, faixa que é justamente a da primeira infância, vai receber 150 reais por mês. Somente isso não soluciona o problema das desigualdades sociais, mas vai ajudar a diminuir as desigualdades sociais. E é uma poupança futura porque, daqui a 15 anos, 20 anos, nós vamos gastar muito menos com o social, pois teremos uma sociedade mais igual, uma sociedade em que poderemos olhar para o vizinho, para aqueles que estão no metrô, no ônibus — podemos ter a certeza de que eles estão tendo melhores condições, nós que somos Deputados. Então, nós temos que dar essa oportunidade à nova geração, temos que fazer com que o Brasil melhore. Além disso, há recurso aqui para investimento. Passamos 4 anos sem construir uma casa na área rural do nosso País. Como é que nós queremos diminuir a grande quantidade de migrantes das pequenas cidades para as regiões metropolitanas — para ficar na periferia das regiões metropolitanas —, se não investimos em habitação, em educação na área rural, se não investimos em estradas, se não cuidamos das nossas estradas, se não cuidamos da saúde e da educação? Haverá condições de concluir as creches que estão aí para serem concluídas, as escolas, que têm que ser concluídas. Portanto, esta PEC chega em boa hora. De forma alguma teremos irresponsabilidade fiscal. Sim, nós teremos responsabilidade social e responsabilidade fiscal, porque de nada adianta termos apenas responsabilidade fiscal, e não termos responsabilidade social. Por isso, eu peço aos Deputados e às Deputadas que votem a favor da PEC 32, que foi apensada à PEC 24. E quero cumprimentar o Deputado Elmar, que empoderou ainda mais o Legislativo brasileiro. Muito obrigado, Sr. Presidente."
Hildo Rocha,MDB,MA,181.2022,ORDEM DO DIA,20/12/2022,20h32,DCD21/12/2022 PAG. 265,https://www.camara.leg.br/internet/sitaqweb/TextoHTML.asp?etapa=5&nuSessao=181.2022&nuQuarto=2755926&nuOrador=1&nuInsercao=1&dtHorarioQuarto=20%3A32&sgFaseSessao=OD&Data=20%2F12%2F2022&txApelido=Hildo+Rocha&txFaseSessao=Ordem+do+Dia&txTipoSessao=Ordin%C3%A1ria+-+CD&dtHoraQuarto=20%3A32,"Orientação de bancada na votação do requerimento de adiamento, por cinco sessões, da discussão da Proposta de Emenda à Constituição nº 24, de 2019, sobre a inserção do inciso V ao § 6º do art. 107 do Ato das Disposições Constitucionais Transitórias, com vista à exclusão de gastos de instituições federais de ensino, nos termos especificados, da base de cálculo e dos limites individualizados para as despesas primárias.","O SR. HILDO ROCHA (MDB - MA. Pela ordem. Sem revisão do orador.) - O MDB prefere a estabilidade à instabilidade. Uma liminar é uma instabilidade, não é uma decisão do Supremo Tribunal, que é formado por 11 Ministros. Um Ministro só não representa a totalidade do Supremo. Portanto, nós temos que garantir às pessoas que precisam do auxílio do poder público federal, do Bolsa Família ou do Auxílio Brasil, qualquer que seja o tipo de transferência de renda direta às famílias mais pobres, os 600 reais, ano que vem, mais 150 reais por criança menor de 6 anos que a família tiver, porque isso é fomentar e melhorar a primeira infância. Por isso, o MDB orienta ""não""."
Hildo Rocha,MDB,MA,181.2022,ORDEM DO DIA,20/12/2022,20h24,DCD21/12/2022 PAG. 262,https://www.camara.leg.br/internet/sitaqweb/TextoHTML.asp?etapa=5&nuSessao=181.2022&nuQuarto=2755911&nuOrador=1&nuInsercao=1&dtHorarioQuarto=20%3A24&sgFaseSessao=OD&Data=20%2F12%2F2022&txApelido=Hildo+Rocha&txFaseSessao=Ordem+do+Dia&txTipoSessao=Ordin%C3%A1ria+-+CD&dtHoraQuarto=20%3A24,"Encaminhamento da votação do requerimento de adiamento, por cinco sessões, da discussão da Proposta de Emenda à Constituição nº 24, de 2019, sobre a inserção do inciso V ao § 6º do art. 107 do Ato das Disposições Constitucionais Transitórias, com vista à exclusão de gastos de instituições federais de ensino, nos termos especificados, da base de cálculo e dos limites individualizados para as despesas primárias.","O SR. HILDO ROCHA (MDB - MA. Sem revisão do orador.) - Sr. Presidente, Deputado Arthur Lira, colegas Deputados e Deputadas, logicamente, não cabe o adiamento da discussão desta PEC. Hoje é dia 20 de dezembro, e nós encerraremos o ano legislativo na próxima semana, no mais tardar, para aprovar a Lei Orçamentária para 2023, tendo em vista as modificações necessárias, em virtude da decisão acertada do Supremo Tribunal Federal no que diz respeito à emenda de Relator. Foi feito um acordo entre vários partidos, pelo que eu fiquei sabendo, para que parte desses recursos seja alocada na rubrica RP 2, que é uma despesa discricionária do Executivo, e outra parte sirva para empoderar mais ainda o Poder Legislativo. Eu não entendo como é que Deputados e Senadores agem contra os seus próprios representados. Quem elege o Deputado ou o Senador espera que brigue, durante a discussão do Orçamento, para levar recursos, melhorias e benefícios para o seu Estado, para a sua cidade, para o seu bairro, para a sua rua. O Deputado ou Senador não está sendo um verdadeiro representante do povo no momento em que vota contra o empoderamento do Legislativo, que, além de legislar, tem a grande função de fazer emendas, emendas claras, emendas republicanas, não emendas ocultas — essas já foram rechaçadas pelo Supremo Tribunal Federal. O entendimento que houve entre os Líderes é de que parte desse recurso da emenda de Relator vai ficar disponível para o Governo, para que realize as suas atividades que, como nós sabemos, o Orçamento não comporta.  Por isso, nós estamos tratando dessa PEC 32, que foi apensada à PEC 24, de autoria da Deputada Luisa Canziani, que pensa da mesma forma como pensou o Deputado Marcelo Castro, quando realizou e confeccionou essa mudança na Constituição Federal, que muda vários aspectos, não é só a questão da regra fiscal, não é apenas isso que estamos tratando nessa PEC, não é apenas a mudança na regra do teto de gasto. Nós estamos tratando de outros assuntos também que são de grande importância para a população brasileira, que eu vou tratar no momento correto, que é no momento da discussão. Portanto, o MDB, e eu no caso, sou contra o requerimento de adiamento de discussão. Devemos discutir já!"
Hildo Rocha,MDB,MA,181.2022,ORDEM DO DIA,20/12/2022,17h04,DCD21/12/2022 PAG. 193,https://www.camara.leg.br/internet/sitaqweb/TextoHTML.asp?etapa=5&nuSessao=181.2022&nuQuarto=2755824&nuOrador=1&nuInsercao=1&dtHorarioQuarto=17%3A04&sgFaseSessao=OD&Data=20%2F12%2F2022&txApelido=Hildo+Rocha&txFaseSessao=Ordem+do+Dia&txTipoSessao=Ordin%C3%A1ria+-+CD&dtHoraQuarto=17%3A04,"Orientação de bancada na votação do requerimento de apreciação em regime de urgência do Projeto de Lei nº 3.029, de 2022, sobre a alteração da Lei nº 12.777, de 2012, com vista ao reajuste da remuneração dos servidores do Quadro de Pessoal da Câmara dos Deputados.","O SR. HILDO ROCHA (MDB - MA. Pela ordem. Sem revisão do orador.) - Sr. Presidente, os servidores da Câmara dos Deputados desde 2016 não têm nenhum tipo de reajuste. O salário dos servidores da Câmara dos Deputados está totalmente defasado. Essa recomposição não alcança sequer a metade da inflação que ocorreu durante esse período. Portanto, o MDB reconhece o trabalho do Legislativo nacional e a sua grande importância. Sem os servidores não há funcionamento do Legislativo. Vamos orientar ""sim"" a favor desse requerimento de urgência."
Hildo Rocha,MDB,MA,181.2022,ORDEM DO DIA,20/12/2022,16h52,DCD21/12/2022 PAG. 188,https://www.camara.leg.br/internet/sitaqweb/TextoHTML.asp?etapa=5&nuSessao=181.2022&nuQuarto=2754922&nuOrador=1&nuInsercao=1&dtHorarioQuarto=16%3A52&sgFaseSessao=OD&Data=20%2F12%2F2022&txApelido=Hildo+Rocha&txFaseSessao=Ordem+do+Dia&txTipoSessao=Ordin%C3%A1ria+-+CD&dtHoraQuarto=16%3A52,"Orientação de bancada na votação do requerimento de apreciação em regime de urgência do Projeto de Lei nº 2.442, de 2022, sobre a alteração da Lei nº 13.316, de 2016, com vista ao reajuste da remuneração das carreiras dos servidores do Ministério Público da União e do Conselho Nacional do Ministério Público.","O SR. HILDO ROCHA (MDB - MA. Pela ordem. Sem revisão do orador.) - Sr. Presidente, o MDB orienta ""sim"", a favor da recomposição dos salários dos servidores do Ministério Público da União. Nós sabemos que existe uma lei que não dá para ser extinta de forma nenhuma, a lei da oferta e da procura. A lei da oferta e da procura, quando se fala em economia, é a maior causa da inflação, e não a recomposição salarial dos servidores o fator gerador de inflação, de forma nenhuma. Neste momento, nós estamos apenas votando a urgência deste projeto de lei que vai recompor, de forma gradual, os salários dos servidores públicos da União. O MDB vota a favor."
Hildo Rocha,MDB,MA,181.2022,ORDEM DO DIA,20/12/2022,16h20,DCD21/12/2022 PAG. 177,https://www.camara.leg.br/internet/sitaqweb/TextoHTML.asp?etapa=5&nuSessao=181.2022&nuQuarto=2754901&nuOrador=1&nuInsercao=1&dtHorarioQuarto=16%3A20&sgFaseSessao=OD&Data=20%2F12%2F2022&txApelido=Hildo+Rocha&txFaseSessao=Ordem+do+Dia&txTipoSessao=Ordin%C3%A1ria+-+CD&dtHoraQuarto=16%3A20,"Orientação de bancada na votação do requerimento de apreciação em regime de urgência do Projeto de Lei nº 2.955, de 2022, sobre a alteração da Lei nº 10.356, de 2001, com vista ao reajuste da remuneração dos servidores do quadro de pessoal do Tribunal de Contas da União - TCU.","O SR. HILDO ROCHA (MDB - MA. Pela ordem. Sem revisão do orador.) - Sr. Presidente, logicamente o MDB vai votar favoravelmente à recomposição salarial dos servidores do Tribunal de Contas da União, órgão de controle externo que trabalha bastante, produz bastante e que merece realmente essa recomposição porque o salário está muito defasado."
Hildo Rocha,MDB,MA,181.2022,ORDEM DO DIA,20/12/2022,16h08,DCD21/12/2022 PAG. 173,https://www.camara.leg.br/internet/sitaqweb/TextoHTML.asp?etapa=5&nuSessao=181.2022&nuQuarto=2754856&nuOrador=1&nuInsercao=1&dtHorarioQuarto=16%3A08&sgFaseSessao=OD&Data=20%2F12%2F2022&txApelido=Hildo+Rocha&txFaseSessao=Ordem+do+Dia&txTipoSessao=Ordin%C3%A1ria+-+CD&dtHoraQuarto=16%3A08,"Orientação de bancada na votação do requerimento de apreciação em regime de urgência do Projeto de Lei nº 2.923, de 2022, sobre o reajuste da remuneração dos servidores integrantes do Plano de Carreiras e Cargos da Defensoria Pública da União e dos cargos em comissão, bem como das funções de confiança da instituição.","O SR. HILDO ROCHA (MDB - MA. Pela ordem. Sem revisão do orador.) - Sr. Presidente Eduardo Bismarck, o MDB orienta ""sim"". Já votamos o requerimento de urgência que trata da recomposição salarial, já o aprovamos para os Defensores Públicos da União e, logicamente, da mesma forma, faremos o mesmo para os servidores da Defensoria Pública da União, que prestam relevantes serviços à população brasileira. Sou testemunha do serviço que eles prestam lá no Estado do Maranhão. Todo o corpo de servidores — eles são poucos, inclusive. Por isso há necessidade de se aumentar o quadro — faz um trabalho fenomenal, um trabalho em favor dos mais pobres do nosso País. Portanto, o MDB vota ""sim""."
Hildo Rocha,MDB,MA,181.2022,ORDEM DO DIA,20/12/2022,15h48,DCD21/12/2022 PAG. 168,https://www.camara.leg.br/internet/sitaqweb/TextoHTML.asp?etapa=5&nuSessao=181.2022&nuQuarto=2754185&nuOrador=1&nuInsercao=1&dtHorarioQuarto=15%3A48&sgFaseSessao=OD&Data=20%2F12%2F2022&txApelido=Hildo+Rocha&txFaseSessao=Ordem+do+Dia&txTipoSessao=Ordin%C3%A1ria+-+CD&dtHoraQuarto=15%3A48,"Aprovação, pelo Senado Federal, da Proposta de Emenda à Constituição nº 42, de 2022, sobre a assistência financeira complementar da União aos Estados, ao Distrito Federal, aos Municípios e entidades filantrópicas para o cumprimento do piso salarial nacional dos profissionais da enfermagem e da parteira; e a alteração do art. 5º da Emenda Constitucional nº 109, de 2021, com vista ao estabelecimento do superávit financeiro dos fundos públicos do Poder Executivo como fonte de recursos para custeio do piso salarial da categoria.","O SR. HILDO ROCHA (MDB - MA. Pela ordem. Sem revisão do orador.) - Presidente, eu queria fazer uma breve manifestação e parabenizar todos os profissionais da enfermagem. Hoje foi aprovada no Senado, em dois turnos, a PEC 42, que nós apreciamos aqui na semana passada. Eu participei das discussões na Comissão. A Comissão que aprovou esta PEC encontrou uma fonte para financiar o piso da categoria da enfermagem. Agora, os enfermeiros de nível superior vão poder receber, no mínimo, 4.750 reais; os técnicos de enfermagem, cerca de 3.200 reais; e os auxiliares de enfermagem, 50% do salário que recebe um enfermeiro. Portanto, esta PEC, aprovada hoje, será promulgada em breve, ainda nesta semana, pelo Presidente do Congresso Nacional, o Senador Rodrigo Pacheco. Parabéns a todos os profissionais da enfermagem!  Parabenizo, igualmente, a Deputada Carmen Zanotto, além de outros Deputados e Deputadas. Em nome da Deputada Zanotto, cumprimento a Deputada Alice Portugal e outros Deputados e Deputadas que muito se esforçaram para que fosse viabilizada a fonte de pagamento dos profissionais da enfermagem, tanto os dos Municípios, como os dos Estados e das entidades beneficentes."
Otoni de Paula,MDB,RJ,181.2022,BREVES COMUNICAÇÕES,20/12/2022,10h44,DCD21/12/2022 PAG. 76,https://www.camara.leg.br/internet/sitaqweb/TextoHTML.asp?etapa=5&nuSessao=181.2022&nuQuarto=2753321&nuOrador=1&nuInsercao=1&dtHorarioQuarto=10%3A44&sgFaseSessao=BC&Data=20%2F12%2F2022&txApelido=Otoni+de+Paula&txFaseSessao=Breves+Comunica%C3%A7%C3%B5es&txTipoSessao=Ordin%C3%A1ria+-+CD&dtHoraQuarto=10%3A44,"Recondução do orador à Câmara dos Deputados. Declamação do hino Yahweh, do cantor gospel Fernando Jerônimo dos Santos Júnior, conhecido por Fernandinho, como demonstração de gratidão a Deus.","O SR. OTONI DE PAULA (MDB - RJ. Sem revisão do orador.) - Subo a esta tribuna para o meu último pronunciamento desta legislatura agradecendo ao bondoso Deus, Pai das luzes, pela oportunidade que me deu de servir à minha Nação durante esses 4 anos e também pela oportunidade que me deu de ser reeleito para a próxima legislatura, que começará no mês de fevereiro de 2023. Como demonstração de gratidão a Deus, que é o grande Senhor do universo e Senhor da minha vida, subo a esta tribuna para fazer uma pequena leitura, um pequeno pensamento de quem é Deus. Uso, nesta leitura inicial, o hino Yahweh , de Fernandinho. Começo dizendo: Toda criança pergunta: ""Quem criou Deus?"" E todo pai sábio diz: ""Ninguém criou Deus. Deus simplesmente é e sempre foi! Ele não teve nenhum começo"". Deus nunca terminará. Se Ele não veio a ser, Ele não pode deixar de ser, porque Ele é ser! Deus é a realidade absoluta. Não há realidade anterior a Ele. Ele é tudo o que eternamente foi. Nenhum espaço, nenhum universo, nenhum vazio, somente Deus. Deus é totalmente independente. Tudo o que não é Deus depende totalmente de Deus. Todo o universo é como nada em comparação a Deus. Tudo o que nos maravilha no mundo e nas galáxias é nada, quando comparado a Deus. Deus é constante. Ele é o mesmo ontem, hoje e eternamente. Ele não pode ser melhorado. Ele não está se tornando algo. Ele é quem é. Deus é o padrão absoluto da verdade, bondade e beleza. Ele mesmo é o padrão do que é certo, verdadeiro e belo. Deus faz o que lhe agrada e é sempre justo, belo e coerente com a verdade. Deus é a realidade e pessoa mais importante e mais valiosa do universo. Ele é mais digno de interesse, atenção, admiração e deleite do que todas as outras realidades, incluindo o universo inteiro. Ele é o Yahweh, o nosso Deus, o único Deus, o senhor dos senhores, o Rei de Reis. Ele muda as épocas e as estações; destrona reis e os estabelece. Dá sabedoria aos verdadeiros sábios e entendimento aos que buscam discernir e conhecer. O seu domínio é um domínio eterno; o seu reino dura de geração em geração. Todos os povos da terra são como nada diante do Deus todo-poderoso. Ele age sempre como Lhe agrada, com os exércitos do céu e com os habitantes da terra. Ninguém, absolutamente ninguém, é capaz de resistir a sua mão ou dizer-lhe: ""O que fizeste?"" Tudo o que ele faz é certo, e todos os seus caminhos são justos. Ele tem poder para humilhar aqueles que vivem em arrogância. Os homens se corrompem, o sistema quebra, mas Deus continua sendo Deus. A Ele, e somente a Ele, toda honra, toda glória e todo louvor. Obrigado, Sr. Presidente."
Hildo Rocha,MDB,MA,181.2022,BREVES COMUNICAÇÕES,20/12/2022,10h40,DCD21/12/2022 PAG. 74,https://www.camara.leg.br/internet/sitaqweb/TextoHTML.asp?etapa=5&nuSessao=181.2022&nuQuarto=2753318&nuOrador=1&nuInsercao=1&dtHorarioQuarto=10%3A40&sgFaseSessao=BC&Data=20%2F12%2F2022&txApelido=Hildo+Rocha&txFaseSessao=Breves+Comunica%C3%A7%C3%B5es&txTipoSessao=Ordin%C3%A1ria+-+CD&dtHoraQuarto=10%3A40,"Lançamento pelo Centro de Lançamento de Alcântara, no Estado do Maranhão, do primeiro foguete pela iniciativa privada (Innospace, da Coréia do Sul). Importância do Acordo de Salvaguardas Tecnológicas, celebrado entre o Brasil e os Estados Unidos da América. Alerta ao Ministério da Saúde sobre a ocorrência de fraudes no âmbito do Sistema Único de Saúde - SUS.","O SR. HILDO ROCHA (MDB - MA. Sem revisão do orador.) - Muito obrigado, Deputado Enrico Misasi, que preside a sessão. Sras. e Srs. Deputados, utilizo a tribuna da Câmara neste momento para registrar um grande feito para o nosso sistema aeroespacial. Possivelmente, hoje à tarde ou, no máximo, amanhã, a partir do Centro do Lançamento de Alcântara, será lançado o primeiro foguete por uma empresa da iniciativa privada. Esse é um grande feito para todos nós. Trata-se de uma empresa sul-coreana de nome Innospace. Esse lançamento só está sendo possível graças a vários fatores, entre eles a insistência e todo o apoio que a Força Aérea Brasileira tem dado, ao longo dos últimos anos, para viabilizar o Centro de Lançamento de Alcântara, que é fundamental para o Brasil e para o mundo. A partir dali, pode-se fazer lançamentos de forma mais barata, com economia de combustível, pela localização geográfica da base de Alcântara. Logicamente, não podemos nos esquecer da abnegação do Presidente da Agência Espacial Brasileira, Coronel Carlos Moura, também engenheiro, que foi peça fundamental nessa grande conquista. Além disso, ressaltamos o Acordo de Salvaguardas Tecnológicas — AST entre Brasil e Estados Unidos. Eu tive a oportunidade de ser o Relator desse acordo. Caso ele não tivesse sido aprovado, não estaria sendo possível esse tipo de lançamento. O Acordo de Salvaguardas Tecnológicas entre Brasil e Estados Unidos garante que todas as patentes americanas serão respeitadas, que não haverá nenhum tipo de pirataria e que o Governo tomará conta de todos os componentes que são de fabricação ou de tecnologia americana. O Acordo de Salvaguardas Tecnológicas, de minha autoria, aprovado nesta Casa em 2019, possibilita a todos os foguetes, construídos por qualquer que seja a empresa, qualquer que seja a Nação, possuírem componentes norte-americanos. O maior produtor de componentes para foguetes, como sabemos, são os Estados Unidos. Então, não se viabiliza nenhum tipo de foguete nem o lançamento dele se não houver esse acordo entre os dois países — Brasil e Estados Unidos —, porque os Estados Unidos são quem fabrica mais de 80% dos componentes que integram um foguete ou algum artefato lançado por esse foguete. Portanto, eu quero aqui parabenizar a Presidência da AEB e o Coronel Moura — já aposentado —, assim como os demais membros da Aeronáutica brasileira, militares, oficiais, que têm feito um grande trabalho e muito se dedicaram nos últimos anos para que isso viesse a acontecer. Agora Alcântara passa a ser uma nova realidade e vai trazer benefícios enormes para o povo maranhense, sem dúvida alguma, para a cidade e a região da Baixada Maranhense. Eu fico feliz por ter sido o Relator do Acordo de Salvaguardas Tecnológicas, que agora garante esse tipo de lançamento. Sr. Presidente, eu gostaria que V.Exa. acrescentasse apenas 1 minuto para que eu tecesse comentário a respeito de um grave problema que nós estamos vivenciando, que diz respeito às fraudes no Sistema Único de Saúde. Boa parte dessas fraudes deve-se à falta de um controle interno melhor por parte do próprio Ministério da Saúde. Quero alertar a quem assumir o Ministério da Saúde no próximo Governo que a primeira atitude que se deve tomar é melhorar o controle interno, porque não é possível que recursos pós-COVID tenham sido desviados da forma como ocorreu. É algo tão simples, tão banal, e houve um desvio milionário de recursos que deveriam estar sendo utilizados em favor da população, justamente por falta de controle. O aumento do teto de gastos da média e alta complexidade em alguns Municípios, inclusive do Estado que eu aqui represento, o Maranhão, deu-se justamente pela ausência de um controle interno mais efetivo do sistema do Ministério da Saúde. Não há necessidade do controle externo do TCU, porque o órgão tem muito que fazer. Mas a primeira providência do Ministério da Saúde, repito, precisa ser melhorar o controle interno e fazer uma auditoria em todas essas fraudes que aconteceram nos últimos 4 anos. Um grande abraço. Peço que seja divulgado pelo programa A Voz do Brasil este meu pronunciamento. Muito obrigado."
Enrico Misasi,MDB,SP,181.2022,BREVES COMUNICAÇÕES,20/12/2022,10h16,DCD21/12/2022 PAG. 69,https://www.camara.leg.br/internet/sitaqweb/TextoHTML.asp?etapa=5&nuSessao=181.2022&nuQuarto=2753303&nuOrador=1&nuInsercao=1&dtHorarioQuarto=10%3A16&sgFaseSessao=BC&Data=20%2F12%2F2022&txApelido=Enrico+Misasi&txFaseSessao=Breves+Comunica%C3%A7%C3%B5es&txTipoSessao=Ordin%C3%A1ria+-+CD&dtHoraQuarto=10%3A16,"Agradecimento aos eleitores do Estado de São Paulo, ao Deputado Estadual Reinaldo Augusto, aos familiares, à sua equipe de trabalho, aos servidores e Parlamentares ao ensejo da despedida da Casa. Criação pelo orador da Frente Parlamentar Mista em Defesa do Saneamento Básico. Balanço de sua atuação parlamentar na Câmara dos Deputados.","O SR. ENRICO MISASI (MDB - SP. Sem revisão do orador.) - Sr. Presidente, Deputado João Daniel, caros colegas, foram 4 anos extraordinários, no final dos quais o meu coração se enche de gratidão. Gratidão, em primeiríssimo lugar, aos meus eleitores. Em 2018, foram 108.038 mil eleitores que conferiram a um jovem de 24 anos o primeiro mandato eletivo da vida dele, direto na Câmara dos Deputados, a Casa Maior da nossa democracia. Agradeço também ao Deputado Estadual Reinaldo Augusto, líder político no mais preciso sentido da palavra, que, quando eu era ainda quase adolescente, com 19 ou 20 anos de idade, descortinou para mim esse mundo da política. Agradeço à minha família, meus pais, minha esposa e filhos, por toda paciência, todo suporte, todo o conforto durante esse mandato eletivo, que, todos sabemos, tem os seus preços, principalmente para os familiares que tão mais próximos de nós. Agradeço à minha equipe de Brasília e à equipe de São Paulo. Muito do trabalho de um Deputado é feito pelos assessores, que estão por trás e não aparecem nas câmeras, mas que movem toda a engrenagem da Câmara dos Deputados e da política do País. A eles o meu agradecimento. Também agradeço aos colegas Deputados e aos servidores da Câmara dos Deputados, que me fizeram companhia durante este mandato. Eu tive o privilégio, ao longo deste mandato, de ser o líder parlamentar mais jovem da história do País e deste Parlamento. Quando estava no PV, partido ao qual sou grato e pelo qual me elegi, como Líder do PV pude participar daquele que talvez tenha sido o momento mais desafiador da nossa geração, a pandemia do coronavírus. Como Líder pude participar de todas as discussões desta Casa e do Brasil no enfrentamento à pandemia, seja nos dilemas orçamentários, o Auxílio Brasil, o auxílio emergencial, o crédito para as empresas, o crédito para os pequenos empreendedores, tudo isso foi objeto da nossa discussão ao longo de quase metade desse mandato, e eu pude fazer isso com protagonismo da Liderança de um partido. Também pude ter a honra de criar e presidir ao longo de todo um mandato a Frente Parlamentar Mista em Defesa do Saneamento Básico, que protagonizou a aprovação do Novo Marco Legal do Saneamento, que já tem mudado a face do saneamento básico no Brasil. Pude também, Presidente, relatar a Medida Provisória nº 931 no Plenário, relatar o Regime Jurídico Emergencial do Direito Privado durante a pandemia, também no Plenário, além de outras matérias. Fui o coordenador da Comissão do Bicentenário de Independência, que publicou mais de uma dezena de livros, fez exposições e divulgações históricas na Câmara dos Deputados, colocando a Câmara no centro das comemorações dos 200 anos da independência. Fui autor de diversos projetos de lei, seja o Projeto de Lei da Fidúcia, que já está no Senado e importa um instituto jurídico fundamental para o desenvolvimento do País; seja do PL dos vínculos familiares, que para mim é uma das grandes chaves para o nosso desenvolvimento, pois fortalecer a família e os vínculos familiares é atuar na raiz de diversos problemas sociais que nós temos. Relatei um projeto de lei, que também já está no Senado, que obriga o Supremo Tribunal Federal e qualquer outro juiz que esteja exercendo o controle de constitucionalidade a considerar os argumentos da Câmara e do Senado nos relatórios da CCJ para promover um diálogo institucional entre o Parlamento e a jurisdição constitucional, o Judiciário. Enfim, eu me despeço hoje da Câmara dos Deputados com a consciência absolutamente renovada e a certeza de que a Câmara e a política são os locais privilegiados para a construção do nosso País, Presidente. Apesar de todos os percalços, apesar de todas as dificuldades, é aqui que nós vamos formular, é aqui que vai nascer o Brasil do futuro. Eu não sei ainda aonde a vida vai me levar com os próximos passos,  mas certamente continuarei me formando, me capacitando, para servir cada vez mais e melhor o nosso País, que tanto precisa. O Brasil para cada um de nós é uma vocação, é um chamado. Cabe-nos responder com toda energia e com toda a nossa capacidade. Muito obrigado, Presidente. O SR. PRESIDENTE (João Daniel. PT - SE) - Nós é que agradecemos, Deputado Enrico. Parabenizo V.Exa. pelo mandato que fez. Certamente, V.Exa. continuará contribuindo, independentemente da sua função, para a defesa do povo brasileiro e do nosso País. Neste momento, chamamos o nosso querido Deputado Federal Merlong Solano, do Partido dos Trabalhadores do Estado do Piauí."
Hildo Rocha,MDB,MA,30.2022.N,ORDEM DO DIA,16/12/2022,13h52,DCN 23/12/2022 PAG. 157,https://www.camara.leg.br/internet/sitaqweb/TextoHTML.asp?etapa=5&nuSessao=30.2022.N&nuQuarto=2746430&nuOrador=1&nuInsercao=1&dtHorarioQuarto=13%3A52&sgFaseSessao=OD&Data=16%2F12%2F2022&txApelido=Hildo+Rocha&txFaseSessao=Ordem+do+Dia&txTipoSessao=Ordin%C3%A1ria+-+CD&dtHoraQuarto=13%3A52,"Congratulações aos Parlamentares pela rejeição do Veto Total nº 55, de 2022, aposto ao Projeto de Lei nº 488, de 2021, sobre a alteração da Lei nº 10.257, de 2001, (Estatuto da Cidade), com vista à vedação do uso de técnicas construtivas hostis em espaços livres de utilização pública - Lei Padre Júlio Lancelotti.","O SR. HILDO ROCHA (MDB - MA. Pela ordem. Sem revisão do orador.) - O Padre Júlio Lancellotti tem um trabalho maravilhoso. Todos nós o conhecemos. Mesmo quem não mora em São Paulo, mas acompanha a vida das cidades, sabe que o trabalho que ele tem feito em favor dos moradores de rua em São Paulo é digno de uma lei. Então, foi muito feliz o Senador Fabiano Contarato quando apresentou a proposta, que já vem com o nome do Padre Júlio Lancellotti. Realmente, o Estatuto da Cidade teria que ser melhorado. Nós estamos apenas melhorando o Estatuto da Cidade para que essas técnicas construtivas hostis não mais ocorram. Realmente, nós temos percebido que até cercas eletrificas têm sido colocadas em determinados logradouros públicos para evitar que pessoas de rua possam vir a ter um conforto maior. A culpa pela existência de morador de rua é do próprio poder público. A existência desse morador de rua mostra que algo não está correto. A culpa é de toda a sociedade brasileira. Se há morador de rua é porque nós não acertamos nas políticas públicas, o social não funcionou, a educação não funcionou. É claro que há um problema de família, mas as famílias estão incluídas dentro da sociedade. Não é escondendo o morador de rua que nós vamos resolver o problema. Nós temos que encontrar outras formas para que eles possam vir a ter conforto. Afinal de contas, a cidade existe para acolher bem a todos. Esse é o conceito que está no Estatuto da Cidade. Portanto, é merecedor o Padre Júlio Lancellotti. Parabenizo os que participaram aqui na Câmara, os Deputados Orlando Silva e Joseildo Ramos, que foram os Relatores aqui, e também o Senador Fabiano Contarato. Muito obrigado, Sr. Presidente."
Hildo Rocha,MDB,MA,30.2022.N,ORDEM DO DIA,16/12/2022,13h36,DCN 23/12/2022 PAG. 153,https://www.camara.leg.br/internet/sitaqweb/TextoHTML.asp?etapa=5&nuSessao=30.2022.N&nuQuarto=2746394&nuOrador=1&nuInsercao=1&dtHorarioQuarto=13%3A36&sgFaseSessao=OD&Data=16%2F12%2F2022&txApelido=Hildo+Rocha&txFaseSessao=Ordem+do+Dia&txTipoSessao=Ordin%C3%A1ria+-+CD&dtHoraQuarto=13%3A36,"Orientação de bancada na votação do Veto Total nº 55, de 2022, aposto ao Projeto de Lei nº 488, de 2021, sobre a alteração da Lei nº 10.257, de 2001, (Estatuto da Cidade), com vista à vedação do uso de técnicas construtivas hostis em espaços livres de utilização pública - Lei Padre Júlio Lancelotti.","O SR. HILDO ROCHA (MDB - MA. Para orientar a bancada. Sem revisão do orador.) - Sr. Presidente, o MDB vai orientar ""não"", pela derrubada do veto, tendo em vista que essa proposta do Senador Contarato, que foi muito bem relatada na Câmara pelo meu quase xará, o Deputado Joseildo, na CDU, a Comissão de Desenvolvimento Urbano, mostrou a importância desse projeto de lei. Este projeto visa impedir que projetos construtivos ou técnicas construtivas imponham dificuldades para os moradores de rua ou para os idosos, reduzindo-lhes o conforto necessário. O que ele denominou de hostil, uma palavra nova no mundo jurídico, porque veio da Inglaterra, é o que nós no Brasil já chamávamos de arquitetura ""antimendigo"". Essa era a expressão que nós usávamos. Então, o MDB orienta ""não""."
Hildo Rocha,MDB,MA,30.2022.N,ORDEM DO DIA,16/12/2022,13h00,DCN 23/12/2022 PAG. 145,https://www.camara.leg.br/internet/sitaqweb/TextoHTML.asp?etapa=5&nuSessao=30.2022.N&nuQuarto=2746157&nuOrador=1&nuInsercao=1&dtHorarioQuarto=13%3A00&sgFaseSessao=OD&Data=16%2F12%2F2022&txApelido=Hildo+Rocha&txFaseSessao=Ordem+do+Dia&txTipoSessao=Ordin%C3%A1ria+-+CD&dtHoraQuarto=13%3A00,"Orientação de bancada na votação do requerimento de destaque para votação em separado da Emenda nº 2, apresentada ao Projeto de Resolução do Congresso Nacional nº 3, de 2022, sobre a alteração das disposições da Resolução nº 01/2006-CN, com vista à transparência da sistemática de apresentação de emendas de relator-geral e o estabelecimento de critérios de proporcionalidade e impessoalidade na aprovação e execução de tais emendas.","O SR. HILDO ROCHA (MDB - MA. Para orientar a bancada. Sem revisão do orador.) - Sr. Presidente, a proposta do Deputado Elias Vaz tem certo sentido, porque invoca o princípio da simetria. Porém, a Liderança do partido entende, da mesma forma que foi colocada aqui pelo Deputado Marcelo Ramos, que há mudanças nas bancadas, na quantidade. O Maranhão, por exemplo, tem dois Deputados Federais do MDB; na próxima legislatura, só terá um. O Pará hoje tem dois Deputados Federais; na próxima legislatura, terá nove. Então, isso traz modificações. Eu, particularmente, vou votar ""sim"", mas o partido orienta ""não""."
Hildo Rocha,MDB,MA,30.2022.N,ORDEM DO DIA,16/12/2022,11h08,DCN 23/12/2022 PAG. 118,https://www.camara.leg.br/internet/sitaqweb/TextoHTML.asp?etapa=5&nuSessao=30.2022.N&nuQuarto=2745934&nuOrador=1&nuInsercao=1&dtHorarioQuarto=11%3A08&sgFaseSessao=OD&Data=16%2F12%2F2022&txApelido=Hildo+Rocha&txFaseSessao=Ordem+do+Dia&txTipoSessao=Ordin%C3%A1ria+-+CD&dtHoraQuarto=11%3A08,"Orientação de bancada na votação do substitutivo oferecido ao Projeto de Resolução do Congresso Nacional nº 3, de 2022, sobre a alteração das disposições da Resolução nº 01/2006-CN, com vista à transparência da sistemática de apresentação de emendas de relator-geral e o estabelecimento de critérios de proporcionalidade e impessoalidade na aprovação e execução de tais emendas.","O SR. HILDO ROCHA (MDB - MA. Para orientar a bancada. Sem revisão do orador.) - Sr. Presidente, o MDB orienta ""sim"". Nós entendemos que esta modificação que foi feita atende aos princípios de impessoalidade e de publicidade da administração pública. O que eu mais critiquei, durante este ano e no ano passado, em se tratando das RP9, as emendas de Relator, foi justamente a falta de publicidade — não se atendia ao princípio da publicidade. Este problema, no entanto, foi sanado com a proposta feita pelo Relator, o Senador Marcelo Castro, a Resolução nº 3. Agora, todos os princípios estão praticamente atendidos, inclusive parte da eficiência. Eu até propus que, para que se torne realmente mais eficiente, se trabalhe em sintonia com o Executivo aquilo que é prioridade do Executivo. Portanto, sanadas as práticas que não eram republicanas, que não atendiam ao princípio da publicidade, o MDB orienta ""sim"", na certeza de que agora está correto."
Hildo Rocha,MDB,MA,180.2022,ORDEM DO DIA,15/12/2022,19h40,DCD16/12/2022 PAG. 122,https://www.camara.leg.br/internet/sitaqweb/TextoHTML.asp?etapa=5&nuSessao=180.2022&nuQuarto=2747013&nuOrador=1&nuInsercao=1&dtHorarioQuarto=19%3A40&sgFaseSessao=OD&Data=15%2F12%2F2022&txApelido=Hildo+Rocha&txFaseSessao=Ordem+do+Dia&txTipoSessao=Ordin%C3%A1ria+-+CD&dtHoraQuarto=19%3A40,"Regozijo com a aprovação do Projeto de Lei nº 2.497, de 2019, sobre alteração da Lei nº 11.959, de 2009, para inclusão nas competências do poder público as ações de repovoamento com alevinos nas águas interiores e continentais.","O SR. HILDO ROCHA (MDB - MA. Pela ordem. Sem revisão do orador.) - Sr. Presidente, Deputado General Peternelli, eu estava inscrito para debater sobre essa matéria, mas abri mão para poder ajudar na celeridade do trâmite. Eu quero parabenizar o Deputado Gil Cutrim, que relatou parte desta matéria, e a propositora do projeto, a Deputada Aline Gurgel. A proposta de repovoar nossos rios é bem-vinda. Isso já era para ter sido feito há muito tempo. O que o PSOL propôs — é meritória e válida a preocupação com relação aos tipos de alevinos que serão colocados nos rios — tem a questão do limite, porque nem todos os rios são nacionais. Existem muitos rios que são apenas estaduais, como é o caso do principal rio do Maranhão, o Rio Itapecuru, que começa no Maranhão e termina no Maranhão. Desse modo, seria algo que estaria quebrando o nosso pacto federativo. Portanto, vejo como positiva, correta e adequada a posição do Deputado Gil Cutrim, porque nós temos rios que estão apenas em Municípios. Nesse caso, a cada um caberia a sua regulamentação. Então, eu vejo que do jeito que ficou o próprio Governo Federal terá a responsabilidade de atribuir ao Ministério que ele entender que deve acompanhar os grandes rios, que são os nossos rios nacionais: o Rio São Francisco, o Tocantins, o Paranaíba, entre outros que têm competência nacional. Era essa a fala que eu queria fazer. Quero parabenizar a Deputada Aline Gurgel por sua ideia. Realmente, temos rios que não têm mais nenhuma piscosidade. Acabou a piscosidade. É necessário o repovoamento, como há vários no Maranhão. Muito obrigado."
Isnaldo Bulhões Jr.,MDB,AL,180.2022,ORDEM DO DIA,15/12/2022,19h28,DCD16/12/2022 PAG. 117,https://www.camara.leg.br/internet/sitaqweb/TextoHTML.asp?etapa=5&nuSessao=180.2022&nuQuarto=2746990&nuOrador=1&nuInsercao=1&dtHorarioQuarto=19%3A28&sgFaseSessao=OD&Data=15%2F12%2F2022&txApelido=Isnaldo+Bulh%C3%B5es+Jr.&txFaseSessao=Ordem+do+Dia&txTipoSessao=Ordin%C3%A1ria+-+CD&dtHoraQuarto=19%3A28,"Expectativa quanto à aprovação da Proposta de Emenda à Constituição nº 32, de 2022, sobre alteração do Ato das Disposições Constitucionais Transitórias, para permissão da implementação do Programa Bolsa Família e definição de regras para a transição da Presidência da República aplicáveis à Lei Orçamentária de 2023 (apensada à PEC nº 24, de 2019).","O SR. ISNALDO BULHÕES JR. (MDB - AL. Pela ordem. Sem revisão do orador.) - Presidente, seguindo a mesma linha do pronunciamento do Líder Reginaldo, digo que, sem dúvida nenhuma, o que esta Casa tem buscado é discutir com as Lideranças partidárias, com as Deputadas e os Deputados para encontrar o caminho seguro de votar essa matéria, que é fundamental para o povo que mais precisa no nosso País. A matéria vai viabilizar o bolsa-família de 600 reais e os 150 reais relativos a crianças dessas famílias e vai também abrir espaço para investimentos muito importantes para o nosso País. A discussão tem sido exaustiva. Esse é um processo que exige quórum qualificado. Hoje avançamos muito, o calendário está pactuado com todos os partidos. Sem dúvida, na próxima terça-feira, este Plenário aprovará o texto que o Senado encaminhou para a Câmara dos Deputados. Quero agradecer a todos os Líderes, ao Presidente Arthur Lira e a todos os companheiros dos partidos que estão nessa discussão de forma permanente."
Hildo Rocha,MDB,MA,180.2022,ORDEM DO DIA,15/12/2022,19h04,DCD16/12/2022 PAG. 106,https://www.camara.leg.br/internet/sitaqweb/TextoHTML.asp?etapa=5&nuSessao=180.2022&nuQuarto=2746936&nuOrador=1&nuInsercao=1&dtHorarioQuarto=19%3A04&sgFaseSessao=OD&Data=15%2F12%2F2022&txApelido=Hildo+Rocha&txFaseSessao=Ordem+do+Dia&txTipoSessao=Ordin%C3%A1ria+-+CD&dtHoraQuarto=19%3A04,"Orientação de bancada na votação do requerimento de destaque supressivo do § 1º, art. 121, do Ato das Disposições Constitucionais Transitórias, incluído pelo art. 1º do substitutivo da Comissão Especial à Proposta de Emenda à Constituição nº 142, de 2015, sobre a inserção do art. 121 ao Ato supracitado para garantia do prazo de vigência adicional aos instrumentos de permissão lotérica. Homenagem à jornalista Denise Rothenburg, do Correio Braziliense, ao ensejo do transcurso dos 25 anos de exercício da profissão.","O SR. HILDO ROCHA (MDB - MA. Pela ordem. Sem revisão do orador.) - O MDB, obviamente, vai orientar ""não"", Sr. Presidente, porque nós temos um acordo. Esse acordo foi feito entre os Líderes e será, portanto, cumprido. Aproveito a oportunidade para registrar, hoje, os 25 anos de trabalho incansável, brilhante, da jornalista Denise Rothenburg, do jornal Correio Braziliense, um dos mais antigos ainda em circulação no País. Ela é uma das jornalistas mais brilhantes do País. É muito dedicada, está sempre aqui, conversando conosco, colhendo informações. Ela tem uma coluna diária no Correio Braziliense, que também é divulgada em vários outros jornais do Brasil inteiro. Ela é muito conhecida e querida por todos nós pela decência. É exemplo de bom jornalismo. Nesta tarde e início de noite, registro com muita alegria os 25 anos de trabalho da jornalista Denise Rothenburg no jornal Correio Braziliense ."
Hildo Rocha,MDB,MA,180.2022,ORDEM DO DIA,15/12/2022,18h40,DCD16/12/2022 PAG. 98,https://www.camara.leg.br/internet/sitaqweb/TextoHTML.asp?etapa=5&nuSessao=180.2022&nuQuarto=2746881&nuOrador=1&nuInsercao=1&dtHorarioQuarto=18%3A40&sgFaseSessao=OD&Data=15%2F12%2F2022&txApelido=Hildo+Rocha&txFaseSessao=Ordem+do+Dia&txTipoSessao=Ordin%C3%A1ria+-+CD&dtHoraQuarto=18%3A40,"Orientação de bancada na votação do substitutivo adotado pela Comissão Especial à Proposta de Emenda à Constituição nº 142, de 2015, sobre a inserção do art. 121 ao Ato das Disposições Constitucionais Transitórias, para garantia do prazo de vigência adicional aos instrumentos de permissão lotérica.","O SR. HILDO ROCHA (MDB - MA. Pela ordem. Sem revisão do orador.) - Sr. Presidente, Deputado General Peternelli, que preside a sessão neste momento, o MDB orienta ""sim"", tendo em vista que as lotéricas são de fundamental importância para o povo brasileiro. Nós temos que dar mais esse prazo para eles. Inclusive, na Constituição Federal, os Constituintes praticamente entenderam que seria uma concessão com prazo mais longo. E isso está sendo aperfeiçoado através do Deputado Fausto Pinato, que faz com que nós possamos prorrogar por mais 20 anos essas concessões dos lotéricos, dando a eles mais segurança jurídica. O Maranhão, por exemplo, tem 217 Municípios. Em mais da metade dos Municípios do Maranhão, a população é atendida apenas pela loteria esportiva quando quer pagar uma conta de água, de luz ou outro serviço qualquer, e a remuneração é muito pequena para eles. Então, nós somos a favor."
Hildo Rocha,MDB,MA,180.2022,ORDEM DO DIA,15/12/2022,18h08,DCD16/12/2022 PAG. 84,https://www.camara.leg.br/internet/sitaqweb/TextoHTML.asp?etapa=5&nuSessao=180.2022&nuQuarto=2746778&nuOrador=1&nuInsercao=1&dtHorarioQuarto=18%3A08&sgFaseSessao=OD&Data=15%2F12%2F2022&txApelido=Hildo+Rocha&txFaseSessao=Ordem+do+Dia&txTipoSessao=Ordin%C3%A1ria+-+CD&dtHoraQuarto=18%3A08,"Orientação de bancada na votação do requerimento de destaque supressivo do inciso VI, § 6º, art. 107, do Ato das Disposições Constitucionais Transitórias, incluído no art. 2º do substitutivo oferecido à Proposta de Emenda à Constituição nº 390, de 2014, sobre a assistência financeira complementar da União aos Estados, ao Distrito Federal, aos Municípios e entidades filantrópicas para cumprimento do piso salarial nacional dos profissionais da enfermagem e da parteira.","O SR. HILDO ROCHA (MDB - MA. Pela ordem. Sem revisão do orador.) - Sra. Presidente, Deputada Carmen Zanotto, o MDB quer parabenizar V.Exa. pela sua atuação e também a Relatora, Deputada Alice Portugal, pelo belíssimo trabalho de uma relatoria incansável — nós ficamos ontem até tarde para votar o relatório na Comissão. O MDB entende que o uso do superávit para pagar profissionais da saúde é fundamental. Nós temos que valorizar toda a categoria da enfermagem. Vimos a importância dos enfermeiros durante o período da COVID, que foi quando mais se acentuou a importância de toda a categoria da enfermagem. Então, todo o MDB vai orientar ""sim"". Nós sabemos que não vai haver nenhum desequilíbrio fiscal, porque vamos utilizar o recurso do superávit. Em vez de ficarmos bancando cada vez mais os banqueiros, que são proprietários de quase toda a nossa dívida nacional, nós vamos realmente fazer com que o povo brasileiro tenha um melhor serviço na área da saúde."
Hildo Rocha,MDB,MA,180.2022,BREVES COMUNICAÇÕES,15/12/2022,16h48,DCD16/12/2022 PAG. 41,https://www.camara.leg.br/internet/sitaqweb/TextoHTML.asp?etapa=5&nuSessao=180.2022&nuQuarto=2746533&nuOrador=1&nuInsercao=1&dtHorarioQuarto=16%3A48&sgFaseSessao=BC&Data=15%2F12%2F2022&txApelido=Hildo+Rocha&txFaseSessao=Breves+Comunica%C3%A7%C3%B5es&txTipoSessao=Ordin%C3%A1ria+-+CD&dtHoraQuarto=16%3A48,"Eleição dos Conselheiros Marcelo Tavares e Jorge Pavão, respectivamente, para os cargos de Presidente e de Vice-Presidente do Tribunal de Contas do Estado do Maranhão; e dos Conselheiros Raimundo Oliveira e Edmar Cutrim (aposentado), respectivamente, para os cargos de Corregedor e Ouvidor do órgão.","O SR. HILDO ROCHA (MDB - MA. Sem revisão do orador.) - Muito obrigado, Deputada Carmen Zanotto, que preside a sessão neste momento. Sras. e Srs. Deputados, utilizo a tribuna da Câmara no dia de hoje para registrar a eleição da nova diretoria do Tribunal de Contas do Estado do Maranhão. Assumiu por eleição, ganhou a disputa para ser o Presidente do Tribunal de Contas do Estado do Maranhão nos próximos 2 anos, na gestão de 2023 e 2024, o Conselheiro Marcelo Tavares. Marcelo Tavares é um maranhense conceituado, já foi Deputado Estadual, Secretário de Estado, Presidente da Assembleia Legislativa do Estado do Maranhão e, há quase 2 anos, é conselheiro daquele tribunal. Tem muita responsabilidade, é muito inteligente e competente. Tenho certeza de que ele irá fazer uma excelente administração. Para Vice-Presidente, foi eleito o Conselheiro Jorge Pavão, que também já ocupou a Presidência do Tribunal de Contas. É um conselheiro bastante antigo, com uma vivência enorme em finanças públicas, orçamento e contabilidade. É advogado, já foi Deputado Estadual e, com Marcelo Tavares, sem dúvida alguma, vai fazer um belíssimo trabalho. Para Corregedor, foi eleito o Conselheiro Raimundo Oliveira, também muito atuante, antigo membro do Tribunal de Contas do Estado do Maranhão. Esta administração tem como melhorar ainda mais os trabalhos do Tribunal de Contas do Estado do Maranhão, órgão de controle externo dos 217 Municípios do Maranhão e do Estado do Maranhão. Nosso querido amigo Edmar Cutrim foi eleito Ouvidor, embora já esteja se aposentando. Foi Presidente do Tribunal de Contas várias vezes e Deputado Estadual várias vezes. Membro há mais de 20 anos daquele tribunal, Edmar Cutrim, que vai se aposentar agora em janeiro, fez um belíssimo trabalho, muito reconhecido. Avançou, modernizou nas suas gestões o serviço do Tribunal de Contas do Estado. Não há dúvida nenhuma de que ele deixa um grande legado ao encerrar seu mandato, seus trabalhos no Tribunal de Contas do Estado. Tenho certeza de que ele continuará trabalhando, porque está em pleno vigor físico e mental. Tem 75 anos, mas é um jovem, uma pessoa que eu admiro muito, de quem gosto muito. Aliás, ele é pai do nosso Deputado Federal Gil Cutrim. É uma pessoa adorável, querido por todos os maranhenses, e a quem eu quero desejar boa sorte agora na sua vida privada. Um grande abraço. Sra. Presidente, peço a V.Exa. que este pronunciamento seja divulgado pelo programa A Voz do Brasil . Muito obrigado."
Acácio Favacho,MDB,AP,180.2022,ENCERRAMENTO,15/12/2022,13h55,DCD16/12/2022 PAG. 139,https://www.camara.leg.br/internet/sitaqweb/TextoHTML.asp?etapa=5&nuSessao=180.2022&nuQuarto=2748038&nuOrador=1&nuInsercao=1&dtHorarioQuarto=13%3A55&sgFaseSessao=EN&Data=15%2F12%2F2022&txApelido=Ac%C3%A1cio+Favacho&txFaseSessao=Encerramento&txTipoSessao=Ordin%C3%A1ria+-+CD&dtHoraQuarto=13%3A55,"Indignação com o reajuste das tarifas de energia elétrica em 36,08%, no Estado do Amapá.","DISCURSO NA ÍNTEGRA ENCAMINHADO PELO SR. DEPUTADO ACÁCIO FAVACHO. Sr. Presidente, Sras. e Srs. Deputados e caros telespectadores do sistema Câmara de comunicações, queria poder desejar aqui agora uma boa noite a todos, mas , em vista do assunto que venho tratar, isso se torna improvável . Hoje, a população do meu E stado, o Amapá, foi surpreendida com uma noticia que podemos qualificar como absurda. Trata-se , Sr. Presidente e nobres colegas, do an ú ncio , pela Agência Nacional de Energia Elétrica — ANEEL, de autorização para o reajuste de 36,08% nas tarifas de energia elétrica no Amapá. Como não tratar dessa informação como absurda? A população do Amapá ainda hoje não conseguiu sequer recuperar-se dos prejuízos causados pelo desastre em virtude do apagão em 2020 e agora recebe essa punhalada pelas costas. Isso é inaceitável! Como membro titular da Comissão de Minas e Energia da Câmara dos Deputados, garanto que irei buscar todos os meios possíveis para que es ta situação não se concretize e para que possamos discutir o assunto amplamente entre o Grupo Equatorial Energia, a ANEEL e todos os setores envolvidos e, assim , buscarmos uma solução que não coloque novamente nossa população numa situação difícil em pleno fi mde ano. Era o que eu tinha a dizer . Muito obrigado."
Hildo Rocha,MDB,MA,179.2022,ORDEM DO DIA,14/12/2022,21h00,DCD15/12/2022 PAG. 173,https://www.camara.leg.br/internet/sitaqweb/TextoHTML.asp?etapa=5&nuSessao=179.2022&nuQuarto=2741227&nuOrador=1&nuInsercao=1&dtHorarioQuarto=21%3A00&sgFaseSessao=OD&Data=14%2F12%2F2022&txApelido=Hildo+Rocha&txFaseSessao=Ordem+do+Dia&txTipoSessao=Ordin%C3%A1ria+-+CD&dtHoraQuarto=21%3A00,"Orientação de bancada na votação do requerimento de destaque para votação em separado da Emenda de Plenário nº 13, apresentada ao Projeto de Lei nº 4.363, de 2001, sobre o estabelecimento de normas gerais de organização, efetivos, material bélico, garantias, convocação e mobilização das polícias militares e dos corpos de bombeiros militares dos Estados, do Distrito Federal e dos Territórios. Posse dos Ministros Bruno Dantas e Vital do Rêgo, respectivamente, nos cargos de Presidente e Vice-Presidente do Tribunal de Contas da União - TCU. Falta de transparência na execução das chamadas emendas de Relator. Apoio à Proposta de Emenda à Constituição nº 32, de 2022, sobre a alteração do Ato das Disposições Constitucionais Transitórias, com vista à implementação do Programa Bolsa Família e à definição das regras de transição da Presidência da República aplicáveis à Lei Orçamentária de 2023.","O SR. HILDO ROCHA (MDB - MA. Como Líder. Sem revisão do orador.) - Sra. Presidente, Deputada Silvia Cristina, Sras. Deputados e Srs. Deputados, ouvindo o Líder do Republicanos, Deputado Vinicius Carvalho, eu me lembrei de que nós, em uma missão, fomos à Itália e à França buscar uma inspiração para a unificação das polícias. O Deputado Vinicius Carvalho era o Relator daquela proposta na ocasião. Eu me lembro como se fosse hoje, Sras. Deputadas e Srs. Deputados, que fomos visitar a sede da polícia da França, nos arredores de Paris. Lá chegando, entramos, eu e o Deputados Vinicius Carvalho, tranquilamente. O que me chamou a atenção é que não havia guaritas com guardas para proteger o quartel-general da polícia militar francesa. Os prédios de lá são diferentes das edificações da nossa polícia. Não é um quartel como são os nossos quartéis. Eu perguntei para o general de brigada e comandante da polícia militar por que não havia um agente de polícia para dar segurança àquele prédio. Sabem o que ele me disse? ""Se aqui tiver que ter polícia para dar garantia ao comando da polícia, a sociedade estará desguarnecida. Não há necessidade de termos seguranças aqui, porque causa má impressão para a sociedade francesa"". Isso é cultural. O que o Deputado Vinicius Carvalho falou aqui é verdade. Essa lei orgânica melhora a eficiência da polícia? Melhora. Melhora a do Corpo de Bombeiros? Melhora. Mas não vamos ter segurança pública completa e boa para o cidadão, se todas as entidades que compõem o sistema de segurança não forem atendidas corretamente. O MDB vai orientar ""sim"". Sra. Presidente, eu quero registrar também que hoje tomou posse como Presidente do Tribunal de Contas da União o Ministro Bruno Dantas, um jovem brilhante. Todo mundo elogiou o Ministro Bruno, baiano, conterrâneo do Deputado Jorge Solla, que está aqui conosco. Tomou posse também, como Vice-Presidente, o Ministro Vital do Rêgo, do MDB, que foi Senador pela Paraíba. Na ocasião nós conversamos, Sra. Presidente, sobre essa questão que está sendo debatida no Supremo Tribunal Federal, na Suprema Corte, que diz respeito à emenda de Relator. Eu quero deixar claro que o Deputado Hildo Rocha não é contra a emenda de Relator, até porque eu tenho formação na área contábil, na qual tive oportunidade de ser professor. Sou especialista em contabilidade pública e orçamento. Sei que desde a Lei nº 4.320, de 1964, há necessidade de termos emenda de Relator, mas houve desvirtuamento em relação a isso. Criou-se um tal de usuário externo para ser atendido. Desculpem-se a expressão, mas não há usuário externo, é falsa essa informação. Não há publicidade dos atos do poder público. Cadê a transparência? São princípios da administração pública a transparência e a publicidade. Quem foi o autor daqueles emendas para as quais está inscrito o usuário externo? Por que o Deputado ou o Senador não disse que ele era o dono daquela indicação? Eu não tenho dúvida de que esse dinheiro foi usado para falcatruas, para vender emendas a Prefeitos, ou mesmo a Governadores, ou a Secretários Municipais. Boa parte desse recurso é da saúde. E a pessoa desvia recurso da saúde? O Tribunal de Contas da União tem que fazer uma auditoria em todos os convênios que tiveram como fonte do convênio ou da transferência de recurso fundo a fundo o usuário externo. Eu sou Deputado. Qualquer Deputado que leve recurso para o Município faz questão de dizer o nome e que ele está levando dinheiro para pagar os médicos, para comprar remédios, para a realização de exames de Raios X, para comprar um novo equipamento para o posto de saúde ou para um hospital. Quando não há o nome do Parlamentar é porque o recurso vai ser usado para falcatrua. Há Deputados e Senadores que recebem apenas o salário de Parlamentar e levam uma vida de luxo. Neste Parlamento, nós temos que fazer uma limpeza geral. Há excelentes Parlamentares, bons Parlamentares, mas há pessoas que deveriam estar na sarjeta, e não aqui na Câmara dos Deputados. Elas não têm serviço prestado à Câmara dos Deputados nem em Comissões nem neste Plenário, mas se reelegem utilizando essas emendas.  E aqui há muitos partidos que aumentaram as bancadas, desvirtuaram o resultado das eleições usando emenda de Relator com usuário externo. Isso já não era mais possível acontecer. Então, hoje, a Ministra Rosa Weber, de forma correta, disse como devem ser realmente as emendas de Relator. Eu sou a favor da PEC 32. Eu sei que há Deputado e Senador fazendo chantagem, querendo que não se aprove a PEC 32, que é necessária para o Brasil. Os que são contra essa PEC 32 dizem que ela é um cheque em branco ao portador. Não, senhores. Esse cheque é nominal. Vocês sabem o que é cheque nominal, mas sei que há Deputado aqui muito novo que não sabe o que é um cheque. Mas no cheque nominal está o nome da pessoa que vai ser beneficiada. Sabem qual é o nome que está nesse cheque? Os pobres do Brasil. Essa PEC 32, Sra. Presidente, se fosse o Bolsonaro que tivesse ganhado as eleições, estaria também sendo discutida, e eu tenho certeza de que o PT estaria a favor, sabe por quê? Porque o PT sempre foi contra o teto de gastos. Eu me lembro disso. Eu votei a favor do teto de gastos, mas eu percebi, ao longo dos anos, que havia uma necessidade de aperfeiçoamento. Não é possível deixar de fazer com que famílias que precisam do apoio do poder público deixem de receber os 600 reais do Bolsa Família e mais 150 reais por criança com menos de 6 anos de idade, em apoio à primeira infância. Presidente, peço que este pronunciamento seja divulgado pelos meios de comunicações da Casa. Muito obrigado."
Hildo Rocha,MDB,MA,179.2022,ORDEM DO DIA,14/12/2022,20h24,DCD15/12/2022 PAG. 158,https://www.camara.leg.br/internet/sitaqweb/TextoHTML.asp?etapa=5&nuSessao=179.2022&nuQuarto=2740577&nuOrador=1&nuInsercao=1&dtHorarioQuarto=20%3A24&sgFaseSessao=OD&Data=14%2F12%2F2022&txApelido=Hildo+Rocha&txFaseSessao=Ordem+do+Dia&txTipoSessao=Ordin%C3%A1ria+-+CD&dtHoraQuarto=20%3A24,"Orientação de bancada na votação da subemenda substitutiva global apresentada ao Projeto de Lei nº 4.363, de 2001, sobre o estabelecimento de normas gerais de organização, efetivos, material bélico, garantias, convocação e mobilização das polícias militares e corpos de bombeiros militares dos Estados, do Distrito Federal e dos Territórios, ressalvados os destaques. Posse do Presidente do Tribunal de Contas da União, Ministro Bruno Dantas. Solicitação ao Presidente do TCU de fiscalização de convênios com usuários externos realizados com a liberação de recursos das emendas de Relator-Geral do Orçamento, as chamadas RP9.","O SR. HILDO ROCHA (MDB - MA. Pela ordem. Sem revisão do orador.) - Sra. Presidenta, Deputada Silvia Cristina, tenho muita alegria de estar aqui falando com V.Exa. na Presidência neste momento. O MDB vai orientar a favor, vai orientar ""sim"", tendo em vista que esse projeto já tramita há bastante tempo aqui na Câmara dos Deputados — há mais de 20 anos — e é necessária a Lei Orgânica da Polícia Militar e do Corpo de Bombeiros Militar. O Deputado Capitão Augusto ouviu todas as demandas. Obviamente, há ainda algo a ser melhorado, e existem para isso destaques que nós vamos apoiar para melhorar ainda mais o texto. Sra. Presidente, eu quero também registrar que hoje tomou posse, como novo Presidente do Tribunal de Contas da União, o jovem Ministro Bruno Dantas, com 43 anos de idade, e lá ele fez um belíssimo discurso. Eu pedi a ele inclusive que fiscalizasse todos os recursos de RP9 que foram liberados este ano para usuário externo. O Deputado Federal que não quis botar a sua digital ou o Senador que não quis botar a sua digital nesse Orçamento da União, nas emendas de Relator, e ficou de forma escondida, oculta, é porque fez falcatrua. Então, eu pedi ao Ministro Bruno Dantas que fizesse a fiscalização em todos esses convênios que foram realizados através da RP9 para o usuário externo, porque houve maracutaia."
Emanuel Pinheiro Neto,MDB,MT,179.2022,ORDEM DO DIA,14/12/2022,19h20,DCD15/12/2022 PAG. 136,https://www.camara.leg.br/internet/sitaqweb/TextoHTML.asp?etapa=5&nuSessao=179.2022&nuQuarto=2740446&nuOrador=1&nuInsercao=1&dtHorarioQuarto=19%3A20&sgFaseSessao=OD&Data=14%2F12%2F2022&txApelido=Emanuel+Pinheiro+Neto&txFaseSessao=Ordem+do+Dia&txTipoSessao=Ordin%C3%A1ria+-+CD&dtHoraQuarto=19%3A20,"Apoio à aprovação da Proposta de Emenda à Constituição nº 32, de 2022, sobre a alteração do Ato das Disposições Constitucionais Transitórias, com vista à implementação do Programa Bolsa Família e à definição das regras de transição da Presidência da República aplicáveis à Lei Orçamentária de 2023.","O SR. EMANUEL PINHEIRO NETO (MDB - MT. Pela ordem. Sem revisão do orador.) - Sra. Presidente, na minha visão, a condenação da PEC da transição, da PEC do Bolsa Família, é uma disfunção, um equívoco ideológico que parte da premissa de que a economia de um governo, a economia nacional seria similar à economia doméstica, em que basta ter mais economia do que gasto, que as coisas se resolvem por si só. Porém, inúmeras variáveis precisam ser consideradas. Nós temos mais de 60 milhões de brasileiros endividados, com restrição de crédito; temos mais de 6 milhões de empresas endividadas; temos uma taxa de juros hoje, segundo a última reunião do COPOM, de 13,75% ao ano; temos uma taxa de capacidade instalada ociosa, ou seja, produzindo aquém daquilo que pode em cerca de 50% — em inúmeras empresas, por exemplo, do ramo de produção automobilística. Em suma, nós temos inúmeros fatores que fazem com que uma política contracíclica, uma política de investimento público seja adequada neste momento, para que retomemos a aceleração da atividade econômica e, pouco a pouco, no médio prazo, voltemos a arrecadar. Como vamos nos financiar? Elevando impostos? Ninguém quer isso. Emitindo moeda? Sabemos que vamos elevar a inflação dessa maneira. Vendendo patrimônio? Sabemos que as privatizações não funcionam do dia para a noite. Então, a forma é o investimento na economia — especialmente o investimento público — e nas políticas sociais. Nós temos atualmente uma inflação, Sra. Presidente, que não é de demanda, é uma inflação de oferta, uma inflação de custo. Então, o que justifica uma política monetária com juros de 13,75% ao ano se a inflação não é de demanda? Alega-se, para não se aprovar a PEC da transição, que o custo seria a elevação dos juros. Isso não se justifica. É por isso que, no médio prazo, a PEC da transição é o melhor caminho. Na minha opinião, na minha visão, na minha forma de ver a economia, o erro da Presidente Dilma no seu último mandato foi justamente, quando ela precisava injetar investimento público na economia, optar pela desoneração, ou seja, fazer um ajuste fiscal num momento de contração econômica. Como é que se busca, num momento de contração, ajuste fiscal? A tendência vai ser mais retração econômica, menor taxa de investimento, e o Brasil não vai crescer. E ainda, quando se tem um teto que congela os gastos para que, em ganhos reais, cresçam somente saúde, educação e outras esferas do Governo, nós não temos como oferecer as políticas sociais das quais o Brasil precisa. Por isso, tenho convicção de que a PEC da transição é positiva para o Brasil. Muito obrigado, Sra. Presidente."
Fábio Ramalho,MDB,MG,179.2022,ORDEM DO DIA,14/12/2022,16h40,DCD15/12/2022 PAG. 97,https://www.camara.leg.br/internet/sitaqweb/TextoHTML.asp?etapa=5&nuSessao=179.2022&nuQuarto=2740347&nuOrador=1&nuInsercao=1&dtHorarioQuarto=16%3A40&sgFaseSessao=OD&Data=14%2F12%2F2022&txApelido=F%C3%A1bio+Ramalho&txFaseSessao=Ordem+do+Dia&txTipoSessao=Ordin%C3%A1ria+-+CD&dtHoraQuarto=16%3A40,"Declaração de voto do orador pela aprovação da Proposta de Emenda à Constituição nº 32, de 2022, sobre a alteração do Ato das Disposições Constitucionais Transitórias, com vista à implementação do Programa Bolsa Família e à definição das regras de transição da Presidência da República aplicáveis à Lei Orçamentária de 2023.","O SR. FÁBIO RAMALHO (MDB - MG. Pela ordem. Sem revisão do orador.) - Deputada Celina Leão, eu penso que essa é uma PEC para darmos comida para as pessoas. Os bancos já estão com tanto dinheiro, que nem sabem o que fazer. Nosso teto de gasto já não existe mais. Existem, sim, milhões de pessoas precisando de comida, milhões de pessoas precisando de emprego. Temos que ter uma PEC como essa para que o Brasil possa ter infraestrutura, dinheiro para fazer infraestrutura, dinheiro para fazer casas, dinheiro para que possamos dar ao povo dignidade. Há 6 meses, eu votei para aprovar uma PEC que visava dar comida ao povo. Seria uma incoerência, neste momento, alguém não querer votar esta PEC. Seria dizer aos brasileiros que vocês que recebem 600 reais neste ano, não terão o direito de receber esse valor no próximo ano. Seria como dizer isso aos brasileiros. Eu não estou aqui para falar mal de ninguém. O Presidente Bolsonaro fez a sua parte. Ele tem as suas virtudes e, como todos nós, também tem os seus defeitos. O Presidente Lula chega agora para fazer um Brasil que precisa ser mudado, que precisa ser reconstruído e que precisa fazer mais, principalmente para as pessoas mais pobres. E é por isso que eu defendo essa PEC. Não defendo as questões dos bancos, porque o teto de gastos já não existe mais. Existe, sim... (Desligamento automático do microfone.) A SRA. PRESIDENTE (Celina Leão. PP - DF) - Deputado, eu fiz uma exceção para V.Exa., porque está todo mundo inscrito. Vou conceder a V.Exa. mais 30 segundos, para V.Exa. concluir. O SR. FÁBIO RAMALHO (MDB - MG) - Obrigado, Deputada. Quero afirmar que nessa PEC nós não estamos tirando dinheiro de ninguém, não. Nós estamos tirando dinheiro dos bancos, que estão abarrotados. O nosso teto está errado, nós temos que corrigir o nosso teto e fazer um teto para o povo brasileiro, para quem passa fome e sobretudo para quem precisa de comida e de emprego. É por isso que eu voto a favor dessa PEC, em nome de milhões de brasileiros que estão passando fome. Um abraço a todos!"
Isnaldo Bulhões Jr.,MDB,AL,177.2022,ORDEM DO DIA,13/12/2022,21h28,DCD14/12/2022 PAG. 191,https://www.camara.leg.br/internet/sitaqweb/TextoHTML.asp?etapa=5&nuSessao=177.2022&nuQuarto=2735356&nuOrador=1&nuInsercao=1&dtHorarioQuarto=21%3A28&sgFaseSessao=OD&Data=13%2F12%2F2022&txApelido=Isnaldo+Bulh%C3%B5es+Jr.&txFaseSessao=Ordem+do+Dia&txTipoSessao=Ordin%C3%A1ria+-+CD&dtHoraQuarto=21%3A28,"Orientação de bancada na votação do requerimento de urgência para apreciação do Projeto de Lei nº 1.774, de 2019, a respeito da comercialização, em supermercados e estabelecimentos similares, de medicamentos isentos de prescrição médica.","O SR. ISNALDO BULHÕES JR. (MDB - AL. Pela ordem. Sem revisão do orador.) - Presidente, o MDB orienta ""sim"". Eu, como mediador, num primeiro momento, entre a ala extremamente liberal e a outra ala, em defesa dos farmacêuticos, muito bem representados pela Deputada Alice Portugal, tive como aprofundar bastante esta discussão, principalmente com o Conselho Federal de Farmácia e os Conselhos Regionais de Farmácia. Eu discuti o texto, escutei as sugestões e as atendi no que foi possível e impossível. Eu assumo aqui o compromisso de solucionar, na entrega do relatório, aquilo que há de vácuo no projeto de lei original. Há quatro preocupações. Uma delas é a disponibilização de farmacêuticos por parte dos estabelecimentos; a segurança para evitar contrabandos, evitar o uso de marca própria, entre outros pontos fundamentais, como a regulamentação do funcionamento dos estabelecimentos de venda pela ANVISA. Portanto, Presidente, tenha a certeza de que todos os pleitos da categoria farmacêutica foram atendidos... (Desligamento automático do microfone.)"
Hildo Rocha,MDB,MA,177.2022,ORDEM DO DIA,13/12/2022,20h44,DCD14/12/2022 PAG. 175,https://www.camara.leg.br/internet/sitaqweb/TextoHTML.asp?etapa=5&nuSessao=177.2022&nuQuarto=2735306&nuOrador=1&nuInsercao=1&dtHorarioQuarto=20%3A44&sgFaseSessao=OD&Data=13%2F12%2F2022&txApelido=Hildo+Rocha&txFaseSessao=Ordem+do+Dia&txTipoSessao=Ordin%C3%A1ria+-+CD&dtHoraQuarto=20%3A44,"Discussão do Projeto de Lei Complementar nº 178, de 2021, sobre a instituição do Estatuto Nacional de Simplificação de Obrigações Tributárias Acessórias.","O SR. HILDO ROCHA (MDB - MA. Sem revisão do orador.) - Obrigado, Sr. Presidente Lincoln Portela. Defendo a aprovação deste projeto, de autoria do Deputado Efraim Filho e muito bem relatado pela Deputada Paula Belmonte. Ele pretende diminuir a burocracia, fazer com que as obrigações acessórias tributárias das empresas sejam mitigadas. Isso faz com que o Custo Brasil diminua e facilita o pagamento de tributos, até porque os entes federados se comunicam mais facilmente com a criação da Nota Fiscal Brasil Eletrônica. Sem dúvida nenhuma, o projeto de lei é bom. Ele faz com que as empresas diminuam muito o custo de recolhimento dos tributos, porque a área administrativa das empresas tende a diminuir a quantidade de pessoas envolvidas com o recolhimento dos tributos, o que muitas das vezes é dificultado justamente pelos acessórios que estão colocados tanto nos Códigos Tributários Municipais e Estaduais quanto no Código Tributário Nacional. Isso facilita demais a vida das empresas. Isso permite que tenhamos mais investimentos em nosso País, facilitando, sem dúvida alguma, a criação de novos empregos. Portanto, eu sou plenamente favorável à matéria. Inscrevi-me para defender este projeto do Deputado Efraim porque eu penso de modo igual, conforme o que ele escreveu no projeto de lei, que foi muito bem relatado aqui pela Deputada Paula Belmonte, a quem cumprimento."
Hildo Rocha,MDB,MA,177.2022,ORDEM DO DIA,13/12/2022,19h36,DCD14/12/2022 PAG. 150,https://www.camara.leg.br/internet/sitaqweb/TextoHTML.asp?etapa=5&nuSessao=177.2022&nuQuarto=2737532&nuOrador=1&nuInsercao=1&dtHorarioQuarto=19%3A36&sgFaseSessao=OD&Data=13%2F12%2F2022&txApelido=Hildo+Rocha&txFaseSessao=Ordem+do+Dia&txTipoSessao=Ordin%C3%A1ria+-+CD&dtHoraQuarto=19%3A36,"Discussão do substitutivo do Senado Federal ao Projeto de Lei nº 1.998, de 2020, sobre a regulamentação da prática de telemedicina no País.","O SR. HILDO ROCHA (MDB - MA. Sem revisão do orador.) - Sr. Presidente Deputado Lincoln Portela, Sras. Deputadas, Srs. Deputados, eu me inscrevi para tratar sobre esta matéria, que é a instituição da telemedicina. Já tínhamos aprovado a matéria no período da pandemia, para que vigorasse naquele período. Nós sabemos que a telemedicina é uma realidade mundial em alguns segmentos da saúde, não apenas na área médica, mas também na área da enfermagem e da odontologia, entre outras. Há necessidade da telemedicina, tendo em vista o avanço do mundo digital, ao qual as pessoas têm acesso através de vídeo e áudio, em conversas que podem ser relacionadas com os profissionais da saúde. Até mesmo fisioterapeutas podem realizar trabalho com seus pacientes através da telemedicina — ou telessaúde, termo que eu preferiria. A Deputada Adriana Ventura apresentou um projeto que eu julgo muito melhor do que o substitutivo do Senado. Por isso, eu me inscrevi para falar contra o substitutivo do Senado, porque o Senado avança no que diz respeito à possibilidade de se vender remédio sem a presença do profissional farmacêutico, tema que vamos discutir daqui a pouco, em matéria que trata sobre medicamentos. O projeto do Senado ficou muito complexo. Não tem a simplicidade e a facilidade para que o próprio Executivo regulamente algumas ações que precisam de regulamentação do Executivo, juntamente com a ANVISA, entre outros órgãos. É necessário que sejam ouvidos esses órgãos, quando se regulamenta um projeto de lei. Portanto, eu entendo que a proposta da Deputada Adriana Ventura é muito melhor, é mais factível, no sentido de utilização pela população. É muito melhor do que o projeto que veio do Senado. Por isso, eu peço aos colegas Deputados e Deputadas que votemos contra a proposta do Senado. Vamos manter a proposta da Deputada Adriana, que é muito melhor, porque facilita a vida da população que mais necessita desse tipo de serviço, a telemedicina. Muito obrigado, Sr. Presidente."
Célio Silveira,MDB,GO,177.2022,BREVES COMUNICAÇÕES,13/12/2022,16h16,DCD14/12/2022 PAG. 80,https://www.camara.leg.br/internet/sitaqweb/TextoHTML.asp?etapa=5&nuSessao=177.2022&nuQuarto=2734903&nuOrador=1&nuInsercao=1&dtHorarioQuarto=16%3A16&sgFaseSessao=BC&Data=13%2F12%2F2022&txApelido=C%C3%A9lio+Silveira&txFaseSessao=Breves+Comunica%C3%A7%C3%B5es&txTipoSessao=Ordin%C3%A1ria+-+CD&dtHoraQuarto=16%3A16,"Transcurso do 276º aniversário de emancipação político-administrativa do Município de Luziânia, Estado de Goiás. Atuação parlamentar do orador em prol dos interesses da municipalidade goiana.","O SR. CÉLIO SILVEIRA (MDB - GO. Como Líder. Sem revisão do orador.) - Sr. Presidente Charles Fernandes, parabenizo V.Exa. pela condução dos trabalhos! Sr. Presidente, Sras. e Srs. Deputados, hoje, dia 13 de dezembro, Luziânia, minha cidade natal e um dos Municípios mais antigos e prósperos do Estado de Goiás, comemora seu aniversário. São 276 anos de muita história, tradição e cultura, que a transformaram na sexta maior cidade do Estado e uma das mais desenvolvidas do Centro-Oeste. Nossa cidade, desbravada pela descoberta de pepitas de ouro em um córrego, é considerada a cidade mãe do entorno do Distrito Federal, afinal grande parte dos Municípios da região surgiram da emancipação do território luzianense. Cito as prósperas cidades de Valparaíso, Cidade Ocidental, Novo Gama, Santo Antônio do Descoberto e Águas Lindas, todas foram emancipadas do Município de Luziânia, hoje são cidades grandes e prósperas do Estado de Goiás e muito servem também ao Distrito Federal. Luziânia, hoje, possui mais de 200 mil habitantes. Eu tenho orgulho de ter participado ativamente do seu desenvolvimento nas últimas décadas. Fui Vice-Prefeito, Prefeito por dois mandatos, Deputado Estadual e, hoje, caminho para a terceira legislatura como Deputado Federal, representando a minha querida Luziânia e toda a população goiana. Nas eleições ocorridas neste ano, Luziânia me agraciou com mais de 25 mil votos. A minha gratidão é imensa e o meu amor por essa cidade é cada dia maior. Por oportuno, renovo o meu compromisso em continuar atuando pelo desenvolvimento da nossa querida cidade de Luziânia. Entre os anos de 2015 e 2022, destinei a Luziânia mais de 50 milhões de reais em emendas parlamentares, que foram investidos em saúde, educação, pavimentação asfáltica, infraestrutura, desenvolvimento rural, segurança pública e outras áreas. Contribuir para a melhoria dos serviços públicos e da vida das pessoas e para o progresso da cidade é um dos meus propósitos, na condição de Deputado Federal. Também não posso deixar, Sr. Presidente, de ressaltar que hoje o Município conta com uma gestão eficiente, moderna, arrojada e progressista, liderada pelo competente e jovem Prefeito Diego Sorgatto. Juntos, temos feito e faremos ainda muito mais por nossa Luziânia. Senhoras e senhores, é uma alegria comemorar os 276 anos de Luziânia, cidade que faz parte da região geoeconômica de Brasília, destaca-se no setor agropecuário, tem grande potencial turístico e conta com um povo virtuoso, solidário e digno de muito respeito. Registro os meus parabéns à população de Luziânia, nossa próspera cidade! Sr. Presidente, Luziânia é muito próxima de Brasília, fica a 50 quilômetros daqui, e contribui muito para o desenvolvimento do Distrito Federal. Milhares de pessoas saem de Luziânia no dia a dia para trabalhar, para se dedicar à população do Distrito Federal. Ficam aqui o meu abraço e o meu agradecimento a toda a população de Luziânia por ter me conduzido para mais um mandato e para ser o seu representante aqui no Congresso Nacional. Que todos de Luziânia, que todos do meu Estado de Goiás e do Brasil tenham um feliz Natal! Que 2023 seja um ano de muita saúde, prosperidade e bênçãos! Muito obrigado pela oportunidade, Sr. Presidente. Aqui fica o meu abraço a todos os colegas Deputados e Deputadas."
Otoni de Paula,MDB,RJ,177.2022,BREVES COMUNICAÇÕES,13/12/2022,15h32,DCD14/12/2022 PAG. 69,https://www.camara.leg.br/internet/sitaqweb/TextoHTML.asp?etapa=5&nuSessao=177.2022&nuQuarto=2733915&nuOrador=1&nuInsercao=1&dtHorarioQuarto=15%3A32&sgFaseSessao=BC&Data=13%2F12%2F2022&txApelido=Otoni+de+Paula&txFaseSessao=Breves+Comunica%C3%A7%C3%B5es&txTipoSessao=Ordin%C3%A1ria+-+CD&dtHoraQuarto=15%3A32,Apelo ao Presidente Jair Bolsonaro de decisão sobre as manifestações contra o resultado ilegítimo das eleições presidenciais de 2022.,"O SR. OTONI DE PAULA (MDB - RJ. Sem revisão do orador.) - Sr. Presidente, povo brasileiro, eu costumo subir a esta tribuna e, de alguma forma, desentoo de algumas falas de alguns amigos bolsonaristas. Fiz isso na tal Carta à Nação, que o Presidente Bolsonaro assinou, carta redigida pelo Temer. Naquela época, eu disse que não era contra a pacificação, mas não adiantava apenas um dos Poderes assinarem a carta. Eu disse ao Presidente Bolsonaro: leão que não ruge na hora certa vira gatinho. E eu tenho a coragem de subir a esta tribuna hoje para respeitosamente me dirigir ao meu líder, ao meu Presidente Bolsonaro, a quem eu não preciso mais provar fidelidade. Presidente, esta frase é do senhor: “Pior do que uma decisão mal tomada é uma indecisão”. Presidente, Lula já foi empossado ontem. E, em mais um ataque beligerante de inclinação déspota, ontem o Ministro Alexandre de Moraes reafirmou a sua inclinação sociopata contra aqueles que lutam pela democracia e os classifica como antidemocráticos. Presidente, o seu povo foi às portas dos quarteis não para pedir uma ditadura militar, não para pedir uma intervenção antidemocrática, mas que se cumpra, dentro das quatro linhas da Constituição, o que prevê a Constituição em caso de instabilidade nacional. Presidente, fomos às ruas no Sete de Setembro por 2 anos seguidos e no Primeiro de Maio por 2 anos seguidos, e agora nós precisamos que o senhor tome uma decisão. Presidente, se o senhor chegou à conclusão de que não dá para fazer nada, de que temos que reconhecer realmente que o processo não foi legítimo, não foi correto, mas que perdemos — ""consultei o meu jurídico, não há espaço para nenhuma tomada de decisão"" —, o.k. Então, diga isso a seu povo, peça a eles que saiam das portas dos quartéis, porque, daqui para frente, Presidente, se o senhor nada fizer e se o senhor nada falar, a coisa sairá do controle de uma forma tão terrível que, aí sim, Presidente, cairá na sua conta qualquer movimento que pareça ser antidemocrático. Peço apenas mais 30 segundos. O SR. PRESIDENTE (Charles Fernandes. PSD - BA) - Peço que conclua, Deputado. O SR. OTONI DE PAULA (MDB - RJ) - Presidente, o senhor ainda tem chance de sair grande desse processo, como um grande líder da Oposição deste País. Para isso, o senhor precisará ter a altivez e a coragem de encarar o seu povo e dizer qual foi a sua decisão, porque, fora das quatro linhas, eles já estão há muito tempo."
Alceu Moreira,MDB,RS,177.2022,BREVES COMUNICAÇÕES,13/12/2022,15h00,DCD14/12/2022 PAG. 61,https://www.camara.leg.br/internet/sitaqweb/TextoHTML.asp?etapa=5&nuSessao=177.2022&nuQuarto=2733886&nuOrador=1&nuInsercao=1&dtHorarioQuarto=15%3A00&sgFaseSessao=BC&Data=13%2F12%2F2022&txApelido=Alceu+Moreira&txFaseSessao=Breves+Comunica%C3%A7%C3%B5es&txTipoSessao=Ordin%C3%A1ria+-+CD&dtHoraQuarto=15%3A00,"Contrariedade à aprovação da Proposta de Emenda à Constituição nº 32, de 2022, sobre a alteração do Ato das Disposições Constitucionais Transitórias, com vista à implementação do Programa Bolsa Família e à definição das regras de transição da Presidência da República aplicáveis à Lei Orçamentária de 2023. Incoerência do modus operandi do PT. Subserviência de Ministro do Supremo Tribunal Federal ao Presidente eleito Luiz Inácio Lula da Silva. Defesa de cumprimento do teto de gastos públicos.","O SR. ALCEU MOREIRA (MDB - RS. Sem revisão do orador.) - Sr. Presidente, Srs. Parlamentares, ouço vozes de todos os cantos dizendo que é necessário que se tenha uma PEC de quase 200 bilhões de reais para atender o Bolsa Família. Ora, no orçamento deste ano já há os 400 reais previstos, faltam 200 reais. Para complementar os 200 reais, não precisa nem 50 bilhões, quanto mais 198 bilhões de reais. "" Ah, mas tem que haver o salário mínimo ."" Então, é mais 20 e alguma coisa. Estamos falando em torno de 50 bilhões de reais, que foi isso que o atual Presidente também disse que precisaria, e isso votaremos por 1 ano só, porque o governo que ganhou a eleição tem que dizer — ele não apresentou programa — o que ele deseja para a economia no ano seguinte quando estiver no governo. E ai, então, aí partir dessa informação, poderemos votar. Vamos votar contra a ""PEC da gastança"", porque o argumento mais forte para votar a favor da PEC é que preciso ajudar o Bolsa Família. Pois bem. Se liberarmos quase 200 bilhões por 2 anos, sem contrapartida, sem produção, sem produto de contrapartida, vamos emitir papéis, vamos endividar o País, teremos uma inflação galopante e, ao final de 2 anos, os 600 reais não comprarão 300 reais. Quem eles dizem que querem beneficiar serão os piores prejudicados, que serão os pobres.  Eles não terão poder de compra, porque não há programa social melhor do que não ter inflação no País. Programa social é inclusão produtiva, é geração de trabalho e renda, é melhoria da economia do Brasil, não é emissão de moeda, nem desconto de título e endividamento do País para fazer política social com cheque especial. É isso que eles querem fazer. Isso é uma irresponsabilidade com o nosso País. Gozado, Deputado Giovani Cherini, eles estão assustados com o que aconteceu ontem. Eu sempre fui contra o vandalismo, sou contrário a isso. Eu vi o Ministério da Agricultura, em pleno Governo petista, ser queimado em labaredas, e não ouvi uma voz petista do outro lado. Aliás, petista gosta do seguinte: fazer discurso para pobre e governar para rico. Ele critica o que os outros fazem e faz igualzinho, da mesma forma, sempre faz igual. Não pode ser mais incoerente e mais hipócrita! E agora ainda está acobertado por um déspota com toga, que virou cabo eleitoral de primeira hora e que só cumpre, com a Suprema Corte, as decisões que o Lula requer. Que pena! O Poder Judiciário fica envergonhado de ver essa triste página: um déspota vestindo toga e fazendo mesuras para receber quem ajudou a elegê-lo. De qualquer sorte, eu espero que esta Casa recomponha a economia do País, observe o teto de gastos e não permita a gastança irresponsável, porque não é para o Bolsa Família, é para o bolso de muitos, como sempre foi nos governos petistas."
Célio Silveira,MDB,GO,177.2022,ENCERRAMENTO,13/12/2022,13h55,DCD14/12/2022 PAG. 243,https://www.camara.leg.br/internet/sitaqweb/TextoHTML.asp?etapa=5&nuSessao=177.2022&nuQuarto=2735670&nuOrador=1&nuInsercao=1&dtHorarioQuarto=13%3A55&sgFaseSessao=EN&Data=13%2F12%2F2022&txApelido=C%C3%A9lio+Silveira&txFaseSessao=Encerramento&txTipoSessao=Ordin%C3%A1ria+-+CD&dtHoraQuarto=13%3A55,"Comemoração do 276º aniversário de fundação do Município de Luziânia, localizado na região geoeconômica de Brasília, Distrito Federal. Destinação pelo orador de vultosos recursos orçamentários à municipalidade.","DISCURSO NA ÍNTEGRA ENCAMINHADO PELO SR. DEPUTADO CÉLIO SILVEIRA. Sr . Presidente, Sras . e Srs . Deputados, hoje, dia 13 de dezembro, Luziânia, minha cidade natal e um dos Municípios mais antigos e prósperos do E stado de Goiás , comemora seu aniversário. São 276 anos de muita história, tradição e cult ura que a transformaram na sexta maior cidade do E stado e em uma das mais desenvolvidas do Centro- O este. Nossa cidade, desbravada por terem encontrado pepitas de ouro em um córrego, é considerada a cidade mãe do entorno do Distrito Federal, afinal grande parte dos Municípios da região surgiram da emancipação do território luzianien se. Hoje possui mais de 200 mil habitantes . Tenho orgulho de haver participado ativamente do seu desenvolvimento nas últimas décadas. Fui Vice- Prefeito, Prefeito por dois mandatos, Deputado E stadual e hoje caminho pa ra a terceira legislatura como Deputado Federal , representando a população goiana. Nas eleições ocorridas neste ano, Luziânia me agraciou com mais de 25 mil votos , e a minha gratidão é imensa. Por oportuno, renovo meu compromisso em continuar atuando pelo desenvolvimento da nossa cidade. Entre os anos de 2015 e 2022 , destinei a Luziânia mais de 50 milhões de reais em emendas parlamentares, que foram investidos em saúde, educação, pavimentação asfáltica, infraestrutura, desenvolvimento rural, segurança pública e outras áreas. Contribuir com a melhoria dos serviços públicos e da vida das pessoas e com o progresso da cidade é u mdos meus propósitos enquanto Deputado Federal. Também não posso deixar de ressaltar que hoje o Município conta com uma gestão eficiente, moderna, arrojada e progressista, liderada pelo competente Prefeito Diego Sorgatto. Juntos , temos feito e farem os ainda mais por nossa cidade. Sras . e Srs . Deputados, que alegria é comemorar 276 anos de Luziânia, cidade que faz parte da região geoeconômica de Brasília, destaca-se no setor agropecuário, tem grande potencial turístico e conta com um povo virtuoso, solidário e digno de muito respeito! Meus parabéns à população de Luziânia e à nossa próspera cidade! Obrigado."
Mara Rocha,MDB,AC,173.2022,BREVES COMUNICAÇÕES,08/12/2022,10h24,DCD09/12/2022 PAG. 34,https://www.camara.leg.br/internet/sitaqweb/TextoHTML.asp?etapa=5&nuSessao=173.2022&nuQuarto=2727642&nuOrador=1&nuInsercao=1&dtHorarioQuarto=10%3A24&sgFaseSessao=BC&Data=08%2F12%2F2022&txApelido=Mara+Rocha&txFaseSessao=Breves+Comunica%C3%A7%C3%B5es&txTipoSessao=Ordin%C3%A1ria+-+CD&dtHoraQuarto=10%3A24,"Ruptura do Estado Democrático de Direito pelo Supremo Tribunal Federal e o Tribunal Superior Eleitoral. Desestabilização do Governo Jair Bolsonaro pelo STF. Parcialidade da Suprema Corte e do TSE no processo eleitoral de 2022, especialmente em favorecimento do candidato a Presidente da República Luiz Inácio Lula da Silva. Decisão antidemocrática do Poder Judiciário de suspensão das redes sociais de Parlamentares, de afastamento do cargo de Prefeito Municipal do Estado de Mato Grosso e de bloqueio de contas bancárias de pecuaristas do Estado do Acre. Omissão do Presidente do Congresso Nacional, Senador Rodrigo Pacheco, e do Presidente Arthur em relação à tirania do Poder Judiciário. Solicitação ao Ministério da Defesa de garantia da lei e da ordem no País com o restabelecimento da harmonia entres os Poderes. Congratulações ao povo brasileiro presente em manifestações em defesa da democracia.","A SRA. MARA ROCHA (MDB - AC. Sem revisão da oradora.) - Bom dia, Presidente. Bom dia, colegas Parlamentares. Presidente, eu subo a esta tribuna para dizer o que os demais colegas falaram aqui sobre esses tempos sombrios que estamos vivendo no País, com clara ruptura entre os Poderes, ruptura essa, Deputado Cherini, causada pelo Supremo Tribunal Federal, que deveria ser um órgão imparcial, o guardião da Constituição. Vimos, Presidente, colegas, durante esses quase 4 anos, que Ministros do STF trabalharam claramente para desestabilizar o Governo Federal, prejudicando, dessa forma, o desenvolvimento do País. Vimos que o STF se comportou como a maior oposição enfrentada pelo Presidente Bolsonaro, interferiu em inúmeras decisões de competência dos demais Poderes, usurpando atribuições do Executivo e do Legislativo, usurpando também decisões importantes, o que provocou esta crise institucional, que só piora a cada dia. Presenciamos Ministros do Supremo Tribunal Federal desrespeitando, rasgando a nossa Constituição. O pior é que, diante de tantas ações inconstitucionais, de atos antidemocráticos vindos do STF, os Presidentes do Senado e da Câmara nada fazem para frear as tiranias e os abusos cometidos pelo STF. A pergunta é esta, Deputado Cherini: por que há silêncio dos Presidentes dessas duas Casas Legislativas? Nós queremos saber. O povo brasileiro não pode ficar refém de acordos e favores feitos nos bastidores. É por isto que milhares de brasileiros estão hoje na frente dos quarteis pelo Brasil afora: essas Casas não estão correspondendo com as suas obrigações e fingem não ver a nossa Constituição ser desrespeitada, ser rasgada pelo STF. Devido justamente a omissão ou a submissão do Congresso Nacional ao STF, eu fiz nesta semana, Deputado Cherini, um pedido ao Ministério da Defesa para que cumpra o seu papel de garantir a lei e a ordem no nosso País, estabelecendo a harmonia entre os Poderes e colocando o STF no seu devido lugar. Nós já temos motivos mais do que suficientes para pedir socorro ao Ministério da Defesa. Assistimos a fatos jamais vistos, como a descondenação de um bandido, a qual o deixou apto para concorrer à Presidência da República. Vimos a Constituição ser rasgada quando houve a prisão de Parlamentar, que tem, conforme a Constituição, o direito de livre manifestação. No caso, não houve crime. Houve atos antidemocráticos e inconstitucionais do STF, através de censura a meios de comunicação, de bloqueio de rede sociais de Parlamentares, de jornalistas. Atos antidemocráticos foram praticados pelo STF ao mandar prender cidadão brasileiro de bem que tem o direito garantido pela Constituição Federal de participar de manifestações pacíficas. Atos antidemocráticos e inconstitucionais foram praticados pelo STF ao bloquear contas de empresas.  Atos antidemocráticos foram praticados pelo STF ao obrigar a imprensa a omitir informações, ao proibir jornalistas de dizerem que bandido é bandido e que ladrão é ladrão! Ato antidemocrático e inconstitucional foi praticado pelo STF ao censurar a imprensa, ventilar a regulação de redes sociais. Ato antidemocrático e imoral! Imoral é Ministro do STF vir ao Congresso Nacional fazer lobby , interferindo nas decisões da Casa, para impedir o voto impresso, que é um clamor do povo brasileiro. Eu pergunto, Deputado Joaquim Passarinho: por qual motivo há tanto empenho em barrar uma ferramenta que daria mais transparência ao processo eleitoral? Qual é o motivo de tanto empenho de Ministros do STF? É por isso que a população coloca em dúvida o resultado dessas eleições. Ato imoral e inconstitucional foi o de Ministros do STF e do TSE que, nas eleições, entraram claramente em campanha, de forma parcial, Deputada Liziane Bayer, tomando partido, trabalhando para favorecer um candidato de esquerda que eles mesmos descondenaram e deixaram apto a concorrer à Presidência do Brasil, um bandido condenado que não nos representa, não representa a população brasileira. Ontem, em decorrência de mais um ato antidemocrático, dois outros Parlamentares tiveram suas contas bloqueadas pela tirania! São mais de dez Parlamentares censurados. Um Prefeito de Mato Grosso foi afastado devido a atos antidemocráticos, segundo o STF. No meu Estado, dois pecuaristas tiveram suas contas bancárias bloqueadas também ""por atos antidemocráticos"" — entre aspas. Parece até piada. Parece até piada, vinda de quem mais desrespeita e rasga a Constituição brasileira. Alguém precisa tomar as rédeas e acabar com essas ações tirânicas e essas afrontas cometidas diariamente por Ministros do Supremo Tribunal Federal. A ruptura entre os Poderes é um fato, é algo concreto. O Estado Democrático de Direito acabou! Nós vivemos numa ditadura. Estamos sob o jugo do Supremo Tribunal Federal. O Congresso Nacional, através de seus Presidentes, submissos ou omissos diante do STF, não cumpriu com o seu dever. Resta agora a esta Casa, resta agora ao Congresso Nacional a desmoralização! Resta a desmoralização e um pedido de socorro ao Ministério da Defesa para que cumpra o seu papel de poder moderador, garantindo a lei e a ordem, restabelecendo a paz entre os Poderes, colocando os tiranos, colocando o STF no seu devido lugar. Parabenizo o povo brasileiro, incansável, que luta pela democracia, que luta pelo País. Presidente, peço que este pronunciamento seja veiculado no programa A Voz do Brasil e pelos meios de comunicação da Casa. Obrigada. Viva a liberdade! Chega de tirania!"
Otoni de Paula,MDB,RJ,172.2022,BREVES COMUNICAÇÕES,07/12/2022,15h16,DCD08/12/2022 PAG. 49,https://www.camara.leg.br/internet/sitaqweb/TextoHTML.asp?etapa=5&nuSessao=172.2022&nuQuarto=2724401&nuOrador=1&nuInsercao=1&dtHorarioQuarto=15%3A16&sgFaseSessao=BC&Data=07%2F12%2F2022&txApelido=Otoni+de+Paula&txFaseSessao=Breves+Comunica%C3%A7%C3%B5es&txTipoSessao=Ordin%C3%A1ria+-+CD&dtHoraQuarto=15%3A16,"Solidariedade ao empresário Milton Baldin, preso por determinação do Ministro Alexandre de Moraes, do Supremo Tribunal Federal. Repúdio à ditadura da toga vigente no País.","O SR. OTONI DE PAULA (MDB - RJ. Sem revisão do orador.) - Por ordem do Sr. Alexandre de Moraes, o empresário do agronegócio Milton Baldin foi preso pela Polícia Federal. Aliás, eu vou me negar a chamá-la, a partir de hoje, de Polícia Federal. Na verdade, ele foi preso pela milícia do Sr. Alexandre de Moraes, que é o que se tornou parte da Polícia Federal. Só para o povo brasileiro ter uma noção, essa parte da Polícia Federal não pode sequer remeter-se ao Diretor-Geral da Polícia Federal ou ao Ministro da Justiça e Segurança Pública, porque essa ala da Polícia Federal só pode obedecer às ordens do Sr. Alexandre de Moraes, que agora prendeu o Sr. Milton Baldin. E eu subo a esta tribuna para ler a fala que ensejou a prisão desse cidadão brasileiro. Ele se dirigiu ao agronegócio pedindo aos empresários que dessem férias para os caminhoneiros virem protestar aqui em Brasília, e chega um momento em que ele diz assim: E queria também pedir aos CACs, os atiradores, que têm armas legais, atiradoras... Hoje nós estamos, inclusive eu, 900 mil atiradores. Venham aqui mostrar presença para nós aqui. Assim, se nós perdermos essa batalha, o que vocês acham que irá acontecer com a gente no dia 19? Vão entregar as armas, aí o que eles vão falar? ""Perdeu, Mané"". E como é que nós vamos defender as nossas propriedades e a nossa família? Deus tenha misericórdia da Nação brasileira! Amém! Eu pergunto ao povo brasileiro: que ameaça o cidadão, o empresário Milton Baldin, fez a alguém aqui? Quando ele convoca os CACs, ele o faz sobre a ameaça que o eventual Governo Lula, juntamente com a Suprema Corte, quer impor novamente ao povo brasileiro com a Lei do Desarmamento, acabando com os CACs, acabando com o direito do cidadão brasileiro de se autodefender com o uso da sua arma devidamente registrada, processo esse que começou no Governo Bolsonaro. Na verdade, ele pede que haja a união desses CACs aqui em Brasília. Em momento nenhum ele está convocando os CACs para atirar ou para fazer algum protesto violento, até porque protesto violento que quebra o Congresso Nacional, que adentra a Câmara Federal, não é protesto da Direita, é protesto que a Esquerda costuma fazer, e ninguém prendeu ninguém. E ninguém fez nada quando o MST invadiu esta Câmara, quando o MST invadiu o Congresso Nacional. Mas essa covardia não é somente do Sr. Moraes. A revista Veja nesta semana publicou: ""União Suprema"" , com a foto do Sr. Moraes ao centro, ladeado por todos os Ministros da Suprema Corte. Enganam-se aqueles que acham que esta guerra é apenas contra um déspota, apenas contra um ditador da toga. Não! Essas ações criminosas, antirrepublicanas e fora da Constituição do Sr. Moraes têm o respaldo de toda a Corte. Portanto, essa luta não é contra um ditador ou contra um homem, mas é contra todo um sistema que se levantou contra a República, que, ao invés de proteger a Carta Magna, ao invés de proteger a Constituição brasileira, rasga-a e tripudia sobre ela, tripudiando sobre o direito do povo brasileiro de protestar. Minha solidariedade ao Sr. Milton Baldin, mais um brasileiro vítima da ditadura da toga."
Hildo Rocha,MDB,MA,170.2022,ORDEM DO DIA,06/12/2022,19h04,DCD07/12/2022 PAG. 119,https://www.camara.leg.br/internet/sitaqweb/TextoHTML.asp?etapa=5&nuSessao=170.2022&nuQuarto=2720761&nuOrador=1&nuInsercao=1&dtHorarioQuarto=19%3A04&sgFaseSessao=OD&Data=06%2F12%2F2022&txApelido=Hildo+Rocha&txFaseSessao=Ordem+do+Dia&txTipoSessao=Ordin%C3%A1ria+-+CD&dtHoraQuarto=19%3A04,"Orientação de bancada na votação do substitutivo oferecido pelo Relator da Comissão de Minas e Energia ao Projeto de Lei nº 2.703, de 2022, sobre alteração da Lei nº 14.300, de 2022, para prorrogação do prazo para solicitação de acesso na distribuidora, sem aplicação de novas regras tarifárias menos vantajosas, às unidades de microgeração e minigeração distribuída de energia elétrica; e da Lei nº 14.182, de 2021, para permissão da contratação de parcela da potência destinada à região Centro-Oeste a partir de novas centrais hidrelétricas de até 50 MW, ressalvados os destaques.","O SR. HILDO ROCHA (MDB - MA. Pela ordem. Sem revisão do orador.) - Sr. Presidente, o MDB orienta ""sim"". Logicamente, haverá mudanças no texto, com os destaques, mas o MDB entende que os pequenos geradores de energia de base solar, fotovoltaica, merecem e precisam de mais tempo para se organizar e começar a entrar na tarifa, que vai aumentando progressivamente. Por isso, o MDB orienta ""sim"" e vai trabalhar para aprovar os destaques, retirando da prorrogação os grandes, que, além de estarem fora do acordo, estão burlando a legislação. O MDB orienta ""sim"", a favor da prorrogação de 6 meses."
Isnaldo Bulhões Jr.,MDB,AL,170.2022,ORDEM DO DIA,06/12/2022,18h04,DCD07/12/2022 PAG. 102,https://www.camara.leg.br/internet/sitaqweb/TextoHTML.asp?etapa=5&nuSessao=170.2022&nuQuarto=2722900&nuOrador=1&nuInsercao=1&dtHorarioQuarto=18%3A04&sgFaseSessao=OD&Data=06%2F12%2F2022&txApelido=Isnaldo+Bulh%C3%B5es+Jr.&txFaseSessao=Ordem+do+Dia&txTipoSessao=Ordin%C3%A1ria+-+CD&dtHoraQuarto=18%3A04,"Orientação de bancada na votação do requerimento de retirada de pauta do Projeto de Lei nº 2.703, de 2022, sobre alteração da Lei nº 14.300, de 2022, para ampliação do prazo para o protocolo de solicitação de acesso na distribuidora sem aplicação de novas regras tarifárias menos vantajosas às unidades de microgeração e minigeração distribuída de energia elétrica, e da Lei nº 14.182, de 2021, para permissão da contratação de parcela da potência destinada à região Centro-Oeste a partir de novas centrais hidrelétricas de até 50 MW (cinquenta megawatts).","O SR. ISNALDO BULHÕES JR. (MDB - AL. Pela ordem. Sem revisão do orador.) - Presidente, o MDB orienta ""não"" à retirada de pauta, porque nós fizemos um acordo no Colégio de Líderes para votar essa matéria hoje, mesmo que, salvo engano, o relatório tenha sido registrado agora há pouco. Presidente, o objetivo do legislador é prorrogar o prazo do marco regulatório, no primeiro momento, por 1 ano, e, agora, por força de uma negociação com o Deputado Beto Pereira, que é o Relator da matéria, por 6 meses. Mas, Presidente, foram além dessa prorrogação. Estão mudando o critério de PCH; estão estendendo mais benefícios para outra forma de geração de energia. Eu defendi no Colégio de Líderes, defendo e defenderei aqui no plenário que se trate apenas da prorrogação do prazo do marco regulatório, pelo motivo que foi apresentado como argumento: o tempo foi pouco para a apreciação dos processos de autorização das unidades geradoras de energia solar. Então, eu acho que nós temos que ter muita atenção, porque o objetivo principal, o motivo da matéria é apenas prorrogar esse prazo, Presidente."
Otoni de Paula,MDB,RJ,170.2022,BREVES COMUNICAÇÕES,06/12/2022,17h16,DCD07/12/2022 PAG. 81,https://www.camara.leg.br/internet/sitaqweb/TextoHTML.asp?etapa=5&nuSessao=170.2022&nuQuarto=2722779&nuOrador=1&nuInsercao=1&dtHorarioQuarto=17%3A16&sgFaseSessao=BC&Data=06%2F12%2F2022&txApelido=Otoni+de+Paula&txFaseSessao=Breves+Comunica%C3%A7%C3%B5es&txTipoSessao=Ordin%C3%A1ria+-+CD&dtHoraQuarto=17%3A16,"Caráter ditatorial do Ministro do Supremo Tribunal Federal, Alexandre de Moraes. Subserviência da Polícia Federal aos delírios do membro da Suprema Corte. Protesto contra o bloqueio das redes sociais do orador. Não manifestação do Presidente Arthur Lira em defesa dos membros da Casa cerceados pelo Poder Judiciário.","O SR. OTONI DE PAULA (MDB - RJ. Pela ordem. Sem revisão do orador.) - Quando o Presidente Bolsonaro assinou a tal Carta à Nação, redigida por Michel Temer, que tinha até em um dos pontos elogio a Alexandre de Moraes, eu subi a esta tribuna para fazer uma crítica ao Presidente Bolsonaro. À época, apanhei muito, porque eu disse: Presidente, eu não sou contra a pacificação, mas uma carta à Nação em que só V.Exa. assina?  Por que os outros Presidentes de Poderes não assinaram? Aí eu disse a célebre frase: Presidente Bolsonaro, leão que não ruge na hora certa vira gatinho. É o que nós estamos vendo hoje. Todos viraram gatinhos — miau, miau — diante do tigrão, o tigrão Alexandre de Moraes. Sim, tigrão, porque esta Casa virou casa de tchutchucas. Sim, casa de tchutchucas! Eu estou rindo. ""Ha ha ha ha ha, mas eu tô rindo à toa (...)"" Por quê? Porque hoje está do lado de cá, Deputado Junio Amaral — bem-vindo ao clube dos bloqueados. Eu estou há 1 ano e 4 meses. Só que eu estou rindo à toa, Deputada Angela Amin, porque o Alexandre de Moraes não pertence a ninguém. Vai chegar à esquerda, vai chegar ao Lula. Ele pertence a ele mesmo. A sociopatia dele está ficando cada vez mais clara. Ele quer que esta Nação se curve diante dos seus ditames, diante dos seus delírios ditatoriais. Submeteu-me, Deputado Junio Amaral, a enfrentar uma eleição sem rede social. Eu fui o único Deputado Federal a enfrentar uma eleição sem rede social, eu que surgi da rede social. O povo do Rio de Janeiro me recompensou com mais 40 mil votos além do que eu tive, e a eleição de meu velho pai, com 70 anos, a Deputado Estadual. Aliás, Sr. Alexandre de Moraes, o senhor foi o meu maior cabo eleitoral no Rio de Janeiro. Pense em um povo que não gosta do senhor! Pense em um povo que não vai com a sua cara! É o carioca. Carioca não gosta de covardia, Moraes. Não! Carioca não gosta de covardia. Você é um covarde — é um covarde! Primeiro, porque aparelhou a Polícia Federal. Hoje, Alexandre de Moraes — só mais 1 minuto, Sr. Presidente —, Deputado Marcel van Hattem, tem uma Polícia Federal dele — dele! Que vergonha, Polícia Federal — que vergonha! —, apequenar-se a esse nível! A Polícia Federal se transformou na milícia do Moraes! O Moraes agora tem uma milícia, e a milícia do Moraes é a Polícia Federal. Foram à minha casa. A milícia do Moraes foi à minha casa, levou meus celulares, estão até hoje com eles — até hoje está com eles! Não está acautelado na Polícia Federal, não, está com eles! Desbloqueou tudo. Vai à minha conta salário e confisca o meu salário. Mês a mês, mês a mês, o Sr. Moraes confisca o meu salário. Aí, alguém pergunta: ""Você não vai recuar?"" Eu, recuar?! Eu, recuar?! Eu nasci com o saco roxo, meu irmão! Eu, recuar?! Recuar para quem? Ele é homem igual a mim! É ser humano igual a mim! Come arroz e feijão e faz cocô igual a mim! Agora, saia dessa posição. Saia dessa posição, porque lutar contra nós na posição em que o senhor se encontra, Moraes, é covardia! Que pena — que pena! — que esta Casa se apequenou tanto, Presidente Arthur Lira! Que pena que quando forem ler a biografia de V.Exa., verão, no seu histórico biográfico, o carimbo da covardia daquele que a tempo não defendeu os seus pares. Aliás, Presidente Arthur Lira e Srs. Deputados, sabem quando esta Casa terá a dignidade de volta? Quando ela eleger um Presidente que não deva nada ao Supremo Tribunal Federal. Enquanto elegermos Presidentes, nesta e na outra Casa, que têm processo na gavetinha do Supremo, esta Casa será apequenada e ficará do tamanho de quem a preside. Esta Casa não pode ser do tamanho do Presidente Arthur Lira. Esta Casa tem que ser do tamanho do Brasil! (Palmas.)"
Otoni de Paula,MDB,RJ,170.2022,BREVES COMUNICAÇÕES,06/12/2022,16h56,DCD07/12/2022 PAG. 76,https://www.camara.leg.br/internet/sitaqweb/TextoHTML.asp?etapa=5&nuSessao=170.2022&nuQuarto=2722756&nuOrador=1&nuInsercao=1&dtHorarioQuarto=16%3A56&sgFaseSessao=BC&Data=06%2F12%2F2022&txApelido=Otoni+de+Paula&txFaseSessao=Breves+Comunica%C3%A7%C3%B5es&txTipoSessao=Ordin%C3%A1ria+-+CD&dtHoraQuarto=16%3A56,"Denúncia de financiamento de obras públicas em Honduras pelo futuro Governo Luiz Inácio Lula da Silva. Pedido aos Parlamentares de subscrição da proposta de emenda à Constituição, a chamada PEC Anticalote, de autoria do Deputado Stefano Aguiar.","O SR. OTONI DE PAULA (MDB - RJ. Pela ordem. Sem revisão do orador.) - Sr. Presidente, o Lula se esqueceu de combinar com a sua colega a Presidente de Honduras que iria liberar o dinheirinho que ela está precisando, dinheiro nosso, dinheiro do BNDES. Ele iria fazer isso quietinho, mas ela abriu a boca, para a tristeza do PT e do Lula e para a nossa felicidade. A Presidente de Honduras disse que virá ao Brasil na posse do seu amigo Lula no dia 1º, se ele tomar posse. Ela disse que, nesse mesmo dia, vai tratar sobre o financiamento, com dinheiro do Brasil, para obras em Honduras. Bem, quem pensou que Lula tinha mudado está vendo que não mudou nada. A farra com o dinheiro público, a distribuição do dinheirinho do povo brasileiro, do dinheiro tão sofrido do povo brasileiro, voltará, para a farra dos amigos de Lula ao redor do mundo. Mas nós não deixaremos isso acontecer! Eu subscrevi, com muita honra, a PEC Anticalote, do meu amigo e Deputado Stefano Aguiar, a quem parabenizo. Quero incentivar os Deputados de direita e conservadores que desejam o bem do Brasil a subscreverem essa PEC, que nada mais é do que submeter qualquer tentativa de financiamento com dinheiro público a outros países ao Congresso Nacional, ou seja, nós vamos controlar a farra com o dinheiro público. Com a PEC Anticalote, do Deputado Stefano Aguiar, não será permitido liberar o dinheiro do povo brasileiro a bel-prazer, sem passar pelo Congresso Nacional. Aliás, o Lula está mostrando cada vez mais que é o velho Lula de sempre, que quer atender aos seus amigos ditadores, aos seus amigos progressistas, aos seus amigos comunistas, tudo isso com dinheiro do povo brasileiro. Mas nós não vamos deixar. Oposição a Lula já!"
Otoni de Paula,MDB,RJ,170.2022,BREVES COMUNICAÇÕES,06/12/2022,16h36,DCD07/12/2022 PAG. 71,https://www.camara.leg.br/internet/sitaqweb/TextoHTML.asp?etapa=5&nuSessao=170.2022&nuQuarto=2722100&nuOrador=1&nuInsercao=1&dtHorarioQuarto=16%3A36&sgFaseSessao=BC&Data=06%2F12%2F2022&txApelido=Otoni+de+Paula&txFaseSessao=Breves+Comunica%C3%A7%C3%B5es&txTipoSessao=Ordin%C3%A1ria+-+CD&dtHoraQuarto=16%3A36,"Contrariedade à aprovação da Proposta de Emenda à Constituição nº 32, de 2022, sobre a alteração do Ato das Disposições Constitucionais Transitórias, com vista à implementação do Programa Bolsa Família e à definição das regras de transição da Presidência da República aplicáveis à Lei Orçamentária de 2023.","O SR. OTONI DE PAULA (MDB - RJ. Pela ordem. Sem revisão do orador.) - Por que foi instituído o teto de gastos no Brasil em 2017? Sua finalidade era promover o equilíbrio entre o que se gasta e o que se arrecada. Agora, com o advento do possível Governo de Lula e do PT, a primeira medida de irresponsabilidade desse governo é propor a PEC da gastança, a PEC do Lula, a PEC da farra com dinheiro público, com a capa, com a ideia, com a alegação de que vai socorrer os mais pobres, através dos 600 reais do Auxílio Brasil. Na verdade, ninguém é contra os 600 reais do Auxílio Brasil. Aliás, o Governo Bolsonaro já havia prometido que daria neste ano o benefício de 600 reais do Auxílio Brasil, mas não agindo de forma irresponsável, mais uma vez furando o teto de gastos, e sim cortando na própria carne, reequilibrando as contas do Governo, diminuindo os gastos públicos, tendo responsabilidade fiscal. Esta Casa não pode, de maneira nenhuma, permitir que a PEC do Lula seja a farra que eles querem fazer com dinheiro público. Aprovar aqui a PEC do Lula é dar um cheque em branco a essa turma, que já provou que não tem qualquer tipo de compromisso e de responsabilidade fiscal. Portanto, nós estamos de olho nos 308 Deputados e Deputadas que eles precisam para aprovar a PEC do Lula, a PEC da farra com dinheiro público, a PEC da gastança. Nós precisamos entender que o pano de fundo para socorrer os mais necessitados, para socorrer o povo brasileiro com o Auxílio Brasil é um pano de fundo mentiroso. Na verdade, o que eles querem é grana na mão para fazerem o que sempre fizeram e, outra coisa, para tentarem negociar emenda nesta Casa. Há Deputado que quer votar a PEC do Lula por conta de emendinha, para ter dinheiro, o que não vamos permitir, e vamos gritar desta tribuna. Espero que o povo brasileiro fique de olho naqueles que, em nome do interesse próprio, estão fazendo acordos para a PEC do Lula ser aprovada nesta Casa."
Otoni de Paula,MDB,RJ,170.2022,BREVES COMUNICAÇÕES,06/12/2022,16h08,DCD07/12/2022 PAG. 65,https://www.camara.leg.br/internet/sitaqweb/TextoHTML.asp?etapa=5&nuSessao=170.2022&nuQuarto=2722080&nuOrador=1&nuInsercao=1&dtHorarioQuarto=16%3A08&sgFaseSessao=BC&Data=06%2F12%2F2022&txApelido=Otoni+de+Paula&txFaseSessao=Breves+Comunica%C3%A7%C3%B5es&txTipoSessao=Ordin%C3%A1ria+-+CD&dtHoraQuarto=16%3A08,"Descumprimento de promessa de campanha pelo Prefeito Eduardo Paes, do Município do Rio de Janeiro, Estado do Rio de Janeiro, em relação ao percentual de reajuste dos salários para os servidores públicos da municipalidade.","O SR. OTONI DE PAULA (MDB - RJ. Pela ordem. Sem revisão do orador.) - Eu quero me dirigir à população da cidade do Rio de Janeiro e, desta tribuna, quero me solidarizar com os bravos servidores da Prefeitura da cidade do Rio de Janeiro. Só para que o Brasil saiba, o nosso quadro de servidores da Prefeitura da cidade do Rio de Janeiro é um dos mais qualificados do serviço público brasileiro.  Embora componham esse quadro extremamente qualificado, os servidores públicos da cidade do Rio de Janeiro, infelizmente, desde 2019, sofrem com arrocho salarial, com falta de recomposição salarial, que, espantem-se, chega à ordem de 25%. Durante a campanha, o Prefeito Eduardo Paes prometeu reajustar o salário dos servidores, que, repito, está defasado em cerca de 25%. Agora, depois de muita pressão dos servidores públicos, Paes faz um aceno referente a reajuste que é uma vergonha, é um deboche aos servidores públicos municipais. Está acenando não com reajuste de 25%, conforme a promessa de campanha, e sim com reajuste de apenas 6%. Na verdade, Paes diz uma coisa na campanha, mas agora faz outra, o que é muito comum no caso de políticos como Paes, como Lula. Nós precisamos entender que aquilo que se promete numa campanha precisa ser cumprido, sim! Ninguém é palhaço, ninguém é bobo, muito menos os servidores municipais da cidade do Rio de Janeiro. É importante que o Prefeito Eduardo Paes compreenda que os servidores públicos não estão pedindo aumento salarial, estando pedindo, sim, justiça fiscal. Por isso, desta tribuna, presto a minha total solidariedade aos servidores públicos do Município do Rio de Janeiro. Estaremos ao lado deles nessa empreitada de justiça pela recomposição salarial. Justiça salarial! Justiça salarial! Justiça social aos bravos, honrados e qualificados servidores públicos da cidade do Rio de Janeiro! Prefeito Eduardo Paes, só queremos uma coisa: tenha palavra e cumpra a sua promessa de campanha."
Otoni de Paula,MDB,RJ,170.2022,BREVES COMUNICAÇÕES,06/12/2022,14h00,DCD07/12/2022 PAG. 31,https://www.camara.leg.br/internet/sitaqweb/TextoHTML.asp?etapa=5&nuSessao=170.2022&nuQuarto=2720959&nuOrador=1&nuInsercao=1&dtHorarioQuarto=14%3A00&sgFaseSessao=BC&Data=06%2F12%2F2022&txApelido=Otoni+de+Paula&txFaseSessao=Breves+Comunica%C3%A7%C3%B5es&txTipoSessao=Ordin%C3%A1ria+-+CD&dtHoraQuarto=14%3A00,"Caráter racista, misógino e transfóbico de ministério anunciado pelo Presidente da República eleito, Luiz Inácio Lula da Silva. Incoerência entre o discurso do petista e a sua prática. Atuação do orador como oposição ao futuro Governo Luiz Inácio Lula da Silva.","O SR. OTONI DE PAULA (MDB - RJ. Sem revisão do orador.) - Sr. Presidente, a matéria do jornalista Lauro Jardim, de O Globo , me chamou atenção, quando ele diz que Maioria de ministérios para 'homens brancos' preocupa aliados de Lula . É impressionante a distância entre o que Lula diz e o que Lula faz; a distância entre o que Lula promete e o que Lula realmente entrega. É igual à história da picanha e da cervejinha: agora, já é uma carnezinha de soja, é um pastelzinho de caju; já sumiu o churrasquinho. Com Lula é assim. Lula e seus aliados gostam de fazer das minorias a sua plataforma política, dividindo o Brasil, como se nós fôssemos guetos de brasileiros — negros, LGBTs, mulheres, indígenas. Porém, depois, eles se revelam misóginos, se revelam racistas, se revelam transfóbicos. Lula está montando um tipo de governo — para o caso de assumir a Presidência — que sempre criticou, lacrando. Lula, você não tem um Ministro negro no governo que está montando! Lula, onde estão os pretos que você defende? Lula, por que você ainda não tem uma mulher em um Ministério estratégico daquele governo que você pretende ter? O Presidente Bolsonaro, o tal extremista de direita, tinha Tereza Cristina na Agricultura, tinha Damares, tinha Flávia Arruda, por exemplo. Lula, por que você não coloca um LGBT, uma mulher trans, um homem trans no Ministério da Cultura? Faça de um homem trans um ministro; faça de uma mulher trans uma ministra! Vamos revolucionar, Lula! Lula, Lula! Ah, PT! Vocês gostam tanto de lacrar! Vocês gostam de falar, mas, no Governo, vocês fazem completamente diferente. Mas a máscara vai caindo, e o povo brasileiro vai vendo que uma coisa é o que Lula diz e outra coisa é o que Lula faz. Uma coisa é o que o PT promete e outra coisa é o que o PT entrega. Eu luto pelo Brasil, luto por esta Pátria, que, infelizmente, permitiu, através de manobras do Supremo, que o maior bandido da história da República, o maior chefe de quadrilha do maior esquema de corrupção do mundo ascendesse novamente ao poder. Nós estaremos aqui, Deputado Luiz Lima, firmes e fortes na oposição ao ladrão."
Hildo Rocha,MDB,MA,163.2022,ORDEM DO DIA,01/12/2022,11h52,DCD02/12/2022 PAG. 80,https://www.camara.leg.br/internet/sitaqweb/TextoHTML.asp?etapa=5&nuSessao=163.2022&nuQuarto=2713290&nuOrador=1&nuInsercao=1&dtHorarioQuarto=11%3A52&sgFaseSessao=OD&Data=01%2F12%2F2022&txApelido=Hildo+Rocha&txFaseSessao=Ordem+do+Dia&txTipoSessao=Ordin%C3%A1ria+-+CD&dtHoraQuarto=11%3A52,"Orientação de bancada na votação do Projeto de Lei nº 5.307, 2020, sobre alteração da Lei nº 12.715, de 2012, para prorrogação da faculdade de dedução do Imposto de Renda dos valores correspondentes a doações e patrocínios em prol de ações e serviços do Programa Nacional de Apoio à Atenção Oncológica - PRONON e do Programa Nacional de Apoio à Atenção da Saúde da Pessoa com Deficiência - PRONAS/PCD.","O SR. HILDO ROCHA (MDB - MA. Pela ordem. Sem revisão do orador.) - Presidente, Deputado Dr. Zacharias Calil, essa proposta veio do Senado. É uma proposta meritória, que certamente terá apoio de todos os partidos aqui na Câmara dos Deputados para que vá à sanção. Pelo que eu vejo, o Governo já colocou ""não"" ali. Isso me preocupa, porque nós poderíamos ter melhorado realmente o texto. Essa proposta prorroga a existência de dois programas importantes. Um programa é voltado ao tratamento oncológico com recurso voltado para essas entidades, em que as empresas podem descontar o Imposto de Renda, assim como as pessoas físicas. E o outro programa é destinado ao atendimento de pessoas com deficiência de todas as naturezas. Então, são recursos que ajudam essas entidades. Eu vejo, conheço, no meu Estado do Maranhão, muitas pessoas que buscam uma perna mecânica e não a conseguem. E, através desse incentivo, podem conseguir uma perna mecânica, porque isso demora muito pelo Sistema Único de Saúde — SUS. Há pessoas que também precisam de reabilitação inclusive mental. O próprio autista passa a ter entidades que podem usar desse recurso para o tratamento do autismo.  Enfim, é algo que combate o câncer e é importante. Mas me preocupa muito esse ""não"" do Governo, e nós vamos ter que trabalhar e deliberar para derrubar o veto, porque isso é importante. O MDB orienta o voto ""sim""."
Otoni de Paula,MDB,RJ,162.2022,ORDEM DO DIA,30/11/2022,17h28,DCD01/12/2022 PAG. 103,https://www.camara.leg.br/internet/sitaqweb/TextoHTML.asp?etapa=5&nuSessao=162.2022&nuQuarto=2711401&nuOrador=1&nuInsercao=1&dtHorarioQuarto=17%3A28&sgFaseSessao=OD&Data=30%2F11%2F2022&txApelido=Otoni+de+Paula&txFaseSessao=Ordem+do+Dia&txTipoSessao=Ordin%C3%A1ria+-+CD&dtHoraQuarto=17%3A28,"Solidariedade ao Deputado Kim Kataguiri, vítima de violência durante debate na Unifesp - Universidade Federal de São Paulo.","O SR. OTONI DE PAULA (MDB - RJ. Pela ordem. Sem revisão do orador.) - Sra. Presidente Geovania de Sá, eu quero neste momento manifestar neste plenário a minha solidariedade ao Deputado Kim Kataguiri, que sofreu uma agressão em debate de que foi participar na UNIFESP, em São Paulo, na última sexta-feira, dia 25. Um dos seus companheiros do MBL sofreu uma agressão tão grave que saiu sangue do seu rosto. É lamentável este momento que estamos vivendo, momento em que deveríamos estar respirando a democracia, mas é o ódio do bem. Acusam-nos de sermos arautos do ódio, mas, na verdade, eles propagam o ódio. As universidades viraram um fórum de um único debate. Quem é contra Lula e contra o PT não pode falar."
Otoni de Paula,MDB,RJ,162.2022,BREVES COMUNICAÇÕES,30/11/2022,16h04,DCD01/12/2022 PAG. 65,https://www.camara.leg.br/internet/sitaqweb/TextoHTML.asp?etapa=5&nuSessao=162.2022&nuQuarto=2712332&nuOrador=1&nuInsercao=1&dtHorarioQuarto=16%3A04&sgFaseSessao=BC&Data=30%2F11%2F2022&txApelido=Otoni+de+Paula&txFaseSessao=Breves+Comunica%C3%A7%C3%B5es&txTipoSessao=Ordin%C3%A1ria+-+CD&dtHoraQuarto=16%3A04,"Participação do orador em audiência pública no Senado Federal destinada ao debate sobre os indícios de irregularidades no processo eleitoral de 2022. Crítica ao não comparecimento do Presidente do Tribunal Superior Eleitoral, Alexandre de Moraes, à referida audiência pública. Inconsistência de pronunciamento do Deputado Henrique Fontana sobre agradecimento ao Ministro Alexandre de Moraes pela atuação em defesa da democracia.","O SR. OTONI DE PAULA (MDB - RJ. Sem revisão do orador.) - Sr. Presidente, Srs. Deputados, povo brasileiro, eu estou vindo da audiência pública no Senado Federal que ainda neste momento está debatendo a questão da transparência das eleições de 2022, fruto do protesto do povo brasileiro, do povo democrata que está nas ruas, nas portas dos quartéis, não porque deseja uma ditadura militar, mas porque perdeu a esperança nas instituições, inclusive nesta Casa, neste Congresso Nacional, e vê nas Forças Armadas o brio para restabelecer a ordem democrática e constitucional neste País. Foram convidados para participar da Comissão e ser ouvidos Ministros da Suprema Corte como o Presidente do TSE, o Ministro Alexandre de Moraes, que, obviamente, não compareceu. Isso é interessante, porque o Senado Federal, com alguns corajosos Senadores, o que não é o caso do Presidente Rodrigo Pacheco, já fez várias audiências sobre ativismo judicial, fake news , transparência nas urnas, e os Ministros foram convidados a participar de todas elas. A estas eles não comparecem, mas comparecem a pomposos encontros patrocinados com milhões e milhões de reais ou, quiçá, dólares em hotéis caríssimos, como foi a última edição em Nova York. Lá, para fazerem palanque político para o mundo e para mostrarem que eles defendem a democracia, eles vão, mas não comparecem à Casa do Povo nem ao Senado Federal. Isso mostra que o Senado está de cócoras à ditadura da toga, e eles simplesmente estão olhando para o Senado apequenado. É importante nós entendermos que o que levou e continua a levar nosso povo às ruas é o desespero, é ver, por exemplo, o Deputado Henrique Fontana, a quem eu tributo meu respeito, ocupar a outra tribuna quase para agradecer ao Ministro Alexandre de Moraes por ter cumprido um papel importante para a democracia. Na verdade, o que o Deputado Henrique Fontana quis dizer foi: ""Muito obrigado, Ministro Alexandre de Moraes, por ter escolhido um lado deste jogo. Muito obrigado por não ter permitido a investigação do PL. Muito obrigado por ter estado ao nosso lado"". Era isso que o Deputado Henrique Fontana queria ter dito, mas — quem sabe? — talvez tenha lhe faltado coragem para isso. Vamos ter coragem e vamos acreditar que ainda é possível mudarmos esse jogo!"
Otoni de Paula,MDB,RJ,160.2022,BREVES COMUNICAÇÕES,29/11/2022,17h20,DCD30/11/2022 PAG. 80,https://www.camara.leg.br/internet/sitaqweb/TextoHTML.asp?etapa=5&nuSessao=160.2022&nuQuarto=2708989&nuOrador=1&nuInsercao=1&dtHorarioQuarto=17%3A20&sgFaseSessao=BC&Data=29%2F11%2F2022&txApelido=Otoni+de+Paula&txFaseSessao=Breves+Comunica%C3%A7%C3%B5es&txTipoSessao=Ordin%C3%A1ria+-+CD&dtHoraQuarto=17%3A20,"Solidariedade às manifestações realizadas em frente a quarteis. Repúdio à multa imposta ao PL pelo Ministro do Supremo Tribunal Federal, Alexandre de Moraes. Necessidade de cumprimento, pelas Forças Armadas brasileiras, do seu papel constitucional.","O SR. OTONI DE PAULA (MDB - RJ. Pela ordem. Sem revisão do orador.) - Sr. Presidente, Srs. Deputados e Sras. Deputadas, povo brasileiro, estamos diante da tentativa de criminalizar o povo brasileiro que está nas portas dos quartéis apelando para a democracia. Por que o povo brasileiro apela para a democracia nas portas dos quartéis? Porque perdeu a esperança na Justiça, porque perdeu a esperança terrena. É como se esse povo estivesse nas portas dos quartéis clamando aos céus e pedindo socorro contra a manipulação do poder, contra a tirania da Justiça, contra a covardia daqueles que estupram a Constituição Federal e acham que são deuses porque estão investidos de uma autoridade momentânea. Não venham criminalizar o povo brasileiro! Criminosos são aqueles que se investiram da autoridade da toga de Ministros e não respeitam aquilo que prometeram e juraram defender. Quero prestar minha solidariedade a esse povo. Embora eu não pertença ao PL, quero, desta tribuna, prestar minha solidariedade ao Presidente Valdemar Costa Neto, que, dentro da lei, dentro do que ele podia fazer legalmente, questionou, averiguou, perguntou ao Tribunal Superior Eleitoral se procedia o que o PL havia verificado das urnas eletrônicas não auditáveis. Ora, em vez de o Ministro Alexandre de Moraes responder a um partido político dentro do que manda a lei, ele resolve julgar e condenar — espantem-se! — um partido político, num ato sem precedente na história brasileira, a pagar 22 milhões de reais. A pergunta é a seguinte: por que ele condenou o PL a pagar uma multa de 22 milhões de reais? Por que agora bloqueou 13 milhões de reais do PL? É interessante! Ele manda bloquear 22 milhões, número do PL, e bloqueia 13 milhões, número do PT! Deputada Adriana Ventura, só uma mente psicopata ou uma mente sociopata para pensar em fazer essa engenharia de números! Senhoras e senhores, o Brasil vai de mal a pior. As Forças Armadas precisam cumprir seu papel constitucional, antes que o caos se avolume nesta Nação."
Otoni de Paula,MDB,RJ,160.2022,BREVES COMUNICAÇÕES,29/11/2022,16h56,DCD30/11/2022 PAG. 74,https://www.camara.leg.br/internet/sitaqweb/TextoHTML.asp?etapa=5&nuSessao=160.2022&nuQuarto=2708967&nuOrador=1&nuInsercao=1&dtHorarioQuarto=16%3A56&sgFaseSessao=BC&Data=29%2F11%2F2022&txApelido=Otoni+de+Paula&txFaseSessao=Breves+Comunica%C3%A7%C3%B5es&txTipoSessao=Ordin%C3%A1ria+-+CD&dtHoraQuarto=16%3A56,"Manifestação de boas-vindas ao Deputado Federal eleito, Zé Trovão. Contrariedade ao uso de tornozeleira eletrônica pelo futuro Parlamentar, determinado pelo Ministro do Supremo Tribunal Federal, Alexandre de Moraes.","O SR. OTONI DE PAULA (MDB - RJ. Pela ordem. Sem revisão do orador.) - Nobre Presidente General Peternelli, quero, ao lado do nosso amigo Deputado José Medeiros, saudar o mais novo Deputado Federal desta Casa para a próxima Legislatura, nosso querido Zé Trovão. Zé Trovão está chegando a esta Casa já trazendo novidades. Deputado Zé Medeiros, o Deputado José Trovão está inaugurando uma nova fase neste Parlamento: Deputado com tornozeleira eletrônica. Sim, nós teremos no Brasil um Deputado eleito com tornozeleira eletrônica! Aí, Deputada Bia, ainda existe Deputado que é contra a CPI do Abuso de Autoridade! O que Zé Trovão fez? Roubou? É corrupto? É ladrão? O que Zé Trovão fez? Ousou discordar de Alexandre de Moraes, o Ministro déspota, que, no auge da sua empáfia e arrogância, meteu uma tornozeleira eletrônica em Zé Trovão. Mas o povo, que é soberano, disse: ""O Zé vai nos representar, mesmo com a tornozeleira imposta pelo Xandão"". Bem-vindo, Zé Trovão!"
Otoni de Paula,MDB,RJ,160.2022,BREVES COMUNICAÇÕES,29/11/2022,16h28,DCD30/11/2022 PAG. 67,https://www.camara.leg.br/internet/sitaqweb/TextoHTML.asp?etapa=5&nuSessao=160.2022&nuQuarto=2708947&nuOrador=1&nuInsercao=1&dtHorarioQuarto=16%3A28&sgFaseSessao=BC&Data=29%2F11%2F2022&txApelido=Otoni+de+Paula&txFaseSessao=Breves+Comunica%C3%A7%C3%B5es&txTipoSessao=Ordin%C3%A1ria+-+CD&dtHoraQuarto=16%3A28,Razões da fuga de investidores do País. Defesa do teto de gastos públicos e do controle fiscal. Crítica à chamada PEC da Transição. Comprometimento do Governo Jair Bolsonaro com o valor de 600 reais para o Auxílio Brasil. Responsabilidade do Parlamento brasileiro no controle das contas públicas durante o próximo governo.,"O SR. OTONI DE PAULA (MDB - RJ. Pela ordem. Sem revisão do orador.) - Povo brasileiro, o Brasil hoje enfrenta dois grandes e terríveis problemas que têm afastado os investidores do nosso País. Quem gera emprego não é o Governo. Quem cria emprego é a iniciativa privada. Para isso, é necessário que haja investimentos no nosso País. Mas os investidores estão enfrentando dois grandes problemas que fazem com que eles sintam que o mar está revolto para investir no Brasil. O primeiro é a insegurança jurídica, que aumentou agora através do ativismo judicial. O segundo é a irresponsabilidade fiscal. Vamos falar sobre a irresponsabilidade fiscal. O Brasil hoje tem uma relação dívida-PIB de cerca de 80%, o que faz com que o Governo corra o risco de não cumprir com os seus compromissos com as contas públicas. Por essa razão, foi instituído em 2017 o teto de gastos públicos, de modo a buscar o equilíbrio entre o que o Governo gasta e o que o Governo arrecada. Em síntese, o Governo não pode gastar mais do que ele arrecada. Qual é o problema? A eleição de Lula trouxe de volta o receio das gastanças irresponsáveis, com uma equipe de transição completamente inchada, com o aumento do número de Ministérios, com a politização novamente na composição ministerial em detrimento dos técnicos, prática que foi abandonada pelo Governo Bolsonaro, com o aumento de impostos e a PEC da Transição, a ""PEC da demagogia"", e com um rombo nas contas públicas, contornando o teto de gastos, de mais de 190 bilhões de reais. Nós somos contra o Auxílio Brasil de 600 reais? É claro que não! Mas somos a favor de que esse aumento seja feito com a responsabilidade com que seria feito com o Ministro Paulo Guedes. O Governo Bolsonaro estava e está comprometido com o aumento do valor do Auxílio Brasil para 600 reais, mas sem o estouro da boiada das contas públicas. O preço a pagar pela sociedade em razão da política irresponsável do PT nós já sabemos qual será: mais inflação, menos consumo, dívidas mais caras, menos crescimento e, por consequência, desemprego e aumento da miséria. Esta Casa tem a responsabilidade de não permitir a ""argentinização"" da nossa economia. Nós temos a responsabilidade de frear a irresponsabilidade do PT e de manter as contas públicas sadias no País."
Hildo Rocha,MDB,MA,160.2022,BREVES COMUNICAÇÕES,29/11/2022,14h52,DCD30/11/2022 PAG. 42,https://www.camara.leg.br/internet/sitaqweb/TextoHTML.asp?etapa=5&nuSessao=160.2022&nuQuarto=2708869&nuOrador=1&nuInsercao=1&dtHorarioQuarto=14%3A52&sgFaseSessao=BC&Data=29%2F11%2F2022&txApelido=Hildo+Rocha&txFaseSessao=Breves+Comunica%C3%A7%C3%B5es&txTipoSessao=Ordin%C3%A1ria+-+CD&dtHoraQuarto=14%3A52,"Congratulações ao Presidente eleito do Conselho Deliberativo do Serviço Brasileiro de Apoio às Micro e Pequenas Empresas - SEBRAE do Estado do Maranhão, empresário Celso Gonçalo de Sousa.","O SR. HILDO ROCHA (MDB - MA. Sem revisão do orador.) - Obrigado, Deputado Charles Fernandes, que preside a sessão neste momento. Srs. Deputados, Sras. Deputadas, registro na tribuna, no dia de hoje, o Conselho Deliberativo do SEBRAE do Maranhão elegeu o novo presidente do SEBRAE daquele Estado que tomará posse a partir do dia 2 de janeiro de 2023. A eleição ocorreu na última quinta-feira e elegeu o bem-sucedido empresário Celso Gonçalo de Sousa, homem muito competente, muito trabalhador, muito atuante. Celso é membro da Diretoria da Federação das Indústrias do Estado do Maranhão, Vice-Presidente Executivo da Federação das Indústrias do Estado do Maranhão, e grande líder empresarial. Tenho certeza de que o SEBRAE estará em boas mãos, como está hoje na administração do nosso amigo e querido colega Raimundo Coelho, que administrou muito bem essa entidade há pouco mais de 3 anos. E agora vamos ter o Celso Gonçalo como Presidente. O Vice-Presidente é o atual Presidente da Associação Comercial do Maranhão, que também vai ajudar nessa administração, o Sr. Cristiano Barroso Fernandes, atual Presidente da Associação Comercial do Maranhão. Vários presidentes já passaram por aquela presidência, vários homens que atuam a favor do empreendedorismo no Maranhão. O SEBRAE, sem dúvida alguma, tem colaborado para desenvolver as pequenas e microempresas do Estado, apoia os microempreendedores a abrirem seus negócios, a melhorarem o seu faturamento, a melhorarem seus processos produtivos, a conseguirem novos segmentos negociais. Enfim, o SEBRAE tem ajudado muito a desenvolver o empreendedorismo no Maranhão, desde a década de 90, quando lá foi instalado. Nós sabemos do papel importante do SEBRAE Nacional, que existe desde a década de 70, e, no Maranhão, desde a década de 90. Portanto, estou utilizando a tribuna para parabenizar o Celso Gonçalo por sua eleição. E tenho certeza de que os empreendedores do Maranhão vão ter a seu serviço uma entidade forte, uma entidade competente, que logicamente conta com servidores e funcionários comprometidos com o trabalho e o desenvolvimento do empreendedorismo. Sr. Presidente, solicito a V.Exa. que este meu pronunciamento seja divulgado no programa A Voz do Brasil e nos demais órgãos de comunicação desta Casa. Muito obrigado."
Mara Rocha,MDB,AC,160.2022,BREVES COMUNICAÇÕES,29/11/2022,14h24,DCD30/11/2022 PAG. 34,https://www.camara.leg.br/internet/sitaqweb/TextoHTML.asp?etapa=5&nuSessao=160.2022&nuQuarto=2708851&nuOrador=1&nuInsercao=1&dtHorarioQuarto=14%3A24&sgFaseSessao=BC&Data=29%2F11%2F2022&txApelido=Mara+Rocha&txFaseSessao=Breves+Comunica%C3%A7%C3%B5es&txTipoSessao=Ordin%C3%A1ria+-+CD&dtHoraQuarto=14%3A24,"Destinação de recursos de emendas parlamentares pela oradora para implantação do tratamento de quimioterapia na unidade do Hospital de Amor em Rio Branco, Estado do Acre. Apoio do Vice-Governador Major Rocha à iniciativa de melhoria do tratamento oncológico para a população acriana.","A SRA. MARA ROCHA (MDB - AC. Sem revisão da oradora.) - Boa tarde, Presidente e colegas Parlamentares. Eu subo a esta tribuna para comunicar à população do meu Estado uma conquista do nosso mandato como Deputada Federal. Comunico aos acrianos que os pacientes com câncer que saem do Acre hoje para fazer o tratamento de quimioterapia no Hospital de Amor em Rondônia muito em breve não precisarão mais sair do Estado e se deslocar até Porto Velho para realizar tal procedimento. Recentemente, eu e nosso Vice-Governador, Major Rocha, tivemos uma reunião com o Presidente do Hospital de Amor, o Dr. Henrique Prata, para tratar da indicação de 25 milhões de emenda de bancada e 3 milhões e 750 mil de emenda individual, no total de 28 milhões e 750 mil reais para o Hospital de Amor, o hospital do câncer de Barretos, ampliar sua atuação no Estado do Acre. Nossa população, infelizmente, padece com a falta de tratamento oncológico no âmbito estadual. Com este recurso, Presidente, o Hospital de Amor estará apto a levar o tratamento de quimioterapia para a unidade do Hospital de Amor localizada no meu Estado do Acre. Esta iniciativa vai permitir que mais de mil pacientes que hoje buscam tratamento na unidade do Hospital de Amor em Rondônia possam receber o tratamento de quimioterapia no seu Estado, no Estado do Acre, próximos à sua família, com apoio médico. Nosso desejo, além de levar a quimioterapia, era levar o tratamento de radioterapia aos pacientes oncológicos do Estado do Acre. Mas, infelizmente, a radioterapia requer um montante maior de recursos para a construção de uma estrutura hospitalar específica para tal procedimento. Esta iniciativa de levar a quimioterapia para o Hospital de Amor no Acre surgiu através da sugestão do Vice-Governador Major Rocha e da extrema cordialidade do Presidente do Hospital de Amor, o Dr. Henrique Prata. Hoje, eu me sinto muito feliz em dar esta excelente notícia para os acrianos, que terão acesso mais rápido a tratamento de ponta, que é oferecido pelo Hospital de Amor, um hospital que é referência no tratamento oncológico. Lembro, ainda, que quem tem câncer tem pressa. Para finalizar, eu agradeço ao Hospital de Amor por cuidar dos acrianos com câncer e por assumir o compromisso de levar o tratamento de quimioterapia para a unidade do Hospital de Amor no Estado do Acre. Presidente, peço a V.Exa. que meu pronunciamento seja veiculado pelo programa A Voz do Brasil e pelos meios de comunicação desta Casa. Obrigada."
Otoni de Paula,MDB,RJ,160.2022,BREVES COMUNICAÇÕES,29/11/2022,14h00,DCD30/11/2022 PAG. 28,https://www.camara.leg.br/internet/sitaqweb/TextoHTML.asp?etapa=5&nuSessao=160.2022&nuQuarto=2708833&nuOrador=1&nuInsercao=1&dtHorarioQuarto=14%3A00&sgFaseSessao=BC&Data=29%2F11%2F2022&txApelido=Otoni+de+Paula&txFaseSessao=Breves+Comunica%C3%A7%C3%B5es&txTipoSessao=Ordin%C3%A1ria+-+CD&dtHoraQuarto=14%3A00,"Protesto contra ameaça revanchista do Presidente da República eleito, Luiz Inácio Lula da Silva, de responsabilização das Igrejas Evangélicas por mortes causadas pela Covid-19. Participação da Assembleia de Deus Ministério de Madureira nas campanhas de vacinação contra a doença. Convite ao Presidente da República eleito de visita a Igreja Evangélica para recebimento de oração libertadora","O SR. OTONI DE PAULA (MDB - RJ. Sem revisão do orador.) - O PT vai revelando a sua verdadeira face, agora que as eleições passaram. A máscara que Lula colocou de apoio às igrejas, de um candidato mais conservador, contra as pautas que prejudicam tanto a visão social que a Igreja tem, agora está caindo, e Lula vai se revelando. Depois de José Genoino revelar em uma live como poderia parar o crescimento da Igreja, chegou a vez de Lula atacar frontalmente pastores e Igrejas Evangélicas, ameaçando responsabilizar-nos pelas mortes em decorrência da pandemia de COVID. Ou Lula não conhece a realidade das igrejas ou Lula age com revanchismo, já que a maioria do povo evangélico votou em Bolsonaro. Lula, a igreja foi a grande incentivadora da vacinação, até porque era necessário os membros se vacinarem para que as igrejas fossem reabertas. Lula, eu sou pastor, membro da Assembleia de Deus — Ministério de Madureira. A Assembleia de Deus — Ministério de Madureira, no dia 10 de junho de 2021, fez a Resolução nº 10, de 2021, regulamentando o posicionamento da Convenção das Assembleias de Deus — Ministério de Madureira frente às campanhas de vacinação no combate à COVID-19. E diz ainda essa resolução: considerando a imperiosidade de nos posicionarmos muito claramente a nossos ministros e membros acerca de nosso total e irrestrito apoio e engajamento às campanhas de vacinação no Brasil e no exterior. Isso foi no dia 10 de junho de 2021. Agora o senhor vem querer colocar a pecha de negacionismo na Igreja Evangélica? Lula, tire do seu coração esse ódio que você nutre pelos evangélicos porque nós caminhamos por princípios com o Presidente Bolsonaro. Aliás, quero recomendar ao Presidente eleito Lula que visite uma Igreja Evangélica para receber uma oração de libertação, para que essa mágoa, Lula, saia do seu coração. Nós evangélicos nunca fomos negacionistas, e não é você que vai colocar essa pecha em nós."
Newton Cardoso Jr,MDB,MG,156.2022,ORDEM DO DIA,23/11/2022,19h16,DCD24/11/2022 PAG. 126,https://www.camara.leg.br/internet/sitaqweb/TextoHTML.asp?etapa=5&nuSessao=156.2022&nuQuarto=2702658&nuOrador=1&nuInsercao=1&dtHorarioQuarto=19%3A16&sgFaseSessao=OD&Data=23%2F11%2F2022&txApelido=Newton+Cardoso+Jr&txFaseSessao=Ordem+do+Dia&txTipoSessao=Ordin%C3%A1ria+-+CD&dtHoraQuarto=19%3A16,"Visita à Câmara dos Deputados dos Vereadores Vando Peres, Luciano Belchior, e Dr. Múcio, de Minas Gerais.","O SR. NEWTON CARDOSO JR (MDB - MG. Pela ordem. Sem revisão do orador.) - Presidente, Muito obrigado. Boa tarde a todas e a todos os colegas. Presidente, quero apenas anunciar a presença conosco neste plenário, nesta tarde de quarta-feira, neste início de noite, dos nossos queridos Vereadores Vando Peres, da cidade de Capitão Enéas, Vereador Luciano Belchior, da cidade de Capinópolis, e Dr. Múcio, da cidade de Carmo do Paranaíba. Todos visitam mais uma vez este Congresso, para trazer as demandas prioritárias do Município. Quero dar as boas-vindas a esses queridos colegas Parlamentares, que tão bem representam o nosso trabalho nas suas respectivas cidades. Sejam todos bem-vindos! Muito obrigado pelo apoio, especialmente pelos votos em cada uma das nossas cidades, onde pudemos ser reconhecidos mais uma vez pelo povo, para continuar, a partir de 2023, representando Minas Gerais neste Congresso. Muito obrigado."
Hildo Rocha,MDB,MA,156.2022,ORDEM DO DIA,23/11/2022,19h12,DCD24/11/2022 PAG. 125,https://www.camara.leg.br/internet/sitaqweb/TextoHTML.asp?etapa=5&nuSessao=156.2022&nuQuarto=2702649&nuOrador=1&nuInsercao=1&dtHorarioQuarto=19%3A12&sgFaseSessao=OD&Data=23%2F11%2F2022&txApelido=Hildo+Rocha&txFaseSessao=Ordem+do+Dia&txTipoSessao=Ordin%C3%A1ria+-+CD&dtHoraQuarto=19%3A12,"Discussão do Projeto de Lei nº 4.606, de 2019, sobre a vedação de qualquer alteração, edição, supressão, adição ou adaptação aos textos dos livros da Bíblia Sagrada, com a manutenção da inviolabilidade de capítulos e versículos e proibição da modificação do texto sagrado para a garantia da pregação do seu conteúdo em todo território nacional.","O SR. HILDO ROCHA (MDB - MA. Sem revisão do orador.) - Muito obrigado, Deputada Rosangela Gomes. Eu queria comunicar que foi eleito no dia de hoje o Vice-Presidente da União dos Vereadores do Brasil — UVB. Trata-se do Vereador Assaf Sobrinho, do Maranhão, Presidente da Câmara de Vereadores de São Pedro dos Crentes. Ele está aqui no plenário acompanhando esta sessão, juntamente com o Vereador Cristiano, da cidade de Grajaú, e também com a Sra. Lucineth Nogueira, Secretária Municipal de Políticas para Mulher da cidade de Grajaú. Quero parabenizar, portanto, o Vereador Assaf por essa grande conquista para os Vereadores do Brasil inteiro, porque eu sei da sua dedicação e do seu trabalho no sentido de valorizar e de defender as prerrogativas dos Vereadores no Maranhão, onde ele faz esse trabalho muito bem. Agora ele chega à posição de Vice-Presidente da União dos Vereadores do Brasil. Quero aproveitar a oportunidade para parabenizar também o Deputado Eli Borges pela relatoria desse projeto. Ele foi muito bem relatado por V.Exa., um homem capaz e que representa muito bem na Câmara dos Deputados o povo do nosso vizinho Estado do Tocantins. Parabéns! Nós somos, é claro, favoráveis a essa proposta hoje apresentada. Meus parabéns!"
Otoni de Paula,MDB,RJ,156.2022,ORDEM DO DIA,23/11/2022,18h24,DCD24/11/2022 PAG. 112,https://www.camara.leg.br/internet/sitaqweb/TextoHTML.asp?etapa=5&nuSessao=156.2022&nuQuarto=2702611&nuOrador=1&nuInsercao=1&dtHorarioQuarto=18%3A24&sgFaseSessao=OD&Data=23%2F11%2F2022&txApelido=Otoni+de+Paula&txFaseSessao=Ordem+do+Dia&txTipoSessao=Ordin%C3%A1ria+-+CD&dtHoraQuarto=18%3A24,"Satisfação com a fusão das agremiações partidárias PSC e PODEMOS. Saudação ao ex-Deputado Filipe Pereira e ao Presidente Nacional do PSC, Pastor Everaldo, pela iniciativa.","O SR. OTONI DE PAULA (MDB - RJ. Pela ordem. Sem revisão do orador.) - Sr. Presidente, eu quero usar este 1 minuto apenas para saudar o nosso eterno Deputado Federal Filipe Pereira, um dos líderes do PSC, que agora se fundiu com o Podemos — o Podemos é 20, agora. Eu saúdo nosso querido Filipe, porque comecei minha carreira política no PSC, em uma oportunidade dada pelo próprio Filipe Pereira, em que eu me tornei Vereador na cidade do Rio de Janeiro, naquela ocasião, em 2016. Como gratidão não prescreve, eu quero agradecer publicamente ao nosso querido Filipe Pereira, saudando-o nesta Casa e pedindo a Deus que o traga de volta a este Parlamento, onde ele faz muita falta. Filipe, que Deus o abençoe! Sucesso! Sucesso ao nosso eterno PSC e ao seu pai, o Pastor Everaldo! Obrigado."
Hildo Rocha,MDB,MA,156.2022,ORDEM DO DIA,23/11/2022,17h56,DCD24/11/2022 PAG. 99,https://www.camara.leg.br/internet/sitaqweb/TextoHTML.asp?etapa=5&nuSessao=156.2022&nuQuarto=2702542&nuOrador=1&nuInsercao=1&dtHorarioQuarto=17%3A56&sgFaseSessao=OD&Data=23%2F11%2F2022&txApelido=Hildo+Rocha&txFaseSessao=Ordem+do+Dia&txTipoSessao=Ordin%C3%A1ria+-+CD&dtHoraQuarto=17%3A56,"Preocupação do orador com a inclusão de Prefeituras Municipais no parágrafo único, art. 61, do Projeto de Lei nº 7.223, de 2006, do Senado Federal, sobre a alteração da Lei nº 7.210, de 1984, Lei de Execução Penal, e da Lei nº 10.792, de 2003, com vista à criação do regime penitenciário de segurança máxima.","O SR. HILDO ROCHA (MDB - MA. Pela ordem. Sem revisão do orador.) - Sr. Presidente, eu quero apenas externar para o Deputado Subtenente Gonzaga, que conhece muito o assunto, é um excelente Parlamentar e é da área de segurança, a preocupação do MDB com relação ao parágrafo único do art. 61, que inclui as prefeituras municipais no monitoramento. Eu acredito que não houve participação nesse debate dos representantes dos Municípios, porque vai acabar sobrando para os Municípios mais trabalho, mais compromissos. Nós sabemos que, dentro desse pacto federativo que já existe e que já sacrifica demais os Municípios, isso vai acabar se tornando mais um sacrifício para os Municípios, no momento em que se coloca mais essa atribuição de participar do monitoramento dentro do sistema prisional. Então, eu fico muito preocupado com relação a essa questão que envolve os Municípios dentro desse sistema, que é exclusivamente de competência federal e estadual e, agora, uma parte passa a ser municipal."
Hildo Rocha,MDB,MA,156.2022,ORDEM DO DIA,23/11/2022,17h56,DCD24/11/2022 PAG. 99,https://www.camara.leg.br/internet/sitaqweb/TextoHTML.asp?etapa=5&nuSessao=156.2022&nuQuarto=2702548&nuOrador=1&nuInsercao=1&dtHorarioQuarto=17%3A56&sgFaseSessao=OD&Data=23%2F11%2F2022&txApelido=Hildo+Rocha&txFaseSessao=Ordem+do+Dia&txTipoSessao=Ordin%C3%A1ria+-+CD&dtHoraQuarto=17%3A56,"Preocupação do orador com a interpretação dada por magistrados a respeito da possível inclusão dos Municípios brasileiros no âmbito do Projeto de Lei nº 7.223, de 2006, do Senado Federal, sobre a alteração da Lei nº 7.210, de 1984, Lei de Execução Penal, e da Lei nº 10.792, de 2003, com vista à criação do regime penitenciário de segurança máxima.","O SR. HILDO ROCHA (MDB - MA. Pela ordem. Sem revisão do orador.) - Eu entendo V.Exa., Relator, que é muito competente. Porém, aqui nós estamos lidando com leis que vão ser interpretadas por vários juízes, por vários promotores, que irão emitir seus pareceres. De repente, lá o juiz decide que o Município deve obedecer ao que está na lei, numa interpretação diferente, e entende que, em decisões que possam vir a ser tomadas, os Municípios venham a ter que ser obrigados a colaborar em uma política pública que é, exclusivamente, de competência do Estado e da União. Essa é a minha preocupação. Eu sei o que V.Exa. está querendo, não sou contra e até acredito que a intenção de V.Exa. é boa, mas é porque a interpretação do Judiciário pode ser diferente dessa que nós estamos aqui decidindo no dia de hoje, porque fica um pouco subjetivo. Não é por isso que o MDB vai deixar de apoiar a matéria, até porque o Líder Isnaldo Bulhões pediu que a apoiássemos. Ela ainda vai ao Senado, podemos fazer algum tipo de trabalho nesse sentido. O SR. SUBTENENTE GONZAGA (PSD - MG. Sem revisão do orador.) - Presidente, só questiono a Mesa se regimentalmente ainda posso, nesse estágio, suprimir e acolher a sugestão do Deputado, ainda que não tenhamos a emenda formal. Se regimentalmente isso for possível, eu acolho a sugestão apresentada em plenário. O SR. PRESIDENTE (Gilberto Nascimento. PSC - SP) - Eu gostaria de informar ao Deputado Subtenente Gonzaga que ainda há tempo, tendo em vista que não começamos a votação. Se V.Exa. quiser, pode acolher a sugestão. O SR. HILDO ROCHA (MDB - MA. Pela ordem. Sem revisão do orador.) - Sr. Presidente, vamos pedir para o partido fazer o destaque. O SR. PRESIDENTE (Gilberto Nascimento. PSC - SP) - O.k., Deputado. O SR. HILDO ROCHA (MDB - MA) - Obrigado."
Otoni de Paula,MDB,RJ,156.2022,ORDEM DO DIA,23/11/2022,17h44,DCD24/11/2022 PAG. 95,https://www.camara.leg.br/internet/sitaqweb/TextoHTML.asp?etapa=5&nuSessao=156.2022&nuQuarto=2702531&nuOrador=1&nuInsercao=1&dtHorarioQuarto=17%3A44&sgFaseSessao=OD&Data=23%2F11%2F2022&txApelido=Otoni+de+Paula&txFaseSessao=Ordem+do+Dia&txTipoSessao=Ordin%C3%A1ria+-+CD&dtHoraQuarto=17%3A44,"Congratulações à Casa pela aprovação do Projeto de Lei nº 2.380-A, de 2021, sobre o funcionamento e as operações do Fundo Geral de Turismo e a sua denominação de novo FUNGETUR.","O SR. OTONI DE PAULA (MDB - RJ. Pela ordem. Sem revisão do orador.) - Sr. Presidente, eu quero apenas parabenizar o nosso amigo Deputado Bacelar pelo excelente relatório, pelo excelente trabalho. Ter um olhar especial para o turismo é algo fundamental. Eu falo muito especialmente porque sou de uma terra onde o turismo tem tudo para ser o novo petróleo, o Rio de Janeiro, mas que infelizmente por questões estruturantes não recebe a quantidade de turistas que poderia receber. Fazer uma política nacional voltada para o turismo é de fundamental importância para fomentar o crescimento econômico do nosso País. Parabéns ao Deputado Bacelar e a esta Casa por tratarem com seriedade a pauta do turismo!"
Otoni de Paula,MDB,RJ,156.2022,BREVES COMUNICAÇÕES,23/11/2022,17h08,DCD24/11/2022 PAG. 75,https://www.camara.leg.br/internet/sitaqweb/TextoHTML.asp?etapa=5&nuSessao=156.2022&nuQuarto=2702473&nuOrador=1&nuInsercao=1&dtHorarioQuarto=17%3A08&sgFaseSessao=BC&Data=23%2F11%2F2022&txApelido=Otoni+de+Paula&txFaseSessao=Breves+Comunica%C3%A7%C3%B5es&txTipoSessao=Ordin%C3%A1ria+-+CD&dtHoraQuarto=17%3A08,Necessidade de imposição de freio pela Câmara dos Deputados ao modelo econômico defendido pelo PT. Pedido aos Parlamentares de apoio proposta de emenda à Constituição sobre critérios mais rígidos para a concessão de crédito do Brasil a países estrangeiros.,"O SR. OTONI DE PAULA (MDB - RJ. Pela ordem. Sem revisão do orador.) - Caso Lula realmente tome posse da Presidência do Brasil, nós precisaremos, aqui nesta Casa, ter responsabilidade com o País. Precisaremos redobrar a nossa atenção para aquilo que eu chamo de uma tentativa de trazer a destruição, que está acontecendo na Argentina e que já aconteceu na Venezuela, para o nosso País. A proposta econômica, o modelo econômico defendido pelo PT e pelo Lula já dá um sinal de que esta Casa precisa frear as loucuras e os delírios que o esquerdismo quer trazer principalmente para a macroeconomia do nosso País, com a falta de responsabilidade com a agenda econômica, com o rombo do teto de gastos e com a volta da cleptocracia. Agora, eu tive o privilégio de assinar uma PEC que submete à análise do Congresso Nacional qualquer concessão de crédito do Brasil a outros países, ou seja, essa PEC defende os recursos nacionais, que devem ser aplicados prioritariamente na Nação. Caso o Brasil precise aplicar qualquer um de seus recursos em outra nação, isso deverá ter a chancela do Congresso Nacional. Isso é para quê? É para frear o desejo já mostrado em outros Governos do PT e de Lula de financiar os seus pares, os seus amigos ditadores de outras nações. Para que essa farra com o dinheiro público não aconteça, essa PEC é de fundamental importância. Por isso, quero incentivar os Srs. Deputados e Deputadas que assinemos essa PEC, para conter os delírios de Lula e do PT de pegar o dinheiro do Brasil e colocar esse dinheiro, que é do povo brasileiro, na mão dos seus amigos ditadores, na mão dos seus amigos socialistas, que já quebraram as suas nações e agora querem usar o dinheiro público brasileiro para fomentar o crescimento ou, quem sabe, a roubalheira em seus países."
Osmar Terra,MDB,RS,156.2022,BREVES COMUNICAÇÕES,23/11/2022,16h48,DCD24/11/2022 PAG. 69,https://www.camara.leg.br/internet/sitaqweb/TextoHTML.asp?etapa=5&nuSessao=156.2022&nuQuarto=2702420&nuOrador=1&nuInsercao=1&dtHorarioQuarto=16%3A48&sgFaseSessao=BC&Data=23%2F11%2F2022&txApelido=Osmar+Terra&txFaseSessao=Breves+Comunica%C3%A7%C3%B5es&txTipoSessao=Ordin%C3%A1ria+-+CD&dtHoraQuarto=16%3A48,Necessidade de explicações mais adequadas ao povo brasileiro sobre o funcionamento e a lisura das urnas eletrônicas. Defesa do voto auditável.,"O SR. OSMAR TERRA (MDB - RS. Sem revisão do orador.) - Sr. Presidente, Sras. e Srs. Deputados, eu acho que vivemos uma travessia difícil, e neste momento precisamos ter clareza das bases da democracia brasileira. Na base da democracia brasileira, § 1º, art. 1º da Constituição, está previsto que todo poder emana do povo e será exercido por seus representantes eleitos. Nós aqui representamos o povo, nós somos o povo. E uma grande parcela desse povo está na rua há mais de 20 dias em conflito, triste, angustiado, porque não tem uma resposta adequada sobre suas dúvidas. O povo tem o direito de questionar e de pedir uma explicação. Qual é o problema de darem uma explicação? Qual é o problema de convencerem a população, por A mais B, com dados concretos, de que o povo não foi enganado nessa eleição? É isso que está angustiando a sociedade brasileira. Eu acho que nós precisamos ter uma resposta diferente da que tem sido dada, uma resposta mais clara, mais didática, explicando que uma urna eletrônica — em que você aperta um botão e sai lá na ponta um boletim de urna, sem apuração para acompanhar — é democrática e isenta de riscos. Em 2005, o Tribunal Constitucional Federal da Alemanha acabou com a urna eletrônica, porque o cidadão alemão, que tem as mínimas condições de entender um processo eleitoral, não podia acompanhar a apuração das urnas, não podia acompanhar o voto a voto. Vocês acham que a Alemanha não tem tecnologia suficiente para fazer uma urna eletrônica melhor e mais rápida do que a nossa? É claro que tem. Vocês acham que os Estados Unidos não têm isso? Vocês acham que todos os países que usam o voto de papel ou o voto que pode ser comprovado na urna eletrônica não têm tecnologia para fazer melhor ou igual a nós? É claro que têm. Por que só nós temos esse processo que não dá para ter uma auditoria adequada? Nós precisamos auditar. As urnas têm que ser auditadas para tirar do povo brasileiro essa angústia. Não tem nem como continuar um processo político adequado, democrático. Todo mundo tem que acreditar no processo político. Nós propusemos e votamos aqui o projeto da Deputada Bia Kicis sobre a urna com o voto auditável. Isso teria resolvido esse problema. Nós não estaríamos nessa angústia agora e aceitaríamos o resultado. Agora, do jeito que está, nós temos que ter outra resposta do Tribunal Superior Eleitoral que acalme o coração do povo brasileiro e esclareça o que aconteceu realmente dentro daquela urna. Obrigado."
Otoni de Paula,MDB,RJ,156.2022,BREVES COMUNICAÇÕES,23/11/2022,16h28,DCD24/11/2022 PAG. 65,https://www.camara.leg.br/internet/sitaqweb/TextoHTML.asp?etapa=5&nuSessao=156.2022&nuQuarto=2702407&nuOrador=1&nuInsercao=1&dtHorarioQuarto=16%3A28&sgFaseSessao=BC&Data=23%2F11%2F2022&txApelido=Otoni+de+Paula&txFaseSessao=Breves+Comunica%C3%A7%C3%B5es&txTipoSessao=Ordin%C3%A1ria+-+CD&dtHoraQuarto=16%3A28,"Protesto contra o ativismo judicial reinante no País. Regozijo do orador com a aprovação de pedido de audiência pública apresentado pelo Senador Eduardo Girão para oitiva de juristas e outras autoridades sobre o mau funcionamento de equipamentos nas eleições presidenciais. Assinatura, pelo orador, de pedido de criação de CPI para investigação de abusos cometidos por Ministros da Suprema Corte.","O SR. OTONI DE PAULA (MDB - RJ. Sem revisão do orador.) - Sr. Presidente, Sras. e Srs. Deputados, povo brasileiro, em especial o povo do meu querido Estado do Rio de Janeiro, avançamos mais um pouco no combate, na resistência ao império do ativismo judicial, a inclinação ditatorial de alguns Ministros da Suprema Corte de lutarem contra o Estado Democrático de Direito, atropelando o devido processo legal em várias de suas ações eivadas de erros jurídicos. Ontem, através de um pedido e de uma iniciativa do Senador Girão, foi aprovada uma audiência pública no Senado Federal que ouvirá juristas; a Polícia Federal; o servidor exonerado do TSE, o Sr. Alexandre Gomes Machado; o Sr. Fernando Cerimedo, o argentino que denunciou possíveis irregularidades no processo eleitoral; o engenheiro eletrônico Carlos Rocha, que, contratado pelo PL, atestou o mau funcionamento de equipamentos nas eleições presidenciais. Aliás, o arquivo log de urnas, apresentado pelo PL, já inclui o primeiro e o segundo turnos das eleições. Portanto, é falsa, é fake news , a ideia de que a ação do PL questiona apenas os arquivos do segundo turno. Outra coisa: eu não estou preocupado se as eleições serão possivelmente todas anuladas, até porque se houve e se há a sombra de uma possível fraude no processo eleitoral, essa sombra precisa ser dirimida, essa sombra precisa ser sanada, resolvida, senão a eleição de todos nós se torna também ilegítima. Nós precisamos colocar o interesse do País, a lisura e a transparência acima dos nossos próprios interesses, dos nossos resultados eleitorais. Quem está falando é um Deputado que foi reeleito, apesar de não ter direito ao uso de redes sociais, por uma decisão déspota do Sr. Ministro Alexandre de Moraes. Eu quero parabenizar o Senador Girão por essa iniciativa. Espero que o Ministro Alexandre de Moraes compareça, porque será convidado, como servidor público, que tem, sim, satisfação a dar à população brasileira que paga o seu salário. Sr. Presidente, termino pedindo a sua vênia apenas para dizer ao povo brasileiro que tive a honra de assinar pedido de CPI para investigar abuso de autoridade que visa investigar nesta Casa abusos cometidos por Ministros da Suprema Corte. Vamos avançar, não podemos nos apequenar diante do avanço da ditadura da toga. O povo brasileiro espera de nós."
Hildo Rocha,MDB,MA,154.2022,ORDEM DO DIA,22/11/2022,21h28,DCD23/11/2022 PAG. 175,https://www.camara.leg.br/internet/sitaqweb/TextoHTML.asp?etapa=5&nuSessao=154.2022&nuQuarto=2700278&nuOrador=1&nuInsercao=1&dtHorarioQuarto=21%3A28&sgFaseSessao=OD&Data=22%2F11%2F2022&txApelido=Hildo+Rocha&txFaseSessao=Ordem+do+Dia&txTipoSessao=Ordin%C3%A1ria+-+CD&dtHoraQuarto=21%3A28,"Orientação de bancada na votação do requerimento de destaque para votação em separado da Emenda de Comissão nº 16 apresentada à Medida Provisória nº 1.132, de 2022, acerca do percentual máximo aplicado para a contratação de operações de crédito com desconto automático em folha de pagamento; sobre alteração da Lei nº 14.431, de 2022 e sobre revogação de dispositivos da Lei nº 8.112, de 1990.","O SR. HILDO ROCHA (MDB - MA. Pela ordem. Sem revisão do orador.) - Sr. Presidente, o MDB entende que a proposta do PP, do Deputado Jerônimo Goergen, é muito boa. O MDB vai orientar ""sim"", tendo em vista que não se compromete o teor da medida provisória. Isso porque, quando essa MP veio do Governo, foi editada, ela não tratava sequer desse tipo de empréstimo. No nosso entendimento, realmente — até porque há notícia de atravessadores que ajudam o idoso a se aposentar, vão ao banco e já tiram 40% ou 45%, tudo o que o aposentado tem já paga para eles como se fosse um serviço que tivessem feito —, isso diminui o impacto. Assim, o MDB entende que votar ""sim"" a essa proposta acrescenta bastante e diminui o impacto do endividamento dos aposentados."
Hildo Rocha,MDB,MA,154.2022,ORDEM DO DIA,22/11/2022,20h32,DCD23/11/2022 PAG. 152,https://www.camara.leg.br/internet/sitaqweb/TextoHTML.asp?etapa=5&nuSessao=154.2022&nuQuarto=2700660&nuOrador=1&nuInsercao=1&dtHorarioQuarto=20%3A32&sgFaseSessao=OD&Data=22%2F11%2F2022&txApelido=Hildo+Rocha&txFaseSessao=Ordem+do+Dia&txTipoSessao=Ordin%C3%A1ria+-+CD&dtHoraQuarto=20%3A32,"Orientação de bancada na votação do Projeto de Lei de Conversão nº 28, de 2022, da Medida Provisória nº 1.132, de 2022, sobre o percentual máximo aplicado para a contratação de operações de crédito com desconto automático em folha de pagamento; a alteração da Lei nº 14.431, de 2022; e a revogação de dispositivos da Lei nº 8.112, de 1990, ressalvados os destaques.","O SR. HILDO ROCHA (MDB - MA. Pela ordem. Sem revisão do orador.) - Sr. Presidente, recentemente esta Casa aprovou projeto de lei que visa a diminuir o endividamento das famílias brasileiras — veio do Senado, inclusive. Eu vejo que essa medida promove maior endividamento e favorece, logicamente, as administradoras de cartão de crédito, principalmente, que terão a garantia de receber aquilo que não receberiam, se não fosse através do consignado. Eu, particularmente, sou contra, mas vou orientar a favor pelo partido. Vou votar contra, se a votação for nominal, mas o MDB é a favor. ""Sim""."
Newton Cardoso Jr,MDB,MG,154.2022,ORDEM DO DIA,22/11/2022,19h28,DCD23/11/2022 PAG. 131,https://www.camara.leg.br/internet/sitaqweb/TextoHTML.asp?etapa=5&nuSessao=154.2022&nuQuarto=2699968&nuOrador=1&nuInsercao=1&dtHorarioQuarto=19%3A28&sgFaseSessao=OD&Data=22%2F11%2F2022&txApelido=Newton+Cardoso+Jr&txFaseSessao=Ordem+do+Dia&txTipoSessao=Ordin%C3%A1ria+-+CD&dtHoraQuarto=19%3A28,"Presença no plenário de Vereadores do Município de Martinho Campos, Estado de Minas Gerais.","O SR. NEWTON CARDOSO JR (MDB - MG. Pela ordem. Sem revisão do orador.) - Presidente, peço a palavra por um breve momento, enquanto V.Exa. dá sequência aos trabalhos, apenas para agradecer a presença nesta noite dos Vereadores da cidade de Martinho Campos, em Minas Gerais, Vereador Nenei, Vereador Clebão, Vereador Curvina e o nosso Líder no Município, grande amigo Borracha, que estão conhecendo os trabalhos desta Casa e tendo oportunidade de entender como o Parlamento brasileiro funciona. Muito obrigado. Deixo um abraço a todo o povo de Martinho Campos, que me fez majoritário na cidade."
Otoni de Paula,MDB,RJ,154.2022,ORDEM DO DIA,22/11/2022,18h40,DCD23/11/2022 PAG. 115,https://www.camara.leg.br/internet/sitaqweb/TextoHTML.asp?etapa=5&nuSessao=154.2022&nuQuarto=2699463&nuOrador=1&nuInsercao=1&dtHorarioQuarto=18%3A40&sgFaseSessao=OD&Data=22%2F11%2F2022&txApelido=Otoni+de+Paula&txFaseSessao=Ordem+do+Dia&txTipoSessao=Ordin%C3%A1ria+-+CD&dtHoraQuarto=18%3A40,"Orientação de bancada na votação do requerimento de apreciação em regime de urgência do Projeto de Lei nº 488, de 2021, do Senado Federal, sobre a alteração da Lei nº 10.257, de 2001, (Estatuto da Cidade), com vista à vedação do emprego de técnicas de arquitetura hostil em espaços livres de uso público - Lei Padre Júlio Lancelotti.","O SR. OTONI DE PAULA (MDB - RJ. Pela ordem. Sem revisão do orador.) - Sr. Presidente, nós votamos ""sim"" pelo Governo porque entendemos que há urgência em se debater esse PL, que visa ao amplo combate à arquitetura que não privilegia o cuidado com quem hoje está morando nas ruas. É claro que esse PL é paliativo, Presidente. Na verdade, o que nós precisamos discutir é moradia para esse cidadão que está hoje em condição de morador de rua. Mas não podemos aceitar que haja nesses ambientes urbanos uma arquitetura que vise afastar e tornar a vida desse cidadão ainda mais prejudicada do que ela já está. Portanto, nós do Governo encaminhamos ""sim"" à urgência ao PL 488."
Otoni de Paula,MDB,RJ,154.2022,BREVES COMUNICAÇÕES,22/11/2022,16h00,DCD23/11/2022 PAG. 62,https://www.camara.leg.br/internet/sitaqweb/TextoHTML.asp?etapa=5&nuSessao=154.2022&nuQuarto=2699270&nuOrador=1&nuInsercao=1&dtHorarioQuarto=16%3A00&sgFaseSessao=BC&Data=22%2F11%2F2022&txApelido=Otoni+de+Paula&txFaseSessao=Breves+Comunica%C3%A7%C3%B5es&txTipoSessao=Ordin%C3%A1ria+-+CD&dtHoraQuarto=16%3A00,Crítica aos donos de grandes conglomerados financeiros nacionais pelo apoio à candidatura de Luiz Inácio Lula da Silva à Presidência da República. Alerta sobre a tentativa do novo governo de revogação da reforma trabalhista.,"O SR. OTONI DE PAULA (MDB - RJ. Sem revisão do orador.) - Srs. Deputados, Sras. Deputadas, povo brasileiro, a hipocrisia da Faria Lima e de alguns donos de grandes conglomerados financeiros nacionais ante a receita do caos econômico anunciado por Lula é de dar nojo. Foram estes mesmos atores do mercado que se assustaram com a receita do caos econômico de Lula que, em grande parte, rejeitaram o Governo de Bolsonaro e patrocinaram a chegada de Lula ao poder, sem nem sequer apresentar um plano de governo ao País, dando a Lula um cheque em branco. Agora, esta Casa, de maioria conservadora e de visão econômica liberal, tem a responsabilidade com o Brasil de frear a tentativa de destruição de tudo o que nós conquistamos, em se tratando de avanços, desde o Governo de Michel Temer até o Governo Bolsonaro. Começo alertando esta Casa para a tentativa de Lula e do PT de destruírem os avanços conquistados no Brasil com a reforma trabalhista feita no bem-sucedido, embora curto, Governo do Presidente Michel Temer. A tentativa de revogação da reforma trabalhista significa voltar a engessar as relações de trabalho. A reforma trabalhista feita no Governo do Presidente Michel Temer flexibilizou as leis do trabalho, dinamizou as contratações e a criação de empregos. Reduziu, consideravelmente, os passivos trabalhistas que congestionavam a Justiça do Trabalho e condenavam, na maioria das vezes, o gerador de empregos. Quando o empresário ou o empreendedor vê aumentada a possibilidade de haver passivos trabalhistas, perde o estímulo para contratar e, com isso, diminui o número de empregos no País. Na verdade, se há uma crítica que nós podemos fazer à reforma trabalhista do Governo Michel Temer é não à proposta do Governo à época, encaminhada a esta Casa, mas, sim, ao esvaziamento patrocinado pelo lobby dos sindicatos. Nós precisamos de leis de trabalho mais flexíveis, com o objetivo de dinamizarmos nossa economia.  Revogar os avanços da reforma trabalhista aprovada nesta Casa é criar novas leis que trarão incerteza trabalhista e retrocesso ao País."
Otoni de Paula,MDB,RJ,150.2022,BREVES COMUNICAÇÕES,10/11/2022,9h12,DCD11/11/2022 PAG. 18,https://www.camara.leg.br/internet/sitaqweb/TextoHTML.asp?etapa=5&nuSessao=150.2022&nuQuarto=2685351&nuOrador=1&nuInsercao=1&dtHorarioQuarto=09%3A12&sgFaseSessao=BC&Data=10%2F11%2F2022&txApelido=Otoni+de+Paula&txFaseSessao=Breves+Comunica%C3%A7%C3%B5es&txTipoSessao=Ordin%C3%A1ria+-+CD&dtHoraQuarto=09%3A12,"Inocorrência de fraudes nas urnas eletrônicas de votação, segundo o relatório encaminhado ao Tribunal Superior Eleitoral pelas Forças Armadas brasileiras. Legado de cidadania e patriotismo deixado pelo Presidente Jair Bolsonaro. Compromisso de atuação em defesa da soberania nacional e contra a cleptocracia. Votos de profícua gestão ao Presidente da República eleito, Luiz Inácio Lula da Silva.","O SR. OTONI DE PAULA (MDB - RJ. Sem revisão do orador.) - Povo do meu País, subo a esta tribuna um dia após a entrega do relatório das Forças Armadas ao Tribunal Superior Eleitoral, um relatório que não mostra nenhuma evidência de fraudes nas urnas eletrônicas. Sem essas evidências, qualquer movimento contrário ao resultado das eleições não será legítimo nem democrático. É necessário, portanto, ainda que com a dor da perda e com o sentimento de que foi uma eleição não justa, virar a página, não esmorecer diante da derrota e ter a grandeza de parabenizar os vencedores, ressalvando todas as críticas que mantemos à forma como o processo eleitoral foi conduzido. Mas que honra foi ter cerrado fileiras ao lado do maior patriota que já conheci: Jair Messias Bolsonaro. Nunca conheci ninguém mais sério no trato com a coisa pública, mais democrático e mais humilde, alguém que um dia ousou sonhar com uma política limpa, com um Brasil sem corrupção e que, se cometeu algum pecado, foi começar uma guerra sem estratégias e organização mínima para vencê-la. Bolsonaro ousou, mas falhou. Falhou quando não entendeu que o rei não é temido por suas palavras, mas por suas ações enérgicas e concretas. Não se pode viver no mundo dos lobos apenas com a simplicidade da pomba. Há de se ter a prudência e a astúcia de uma serpente. Registro nossa gratidão eterna ao capitão do povo, porque deixa como legado o despertar da verdadeira cidadania e do verdadeiro patriotismo. Obrigado, capitão, por ter aberto os nossos olhos para os males que a Esquerda causava a esta Nação e que nós, o povo, anestesiados, não percebíamos. Bolsonaro nos deixa o legado de que é possível na política ser como a garça: pisar na lama sem se sujar como o porco no meio dela. Daqui deste Parlamento, daqui desta tribuna, daqui das várias Comissões deste Parlamento, prometo seguir os bons exemplos do nosso capitão. Prometo combater o bom combate democrático sem nunca colocar o meu caráter no balcão de negócios da política, muitas vezes podre, de Brasília.  Resistirei e continuarei resistindo firme na fé, em uma oposição responsável, inteligente, respeitosa, em defesa da nossa soberania nacional e contra a cleptocracia. Eu sobrevivi 4 anos ao lado do Presidente Bolsonaro sem cargos e sem privilégios. Não será neste novo Governo da Esquerda que me curvarei a esses interesses. Que Deus abençoe o Presidente Bolsonaro! Que Deus abençoe também o Presidente eleito Luiz Inácio Lula da Silva e lhe dê sabedoria para conduzir esta Nação! Da minha parte, não farei a oposição do ""quanto pior, melhor"" porque, se este País for bem conduzido, todos nós, Oposição e Situação, ganharemos. Deus, Pátria, família e liberdade!"
Hildo Rocha,MDB,MA,149.2022,ORDEM DO DIA,09/11/2022,20h16,DCD10/11/2022 PAG. 162,https://www.camara.leg.br/internet/sitaqweb/TextoHTML.asp?etapa=5&nuSessao=149.2022&nuQuarto=2686288&nuOrador=1&nuInsercao=1&dtHorarioQuarto=20%3A16&sgFaseSessao=OD&Data=09%2F11%2F2022&txApelido=Hildo+Rocha&txFaseSessao=Ordem+do+Dia&txTipoSessao=Ordin%C3%A1ria+-+CD&dtHoraQuarto=20%3A16,"Orientação de bancada na votação do requerimento de destaque para supressão da expressão compostos por mais de cento e setenta desembargadores em efetivo exercício, presente no Parágrafo único do art. 96 da Constituição Federal, inserida pela Emenda Aglutinativa de Plenário apresentada à Proposta de Emenda à Constituição nº 26, de 2022, sobre a eleição dos órgãos diretivos dos Tribunais de Justiça.","O SR. HILDO ROCHA (MDB - MA. Pela ordem. Sem revisão do orador.) - Presidente, a orientação do Líder, Deputado Isnaldo, é acompanhar o Relator. Eu particularmente também vou votar ""não"". Vou acompanhar o NOVO porque tem que haver o princípio da isonomia. Nós aqui estamos quebrando vários princípios, estamos quebrando o nosso Regimento e ainda mais a isonomia."
Hildo Rocha,MDB,MA,149.2022,ORDEM DO DIA,09/11/2022,19h36,DCD10/11/2022 PAG. 149,https://www.camara.leg.br/internet/sitaqweb/TextoHTML.asp?etapa=5&nuSessao=149.2022&nuQuarto=2686153&nuOrador=1&nuInsercao=1&dtHorarioQuarto=19%3A36&sgFaseSessao=OD&Data=09%2F11%2F2022&txApelido=Hildo+Rocha&txFaseSessao=Ordem+do+Dia&txTipoSessao=Ordin%C3%A1ria+-+CD&dtHoraQuarto=19%3A36,"Discussão da Proposta de Emenda à Constituição nº 358, de 2005, sobre a reforma do Poder Judiciário.","O SR. HILDO ROCHA (MDB - MA. Sem revisão do orador.) - Sr. Presidente, esta proposta de emenda à Constituição foi debatida há muitos anos. A legislatura era outra, os Parlamentares eram outros. Partidos como o NOVO não faziam parte daquela legislatura. A realidade era outra. Além disso, temos a informação de que, de fato, a que vai prevalecer, a que será votada é a PEC 26/22, Nossa preocupação é muito grande quanto a isso. Um dos maiores filósofos do Iluminismo, Montesquieu, criou a Teoria dos Três Poderes. E a nossa Constituição diz quem nós somos, qual é a nossa identidade. E qual é a nossa identidade? O art. 1º diz que somos uma república federativa. A nossa Federação é constituída pelos Estados, pelos Municípios e pelo Distrito Federal. Portanto, são várias partes que se transformam em um todo. Mas cada parte deve ter a sua independência, assim como os Poderes. Está no art. 2º que os Poderes são independentes e harmônicos entre si. Não podemos, de forma nenhuma, dizer quem deve eleger os órgãos diretivos, por exemplo, do Tribunal de Justiça do Estado do Piauí ou do Estado do Maranhão. A competência é do próprio Judiciário. Nós aqui falamos muito da politização dentro do Judiciário, mas estamos fazendo a mesma coisa, estamos invadindo a competência do próprio Judiciário. Deve caber a cada Tribunal de Justiça dizer quem deve ser candidato ou eleitor. No Estado de Roraima, por exemplo, que é um Estado novo, foi Território, os juízes podem votar porque o Regimento do Tribunal de Justiça permite isso. Será que os outros Estados querem adotar esse procedimento? Nós não ouvimos os atuais Presidentes dos Tribunais de Justiça, não ouvimos os atuais desembargadores. Dos representantes do Judiciário que foram ouvidos naquela época, muitos já se aposentaram. Será que a ideia dos membros do Judiciário brasileiro é a mesma? Será que ainda vale a mesma ideia? Não! Isso já foi discutido há muitos anos. A realidade hoje é diferente. Além do mais, se isso vai valer para o Rio de Janeiro e São Paulo, porque não vai valer para os outros Estados? Nós vamos ferir o princípio da isonomia? Por que vai valer só para o Rio e para São Paulo a eleição de Presidente de Tribunal de Justiça através de juiz de primeira instância? Desse modo, não vamos ter uma federação. Que federação é essa em que, para dois Estados, a realidade é uma e, para os outros Estados, a realidade é outra? Então, não podemos deliberar sobre esta matéria neste momento. Temos que debatê-la, porque essa proposta sequer teve a admissibilidade aprovada na CCJ, não tramitou em nenhuma Comissão Especial. Vamos aproveitar uma proposta que está aí, uma minirreforma do Judiciário, que foi feita lá no Senado e que não vai ser votada aqui? O que se vai votar é uma proposta do Deputado Christino Aureo. Eu o respeito, mas entendo que essa proposta é uma invasão do Poder Legislativo no Judiciário. Por que vamos dizer quem vai escolher o Presidente do Tribunal de Justiça do Estado do Paraná, do Deputado Ricardo Barros? Somos nós aqui que vamos dizer isso? Eles têm esse poder. O poder é do Tribunal de Justiça. Não podemos mudar a estrutura do Executivo. Nós não podemos mudar a estrutura do Executivo! Nós temos limite de poder. O nosso poder, no Legislativo, é limitado. Eu vejo que há um limite. E esse limite ultrapassa o nosso limite no momento em que vamos aqui decidir mudar a nossa Constituição Federal, que diz que somos uma república federativa, uma federação constituída de várias unidades federativas, e essas unidades têm, cada uma, seu Judiciário e sua realidade. O meu Estado, o Maranhão, é totalmente diferente do Rio de Janeiro. O Estado de Roraima é totalmente diferente do Estado de São Paulo. Cada Estado tem a sua realidade. Portanto, eu entendo que não devemos proceder desta forma, votar matéria como esta, hoje, sem que haja maior discussão. Devemos ouvir os atuais Presidentes dos Tribunais de Justiça, os representantes da Justiça Federal, dos Tribunais Regionais Federais. Devemos ouvir os juízes federais, a Associação dos Juízes Federais do Brasil — AJUFE, ouvir o que pensa cada um hoje, porque o debate ocorreu tempos atrás. Esta matéria veio do Senado, e não vamos deliberar sobre ela. Portanto, eu me posiciono contra a aprovação desta PEC, porque ela fere de morte a tripartição dos Poderes."
Otoni de Paula,MDB,RJ,149.2022,ORDEM DO DIA,09/11/2022,18h56,DCD10/11/2022 PAG. 136,https://www.camara.leg.br/internet/sitaqweb/TextoHTML.asp?etapa=5&nuSessao=149.2022&nuQuarto=2686104&nuOrador=1&nuInsercao=1&dtHorarioQuarto=18%3A56&sgFaseSessao=OD&Data=09%2F11%2F2022&txApelido=Otoni+de+Paula&txFaseSessao=Ordem+do+Dia&txTipoSessao=Ordin%C3%A1ria+-+CD&dtHoraQuarto=18%3A56,"Regozijo com a votação do Projeto de Lei nº 1.776, de 2015, sobre a alteração do Decreto-Lei nº 2.848, de 1940 (Código Penal), das Leis nºs 7.210, de 1984 (Lei de Execução Penal), 8.069, de 1990 (Estatuto da Criança e do Adolescente), e 8.072, de 1990 (Lei dos Crimes Hediondos), para aumento da pena dos crimes contra a dignidade sexual de crianças e adolescentes e promoção da sua inserção no rol de crimes hediondos. Congratulações ao Deputado Paulo Freire e ao Delegado Clayton Bezerra, da Polícia Federal do Estado do Rio de Janeiro, pelo combate e prevenção à pedofilia.","O SR. OTONI DE PAULA (MDB - RJ. Pela ordem. Sem revisão do orador.) - Sr. Presidente, que honra poder, nesta legislatura, votar este projeto de lei que transforma a pedofilia em crime hediondo no nosso País. Parabéns, meu colega Deputado Paulo Freire Costa, autor deste tremendo e brilhante projeto! Eu quero neste momento fazer uma saudação especial. Vejam como a vida é cheia de felizes coincidências.  Hoje, Deputado Paulo Freire, nós estamos recebendo em nosso Parlamento o Delegado Clayton Bezerra, da Polícia Federal do Rio de Janeiro, especializado, Presidente Lincoln Portela, no combate à exploração sexual de nossas crianças. O Dr. Clayton tem feito vários trabalhos nesse sentido, e transformou esses trabalhos em dois excelentes livros: Pedofilia & Internet: ameaça real e Pedofilia: olho no comportamento por sinais de abuso sexual em crianças . Ele realiza esse trabalho nas escolas do Rio de Janeiro, fazendo com que os professores sejam treinados a perceber quando uma criança está sendo abusada sexualmente. Portanto, mais uma vez, parabéns ao querido Dr. Clayton por esse trabalho. Parabéns ao Deputado Paulo Freire! Parabéns a esta Casa, pelo voto unânime para transformarmos o abuso infantil em crime hediondo! Que Deus abençoe as nossas crianças e que elas sejam protegidas de qualquer tipo de abuso."
Hildo Rocha,MDB,MA,149.2022,ORDEM DO DIA,09/11/2022,18h36,DCD10/11/2022 PAG. 130,https://www.camara.leg.br/internet/sitaqweb/TextoHTML.asp?etapa=5&nuSessao=149.2022&nuQuarto=2686048&nuOrador=1&nuInsercao=1&dtHorarioQuarto=18%3A36&sgFaseSessao=OD&Data=09%2F11%2F2022&txApelido=Hildo+Rocha&txFaseSessao=Ordem+do+Dia&txTipoSessao=Ordin%C3%A1ria+-+CD&dtHoraQuarto=18%3A36,"Orientação de bancada na votação da Subemenda Substitutiva Global apresentada ao Projeto de Lei nº 1.776, de 2015, sobre a alteração do Decreto-Lei nº 2.848, de 1940 (Código Penal), das Leis nºs 7.210, de 1984 (Lei de Execução Penal), 8.069, de 1990 (Estatuto da Criança e do Adolescente), e 8.072, de 1990 (Lei dos Crimes Hediondos), para aumento da pena dos crimes contra a dignidade sexual de crianças e adolescentes e promoção da sua inserção no rol de crimes hediondos.","O SR. HILDO ROCHA (MDB - MA. Pela ordem. Sem revisão do orador.) - Sr. Presidente, Deputado Lincoln Portela, o MDB, de forma unânime, vota a favor desta proposta de lei da Deputada Clarissa Garotinho e do Deputado Paulo Freire Costa, com a melhoria feita pelo Deputado Charlles Evangelista, que relatou bem essa proposta. Deputados apresentaram projetos de lei que foram apensados a essa proposta inicial, que foi melhorada. Graças a esses Parlamentares, nós agora estamos punindo da forma como deve ser punido o pedófilo, porque esse realmente é um crime hediondo. No Maranhão, na semana passada, um delinquente, numa dessas ""saidinhas"", estuprou a sua sobrinha de 11 anos de idade. Já havia cometido crime desse naipe, desse tipo e teve oportunidade, numa ""saidinha"", de continuar cometendo o crime de pedofilia contra um parente seu. Portanto, este projeto vem para impedir que fato como esse volte a acontecer. Espero que este projeto seja aprovado o mais rapidamente possível na Casa Revisora, o Senado Federal, e que se transforme em lei, porque nós precisamos realmente dar resposta a esse tipo de crime, que não é só físico, porque é transmitido através de fotografias, vídeos e de outras formas que promovem o fomento de práticas como essa. Portanto, o MDB, de forma unânime, vota sim""."
Hildo Rocha,MDB,MA,149.2022,ORDEM DO DIA,09/11/2022,17h56,DCD10/11/2022 PAG. 119,https://www.camara.leg.br/internet/sitaqweb/TextoHTML.asp?etapa=5&nuSessao=149.2022&nuQuarto=2685976&nuOrador=1&nuInsercao=1&dtHorarioQuarto=17%3A56&sgFaseSessao=OD&Data=09%2F11%2F2022&txApelido=Hildo+Rocha&txFaseSessao=Ordem+do+Dia&txTipoSessao=Ordin%C3%A1ria+-+CD&dtHoraQuarto=17%3A56,"Discussão do Projeto de Lei nº 1.776, de 2015, sobre a alteração do Decreto-Lei nº 2.848, de 1940 (Código Penal), das Leis nºs 7.210, de 1984 (Lei de Execução Penal), 8.069, de 1990 (Estatuto da Criança e do Adolescente), e 8.072, de 1990 (Lei dos Crimes Hediondos), para aumento da pena dos crimes contra a dignidade sexual de crianças e adolescentes e promoção da sua inserção no rol de crimes hediondos.","O SR. HILDO ROCHA (MDB - MA. Sem revisão do orador.) - Sr. Presidente, Deputado Lincoln Portela, Srs. Deputados, Sras. Deputadas, eu me inscrevi para falar a favor da aprovação desse projeto de lei porque entendo que o combate à pedofilia tem que ser endurecido, sem dúvida alguma. Trata-se de um dos crimes mais bárbaros que podem acontecer, que prejudica todo o futuro de uma criança, que é, logicamente, barbarizada, muitas vezes através da utilização de vídeos espalhados pela Internet, e também de outras formas ainda mais bárbaras. Portanto, eu entendo que a pedofilia tem que ser considerada um crime hediondo, porque aquela pessoa que pratica a pedofilia é capaz de cometer qualquer tipo de crime. Então, vejo que nós temos que enquadrar realmente a pedofilia como um crime bárbaro, um crime hediondo, e que a pena seja capaz de fazer com que aquele pedófilo pague pelos crimes cometidos. Logicamente, o Relator vem trazendo um relatório que melhora ainda mais a proposta original, e nós, obviamente, somos a favor. Peço aos colegas Deputados e Deputadas que consigamos colocar a pedofilia no rol de crimes hediondos, para que tanto homens quanto mulheres que cometerem esse crime — não são apenas homens, também há mulheres que cometem esse tipo de crime — possam ser punidos proporcionalmente ao tamanho do crime que eles cometerem, que é, de fato, um crime hediondo. Então, peço o apoio de todos os Deputados e Deputadas."
Hildo Rocha,MDB,MA,149.2022,ORDEM DO DIA,09/11/2022,17h32,DCD10/11/2022 PAG. 109,https://www.camara.leg.br/internet/sitaqweb/TextoHTML.asp?etapa=5&nuSessao=149.2022&nuQuarto=2685927&nuOrador=1&nuInsercao=1&dtHorarioQuarto=17%3A32&sgFaseSessao=OD&Data=09%2F11%2F2022&txApelido=Hildo+Rocha&txFaseSessao=Ordem+do+Dia&txTipoSessao=Ordin%C3%A1ria+-+CD&dtHoraQuarto=17%3A32,"Orientação de bancada na votação do requerimento de destaque para votação em separado, para fins de supressão, da expressão devidamente atestado por profissional habilitado, presente no § 2°, do art. 49, da Lei 9.605, de 1998, inserido pelo art. 2° do substitutivo do Relator de Plenário, e, por decorrência, do art. 3° do referido substitutivo apresentado ao Projeto de Lei nº 542, de 2022, sobre alteração da Lei nº 9.605, de 1998 (Lei de Crimes Ambientais), para o estabelecimento da não configuração de crime a poda ou o corte de árvore em logradouros públicos ou em propriedades privadas no caso de não atendimento pelo órgão ambiental do pedido de supressão feito em razão da possibilidade de ocorrência de acidente, e para permissão da contratação de profissional habilitado para a execução do serviço de poda ou de corte de árvore.","O SR. HILDO ROCHA (MDB - MA. Pela ordem. Sem revisão do orador.) - Presidente Lincoln Portela, o MDB vai orientar ""sim"", acompanhar o Relator, o Deputado Gil Cutrim, que fez um belíssimo trabalho, com uma proposta do Deputado Vinicius Carvalho, que trata de podas de árvores. Embora o NOVO tenha certa razão quanto à questão do profissional, temos o entendimento da maioria do partido de que devemos acompanhar o voto do Relator. Por isso o MDB vota ""sim""."
Hildo Rocha,MDB,MA,149.2022,BREVES COMUNICAÇÕES,09/11/2022,16h20,DCD10/11/2022 PAG. 76,https://www.camara.leg.br/internet/sitaqweb/TextoHTML.asp?etapa=5&nuSessao=149.2022&nuQuarto=2685713&nuOrador=1&nuInsercao=1&dtHorarioQuarto=16%3A20&sgFaseSessao=BC&Data=09%2F11%2F2022&txApelido=Hildo+Rocha&txFaseSessao=Breves+Comunica%C3%A7%C3%B5es&txTipoSessao=Ordin%C3%A1ria+-+CD&dtHoraQuarto=16%3A20,"Transcurso dos aniversários de emancipação político-administrativa dos Municípios de Água Doce do Maranhão, Buriticupu, Buritirana, Campestre do Maranhão, Cidelândia, Fernando Falcão, Governador Edison Lobão, Lago dos Rodrigues, Matões do Norte, Milagres do Maranhão, Ribamar Fiquene, São Francisco do Brejão e São Pedro dos Crentes, Estado do Maranhão.","O SR. HILDO ROCHA (MDB - MA. Sem revisão do orador.) - Muito obrigado, Deputado Dr. Zacharias Calil, que preside neste momento a sessão. Estou utilizando a tribuna da Câmara dos Deputados na tarde de hoje para parabenizar a população de vários Municípios do Maranhão que esta semana estão completando mais um ano de emancipação político-administrativa, mais um ano de independência. Quero aqui parabenizar os moradores de Água Doce do Maranhão, cidade linda, bonita, muito bem administrada pela minha querida amiga e excelente Prefeita Thalita Dias, que faz um belíssimo trabalho. Parabéns, Água Doce e população! Parabenizo também Buriticupu por mais um ano de independência, assim como Buritirana, que é também muito bem administrado pelo Prefeito Tony Brandão, que está fazendo uma belíssima gestão e tem tido o apoio sempre do Deputado Hildo Rocha. Quero cumprimentar e parabenizar a população de Campestre do Maranhão por mais um ano de independência, igualmente Cidelândia, com o Prefeito Fernando, que administra aquela cidade, e todos os Vereadores, através do Keke Teixeira, que foi candidato a Deputado Estadual, Primeiro Suplente de Deputado Estadual pelo MDB. Quero cumprimentar a cidade de Fernando Falcão. Aproveito para cumprimentar a querida Prefeita Raimunda, em nome de quem cumprimento todos os seus habitantes. Essa cidade, por três vezes consecutivas, fez-me o Deputado mais bem votado do Município. A essa cidade eu tenho tido a oportunidade, que Deus me deu, de levar vários benefícios. Esta semana vai ser inaugurada a iluminação do estádio de futebol, Em poucos dias vai ser iniciada uma praça também. Tudo isso com recursos de emenda do Deputado Hildo Rocha. Quero cumprimentar também o Município de Governador Edison Lobão, que recebeu muitas emendas. A pavimentação do povoado Bananal está sendo concluída, graças à emenda do Deputado Hildo Rocha. Cumprimento também o Lago dos Rodrigues, através do Prefeito Valdemar da Serraria. Ele é um grande Prefeito, uma pessoa que também tem ajudado muito a melhorar a qualidade de vida da população de Lago dos Rodrigues. Cumprimento todos os moradores daquela linda cidade. Cumprimento os moradores da cidade Matões do Norte, cidade que ajudei a criar na época em que eu era ainda Vereador da cidade de Cantanhede. Cumprimento o Prefeito Solimar e parabenizo a população. O Prefeito Solimar para mim é o melhor gestor da BR-135. Uma das cidades mais bonitas de toda a BR-135 é Matões do Norte. Cumprimento também Milagres do Maranhão e parabenizo o Prefeito Gugu, que faz uma excelente administração. Milagres do Maranhão é o Município onde fui mais bem votado proporcionalmente. Fui o Deputado Federal mais votado pela segunda vez consecutiva. Tenho levado benefícios àquela cidade, graças à administração do Gugu e dos Vereadores e Secretários que ajudam. Quero também parabenizar o Município de Ribamar Fiquene, que vai aniversariar também esta semana, assim como o Município de São Francisco do Brejão, que também completa mais um ano. Igualmente parabenizo São Pedro dos Crentes. Sr. Presidente, peço que o meu pronunciamento seja divulgado pelos meios de comunicação da Casa e no programa A Voz do Brasil . Sr. Presidente, agradeço por esta oportunidade e que Deus o proteja sempre."
Newton Cardoso Jr,MDB,MG,149.2022,BREVES COMUNICAÇÕES,09/11/2022,16h04,DCD10/11/2022 PAG. 71,https://www.camara.leg.br/internet/sitaqweb/TextoHTML.asp?etapa=5&nuSessao=149.2022&nuQuarto=2685697&nuOrador=1&nuInsercao=1&dtHorarioQuarto=16%3A04&sgFaseSessao=BC&Data=09%2F11%2F2022&txApelido=Newton+Cardoso+Jr&txFaseSessao=Breves+Comunica%C3%A7%C3%B5es&txTipoSessao=Ordin%C3%A1ria+-+CD&dtHoraQuarto=16%3A04,"Presença no Congresso Nacional dos Srs. Élder Parrella e Élder Rasband, membros da Igreja de Jesus Cristo dos Santos dos Últimos Dias. Agradecimento aos religiosos pela oferta de cópia do Livro de Mórmon ao orador.","O SR. NEWTON CARDOSO JR (MDB - MG. Sem revisão do orador.) - Sra. Presidente, caros colegas Parlamentares, muito obrigado por este espaço, ainda que breve. Eu venho saudar a presença nesta Casa, na tarde de hoje, da Igreja de Jesus Cristo dos Santos dos Últimos Dias, representada neste momento pelo Élder Rasband e pelo Élder Parrella. Eles estão aqui para fazer uma visita cordial ao Congresso Nacional e ao Brasil. Élder Rasband é um dos doze apóstolos mundiais da representação máxima da igreja. Hoje eles nos agraciam com uma cópia do Livro de Mórmon, como forma de agradecimento pela visita que abrimos a eles nesta tarde. Em nome dos Srs. Élder Parrella e Élder Rasband, agradeço o livro e dou as boas-vindas do Congresso Nacional a eles e, especialmente, ao nosso apóstolo da igreja ao Brasil, lembrando a importância deste espaço e desta comunicação qualificada. Agradeço a Deus estes momentos. Muito obrigado."
Otoni de Paula,MDB,RJ,149.2022,BREVES COMUNICAÇÕES,09/11/2022,15h48,DCD10/11/2022 PAG. 66,https://www.camara.leg.br/internet/sitaqweb/TextoHTML.asp?etapa=5&nuSessao=149.2022&nuQuarto=2685684&nuOrador=1&nuInsercao=1&dtHorarioQuarto=15%3A48&sgFaseSessao=BC&Data=09%2F11%2F2022&txApelido=Otoni+de+Paula&txFaseSessao=Breves+Comunica%C3%A7%C3%B5es&txTipoSessao=Ordin%C3%A1ria+-+CD&dtHoraQuarto=15%3A48,Importância das guardas municipais como forças auxiliares da segurança pública no País. Necessidade de armamento da Guarda Municipal do Estado do Rio de Janeiro.,"O SR. OTONI DE PAULA (MDB - RJ. Sem revisão do orador.) - Srs. Deputados, povo brasileiro, em especial o povo do meu Estado, o Rio de Janeiro, e mais especialmente ainda o da minha cidade, a Cidade Maravilhosa, a cidade do Rio de Janeiro, embora seja uma força auxiliar de segurança pública, o papel da Guarda Municipal na segurança pública não pode mais ser relegado a um segundo plano. A prova disso é que o plenário do STF invalidou há mais de 1 ano a proibição de porte de armas para guardas municipais de cidades com menos de 50 mil habitantes. Ou seja, essa decisão autorizou o porte de armas para todas as guardas municipais do Brasil, sem distinção em relação à quantidade de habitantes do Município, tamanha é a importância de nós termos guardas municipais armados como coadjuvantes no serviço da segurança pública. O art. 144 da nossa Constituição Federal diz que a segurança pública é um dever do Estado, direito e responsabilidade de todos, exercida para a preservação da ordem pública e da incolumidade das pessoas e do patrimônio. Portanto, senhores, as prefeituras não podem se esquivar da sua clara responsabilidade, mesmo tendo a Guarda Municipal papel de força auxiliar de segurança pública, agindo em auxílio à atuação das forças do Estado, no que concerne a essa grande missão estatal da segurança pública. Volto a dizer que o papel da Guarda Municipal é fundamental. Não podemos mais deixar a Guarda Municipal como coadjuvante.  Temos que trazê-la, como a de São Paulo, Deputado Pr. Marco Feliciano, para este protagonismo do papel da segurança pública, ainda que como força auxiliar. Como se explica minha cidade, o Rio de Janeiro, ter uma Guarda Municipal qualificada, e não torná-la armada? Para termos ideia, dados de 2020 dão conta de que a proporção de Municípios com Guarda Municipal armada subiu para 22,4%. Não podemos reduzir o trabalho da Guarda Municipal, principalmente a da cidade do Rio de Janeiro, a uma perseguição a camelôs. Minha confiança na Guarda Municipal! Que o tema ligado à Guarda Municipal armada seja corajosamente debatido pelos candidatos à Prefeitura não só da cidade do Rio de Janeiro, mas também de outros Municípios do meu querido Estado do Rio de Janeiro! Aos guardas municipais da cidade do Rio de Janeiro e aos de todo o meu Estado meu respeito, minha solidariedade e minha confiança!"
Hildo Rocha,MDB,MA,147.2022,ORDEM DO DIA,08/11/2022,21h16,DCD09/11/2022 PAG. 190,https://www.camara.leg.br/internet/sitaqweb/TextoHTML.asp?etapa=5&nuSessao=147.2022&nuQuarto=2682207&nuOrador=1&nuInsercao=1&dtHorarioQuarto=21%3A16&sgFaseSessao=OD&Data=08%2F11%2F2022&txApelido=Hildo+Rocha&txFaseSessao=Ordem+do+Dia&txTipoSessao=Ordin%C3%A1ria+-+CD&dtHoraQuarto=21%3A16,"Orientação de bancada na votação da Emenda de Plenário nº 14, oferecida ao Projeto de Lei Complementar nº 17, de 2022, sobre o estabelecimento de normas gerais relativas a direitos, garantias e deveres do contribuinte, principalmente quanto a sua interação perante a Fazenda Pública e sobre a disposição de critérios para a responsabilidade tributária.","O SR. HILDO ROCHA (MDB - MA. Pela ordem. Sem revisão do orador.) - Sr. Presidente, o MDB vai orientar ""não"". Logicamente, quero parabenizar o autor desta proposta de código do contribuinte, o Deputado Felipe Rigoni. Nós não somos a favor de que um projeto de lei venha diretamente para o Plenário, sem passar pelas Comissões. Entretanto, o Relator Pedro Paulo nos dá segurança, porque ele conhece a matéria — aproveito para cumprimentá-lo pela relatoria do proposta. O projeto, sem dúvida nenhuma, poderia ser melhor, se tivesse tramitado nas Comissões. Mas o Deputado Pedro Paulo fez um belíssimo trabalho. Este projeto ainda será apreciado pelo Senado, porque temos um Legislativo bicameral. Naquela Casa, sem dúvida nenhuma, o projeto pode ser melhorado ainda mais. Então, o MDB orienta ""não""."
Newton Cardoso Jr,MDB,MG,147.2022,ORDEM DO DIA,08/11/2022,20h00,DCD09/11/2022 PAG. 160,https://www.camara.leg.br/internet/sitaqweb/TextoHTML.asp?etapa=5&nuSessao=147.2022&nuQuarto=2681236&nuOrador=1&nuInsercao=1&dtHorarioQuarto=20%3A00&sgFaseSessao=OD&Data=08%2F11%2F2022&txApelido=Newton+Cardoso+Jr&txFaseSessao=Ordem+do+Dia&txTipoSessao=Ordin%C3%A1ria+-+CD&dtHoraQuarto=20%3A00,"Preocupação do orador com os danos causados pelo excesso de chuvas às rodovias do Estado de Minas Gerais. Presença, na Casa, do Prefeito Walter Júnior, do Município de Nova Módica, Estado de Minas Gerais. Elevado percentual de votos concedidos ao orador na municipalidade.","O SR. NEWTON CARDOSO JR (MDB - MG. Pela ordem. Sem revisão do orador.) - Presidente, enquanto V.Exa. não encerra a votação, peço licença para trazer um alerta preocupante nesta tarde: diversas cidades em Minas Gerais foram acometidas por chuvas fortíssimas, como a que ocorreu no Município de Lagoa da Prata, onde, inclusive, houve queda de granizo. Houve, inclusive, fechamento das rodovias, devido ao excesso de granizo. Portanto, quero chamar a atenção da nossa Defesa Civil e de órgãos como o nosso Departamento de Estradas de Rodagem — DER de Minas Gerais e também o Departamento Nacional de Infraestrutura de Transportes — DNIT, que é nacional, para que voltem os olhos para os graves danos que poderão ocorrer em nossas rodovias após essas graves chuvas. E quero destacar e agradecer, mais uma vez, Sr. Presidente, a presença neste Plenário do Prefeito do Município de Nova Módica, de Minas Gerais. O Prefeito Walter Júnior, que, com toda a sua comitiva, faz-se presente, nesta tarde e início de noite, para participar conosco dos trabalhos desta Casa. E venho também fazer um agradecimento ao Prefeito, porque tive, nas eleições de 2022, mais de 70% dos votos daquele Município de Nova Módica. Portanto, sou grato à equipe e ao trabalho desse nosso grupo maravilhoso em Nova Módica. E faço este agradecimento na pessoa do nosso ilustre Prefeito Walter Júnior."
Isnaldo Bulhões Jr.,MDB,AL,147.2022,ORDEM DO DIA,08/11/2022,18h12,DCD09/11/2022 PAG. 115,https://www.camara.leg.br/internet/sitaqweb/TextoHTML.asp?etapa=5&nuSessao=147.2022&nuQuarto=2683651&nuOrador=1&nuInsercao=1&dtHorarioQuarto=18%3A12&sgFaseSessao=OD&Data=08%2F11%2F2022&txApelido=Isnaldo+Bulh%C3%B5es+Jr.&txFaseSessao=Ordem+do+Dia&txTipoSessao=Ordin%C3%A1ria+-+CD&dtHoraQuarto=18%3A12,"Orientação de bancada na votação da Medida Provisória nº 1.128, de 2022, sobre o tratamento tributário aplicável às perdas incorridas no recebimento de créditos decorrentes das atividades das instituições financeiras e das demais instituições autorizadas a funcionamento pelo Banco Central do Brasil, ressalvados os destaques.","O SR. ISNALDO BULHÕES JR. (MDB - AL. Pela ordem. Sem revisão do orador.) - Sr. Presidente, primeiro eu quero registrar que a compreensão que tive na reunião de Líderes hoje, de parte dos Líderes, foi que esta matéria não seria votada hoje. Foi o entendimento que tive. Não sei se houve acordo, apesar de não ter sido consultado. O SR. PRESIDENTE (Arthur Lira. PP - AL) - Como? O SR. ISNALDO BULHÕES JR. (MDB - AL) - A compreensão que tive, só para registro, hoje, na reunião de Líderes, foi que esta matéria não entraria em votação. O SR. PRESIDENTE (Arthur Lira. PP - AL) - Não seria votada se a Presidência ... Eu era o único que estava resistindo a pautar esta matéria, Deputado Isnaldo Bulhões Jr... O SR. ISNALDO BULHÕES JR. (MDB - AL) - Exatamente. O SR. PRESIDENTE (Arthur Lira. PP - AL) - ... mas todos os Líderes da Casa, da Oposição e do Governo, cansaram de me fazer apelo para votar esta matéria. A crítica que eu faço a esta matéria é que ela não tem urgência que importe o seu tratamento através de medida provisória. Ela poderia ter sido tratada através de projeto de lei com urgência constitucional. É uma medida provisória que vai ter seus efeitos para 2025. Mas quando eu vi que todos os Líderes estavam a favor, eu ia ser contra e não pautar a matéria? Então, a matéria está pautada. O SR. ISNALDO BULHÕES JR. (MDB - AL) - Eu tenho a mesma compreensão de V.Exa. Esse era o registro que queria fazer. Se realmente houve o acordo, quem sou eu para ir de encontro ao acordo da maioria das Lideranças, até porque eu não aqui no plenário no momento acordado? Portanto, a orientação de mérito é ""sim"", Presidente."
Otoni de Paula,MDB,RJ,147.2022,BREVES COMUNICAÇÕES,08/11/2022,16h08,DCD09/11/2022 PAG. 62,https://www.camara.leg.br/internet/sitaqweb/TextoHTML.asp?etapa=5&nuSessao=147.2022&nuQuarto=2680870&nuOrador=1&nuInsercao=1&dtHorarioQuarto=16%3A08&sgFaseSessao=BC&Data=08%2F11%2F2022&txApelido=Otoni+de+Paula&txFaseSessao=Breves+Comunica%C3%A7%C3%B5es&txTipoSessao=Ordin%C3%A1ria+-+CD&dtHoraQuarto=16%3A08,"Artigo Para defender a democracia, a Suprema Corte do Brasil está indo longe demais?, publicado pelo jornal The New York Times. Realização de manifestações no País contra o resultado das urnas. Aguardo do relatório das Forças Armadas brasileiras a respeito das eleições presidenciais.","O SR. OTONI DE PAULA (MDB - RJ. Sem revisão do orador.) - Srs. Parlamentares, povo brasileiro, esta semana, o The New York Times , o maior jornal americano, trouxe um artigo em que faz o retrato do desequilíbrio entre os Poderes desta Nação. O The New York Times diz o seguinte: “Para defender a democracia, a Suprema Corte do Brasil está indo longe demais?” Meu colega Deputado Dr. Jaziel, há de se perguntar por que o povo brasileiro, em uma grande representação, está indo às ruas, ocupando a porta dos quartéis? Alguém acha, de verdade, que esse povo é golpista? Alguém acha, em sã consciência, que o chefe de família, ou a mãe, ou o trabalhador, vestindo verde e amarelo, é golpista? Só na boca de Deputados desse partido das trevas que é o PT! Só na boca da Esquerda! Na verdade, esse povo está angustiado. O que levou esse povo às ruas é o golpe moral praticado pelas altas Cortes do País. Não há o que se questionar até que amanhã saiam o registro e o relatório das Forças Armadas. Mas até amanhã não há de se questionar fraudes nas urnas. Não!  Vamos esperar para saber se há provas no relatório. Se não houver, segue-se o jogo, ganhar ou perder faz parte da democracia. Agora, se não houve fraude eleitoral, houve fraude moral. Por quê? Isso acontece quando os tribunais e aqueles que estão decidindo o jogo, porque são os seus juízes, tomam o campo, definem o lado no meio do jogo. Portanto, quero me dirigir à população que está nas ruas: mantenhamos firmes o nosso ponto democrático e aguardemos até amanhã o relatório das Forças Armadas. Nenhum passo atrás! Não se intimidem! Faz parte da democracia! Quem os colocou nas ruas foi, sem dúvida, o Tribunal Superior Eleitoral, com sua interferência, dentro desta Casa, que impediu que a Câmara dos Deputados aprovasse o voto auditado. Não se apaga fogo com gasolina!"
Otoni de Paula,MDB,RJ,145.2022,ORDEM DO DIA,07/11/2022,20h24,DCD08/11/2022 PAG. 79,https://www.camara.leg.br/internet/sitaqweb/TextoHTML.asp?etapa=5&nuSessao=145.2022&nuQuarto=2677601&nuOrador=1&nuInsercao=1&dtHorarioQuarto=20%3A24&sgFaseSessao=OD&Data=07%2F11%2F2022&txApelido=Otoni+de+Paula&txFaseSessao=Ordem+do+Dia&txTipoSessao=Ordin%C3%A1ria+-+CD&dtHoraQuarto=20%3A24,"Questionamento da urgência e finalidade de empréstimo milionário realizado pelo Prefeito Municipal do Rio de Janeiro, Eduardo Paes, junto ao Banco Interamericano de Desenvolvimento - BID.","O SR. OTONI DE PAULA (MDB - RJ. Pela ordem. Sem revisão do orador.) - Desta tribuna eu quero manifestar a minha preocupação com o andamento da saúde financeira da Prefeitura da cidade do Rio de Janeiro. Isso porque o Prefeito Eduardo Paes, autorizado pela Câmara Municipal do Rio de Janeiro, da qual um dia eu tive a honra de fazer parte, pegou um empréstimo de 700 milhões de reais no BID — Banco Interamericano de Desenvolvimento. Bem, é natural que governos, quando precisam fazer algum investimento mais emergencial e não havendo caixa para isso, usem o expediente do empréstimo. Até aí nada de mais. No entanto, o que me chama a atenção nesse pedido de empréstimo feito pelo Prefeito Eduardo Paes são alguns pontos que precisam ser analisados. Primeiro: o Prefeito não mostra nenhum tipo de urgência e necessidade desse empréstimo, até porque ele não define como esse empréstimo será usado como corolário, não diz a que esse empréstimo de 700 milhões de reais será destinado. O outro ponto, para o qual eu preciso chamar a atenção dos munícipes da cidade do Rio de Janeiro, dos cariocas, como eu, é o seguinte: o que precisa ser resolvido pelo Prefeito Eduardo Paes que necessita de tanta urgência e não pode ser deixado para amanhã? Ora, senhores, esse empréstimo milionário que Paes está contraindo agora quem vai pagar será a próxima geração, já que, para esse empréstimo, ele está dando, pela cidade do Rio de Janeiro, o compromisso de pagamento pelos próximos 20 anos. Portanto, nós precisamos ficar de olho nessas necessidades emergenciais que o Prefeito Eduardo Paes faz surgir agora que o novo ciclo da próxima eleição de 2024 se aproxima. O certo é que nós estamos entrando com um requerimento de informação para que o Prefeito Eduardo Paes possa responder sobre a execução desse projeto e fale também sobre a urgência dele. O dinheiro público precisa ser tratado com respeito, pois é fruto do trabalho, neste caso, de cada mulher trabalhadora, de cada homem trabalhador da cidade do Rio de Janeiro."
Otoni de Paula,MDB,RJ,145.2022,BREVES COMUNICAÇÕES,07/11/2022,18h52,DCD08/11/2022 PAG. 47,https://www.camara.leg.br/internet/sitaqweb/TextoHTML.asp?etapa=5&nuSessao=145.2022&nuQuarto=2677502&nuOrador=1&nuInsercao=1&dtHorarioQuarto=18%3A52&sgFaseSessao=BC&Data=07%2F11%2F2022&txApelido=Otoni+de+Paula&txFaseSessao=Breves+Comunica%C3%A7%C3%B5es&txTipoSessao=Ordin%C3%A1ria+-+CD&dtHoraQuarto=18%3A52,Repúdio às manifestações preconceituosas do ex-Deputado José Genoíno contra a comunidade evangélica.,"O SR. OTONI DE PAULA (MDB - RJ. Pela ordem. Sem revisão do orador.) - Sr. Presidente e Srs. Deputados, eu volto à tribuna para manifestar o meu total repúdio, em nome da Frente Parlamentar Evangélica, às falas preconceituosas de José Genoíno, a mente brilhante e maléfica do partido das trevas, contra os evangélicos, contra a Igreja. Eles ainda não assumiram o poder, mas já elegeram a comunidade evangélica como os adversários a serem manietados, a serem vencidos. José Genoíno disse que uma das formas de parar o avanço da influência da Igreja é tributá-la. Isso foi dito na entrevista que ele deu ao blog Diário do Centro do Mundo. Genoíno continua seus ataques à Igreja, chamando os pastores de ""figuras toscas"". Diz ele: ""Nós também vamos criando uma massa crítica a esse fundamentalismo, a essas figuras toscas, a essas figuras fundamentalistas"" . E, por fim, Genoíno assume que neste Governo haverá uma batalha contra a Igreja: ""E eu acho que nós vamos ter que fazer uma batalha mesmo, ainda no plano das ideias, para depois chegar aos finalmentes"" . O que são esses ""finalmentes""? Eu fiquei em dúvida e talvez os Deputados do PT possam me responder. Primeiro, é uma batalha de ideias contra os evangélicos, para depois chegar aos ""finalmentes""? Que ""finalmentes"" são esses? É o fechamento das igrejas ou o direito de a Igreja se manifestar politicamente? Genoíno termina seus ataques nessa entrevista, dizendo que o PT tem uma agenda, e que essa agenda é contra a Igreja. Disse Genoíno: ""Então, eu acho que é um desafio que a gente"" — ou seja, o PT — ""tem que botar na nossa agenda, para ver qual é o melhor caminho para enfrentar"" . Essa novela nós já tínhamos denunciado durante a campanha eleitoral, mas o mesmo partido, o mesmo Lula, que mentiu ao dizer que manteria os 600 reais, com mais 150 reais para cada filho menor de 6 anos, mentiu também ao dizer que ataques contra a Igreja eram fake news de Bolsonaro. É uma pena que muitos foram enganados, mas nós estaremos aqui — sim, nós os fundamentalistas —, dizendo que a Igreja não é fundamentalista, Genoíno. A Igreja é fundamental para esta sociedade."
Hildo Rocha,MDB,MA,145.2022,BREVES COMUNICAÇÕES,07/11/2022,18h48,DCD08/11/2022 PAG. 46,https://www.camara.leg.br/internet/sitaqweb/TextoHTML.asp?etapa=5&nuSessao=145.2022&nuQuarto=2677499&nuOrador=1&nuInsercao=1&dtHorarioQuarto=18%3A48&sgFaseSessao=BC&Data=07%2F11%2F2022&txApelido=Hildo+Rocha&txFaseSessao=Breves+Comunica%C3%A7%C3%B5es&txTipoSessao=Ordin%C3%A1ria+-+CD&dtHoraQuarto=18%3A48,"Homenagem póstuma ao médico e ex-Secretário de Saúde do Estado do Maranhão, Abdon Murad.","O SR. HILDO ROCHA (MDB - MA. Sem revisão do orador.) - Muito obrigado, Deputado Gilberto Nascimento, que preside a sessão neste momento. Parabenizo V.Exa. pela sua reeleição, por um povo inteligente, que soube reeleger um Deputado muito atuante como V.Exa. é. Quero parabenizar também os colegas que se reelegeram. Cumprimento todos os Deputados e Deputadas que aqui se encontram. Sr. Presidente, eu queria apenas que se ajustasse o tempo para 3 minutos. Sr. Presidente, estou utilizando a tribuna da Câmara dos Deputados neste momento para registrar, nos Anais da Casa, o falecimento, no último sábado, de Abdon Murad, grande médico e Presidente do Conselho Regional de Medicina do Maranhão. Ele era provedor da Santa Casa de Misericórdia de São Luís e foi, por duas vezes, Secretário de Estado da Saúde, além de Vereador da nossa Capital, São Luís. Era uma pessoa muito querida no Maranhão inteiro. Eu tive a oportunidade, que Deus me deu, de prezar da amizade dele. Era uma pessoa muito bondosa, uma pessoa que fazia muitos favores, uma pessoa que realmente seguia os ensinamentos de Deus baseado no cristianismo. Ele dedicava boa parte da vida a auxiliar aqueles que mais precisavam de saúde pública, através dos seus serviços na Santa Casa de Misericórdia. Ele foi também um professor muito conceituado na Universidade Federal do Maranhão. Dr. Abdon morreu novo ainda, com 68 anos de idade, vítima de um câncer que enfrentava já há bastante tempo. Eu quero aqui registrar as minhas condolências a toda a família. Espero que Deus os conforte. Tenho certeza de que nós perdemos um grande homem, um grande maranhense, um grande brasileiro, um grande médico, mas Deus o recebeu e está ao lado dele, que vai interceder por todos nós para que possamos ter mais saúde e melhores serviços de saúde pública. Afinal de contas, quando foi Secretário da Saúde do Maranhão, ele fez um belíssimo trabalho, como com a construção de unidades de saúde importantes em várias localidades do Estado. Ele sempre foi uma pessoa muito humilde e querida, e deixou muitos amigos e admiradores. Portanto, registro nos Anais da Câmara dos Deputados o falecimento desse grande brasileiro, grande maranhense, grande médico, grande cristão, pessoa de bom coração, Abdon Murad. Muito obrigado, Sr. Presidente. Peço a V.Exa. que meu pronunciamento seja divulgado no programa A Voz do Brasil ."
Otoni de Paula,MDB,RJ,145.2022,BREVES COMUNICAÇÕES,07/11/2022,17h04,DCD08/11/2022 PAG. 19,https://www.camara.leg.br/internet/sitaqweb/TextoHTML.asp?etapa=5&nuSessao=145.2022&nuQuarto=2677403&nuOrador=1&nuInsercao=1&dtHorarioQuarto=17%3A04&sgFaseSessao=BC&Data=07%2F11%2F2022&txApelido=Otoni+de+Paula&txFaseSessao=Breves+Comunica%C3%A7%C3%B5es&txTipoSessao=Ordin%C3%A1ria+-+CD&dtHoraQuarto=17%3A04,Alerta sobre a intenção do PT de perseguição à comunidade evangélica brasileira.,"O SR. OTONI DE PAULA (MDB - RJ. Sem revisão do orador.) - Povo brasileiro, eu subo a esta tribuna para me dirigir em especial aos cristãos do Brasil, pois o ataque do ""Partido das Trevas"" começou mesmo antes de eles tomarem posse. José Genoino, uma das cabeças malignas e pensantes do ""Partido das Trevas"", em uma entrevista ao Diário do Centro do Mundo , um diário esquerdista, responde ao blogueiro Kiko Nogueira quando ele pergunta: ""O que você acha que deve ser o approach da Esquerda com a questão dos evangélicos? São milhões de extrema-direita"". Aí, outra blogueira, Sara Vivacqua, diz: ""Genoino, eu acho assim, essa questão da igreja não teria que ser regulada? Não teria que ter algum tipo de restrição? Como é que você vê isso para além de trabalhar com as bases? Nós temos um problema"" — vejam que ela diz que o PT tem um problema, os evangélicos. ""São o quinto poder. Têm até território"" . Então, o cérebro maligno pensante do PT, José Genoino, diz: ""Nós temos que tratar institucionalmente esse problema"". Ou seja, a igreja e os evangélicos são um problema para o PT. Agora, com muita habilidade, continua Genoino: ""Para que eles"" — os evangélicos — "" não nos coloquem como perseguidores da igreja, nós vamos ter que fazer isso de forma bem equilibrada"". Continua Genoino: ""Isso não pode começar com eles"" — os evangélicos. ""Tem que começar, por exemplo, mudando o sistema tributário"". Ou seja, querem tributar a igreja. E continua: ""Temos que fazer uma 'reforma agrária' — entre aspas —, ""no ar, para depois chegar à terra. E, ao chegar à terra"" — a terra são as igrejas evangélicas —, ""nós temos que colocar isto num conjunto mais amplo, senão eles"" — os evangélicos — "" vão dizer que estamos perseguindo as igrejas e virá uma guerra santa. O que esse pessoal quer é fazer o maniqueísmo da guerra santa. Portanto, temos que ter cuidado"". E Genoino continua falando sobre o projeto do ""Partido das Trevas"" contra a igreja. Então, preste atenção, você que faz parte dos mais de 20% de evangélicos que votaram em Lula, que votaram no ""Partido das Trevas"": você acha que Lula, ou o ""Partido das Trevas"", vai poupar a igreja, porque agora é o Lula paz e amor? Não. A vingança virá. Nós escolhemos um lado, o lado do conservadorismo, e o PT e Lula sabem que ou eles calam a igreja ou eles terão um problema com o poder. Portanto, no dia em que a igreja começar a ser perseguida neste País, você que votou em Lula faça um L."
HILDO ROCHA,MDB,MA,033.4.56.N,ORDEM DO DIA,22/12/2022,12h42,DCN 29/12/2022 PAG. 37,https://www.camara.leg.br/internet/sitaqweb/TextoHTML.asp?etapa=5&nuSessao=033.4.56.N&nuQuarto=0&nuOrador=0&nuInsercao=8&dtHorarioQuarto=12%3A42&sgFaseSessao=OD&Data=22%2F12%2F2022&txApelido=HILDO+ROCHA&txFaseSessao=Ordem+do+Dia&txTipoSessao=Extraordin%C3%A1ria+-+CN&dtHoraQuarto=12%3A42,"Orientação de bancada na votação do Veto Parcial nº 37, de 2022, dispositivos 2, 3, 7 e 8, e do Veto Parcia nº 45, de 2022, dispositivos 18, 35, 41, 42, 60 e 85, com acordo pela rejeição.","O
SR. HILDO ROCHA (Bloco/MDB
- MA. Para orientar a bancada. Sem revisão do orador.) - Presidente,
o MDB vai orientar ""não"", cumprindo o acordo. E
eu peço que V. Exa. possa colocar ""não"" para a Maioria,
para todos os partidos que compõem a Maioria, a pedido aqui da
assessoria, em função da ausência do Líder da Maioria, já que
esse é o pensamento da Maioria e de todos os partidos que integram a
Maioria. Portanto, nós estamos orientando ""não"" pelo MDB,
""não"" ao veto, e também pela Maioria, pelos partidos que
compõem a Maioria, para acelerar a votação e o entendimento dos
Deputados que estão à distância, que estão acompanhando de forma
remota."
HILDO ROCHA,MDB,MA,033.4.56.N,ORDEM DO DIA,22/12/2022,12h42,DCN 29/12/2022 PAG. 44,https://www.camara.leg.br/internet/sitaqweb/TextoHTML.asp?etapa=5&nuSessao=033.4.56.N&nuQuarto=0&nuOrador=0&nuInsercao=12&dtHorarioQuarto=12%3A42&sgFaseSessao=OD&Data=22%2F12%2F2022&txApelido=HILDO+ROCHA&txFaseSessao=Ordem+do+Dia&txTipoSessao=Extraordin%C3%A1ria+-+CN&dtHoraQuarto=12%3A42,"Necessidade de aprovação do Projeto de Lei Orçamentária Anual - PLOA de 2023. Congratulações ao Relator da peça orçamentária, Senador Marcelo Castro. Alocação de recursos orçamentários para o pagamento do Bolsa Família de 600 reais, acrescido de 150 reais por cada criança com menos de 6 anos de idade. Importância de fortalecimento da primeira infância. Aplausos ao Presidente Rodrigo Pacheco pela promulgação da Emenda Constitucional nº 126, de 2022, sobre a alteração da Constituição Federal no tocante às emendas individuais ao projeto de lei orçamentária; bem como do Ato das Disposições Constitucionais Transitórias com vista à exclusão de despesas dos limites previstos no art. 107; e à definição das regras de transição da Presidência da República aplicáveis à Lei Orçamentária de 2023. Agradecimento ao Senador Weverton pelo discurso proferido a respeito dos trabalhos realizados pelo orador. Esclarecimento do motivo da não reeleição do Parlamentar. Agradecimento aos Deputados Isnaldo Bulhões Jr. e Baleia Rossi. Agradecimento aos Presidentes Rodrigo Pacheco e Arthur Lira pela aprovação da Proposta de Emenda à Constituição nº 22, de 2011, sobre a responsabilidade financeira da União na política remuneratória e na valorização dos Agentes Comunitários de Saúde e dos Agentes de Combate às Endemias. Aprimoramento, pelo Senado Federal, do Projeto de Lei nº 10.777, de 2018, sobre a instituição do Calendário Turístico Oficial do Brasil. Votos de feliz Natal e próspero Ano-Novo aos Parlamentares extensivos à população brasileira.","O
SR. HILDO ROCHA (Bloco/MDB
- MA. Pela Liderança. Sem revisão do orador.) - Sr. Presidente,
Senador Rodrigo Pacheco, Presidente do Congresso Nacional, Srs.
Congressistas, Sras. Congressistas, está sendo realizada a última
sessão do Congresso Nacional da 46ª Legislatura. É uma alegria
muito grande poder participar desta sessão, em que já apreciamos
alguns vetos, sobre os quais foram feitos acordos, que foram
derrubados porque foram realmente vetos equivocados. Agora,
nós temos que votar o Projeto de Lei Orçamentária de 2023, o Ploa
2023, que teve como Relator o Senador Marcelo Castro. O
Senador Marcelo Castro merece todo o nosso respeito, Sr. Presidente,
porque ele foi um gigante. Foi a relatoria mais difícil de ser
realizada nos últimos dez anos, porque houve muitas mudanças ao
longo de todo este semestre, inclusive mudanças na Constituição,
para que se pudesse abrir espaço para alocar recursos necessários
para a transferência de renda para as famílias mais pobres do nosso
país do valor de R$600, acrescida de mais R$150 por cada criança
com menos de seis anos de idade, ou seja, fortalecer a primeira
infância. Fortalecer
a primeira infância é melhorar a qualidade de vida da população,
é tornar uma sociedade mais igual, mais justa, mais correta. Essa é
a intenção de quem vota a favor de melhorar os recursos e melhorar
as políticas da primeira infância, assim como recursos para a
habitação popular. Nós ficamos aí quatro anos sem ser construída
uma casa rural em todo o país, precisou de recurso para a habitação
e o Ministério da Economia, o Governo não entendia que havia
necessidade de se investir para evitar justamente a migração de
pessoas das pequenas cidades, dos interiores dos estados do Nordeste,
e também alguns do Norte, Centro-Oeste, Sudeste, para as grandes
metrópoles, porque se você dá oportunidade para a pessoa continuar
residindo na zona rural, com uma boa habitação, com uma boa escola
para os seus filhos, um bom sistema de saúde, estradas, energia,
água, oportunidades de prática de esportes e lazer, ele não muda,
porque oportunidade para ganhar dinheiro sempre vai existir na área
rural. Mas muitas vezes, a falta de educação, a falta de saúde ou
mesmo moradia faz com que as pessoas vão para as grandes cidades,
porque se fazem aqueles grandes conjuntos habitacionais nas
periferias, e a pessoa acaba mudando para ir morar em um daqueles
conjuntos, mas não tem emprego, fica subempregado. E o Governo
deixou de fazer isso, mas agora, foi corrigido. Parabenizo
o Marcelo Castro por isso, pela boa relatoria que ele fez. Já dei
uma olhada, inclusive, no voto complementar que ele fez, um outro
voto para complementar tudo isso que nós modificamos através dessa
emenda constitucional, que ficou como a emenda da transição, a
Emenda Constitucional 126. Parabenizo o Presidente Rodrigo Pacheco
pela garantia da aprovação e da promulgação imediata dessa emenda
constitucional; também ao Presidente da Câmara, Deputado Arthur
Lira, que muito trabalhou, juntamente com vários Líderes, Líderes
de vários partidos. Não foi fácil, foi construção de um
consenso, e aí está. Pelo menos 2023 está garantido. Também está
garantido que a nova ancoragem fiscal, do novo Governo, virá via lei
complementar, porque fica mais fácil a negociação e a aprovação
aqui no Congresso Nacional. Também
quero aqui agradecer as palavras do Senador Weverton Rocha,
proferidas a respeito do nosso trabalho. Muitas pessoas dizem: por
que o Hildo Rocha não se elegeu? Eu tive os votos que eram
necessários e que eu esperava. Tive 96.218 votos. Eu fui o 12º mais
votado de 18. O que acontece é que a nossa legislação eleitoral, o
Código Eleitoral, foi modificado por nós mesmos e acabou levando o
Tribunal Superior Eleitoral a um equívoco de interpretação,
confeccionando um algoritmo diferente daquilo que nós aprovamos
aqui. Mas isso eu estou discutindo lá na Justiça Eleitoral. Agradeço
muito. Estarei trabalhando ainda no mês de janeiro, porque o povo me
elegeu para trabalhar até o dia 30 de janeiro, e aqui ficarei.
Estarei cumprindo com o meu compromisso. Agradeço esses votos que eu
tive, os 96 mil, assim como também quero agradecer ao Líder Isnaldo
Bulhões, de quem eu fui, durante esses quatro anos, primeiro
Vice-Líder; também ao Baleia Rossi, de quem eu fui também primeiro
Vice-Líder, que é o Presidente do meu partido. Baleia Rossi me deu
muitas oportunidades, assim como o Isnaldo também, de ser Relator de
matérias importantes. Como
Presidente da Frente Parlamentar Mista em Defesa dos Agentes
Comunitários de Saúde e dos Agentes de Combate às Endemias,
agradeço a Arthur Lira, agradeço ao Rodrigo Pacheco por ter
aprovado a PEC dos agentes de saúde; aos Líderes que nos ajudaram.
Eu, como Presidente, reconheço o trabalho que V. Exas. fizeram em
favor dos agentes de saúde. Participei com Carmen Zanotto para que
nós tivéssemos a aprovação do piso da enfermagem, o que só foi
possível por causa de V. Exa., Presidente Rodrigo Pacheco, assim
como também do Presidente Arthur Lira e, logicamente, do trabalho
incansável da Carmen Zanotto e de outras Deputadas aqui, como Alice
Portugal, Jandira Feghali e vários outros Deputados que
insistentemente trabalharam para que isso acontecesse e fosse
promulgado no dia de hoje. ( Soa
a campainha. ) O
SR. HILDO ROCHA (Bloco/MDB
- MA) - Então, eu fico feliz de participar. Eu tenho certeza de que
cumpri com as minhas obrigações e com os compromissos que eu fiz
com a população. Em todos os municípios em que eu fui votado,
levei não só um benefício, mas foram vários benefícios através
de emendas de minha autoria, então eu tenho certeza de que
trabalhei. Leis
foram aprovadas, inclusive há leis que serão ainda aprovadas, estão
lá no Senado, como a do calendário nacional turístico, que é
importante; a que obriga as polícias civil, militar e federal a
usarem equipamentos de vídeo e de som nas operações policiais. Já
há uma determinação do STJ para que isso ocorra, mas há
necessidade de legislação que diga o prazo. E eu tenho certeza de
que esse meu projeto que está lá, Presidente Rodrigo Pacheco, pode
ser melhorado, ele necessita realmente ser melhorado; que seja feito
um substitutivo. ( Soa
a campainha. ) O
SR. HILDO ROCHA (Bloco/MDB
- MA) - Já vi que o Ministro Flávio Dino está incentivando que as
polícias que utilizarem esse equipamento vão receber recursos do
Fundo Nacional de Segurança Pública. Então, é importante a
aprovação lá no Senado para que nós possamos ter uma
regulamentação. Muito
obrigado. Eu não digo um adeus, eu digo um até logo, porque eu
tenho certeza de que ainda voltarei a conviver com todos vocês. Um
grande abraço, feliz Natal, próspero ano-novo! Que Deus abençoe
todos vocês e todos que nos acompanham neste momento. Muito
obrigado."
HILDO ROCHA,MDB,MA,029.4.56.N,ORDEM DO DIA,15/12/2022,10h57,DCN 23/12/2022 PAG. 24,https://www.camara.leg.br/internet/sitaqweb/TextoHTML.asp?etapa=5&nuSessao=029.4.56.N&nuQuarto=0&nuOrador=0&nuInsercao=3&dtHorarioQuarto=10%3A57&sgFaseSessao=OD&Data=15%2F12%2F2022&txApelido=HILDO+ROCHA&txFaseSessao=Ordem+do+Dia&txTipoSessao=Extraordin%C3%A1ria+-+CN&dtHoraQuarto=10%3A57,"Pedido ao Líder do Governo, Senador Eduardo Gomes, de informação prévia aos Parlamentares a respeito de acordos celebrados para votação de proposições no plenário. Discussão do Veto Total nº 34, de 2022, aposto ao Projeto de Lei nº 184, de 2017, na Câmara dos Deputados, (nº 6.498, de 2016, na Casa de origem), sobre a alteração da Lei nº 9.394, de 1996, relativa ao estabelecimento das diretrizes e bases da educação nacional, com vista à possibilidade do uso da pedagogia da alternância nas escolas do campo; e do Veto Parcial nº 46, de 2022, aposto ao Projeto de Lei nº 940, de 2022, (nº 130, de 2015, na Câmara dos Deputados), acerca da alteração da Lei nº 11.438, de 2006, com vista ao aumento dos limites de dedução, do Imposto de Renda, dos valores destinados a projetos desportivos e paradesportivos e aumento da relação de proponentes de projetos; bem como a alteração da Lei nº 9.532, de de 1997, para a permissão de doações e patrocínios a projeto desportivo ou paradesportivo destinado à promoção da inclusão social por meio do esporte.","O
SR. HILDO ROCHA (Bloco/MDB
- MA. Para discutir. Sem revisão do orador.) - Muito obrigado,
Senador Rodrigo Pacheco, a quem cumprimento. Cumprimento todos os
Congressistas aqui presentes: Deputados, Deputadas, Senadores e
Senadoras. Nós
fomos convocados para a sessão do Congresso no sentido de deliberar
sobre vetos de projetos que foram aprovados aqui na Câmara dos
Deputados e no Senado. É essa a nossa obrigação no dia de hoje,
assim como também projeto de lei ao Congresso que abre crédito para
diversos órgãos de Poderes Executivo e Judiciário. É essa a
convocação. Então,
eu quero, Sr. Presidente, enaltecer aqui a figura do Senador Eduardo
Gomes, muito solícito e muito prestativo, mas eu entendo que os
acordos têm que ser informados previamente às Lideranças para que,
quando nós estivermos aqui convocados pelo Presidente do Congresso
para deliberar, sabermos o que vai se deliberar ou que vai ser
retirado, para que não haja necessidade de nós estudarmos todas as
matérias novamente. Porque nós temos a obrigação de conhecer
todas as matérias que foram vetadas porque por aqui passaram,
nenhuma que foi vetada deixou de passar por aqui, foi apreciada por
esta Casa. E
aqui eu quero me referir... Eu sou a favor da manutenção de alguns
textos, porque de fato são inconstitucionais - e nós juramos
respeitar a Constituição Federal quando assumimos aqui -, têm
vício de inconstitucionalidade. Tem que manter esses vetos, mas há
vetos aqui que é impossível de aceitar, como, por exemplo, o veto
ao Projeto de Lei 184, porque foi totalmente vetado o uso da
pedagogia da alternância. Ninguém sabe... Quem vetou isso aqui não
sabe o que é a pedagogia da alternância. Eu fui Prefeito da cidade
de Cantanhede, adotei nas escolas rurais esse modelo e deu certo. A
pedagogia da alternância é importantíssima, porque tem um
resultado eficaz. Vetar um projeto desse na íntegra é impossível!
Quem deu a opinião para o Presidente vetar isso aqui é um abestado
- não tem outra palavra -, é abestado, não conhece a realidade do
povo brasileiro. Também
com relação ao Veto 46, que beneficia os projetos para o desporto e
o paradesporto. Não é possível que o Governo não consiga se
organizar, organizar a Fazenda Pública para permitir que pessoas,
empresas que pagam o Imposto de Renda no Lucro Presumido possam
contribuir. É mais recurso para o esporte! Então, nós temos que
derrubar esse veto. Também
em relação aos crimes contra o Estado democrático de direito, que
nós estamos sofrendo bastante agora, tem que derrubar esses vetos,
Sr. Presidente... ( Interrupção
do som. ) ( Soa
a campainha. ) O
SR. HILDO ROCHA (Bloco/MDB
- MA) - ... para evitar - só para concluir, Sr. Presidente - fake
news ,
porque, se nós mantivermos o veto, vai continuar fake
news durante o período eleitoral. Isso foi usado, abusado e continua. E
nós temos que penalizar quem faz fake
news ,
quem reproduz fake
news .
Por isso, nós temos que derrubar esse veto, Sr. Presidente. E
aqui estou para defender derrubada de veto e manutenção de veto. Muito
obrigado."
HILDO ROCHA,MDB,MA,029.4.56.N,ORDEM DO DIA,15/12/2022,10h57,DCN 23/12/2022 PAG. 80,https://www.camara.leg.br/internet/sitaqweb/TextoHTML.asp?etapa=5&nuSessao=029.4.56.N&nuQuarto=0&nuOrador=0&nuInsercao=53&dtHorarioQuarto=10%3A57&sgFaseSessao=OD&Data=15%2F12%2F2022&txApelido=HILDO+ROCHA&txFaseSessao=Ordem+do+Dia&txTipoSessao=Extraordin%C3%A1ria+-+CN&dtHoraQuarto=10%3A57,"Discussão do Projeto de Resolução do Congresso Nacional nº 3, de 2022, relativo à alteração de disposições da Resolução nº 01/2006-CN, com vista à ampliação da transparência da sistemática de apresentação de emendas de relator-geral, e ao estabelecimento de critérios de proporcionalidade e impessoalidade na aprovação e execução de tais emendas.","O
SR. HILDO ROCHA (Bloco/MDB
- MA. Para discutir. Sem revisão do orador.) - Quero cumprimentar o
Presidente do Congresso, Senador Rodrigo Pacheco, pelo belíssimo
trabalho, pela condução sempre exemplar; cumprimentar aqui também
todos os Senadores e Senadoras, Deputados e Deputadas e o
Relator-Geral do Orçamento de 2023, Senador Marcelo Castro, que é o
Relator desse Projeto de Resolução nº 3 que nós estamos, neste
momento, discutindo. O
Senador Marcelo Castro é médico. Eu sou contador público,
especialista em orçamento e contabilidade pública e professor.
Nunca tinha conhecido um médico que entendesse tanto de orçamento
público como o Marcelo Castro, e eu sei disso porque fui Deputado
junto com ele. Ele sempre se interessou por isso. São duas as
matérias por que ele se interessa muito no Congresso. Uma delas é
orçamento público, que ele conhece com primazia, e é algo que eu
passei seis anos em bancos de universidade para aprender. Ele
aprendeu na prática, no dia a dia, porque na universidade, no curso
de medicina, não se ensina orçamento público, creio eu, mas o
Marcelo domina. Converso com ele, debato, ele conhece profundamente o
assunto. Ele
traz aqui um parecer que eu posso dizer que melhora muito a emenda de
relator. A emenda de relator é necessária desde quando existe
orçamento público e contabilidade pública, através da Lei 4.320,
que é de 1964. É necessidade, sempre houve emenda de relator. O que
acontece é que, nos últimos anos, desvirtuaram, utilizaram para
desvio de recurso público mesmo, essa é a verdade. Essa
questão do usuário externo é um crime, porque quem é o Deputado,
quem é o Senador que não quer dizer que está levando recurso,
benefício para o seu eleitorado? Quando esconde o nome é porque é
crime, aquilo ali é para voltar dinheiro, é negociação com outros
Deputados. A gente sabe que tem Deputado que compra emenda aqui na
Câmara dos Deputados. Nós sabemos que há Senadores que negociam
emendas, nós sabemos que há Deputados que negociam emendas. Então,
o Senador Marcelo Castro corrige isso, acaba com o usuário externo.
Aqui está dando publicidade. Aqui ele está cumprindo os princípios
da administração pública, entre eles a impessoalidade, a equidade.
Só que a equidade pode até não ser perfeita, porque vai ser
equidade entre partidos, entre bancadas, mas quem garante que o líder
do partido vai ser equânime com relação aos Deputados? Há essa
interrogação. Aqui,
Senador Marcelo Castro, quero parabenizá-lo. V. Exa. fez um esforço
muito grande. E também quero ressaltar aqui que o que aqui disse o
Deputado Elias Vaz é importante ser levado em consideração. Ele
tem razão no que diz, no que defende. Aqui
também o Senador Esperidião Amin deixou bem claro que RP 8 é
desprezada, RP 8 é emenda de Comissão. Realmente o Governo não
leva em consideração, até porque não é obrigatória, como também
não é obrigatória a emenda de relator. É mentira dizer que é
obrigatória. Não é. Emenda de relator o Governo só paga se
quiser. Essa narrativa que criaram de que é impositiva não é
verdade. Agora,
que o Senador Marcelo Castro sanou várias irregularidades, sanou,
tirou, melhorou. Eu espero apenas que haja, Senador Marcelo, um maior
entrosamento entre a destinação desse recurso, que deve ser algo em
torno de R$20 bilhões - é 2,2% da receita corrente líquida do ano
anterior -, ou seja, que seja feito de acordo com o planejamento do
Governo, do Executivo, porque muitas vezes a gente bota dinheiro para
saúde, mas às vezes não há necessidade de tanto dinheiro para
saúde. Acaba que é desviado, e se cria essa figura de aumentar teto
financeiro, porque também, no Ministério da Saúde, alguém
compartilhou dessa bandidagem que aconteceu lá no Maranhão... ( Soa
a campainha. ) O
SR. HILDO ROCHA (Bloco/MDB
- MA) - ... muitos municípios aumentando o teto para poder receber
emenda da saúde fundo a fundo. Então,
eu acho que tem que haver uma sintonia entre a emenda de Relator e o
que pensa, qual é a prioridade do Executivo. É
essa a colocação que eu quero fazer para melhorar. E quero
parabenizá-lo, Senador Marcelo Castro, pelo belíssimo trabalho que
V. Exa. faz. V. Exa. sabe da admiração que eu tenho pelo seu
trabalho. Muito
obrigado, Presidente."
